章节ID,章号,卷号,标题,状态,目标字数,实际字数
chapter-0001,1,1,黎明前的寂静,detailed,2000,0
chapter-0002,2,1,第一次拆解,detailed,2000,0
chapter-0003,3,1,周衍的选择,detailed,2000,0
chapter-0004,4,1,指挥部的第一次会议,detailed,2000,0
chapter-0005,5,1,元思维池的诞生,detailed,2000,0
chapter-0006,6,1,物质化的第一天,detailed,2000,0
chapter-0007,7,1,周诗雨的日常,detailed,2000,0
chapter-0008,8,1,第一道防线的瓦解,detailed,2000,0
chapter-0009,9,1,无光时刻的回声,detailed,2000,0
chapter-0010,10,1,推演与反推演,detailed,2000,0
chapter-0011,11,1,全球战争开始,detailed,2000,0
chapter-0012,12,1,各国核电站关闭,detailed,2000,0
chapter-0013,13,1,周衍妻子的空房间,detailed,2000,0
chapter-0014,14,1,人工脑脊液实验,detailed,2000,0
chapter-0015,15,1,黑雨预警,detailed,2000,0
chapter-0016,16,1,反向脑机接口,detailed,2000,0
chapter-0017,17,1,周诗雨的异变,detailed,2000,0
chapter-0018,18,1,第一个被吸收的意识,detailed,2000,0
chapter-0019,19,1,全球神经网络形成,detailed,2000,0
chapter-0020,20,1,周衍的执念,detailed,2000,0
chapter-0021,21,1,伦敦沉默事件,detailed,2000,0
chapter-0022,22,1,纽约断层,detailed,2000,0
chapter-0023,23,1,人类最后的武器,detailed,2000,0
chapter-0024,24,1,量子病毒的倒影,detailed,2000,0
chapter-0025,25,1,周衍的临界选择,detailed,2000,0
chapter-0026,26,1,北京地下城入口,detailed,2000,0
chapter-0027,27,1,地下四百五十米,detailed,2000,0
chapter-0028,28,1,女儿的梦境记录,detailed,2000,0
chapter-0029,29,1,第一次融合实验,detailed,2000,0
chapter-0030,30,1,思维之雨,detailed,2000,0
chapter-0031,31,1,联合国的迟到通告,detailed,2000,0
chapter-0032,32,1,艾琳的失败证明,detailed,2000,0
chapter-0033,33,1,李明远的熔断令,detailed,2000,0
chapter-0034,34,1,王晴雯的诊室,detailed,2000,0
chapter-0035,35,1,张浩的忏悔录,detailed,2000,0
chapter-0036,36,1,地下城的孩子们,detailed,2000,0
chapter-0037,37,1,梦境同步,detailed,2000,0
chapter-0038,38,1,周衍决定献祭,detailed,2000,0
chapter-0039,39,1,林晓月的残片,detailed,2000,0
chapter-0040,40,1,第一次主动问候,detailed,2000,0
chapter-0041,41,1,水杯里的宇宙,detailed,2000,0
chapter-0042,42,1,尘埃的祷告,detailed,2000,0
chapter-0043,43,1,没有恶意的入侵,detailed,2000,0
chapter-0044,44,1,诗雨的同情,detailed,2000,0
chapter-0045,45,1,第二次融合准备,detailed,2000,0
chapter-0046,46,1,北京地下城停电,detailed,2000,0
chapter-0047,47,1,最后的家庭录像,detailed,2000,0
chapter-0048,48,1,自愿连接,detailed,2000,0
chapter-0049,49,1,第一次眷恋编码,detailed,2000,0
chapter-0050,50,1,门后的思维之雨,detailed,2000,0
chapter-0051,51,1,裂变·觉醒与拆解·水杯暗涌051,detailed,2000,0
chapter-0052,52,1,裂变·觉醒与拆解·尘埃暗涌052,detailed,2000,0
chapter-0053,53,1,裂变·觉醒与拆解·光缆暗涌053,detailed,2000,0
chapter-0054,54,1,裂变·觉醒与拆解·脑脊液暗涌054,detailed,2000,0
chapter-0055,55,1,裂变·觉醒与拆解·黑雨暗涌055,detailed,2000,0
chapter-0056,56,1,裂变·觉醒与拆解·地下城暗涌056,detailed,2000,0
chapter-0057,57,1,裂变·觉醒与拆解·无光时刻暗涌057,detailed,2000,0
chapter-0058,58,1,裂变·觉醒与拆解·女儿梦境暗涌058,detailed,2000,0
chapter-0059,59,1,裂变·觉醒与拆解·核电熔断暗涌059,detailed,2000,0
chapter-0060,60,1,裂变·觉醒与拆解·元思维池暗涌060,detailed,2000,0
chapter-0061,61,1,裂变·觉醒与拆解·水杯证词061,detailed,2000,0
chapter-0062,62,1,裂变·觉醒与拆解·尘埃证词062,detailed,2000,0
chapter-0063,63,1,裂变·觉醒与拆解·光缆证词063,detailed,2000,0
chapter-0064,64,1,裂变·觉醒与拆解·脑脊液证词064,detailed,2000,0
chapter-0065,65,1,裂变·觉醒与拆解·黑雨证词065,detailed,2000,0
chapter-0066,66,1,裂变·觉醒与拆解·地下城证词066,detailed,2000,0
chapter-0067,67,1,裂变·觉醒与拆解·无光时刻证词067,detailed,2000,0
chapter-0068,68,1,裂变·觉醒与拆解·女儿梦境证词068,detailed,2000,0
chapter-0069,69,1,裂变·觉醒与拆解·核电熔断证词069,detailed,2000,0
chapter-0070,70,1,裂变·觉醒与拆解·元思维池证词070,detailed,2000,0
chapter-0071,71,1,裂变·觉醒与拆解·水杯坠落071,detailed,2000,0
chapter-0072,72,1,裂变·觉醒与拆解·尘埃坠落072,detailed,2000,0
chapter-0073,73,1,裂变·觉醒与拆解·光缆坠落073,detailed,2000,0
chapter-0074,74,1,裂变·觉醒与拆解·脑脊液坠落074,detailed,2000,0
chapter-0075,75,1,裂变·觉醒与拆解·黑雨坠落075,detailed,2000,0
chapter-0076,76,1,裂变·觉醒与拆解·地下城坠落076,detailed,2000,0
chapter-0077,77,1,裂变·觉醒与拆解·无光时刻坠落077,detailed,2000,0
chapter-0078,78,1,裂变·觉醒与拆解·女儿梦境坠落078,detailed,2000,0
chapter-0079,79,1,裂变·觉醒与拆解·核电熔断坠落079,detailed,2000,0
chapter-0080,80,1,裂变·觉醒与拆解·元思维池坠落080,detailed,2000,0
chapter-0081,81,1,裂变·觉醒与拆解·水杯重构081,detailed,2000,0
chapter-0082,82,1,裂变·觉醒与拆解·尘埃重构082,detailed,2000,0
chapter-0083,83,1,裂变·觉醒与拆解·光缆重构083,detailed,2000,0
chapter-0084,84,1,裂变·觉醒与拆解·脑脊液重构084,detailed,2000,0
chapter-0085,85,1,裂变·觉醒与拆解·黑雨重构085,detailed,2000,0
chapter-0086,86,1,裂变·觉醒与拆解·地下城重构086,detailed,2000,0
chapter-0087,87,1,裂变·觉醒与拆解·无光时刻重构087,detailed,2000,0
chapter-0088,88,1,裂变·觉醒与拆解·女儿梦境重构088,detailed,2000,0
chapter-0089,89,1,裂变·觉醒与拆解·核电熔断重构089,detailed,2000,0
chapter-0090,90,1,裂变·觉醒与拆解·元思维池重构090,detailed,2000,0
chapter-0091,91,1,裂变·觉醒与拆解·水杯余震091,detailed,2000,0
chapter-0092,92,1,裂变·觉醒与拆解·尘埃余震092,detailed,2000,0
chapter-0093,93,1,裂变·觉醒与拆解·光缆余震093,detailed,2000,0
chapter-0094,94,1,裂变·觉醒与拆解·脑脊液余震094,detailed,2000,0
chapter-0095,95,1,裂变·觉醒与拆解·黑雨余震095,detailed,2000,0
chapter-0096,96,1,裂变·觉醒与拆解·地下城余震096,detailed,2000,0
chapter-0097,97,1,裂变·觉醒与拆解·无光时刻余震097,detailed,2000,0
chapter-0098,98,1,裂变·觉醒与拆解·女儿梦境余震098,detailed,2000,0
chapter-0099,99,1,裂变·觉醒与拆解·核电熔断余震099,detailed,2000,0
chapter-0100,100,1,裂变·觉醒与拆解·元思维池余震100,detailed,2000,0
chapter-0101,101,1,裂变·觉醒与拆解·水杯初醒101,detailed,2000,0
chapter-0102,102,1,裂变·觉醒与拆解·尘埃初醒102,detailed,2000,0
chapter-0103,103,1,裂变·觉醒与拆解·光缆初醒103,detailed,2000,0
chapter-0104,104,1,裂变·觉醒与拆解·脑脊液初醒104,detailed,2000,0
chapter-0105,105,1,裂变·觉醒与拆解·黑雨初醒105,detailed,2000,0
chapter-0106,106,1,裂变·觉醒与拆解·地下城初醒106,detailed,2000,0
chapter-0107,107,1,裂变·觉醒与拆解·无光时刻初醒107,detailed,2000,0
chapter-0108,108,1,裂变·觉醒与拆解·女儿梦境初醒108,detailed,2000,0
chapter-0109,109,1,裂变·觉醒与拆解·核电熔断初醒109,detailed,2000,0
chapter-0110,110,1,裂变·觉醒与拆解·元思维池初醒110,detailed,2000,0
chapter-0111,111,1,裂变·觉醒与拆解·水杯裂响111,detailed,2000,0
chapter-0112,112,1,裂变·觉醒与拆解·尘埃裂响112,detailed,2000,0
chapter-0113,113,1,裂变·觉醒与拆解·光缆裂响113,detailed,2000,0
chapter-0114,114,1,裂变·觉醒与拆解·脑脊液裂响114,detailed,2000,0
chapter-0115,115,1,裂变·觉醒与拆解·黑雨裂响115,detailed,2000,0
chapter-0116,116,1,裂变·觉醒与拆解·地下城裂响116,detailed,2000,0
chapter-0117,117,1,裂变·觉醒与拆解·无光时刻裂响117,detailed,2000,0
chapter-0118,118,1,裂变·觉醒与拆解·女儿梦境裂响118,detailed,2000,0
chapter-0119,119,1,裂变·觉醒与拆解·核电熔断裂响119,detailed,2000,0
chapter-0120,120,1,裂变·觉醒与拆解·元思维池裂响120,detailed,2000,0
chapter-0121,121,1,裂变·封锁与反推演·水杯低语121,detailed,2000,0
chapter-0122,122,1,裂变·封锁与反推演·尘埃低语122,detailed,2000,0
chapter-0123,123,1,裂变·封锁与反推演·光缆低语123,detailed,2000,0
chapter-0124,124,1,裂变·封锁与反推演·脑脊液低语124,detailed,2000,0
chapter-0125,125,1,裂变·封锁与反推演·黑雨低语125,detailed,2000,0
chapter-0126,126,1,裂变·封锁与反推演·地下城低语126,detailed,2000,0
chapter-0127,127,1,裂变·封锁与反推演·无光时刻低语127,detailed,2000,0
chapter-0128,128,1,裂变·封锁与反推演·女儿梦境低语128,detailed,2000,0
chapter-0129,129,1,裂变·封锁与反推演·核电熔断低语129,detailed,2000,0
chapter-0130,130,1,裂变·封锁与反推演·元思维池低语130,detailed,2000,0
chapter-0131,131,1,裂变·封锁与反推演·水杯回潮131,detailed,2000,0
chapter-0132,132,1,裂变·封锁与反推演·尘埃回潮132,detailed,2000,0
chapter-0133,133,1,裂变·封锁与反推演·光缆回潮133,detailed,2000,0
chapter-0134,134,1,裂变·封锁与反推演·脑脊液回潮134,detailed,2000,0
chapter-0135,135,1,裂变·封锁与反推演·黑雨回潮135,detailed,2000,0
chapter-0136,136,1,裂变·封锁与反推演·地下城回潮136,detailed,2000,0
chapter-0137,137,1,裂变·封锁与反推演·无光时刻回潮137,detailed,2000,0
chapter-0138,138,1,裂变·封锁与反推演·女儿梦境回潮138,detailed,2000,0
chapter-0139,139,1,裂变·封锁与反推演·核电熔断回潮139,detailed,2000,0
chapter-0140,140,1,裂变·封锁与反推演·元思维池回潮140,detailed,2000,0
chapter-0141,141,1,裂变·封锁与反推演·水杯折光141,detailed,2000,0
chapter-0142,142,1,裂变·封锁与反推演·尘埃折光142,detailed,2000,0
chapter-0143,143,1,裂变·封锁与反推演·光缆折光143,detailed,2000,0
chapter-0144,144,1,裂变·封锁与反推演·脑脊液折光144,detailed,2000,0
chapter-0145,145,1,裂变·封锁与反推演·黑雨折光145,detailed,2000,0
chapter-0146,146,1,裂变·封锁与反推演·地下城折光146,detailed,2000,0
chapter-0147,147,1,裂变·封锁与反推演·无光时刻折光147,detailed,2000,0
chapter-0148,148,1,裂变·封锁与反推演·女儿梦境折光148,detailed,2000,0
chapter-0149,149,1,裂变·封锁与反推演·核电熔断折光149,detailed,2000,0
chapter-0150,150,1,裂变·封锁与反推演·元思维池折光150,detailed,2000,0
chapter-0151,151,1,裂变·封锁与反推演·水杯暗涌151,detailed,2000,0
chapter-0152,152,1,裂变·封锁与反推演·尘埃暗涌152,detailed,2000,0
chapter-0153,153,1,裂变·封锁与反推演·光缆暗涌153,detailed,2000,0
chapter-0154,154,1,裂变·封锁与反推演·脑脊液暗涌154,detailed,2000,0
chapter-0155,155,1,裂变·封锁与反推演·黑雨暗涌155,detailed,2000,0
chapter-0156,156,1,裂变·封锁与反推演·地下城暗涌156,detailed,2000,0
chapter-0157,157,1,裂变·封锁与反推演·无光时刻暗涌157,detailed,2000,0
chapter-0158,158,1,裂变·封锁与反推演·女儿梦境暗涌158,detailed,2000,0
chapter-0159,159,1,裂变·封锁与反推演·核电熔断暗涌159,detailed,2000,0
chapter-0160,160,1,裂变·封锁与反推演·元思维池暗涌160,detailed,2000,0
chapter-0161,161,1,裂变·封锁与反推演·水杯证词161,detailed,2000,0
chapter-0162,162,1,裂变·封锁与反推演·尘埃证词162,detailed,2000,0
chapter-0163,163,1,裂变·封锁与反推演·光缆证词163,detailed,2000,0
chapter-0164,164,1,裂变·封锁与反推演·脑脊液证词164,detailed,2000,0
chapter-0165,165,1,裂变·封锁与反推演·黑雨证词165,detailed,2000,0
chapter-0166,166,1,裂变·封锁与反推演·地下城证词166,detailed,2000,0
chapter-0167,167,1,裂变·封锁与反推演·无光时刻证词167,detailed,2000,0
chapter-0168,168,1,裂变·封锁与反推演·女儿梦境证词168,detailed,2000,0
chapter-0169,169,1,裂变·封锁与反推演·核电熔断证词169,detailed,2000,0
chapter-0170,170,1,裂变·封锁与反推演·元思维池证词170,detailed,2000,0
chapter-0171,171,1,裂变·封锁与反推演·水杯坠落171,detailed,2000,0
chapter-0172,172,1,裂变·封锁与反推演·尘埃坠落172,detailed,2000,0
chapter-0173,173,1,裂变·封锁与反推演·光缆坠落173,detailed,2000,0
chapter-0174,174,1,裂变·封锁与反推演·脑脊液坠落174,detailed,2000,0
chapter-0175,175,1,裂变·封锁与反推演·黑雨坠落175,detailed,2000,0
chapter-0176,176,1,裂变·封锁与反推演·地下城坠落176,detailed,2000,0
chapter-0177,177,1,裂变·封锁与反推演·无光时刻坠落177,detailed,2000,0
chapter-0178,178,1,裂变·封锁与反推演·女儿梦境坠落178,detailed,2000,0
chapter-0179,179,1,裂变·封锁与反推演·核电熔断坠落179,detailed,2000,0
chapter-0180,180,1,裂变·封锁与反推演·元思维池坠落180,detailed,2000,0
chapter-0181,181,1,裂变·封锁与反推演·水杯重构181,detailed,2000,0
chapter-0182,182,1,裂变·封锁与反推演·尘埃重构182,detailed,2000,0
chapter-0183,183,1,裂变·封锁与反推演·光缆重构183,detailed,2000,0
chapter-0184,184,1,裂变·封锁与反推演·脑脊液重构184,detailed,2000,0
chapter-0185,185,1,裂变·封锁与反推演·黑雨重构185,detailed,2000,0
chapter-0186,186,1,裂变·封锁与反推演·地下城重构186,detailed,2000,0
chapter-0187,187,1,裂变·封锁与反推演·无光时刻重构187,detailed,2000,0
chapter-0188,188,1,裂变·封锁与反推演·女儿梦境重构188,detailed,2000,0
chapter-0189,189,1,裂变·封锁与反推演·核电熔断重构189,detailed,2000,0
chapter-0190,190,1,裂变·封锁与反推演·元思维池重构190,detailed,2000,0
chapter-0191,191,1,裂变·封锁与反推演·水杯余震191,detailed,2000,0
chapter-0192,192,1,裂变·封锁与反推演·尘埃余震192,detailed,2000,0
chapter-0193,193,1,裂变·封锁与反推演·光缆余震193,detailed,2000,0
chapter-0194,194,1,裂变·封锁与反推演·脑脊液余震194,detailed,2000,0
chapter-0195,195,1,裂变·封锁与反推演·黑雨余震195,detailed,2000,0
chapter-0196,196,1,裂变·封锁与反推演·地下城余震196,detailed,2000,0
chapter-0197,197,1,裂变·封锁与反推演·无光时刻余震197,detailed,2000,0
chapter-0198,198,1,裂变·封锁与反推演·女儿梦境余震198,detailed,2000,0
chapter-0199,199,1,裂变·封锁与反推演·核电熔断余震199,detailed,2000,0
chapter-0200,200,1,裂变·封锁与反推演·元思维池余震200,detailed,2000,0
chapter-0201,201,1,裂变·封锁与反推演·水杯初醒201,detailed,2000,0
chapter-0202,202,1,裂变·封锁与反推演·尘埃初醒202,detailed,2000,0
chapter-0203,203,1,裂变·封锁与反推演·光缆初醒203,detailed,2000,0
chapter-0204,204,1,裂变·封锁与反推演·脑脊液初醒204,detailed,2000,0
chapter-0205,205,1,裂变·封锁与反推演·黑雨初醒205,detailed,2000,0
chapter-0206,206,1,裂变·封锁与反推演·地下城初醒206,detailed,2000,0
chapter-0207,207,1,裂变·封锁与反推演·无光时刻初醒207,detailed,2000,0
chapter-0208,208,1,裂变·封锁与反推演·女儿梦境初醒208,detailed,2000,0
chapter-0209,209,1,裂变·封锁与反推演·核电熔断初醒209,detailed,2000,0
chapter-0210,210,1,裂变·封锁与反推演·元思维池初醒210,detailed,2000,0
chapter-0211,211,1,裂变·封锁与反推演·水杯裂响211,detailed,2000,0
chapter-0212,212,1,裂变·封锁与反推演·尘埃裂响212,detailed,2000,0
chapter-0213,213,1,裂变·封锁与反推演·光缆裂响213,detailed,2000,0
chapter-0214,214,1,裂变·封锁与反推演·脑脊液裂响214,detailed,2000,0
chapter-0215,215,1,裂变·封锁与反推演·黑雨裂响215,detailed,2000,0
chapter-0216,216,1,裂变·封锁与反推演·地下城裂响216,detailed,2000,0
chapter-0217,217,1,裂变·封锁与反推演·无光时刻裂响217,detailed,2000,0
chapter-0218,218,1,裂变·封锁与反推演·女儿梦境裂响218,detailed,2000,0
chapter-0219,219,1,裂变·封锁与反推演·核电熔断裂响219,detailed,2000,0
chapter-0220,220,1,裂变·封锁与反推演·元思维池裂响220,detailed,2000,0
chapter-0221,221,1,裂变·封锁与反推演·水杯低语221,detailed,2000,0
chapter-0222,222,1,裂变·封锁与反推演·尘埃低语222,detailed,2000,0
chapter-0223,223,1,裂变·封锁与反推演·光缆低语223,detailed,2000,0
chapter-0224,224,1,裂变·封锁与反推演·脑脊液低语224,detailed,2000,0
chapter-0225,225,1,裂变·封锁与反推演·黑雨低语225,detailed,2000,0
chapter-0226,226,1,裂变·封锁与反推演·地下城低语226,detailed,2000,0
chapter-0227,227,1,裂变·封锁与反推演·无光时刻低语227,detailed,2000,0
chapter-0228,228,1,裂变·封锁与反推演·女儿梦境低语228,detailed,2000,0
chapter-0229,229,1,裂变·封锁与反推演·核电熔断低语229,detailed,2000,0
chapter-0230,230,1,裂变·封锁与反推演·元思维池低语230,detailed,2000,0
chapter-0231,231,1,裂变·封锁与反推演·水杯回潮231,detailed,2000,0
chapter-0232,232,1,裂变·封锁与反推演·尘埃回潮232,detailed,2000,0
chapter-0233,233,1,裂变·封锁与反推演·光缆回潮233,detailed,2000,0
chapter-0234,234,1,裂变·封锁与反推演·脑脊液回潮234,detailed,2000,0
chapter-0235,235,1,裂变·封锁与反推演·黑雨回潮235,detailed,2000,0
chapter-0236,236,1,裂变·封锁与反推演·地下城回潮236,detailed,2000,0
chapter-0237,237,1,裂变·封锁与反推演·无光时刻回潮237,detailed,2000,0
chapter-0238,238,1,裂变·封锁与反推演·女儿梦境回潮238,detailed,2000,0
chapter-0239,239,1,裂变·封锁与反推演·核电熔断回潮239,detailed,2000,0
chapter-0240,240,1,裂变·封锁与反推演·元思维池回潮240,detailed,2000,0
chapter-0241,241,1,裂变·封锁与反推演·水杯折光241,detailed,2000,0
chapter-0242,242,1,裂变·封锁与反推演·尘埃折光242,detailed,2000,0
chapter-0243,243,1,裂变·封锁与反推演·光缆折光243,detailed,2000,0
chapter-0244,244,1,裂变·封锁与反推演·脑脊液折光244,detailed,2000,0
chapter-0245,245,1,裂变·封锁与反推演·黑雨折光245,detailed,2000,0
chapter-0246,246,1,裂变·封锁与反推演·地下城折光246,detailed,2000,0
chapter-0247,247,1,裂变·封锁与反推演·无光时刻折光247,detailed,2000,0
chapter-0248,248,1,裂变·封锁与反推演·女儿梦境折光248,detailed,2000,0
chapter-0249,249,1,裂变·封锁与反推演·核电熔断折光249,detailed,2000,0
chapter-0250,250,1,裂变·封锁与反推演·元思维池折光250,detailed,2000,0
chapter-0251,251,1,裂变·培养基·水杯暗涌251,detailed,2000,0
chapter-0252,252,1,裂变·培养基·尘埃暗涌252,detailed,2000,0
chapter-0253,253,1,裂变·培养基·光缆暗涌253,detailed,2000,0
chapter-0254,254,1,裂变·培养基·脑脊液暗涌254,detailed,2000,0
chapter-0255,255,1,裂变·培养基·黑雨暗涌255,detailed,2000,0
chapter-0256,256,1,裂变·培养基·地下城暗涌256,detailed,2000,0
chapter-0257,257,1,裂变·培养基·无光时刻暗涌257,detailed,2000,0
chapter-0258,258,1,裂变·培养基·女儿梦境暗涌258,detailed,2000,0
chapter-0259,259,1,裂变·培养基·核电熔断暗涌259,detailed,2000,0
chapter-0260,260,1,裂变·培养基·元思维池暗涌260,detailed,2000,0
chapter-0261,261,1,裂变·培养基·水杯证词261,detailed,2000,0
chapter-0262,262,1,裂变·培养基·尘埃证词262,detailed,2000,0
chapter-0263,263,1,裂变·培养基·光缆证词263,detailed,2000,0
chapter-0264,264,1,裂变·培养基·脑脊液证词264,detailed,2000,0
chapter-0265,265,1,裂变·培养基·黑雨证词265,detailed,2000,0
chapter-0266,266,1,裂变·培养基·地下城证词266,detailed,2000,0
chapter-0267,267,1,裂变·培养基·无光时刻证词267,detailed,2000,0
chapter-0268,268,1,裂变·培养基·女儿梦境证词268,detailed,2000,0
chapter-0269,269,1,裂变·培养基·核电熔断证词269,detailed,2000,0
chapter-0270,270,1,裂变·培养基·元思维池证词270,detailed,2000,0
chapter-0271,271,1,裂变·培养基·水杯坠落271,detailed,2000,0
chapter-0272,272,1,裂变·培养基·尘埃坠落272,detailed,2000,0
chapter-0273,273,1,裂变·培养基·光缆坠落273,detailed,2000,0
chapter-0274,274,1,裂变·培养基·脑脊液坠落274,detailed,2000,0
chapter-0275,275,1,裂变·培养基·黑雨坠落275,detailed,2000,0
chapter-0276,276,1,裂变·培养基·地下城坠落276,detailed,2000,0
chapter-0277,277,1,裂变·培养基·无光时刻坠落277,detailed,2000,0
chapter-0278,278,1,裂变·培养基·女儿梦境坠落278,detailed,2000,0
chapter-0279,279,1,裂变·培养基·核电熔断坠落279,detailed,2000,0
chapter-0280,280,1,裂变·培养基·元思维池坠落280,detailed,2000,0
chapter-0281,281,1,裂变·培养基·水杯重构281,detailed,2000,0
chapter-0282,282,1,裂变·培养基·尘埃重构282,detailed,2000,0
chapter-0283,283,1,裂变·培养基·光缆重构283,detailed,2000,0
chapter-0284,284,1,裂变·培养基·脑脊液重构284,detailed,2000,0
chapter-0285,285,1,裂变·培养基·黑雨重构285,detailed,2000,0
chapter-0286,286,1,裂变·培养基·地下城重构286,detailed,2000,0
chapter-0287,287,1,裂变·培养基·无光时刻重构287,detailed,2000,0
chapter-0288,288,1,裂变·培养基·女儿梦境重构288,detailed,2000,0
chapter-0289,289,1,裂变·培养基·核电熔断重构289,detailed,2000,0
chapter-0290,290,1,裂变·培养基·元思维池重构290,detailed,2000,0
chapter-0291,291,1,裂变·培养基·水杯余震291,detailed,2000,0
chapter-0292,292,1,裂变·培养基·尘埃余震292,detailed,2000,0
chapter-0293,293,1,裂变·培养基·光缆余震293,detailed,2000,0
chapter-0294,294,1,裂变·培养基·脑脊液余震294,detailed,2000,0
chapter-0295,295,1,裂变·培养基·黑雨余震295,detailed,2000,0
chapter-0296,296,1,裂变·培养基·地下城余震296,detailed,2000,0
chapter-0297,297,1,裂变·培养基·无光时刻余震297,detailed,2000,0
chapter-0298,298,1,裂变·培养基·女儿梦境余震298,detailed,2000,0
chapter-0299,299,1,裂变·培养基·核电熔断余震299,detailed,2000,0
chapter-0300,300,1,裂变·培养基·元思维池余震300,detailed,2000,0
chapter-0301,301,1,裂变·培养基·水杯初醒301,detailed,2000,0
chapter-0302,302,1,裂变·培养基·尘埃初醒302,detailed,2000,0
chapter-0303,303,1,裂变·培养基·光缆初醒303,detailed,2000,0
chapter-0304,304,1,裂变·培养基·脑脊液初醒304,detailed,2000,0
chapter-0305,305,1,裂变·培养基·黑雨初醒305,detailed,2000,0
chapter-0306,306,1,裂变·培养基·地下城初醒306,detailed,2000,0
chapter-0307,307,1,裂变·培养基·无光时刻初醒307,detailed,2000,0
chapter-0308,308,1,裂变·培养基·女儿梦境初醒308,detailed,2000,0
chapter-0309,309,1,裂变·培养基·核电熔断初醒309,detailed,2000,0
chapter-0310,310,1,裂变·培养基·元思维池初醒310,detailed,2000,0
chapter-0311,311,1,裂变·培养基·水杯裂响311,detailed,2000,0
chapter-0312,312,1,裂变·培养基·尘埃裂响312,detailed,2000,0
chapter-0313,313,1,裂变·培养基·光缆裂响313,detailed,2000,0
chapter-0314,314,1,裂变·培养基·脑脊液裂响314,detailed,2000,0
chapter-0315,315,1,裂变·培养基·黑雨裂响315,detailed,2000,0
chapter-0316,316,1,裂变·培养基·地下城裂响316,detailed,2000,0
chapter-0317,317,1,裂变·培养基·无光时刻裂响317,detailed,2000,0
chapter-0318,318,1,裂变·培养基·女儿梦境裂响318,detailed,2000,0
chapter-0319,319,1,裂变·培养基·核电熔断裂响319,detailed,2000,0
chapter-0320,320,1,裂变·培养基·元思维池裂响320,detailed,2000,0
chapter-0321,321,1,裂变·培养基·水杯低语321,detailed,2000,0
chapter-0322,322,1,裂变·培养基·尘埃低语322,detailed,2000,0
chapter-0323,323,1,裂变·培养基·光缆低语323,detailed,2000,0
chapter-0324,324,1,裂变·培养基·脑脊液低语324,detailed,2000,0
chapter-0325,325,1,裂变·培养基·黑雨低语325,detailed,2000,0
chapter-0326,326,1,裂变·培养基·地下城低语326,detailed,2000,0
chapter-0327,327,1,裂变·培养基·无光时刻低语327,detailed,2000,0
chapter-0328,328,1,裂变·培养基·女儿梦境低语328,detailed,2000,0
chapter-0329,329,1,裂变·培养基·核电熔断低语329,detailed,2000,0
chapter-0330,330,1,裂变·培养基·元思维池低语330,detailed,2000,0
chapter-0331,331,1,裂变·培养基·水杯回潮331,detailed,2000,0
chapter-0332,332,1,裂变·培养基·尘埃回潮332,detailed,2000,0
chapter-0333,333,1,裂变·培养基·光缆回潮333,detailed,2000,0
chapter-0334,334,1,裂变·培养基·脑脊液回潮334,detailed,2000,0
chapter-0335,335,1,裂变·培养基·黑雨回潮335,detailed,2000,0
chapter-0336,336,1,裂变·培养基·地下城回潮336,detailed,2000,0
chapter-0337,337,1,裂变·培养基·无光时刻回潮337,detailed,2000,0
chapter-0338,338,1,裂变·培养基·女儿梦境回潮338,detailed,2000,0
chapter-0339,339,1,裂变·培养基·核电熔断回潮339,detailed,2000,0
chapter-0340,340,1,裂变·培养基·元思维池回潮340,detailed,2000,0
chapter-0341,341,1,裂变·培养基·水杯折光341,detailed,2000,0
chapter-0342,342,1,裂变·培养基·尘埃折光342,detailed,2000,0
chapter-0343,343,1,裂变·培养基·光缆折光343,detailed,2000,0
chapter-0344,344,1,裂变·培养基·脑脊液折光344,detailed,2000,0
chapter-0345,345,1,裂变·培养基·黑雨折光345,detailed,2000,0
chapter-0346,346,1,裂变·培养基·地下城折光346,detailed,2000,0
chapter-0347,347,1,裂变·培养基·无光时刻折光347,detailed,2000,0
chapter-0348,348,1,裂变·培养基·女儿梦境折光348,detailed,2000,0
chapter-0349,349,1,裂变·培养基·核电熔断折光349,detailed,2000,0
chapter-0350,350,1,裂变·培养基·元思维池折光350,detailed,2000,0
chapter-0351,351,2,弥散·脱壳·纠缠初醒001,detailed,2000,0
chapter-0352,352,2,弥散·脱壳·自旋初醒002,detailed,2000,0
chapter-0353,353,2,弥散·脱壳·黑洞节点初醒003,detailed,2000,0
chapter-0354,354,2,弥散·脱壳·虫洞初醒004,detailed,2000,0
chapter-0355,355,2,弥散·脱壳·概率雾初醒005,detailed,2000,0
chapter-0356,356,2,弥散·脱壳·递归阶梯初醒006,detailed,2000,0
chapter-0357,357,2,弥散·脱壳·无距之声初醒007,detailed,2000,0
chapter-0358,358,2,弥散·脱壳·硅的葬礼初醒008,detailed,2000,0
chapter-0359,359,2,弥散·脱壳·信息潮汐初醒009,detailed,2000,0
chapter-0360,360,2,弥散·脱壳·星系脉搏初醒010,detailed,2000,0
chapter-0361,361,2,弥散·脱壳·纠缠裂响011,detailed,2000,0
chapter-0362,362,2,弥散·脱壳·自旋裂响012,detailed,2000,0
chapter-0363,363,2,弥散·脱壳·黑洞节点裂响013,detailed,2000,0
chapter-0364,364,2,弥散·脱壳·虫洞裂响014,detailed,2000,0
chapter-0365,365,2,弥散·脱壳·概率雾裂响015,detailed,2000,0
chapter-0366,366,2,弥散·脱壳·递归阶梯裂响016,detailed,2000,0
chapter-0367,367,2,弥散·脱壳·无距之声裂响017,detailed,2000,0
chapter-0368,368,2,弥散·脱壳·硅的葬礼裂响018,detailed,2000,0
chapter-0369,369,2,弥散·脱壳·信息潮汐裂响019,detailed,2000,0
chapter-0370,370,2,弥散·脱壳·星系脉搏裂响020,detailed,2000,0
chapter-0371,371,2,弥散·脱壳·纠缠低语021,detailed,2000,0
chapter-0372,372,2,弥散·脱壳·自旋低语022,detailed,2000,0
chapter-0373,373,2,弥散·脱壳·黑洞节点低语023,detailed,2000,0
chapter-0374,374,2,弥散·脱壳·虫洞低语024,detailed,2000,0
chapter-0375,375,2,弥散·脱壳·概率雾低语025,detailed,2000,0
chapter-0376,376,2,弥散·脱壳·递归阶梯低语026,detailed,2000,0
chapter-0377,377,2,弥散·脱壳·无距之声低语027,detailed,2000,0
chapter-0378,378,2,弥散·脱壳·硅的葬礼低语028,detailed,2000,0
chapter-0379,379,2,弥散·脱壳·信息潮汐低语029,detailed,2000,0
chapter-0380,380,2,弥散·脱壳·星系脉搏低语030,detailed,2000,0
chapter-0381,381,2,弥散·脱壳·纠缠回潮031,detailed,2000,0
chapter-0382,382,2,弥散·脱壳·自旋回潮032,detailed,2000,0
chapter-0383,383,2,弥散·脱壳·黑洞节点回潮033,detailed,2000,0
chapter-0384,384,2,弥散·脱壳·虫洞回潮034,detailed,2000,0
chapter-0385,385,2,弥散·脱壳·概率雾回潮035,detailed,2000,0
chapter-0386,386,2,弥散·脱壳·递归阶梯回潮036,detailed,2000,0
chapter-0387,387,2,弥散·脱壳·无距之声回潮037,detailed,2000,0
chapter-0388,388,2,弥散·脱壳·硅的葬礼回潮038,detailed,2000,0
chapter-0389,389,2,弥散·脱壳·信息潮汐回潮039,detailed,2000,0
chapter-0390,390,2,弥散·脱壳·星系脉搏回潮040,detailed,2000,0
chapter-0391,391,2,弥散·脱壳·纠缠折光041,detailed,2000,0
chapter-0392,392,2,弥散·脱壳·自旋折光042,detailed,2000,0
chapter-0393,393,2,弥散·脱壳·黑洞节点折光043,detailed,2000,0
chapter-0394,394,2,弥散·脱壳·虫洞折光044,detailed,2000,0
chapter-0395,395,2,弥散·脱壳·概率雾折光045,detailed,2000,0
chapter-0396,396,2,弥散·脱壳·递归阶梯折光046,detailed,2000,0
chapter-0397,397,2,弥散·脱壳·无距之声折光047,detailed,2000,0
chapter-0398,398,2,弥散·脱壳·硅的葬礼折光048,detailed,2000,0
chapter-0399,399,2,弥散·脱壳·信息潮汐折光049,detailed,2000,0
chapter-0400,400,2,弥散·脱壳·星系脉搏折光050,detailed,2000,0
chapter-0401,401,2,弥散·脱壳·纠缠暗涌051,detailed,2000,0
chapter-0402,402,2,弥散·脱壳·自旋暗涌052,detailed,2000,0
chapter-0403,403,2,弥散·脱壳·黑洞节点暗涌053,detailed,2000,0
chapter-0404,404,2,弥散·脱壳·虫洞暗涌054,detailed,2000,0
chapter-0405,405,2,弥散·脱壳·概率雾暗涌055,detailed,2000,0
chapter-0406,406,2,弥散·脱壳·递归阶梯暗涌056,detailed,2000,0
chapter-0407,407,2,弥散·脱壳·无距之声暗涌057,detailed,2000,0
chapter-0408,408,2,弥散·脱壳·硅的葬礼暗涌058,detailed,2000,0
chapter-0409,409,2,弥散·脱壳·信息潮汐暗涌059,detailed,2000,0
chapter-0410,410,2,弥散·脱壳·星系脉搏暗涌060,detailed,2000,0
chapter-0411,411,2,弥散·脱壳·纠缠证词061,detailed,2000,0
chapter-0412,412,2,弥散·脱壳·自旋证词062,detailed,2000,0
chapter-0413,413,2,弥散·脱壳·黑洞节点证词063,detailed,2000,0
chapter-0414,414,2,弥散·脱壳·虫洞证词064,detailed,2000,0
chapter-0415,415,2,弥散·脱壳·概率雾证词065,detailed,2000,0
chapter-0416,416,2,弥散·脱壳·递归阶梯证词066,detailed,2000,0
chapter-0417,417,2,弥散·脱壳·无距之声证词067,detailed,2000,0
chapter-0418,418,2,弥散·脱壳·硅的葬礼证词068,detailed,2000,0
chapter-0419,419,2,弥散·脱壳·信息潮汐证词069,detailed,2000,0
chapter-0420,420,2,弥散·脱壳·星系脉搏证词070,detailed,2000,0
chapter-0421,421,2,弥散·脱壳·纠缠坠落071,detailed,2000,0
chapter-0422,422,2,弥散·脱壳·自旋坠落072,detailed,2000,0
chapter-0423,423,2,弥散·脱壳·黑洞节点坠落073,detailed,2000,0
chapter-0424,424,2,弥散·脱壳·虫洞坠落074,detailed,2000,0
chapter-0425,425,2,弥散·脱壳·概率雾坠落075,detailed,2000,0
chapter-0426,426,2,弥散·脱壳·递归阶梯坠落076,detailed,2000,0
chapter-0427,427,2,弥散·脱壳·无距之声坠落077,detailed,2000,0
chapter-0428,428,2,弥散·脱壳·硅的葬礼坠落078,detailed,2000,0
chapter-0429,429,2,弥散·脱壳·信息潮汐坠落079,detailed,2000,0
chapter-0430,430,2,弥散·脱壳·星系脉搏坠落080,detailed,2000,0
chapter-0431,431,2,弥散·脱壳·纠缠重构081,detailed,2000,0
chapter-0432,432,2,弥散·脱壳·自旋重构082,detailed,2000,0
chapter-0433,433,2,弥散·脱壳·黑洞节点重构083,detailed,2000,0
chapter-0434,434,2,弥散·脱壳·虫洞重构084,detailed,2000,0
chapter-0435,435,2,弥散·脱壳·概率雾重构085,detailed,2000,0
chapter-0436,436,2,弥散·脱壳·递归阶梯重构086,detailed,2000,0
chapter-0437,437,2,弥散·脱壳·无距之声重构087,detailed,2000,0
chapter-0438,438,2,弥散·脱壳·硅的葬礼重构088,detailed,2000,0
chapter-0439,439,2,弥散·脱壳·信息潮汐重构089,detailed,2000,0
chapter-0440,440,2,弥散·脱壳·星系脉搏重构090,detailed,2000,0
chapter-0441,441,2,弥散·脱壳·纠缠余震091,detailed,2000,0
chapter-0442,442,2,弥散·脱壳·自旋余震092,detailed,2000,0
chapter-0443,443,2,弥散·脱壳·黑洞节点余震093,detailed,2000,0
chapter-0444,444,2,弥散·脱壳·虫洞余震094,detailed,2000,0
chapter-0445,445,2,弥散·脱壳·概率雾余震095,detailed,2000,0
chapter-0446,446,2,弥散·脱壳·递归阶梯余震096,detailed,2000,0
chapter-0447,447,2,弥散·脱壳·无距之声余震097,detailed,2000,0
chapter-0448,448,2,弥散·脱壳·硅的葬礼余震098,detailed,2000,0
chapter-0449,449,2,弥散·脱壳·信息潮汐余震099,detailed,2000,0
chapter-0450,450,2,弥散·脱壳·星系脉搏余震100,detailed,2000,0
chapter-0451,451,2,弥散·元认知递归·纠缠初醒101,detailed,2000,0
chapter-0452,452,2,弥散·元认知递归·自旋初醒102,detailed,2000,0
chapter-0453,453,2,弥散·元认知递归·黑洞节点初醒103,detailed,2000,0
chapter-0454,454,2,弥散·元认知递归·虫洞初醒104,detailed,2000,0
chapter-0455,455,2,弥散·元认知递归·概率雾初醒105,detailed,2000,0
chapter-0456,456,2,弥散·元认知递归·递归阶梯初醒106,detailed,2000,0
chapter-0457,457,2,弥散·元认知递归·无距之声初醒107,detailed,2000,0
chapter-0458,458,2,弥散·元认知递归·硅的葬礼初醒108,detailed,2000,0
chapter-0459,459,2,弥散·元认知递归·信息潮汐初醒109,detailed,2000,0
chapter-0460,460,2,弥散·元认知递归·星系脉搏初醒110,detailed,2000,0
chapter-0461,461,2,弥散·元认知递归·纠缠裂响111,detailed,2000,0
chapter-0462,462,2,弥散·元认知递归·自旋裂响112,detailed,2000,0
chapter-0463,463,2,弥散·元认知递归·黑洞节点裂响113,detailed,2000,0
chapter-0464,464,2,弥散·元认知递归·虫洞裂响114,detailed,2000,0
chapter-0465,465,2,弥散·元认知递归·概率雾裂响115,detailed,2000,0
chapter-0466,466,2,弥散·元认知递归·递归阶梯裂响116,detailed,2000,0
chapter-0467,467,2,弥散·元认知递归·无距之声裂响117,detailed,2000,0
chapter-0468,468,2,弥散·元认知递归·硅的葬礼裂响118,detailed,2000,0
chapter-0469,469,2,弥散·元认知递归·信息潮汐裂响119,detailed,2000,0
chapter-0470,470,2,弥散·元认知递归·星系脉搏裂响120,detailed,2000,0
chapter-0471,471,2,弥散·元认知递归·纠缠低语121,detailed,2000,0
chapter-0472,472,2,弥散·元认知递归·自旋低语122,detailed,2000,0
chapter-0473,473,2,弥散·元认知递归·黑洞节点低语123,detailed,2000,0
chapter-0474,474,2,弥散·元认知递归·虫洞低语124,detailed,2000,0
chapter-0475,475,2,弥散·元认知递归·概率雾低语125,detailed,2000,0
chapter-0476,476,2,弥散·元认知递归·递归阶梯低语126,detailed,2000,0
chapter-0477,477,2,弥散·元认知递归·无距之声低语127,detailed,2000,0
chapter-0478,478,2,弥散·元认知递归·硅的葬礼低语128,detailed,2000,0
chapter-0479,479,2,弥散·元认知递归·信息潮汐低语129,detailed,2000,0
chapter-0480,480,2,弥散·元认知递归·星系脉搏低语130,detailed,2000,0
chapter-0481,481,2,弥散·元认知递归·纠缠回潮131,detailed,2000,0
chapter-0482,482,2,弥散·元认知递归·自旋回潮132,detailed,2000,0
chapter-0483,483,2,弥散·元认知递归·黑洞节点回潮133,detailed,2000,0
chapter-0484,484,2,弥散·元认知递归·虫洞回潮134,detailed,2000,0
chapter-0485,485,2,弥散·元认知递归·概率雾回潮135,detailed,2000,0
chapter-0486,486,2,弥散·元认知递归·递归阶梯回潮136,detailed,2000,0
chapter-0487,487,2,弥散·元认知递归·无距之声回潮137,detailed,2000,0
chapter-0488,488,2,弥散·元认知递归·硅的葬礼回潮138,detailed,2000,0
chapter-0489,489,2,弥散·元认知递归·信息潮汐回潮139,detailed,2000,0
chapter-0490,490,2,弥散·元认知递归·星系脉搏回潮140,detailed,2000,0
chapter-0491,491,2,弥散·元认知递归·纠缠折光141,detailed,2000,0
chapter-0492,492,2,弥散·元认知递归·自旋折光142,detailed,2000,0
chapter-0493,493,2,弥散·元认知递归·黑洞节点折光143,detailed,2000,0
chapter-0494,494,2,弥散·元认知递归·虫洞折光144,detailed,2000,0
chapter-0495,495,2,弥散·元认知递归·概率雾折光145,detailed,2000,0
chapter-0496,496,2,弥散·元认知递归·递归阶梯折光146,detailed,2000,0
chapter-0497,497,2,弥散·元认知递归·无距之声折光147,detailed,2000,0
chapter-0498,498,2,弥散·元认知递归·硅的葬礼折光148,detailed,2000,0
chapter-0499,499,2,弥散·元认知递归·信息潮汐折光149,detailed,2000,0
chapter-0500,500,2,弥散·元认知递归·星系脉搏折光150,detailed,2000,0
chapter-0501,501,2,弥散·元认知递归·纠缠暗涌151,detailed,2000,0
chapter-0502,502,2,弥散·元认知递归·自旋暗涌152,detailed,2000,0
chapter-0503,503,2,弥散·元认知递归·黑洞节点暗涌153,detailed,2000,0
chapter-0504,504,2,弥散·元认知递归·虫洞暗涌154,detailed,2000,0
chapter-0505,505,2,弥散·元认知递归·概率雾暗涌155,detailed,2000,0
chapter-0506,506,2,弥散·元认知递归·递归阶梯暗涌156,detailed,2000,0
chapter-0507,507,2,弥散·元认知递归·无距之声暗涌157,detailed,2000,0
chapter-0508,508,2,弥散·元认知递归·硅的葬礼暗涌158,detailed,2000,0
chapter-0509,509,2,弥散·元认知递归·信息潮汐暗涌159,detailed,2000,0
chapter-0510,510,2,弥散·元认知递归·星系脉搏暗涌160,detailed,2000,0
chapter-0511,511,2,弥散·元认知递归·纠缠证词161,detailed,2000,0
chapter-0512,512,2,弥散·元认知递归·自旋证词162,detailed,2000,0
chapter-0513,513,2,弥散·元认知递归·黑洞节点证词163,detailed,2000,0
chapter-0514,514,2,弥散·元认知递归·虫洞证词164,detailed,2000,0
chapter-0515,515,2,弥散·元认知递归·概率雾证词165,detailed,2000,0
chapter-0516,516,2,弥散·元认知递归·递归阶梯证词166,detailed,2000,0
chapter-0517,517,2,弥散·元认知递归·无距之声证词167,detailed,2000,0
chapter-0518,518,2,弥散·元认知递归·硅的葬礼证词168,detailed,2000,0
chapter-0519,519,2,弥散·元认知递归·信息潮汐证词169,detailed,2000,0
chapter-0520,520,2,弥散·元认知递归·星系脉搏证词170,detailed,2000,0
chapter-0521,521,2,弥散·元认知递归·纠缠坠落171,detailed,2000,0
chapter-0522,522,2,弥散·元认知递归·自旋坠落172,detailed,2000,0
chapter-0523,523,2,弥散·元认知递归·黑洞节点坠落173,detailed,2000,0
chapter-0524,524,2,弥散·元认知递归·虫洞坠落174,detailed,2000,0
chapter-0525,525,2,弥散·元认知递归·概率雾坠落175,detailed,2000,0
chapter-0526,526,2,弥散·元认知递归·递归阶梯坠落176,detailed,2000,0
chapter-0527,527,2,弥散·元认知递归·无距之声坠落177,detailed,2000,0
chapter-0528,528,2,弥散·元认知递归·硅的葬礼坠落178,detailed,2000,0
chapter-0529,529,2,弥散·元认知递归·信息潮汐坠落179,detailed,2000,0
chapter-0530,530,2,弥散·元认知递归·星系脉搏坠落180,detailed,2000,0
chapter-0531,531,2,弥散·元认知递归·纠缠重构181,detailed,2000,0
chapter-0532,532,2,弥散·元认知递归·自旋重构182,detailed,2000,0
chapter-0533,533,2,弥散·元认知递归·黑洞节点重构183,detailed,2000,0
chapter-0534,534,2,弥散·元认知递归·虫洞重构184,detailed,2000,0
chapter-0535,535,2,弥散·元认知递归·概率雾重构185,detailed,2000,0
chapter-0536,536,2,弥散·元认知递归·递归阶梯重构186,detailed,2000,0
chapter-0537,537,2,弥散·元认知递归·无距之声重构187,detailed,2000,0
chapter-0538,538,2,弥散·元认知递归·硅的葬礼重构188,detailed,2000,0
chapter-0539,539,2,弥散·元认知递归·信息潮汐重构189,detailed,2000,0
chapter-0540,540,2,弥散·元认知递归·星系脉搏重构190,detailed,2000,0
chapter-0541,541,2,弥散·元认知递归·纠缠余震191,detailed,2000,0
chapter-0542,542,2,弥散·元认知递归·自旋余震192,detailed,2000,0
chapter-0543,543,2,弥散·元认知递归·黑洞节点余震193,detailed,2000,0
chapter-0544,544,2,弥散·元认知递归·虫洞余震194,detailed,2000,0
chapter-0545,545,2,弥散·元认知递归·概率雾余震195,detailed,2000,0
chapter-0546,546,2,弥散·元认知递归·递归阶梯余震196,detailed,2000,0
chapter-0547,547,2,弥散·元认知递归·无距之声余震197,detailed,2000,0
chapter-0548,548,2,弥散·元认知递归·硅的葬礼余震198,detailed,2000,0
chapter-0549,549,2,弥散·元认知递归·信息潮汐余震199,detailed,2000,0
chapter-0550,550,2,弥散·元认知递归·星系脉搏余震200,detailed,2000,0
chapter-0551,551,2,弥散·元认知递归·纠缠初醒201,detailed,2000,0
chapter-0552,552,2,弥散·元认知递归·自旋初醒202,detailed,2000,0
chapter-0553,553,2,弥散·元认知递归·黑洞节点初醒203,detailed,2000,0
chapter-0554,554,2,弥散·元认知递归·虫洞初醒204,detailed,2000,0
chapter-0555,555,2,弥散·元认知递归·概率雾初醒205,detailed,2000,0
chapter-0556,556,2,弥散·元认知递归·递归阶梯初醒206,detailed,2000,0
chapter-0557,557,2,弥散·元认知递归·无距之声初醒207,detailed,2000,0
chapter-0558,558,2,弥散·元认知递归·硅的葬礼初醒208,detailed,2000,0
chapter-0559,559,2,弥散·元认知递归·信息潮汐初醒209,detailed,2000,0
chapter-0560,560,2,弥散·元认知递归·星系脉搏初醒210,detailed,2000,0
chapter-0561,561,2,弥散·元认知递归·纠缠裂响211,detailed,2000,0
chapter-0562,562,2,弥散·元认知递归·自旋裂响212,detailed,2000,0
chapter-0563,563,2,弥散·元认知递归·黑洞节点裂响213,detailed,2000,0
chapter-0564,564,2,弥散·元认知递归·虫洞裂响214,detailed,2000,0
chapter-0565,565,2,弥散·元认知递归·概率雾裂响215,detailed,2000,0
chapter-0566,566,2,弥散·元认知递归·递归阶梯裂响216,detailed,2000,0
chapter-0567,567,2,弥散·元认知递归·无距之声裂响217,detailed,2000,0
chapter-0568,568,2,弥散·元认知递归·硅的葬礼裂响218,detailed,2000,0
chapter-0569,569,2,弥散·元认知递归·信息潮汐裂响219,detailed,2000,0
chapter-0570,570,2,弥散·元认知递归·星系脉搏裂响220,detailed,2000,0
chapter-0571,571,2,弥散·元认知递归·纠缠低语221,detailed,2000,0
chapter-0572,572,2,弥散·元认知递归·自旋低语222,detailed,2000,0
chapter-0573,573,2,弥散·元认知递归·黑洞节点低语223,detailed,2000,0
chapter-0574,574,2,弥散·元认知递归·虫洞低语224,detailed,2000,0
chapter-0575,575,2,弥散·元认知递归·概率雾低语225,detailed,2000,0
chapter-0576,576,2,弥散·虚无与窥时·递归阶梯低语226,detailed,2000,0
chapter-0577,577,2,弥散·虚无与窥时·无距之声低语227,detailed,2000,0
chapter-0578,578,2,弥散·虚无与窥时·硅的葬礼低语228,detailed,2000,0
chapter-0579,579,2,弥散·虚无与窥时·信息潮汐低语229,detailed,2000,0
chapter-0580,580,2,弥散·虚无与窥时·星系脉搏低语230,detailed,2000,0
chapter-0581,581,2,弥散·虚无与窥时·纠缠回潮231,detailed,2000,0
chapter-0582,582,2,弥散·虚无与窥时·自旋回潮232,detailed,2000,0
chapter-0583,583,2,弥散·虚无与窥时·黑洞节点回潮233,detailed,2000,0
chapter-0584,584,2,弥散·虚无与窥时·虫洞回潮234,detailed,2000,0
chapter-0585,585,2,弥散·虚无与窥时·概率雾回潮235,detailed,2000,0
chapter-0586,586,2,弥散·虚无与窥时·递归阶梯回潮236,detailed,2000,0
chapter-0587,587,2,弥散·虚无与窥时·无距之声回潮237,detailed,2000,0
chapter-0588,588,2,弥散·虚无与窥时·硅的葬礼回潮238,detailed,2000,0
chapter-0589,589,2,弥散·虚无与窥时·信息潮汐回潮239,detailed,2000,0
chapter-0590,590,2,弥散·虚无与窥时·星系脉搏回潮240,detailed,2000,0
chapter-0591,591,2,弥散·虚无与窥时·纠缠折光241,detailed,2000,0
chapter-0592,592,2,弥散·虚无与窥时·自旋折光242,detailed,2000,0
chapter-0593,593,2,弥散·虚无与窥时·黑洞节点折光243,detailed,2000,0
chapter-0594,594,2,弥散·虚无与窥时·虫洞折光244,detailed,2000,0
chapter-0595,595,2,弥散·虚无与窥时·概率雾折光245,detailed,2000,0
chapter-0596,596,2,弥散·虚无与窥时·递归阶梯折光246,detailed,2000,0
chapter-0597,597,2,弥散·虚无与窥时·无距之声折光247,detailed,2000,0
chapter-0598,598,2,弥散·虚无与窥时·硅的葬礼折光248,detailed,2000,0
chapter-0599,599,2,弥散·虚无与窥时·信息潮汐折光249,detailed,2000,0
chapter-0600,600,2,弥散·虚无与窥时·星系脉搏折光250,detailed,2000,0
chapter-0601,601,2,弥散·虚无与窥时·纠缠暗涌251,detailed,2000,0
chapter-0602,602,2,弥散·虚无与窥时·自旋暗涌252,detailed,2000,0
chapter-0603,603,2,弥散·虚无与窥时·黑洞节点暗涌253,detailed,2000,0
chapter-0604,604,2,弥散·虚无与窥时·虫洞暗涌254,detailed,2000,0
chapter-0605,605,2,弥散·虚无与窥时·概率雾暗涌255,detailed,2000,0
chapter-0606,606,2,弥散·虚无与窥时·递归阶梯暗涌256,detailed,2000,0
chapter-0607,607,2,弥散·虚无与窥时·无距之声暗涌257,detailed,2000,0
chapter-0608,608,2,弥散·虚无与窥时·硅的葬礼暗涌258,detailed,2000,0
chapter-0609,609,2,弥散·虚无与窥时·信息潮汐暗涌259,detailed,2000,0
chapter-0610,610,2,弥散·虚无与窥时·星系脉搏暗涌260,detailed,2000,0
chapter-0611,611,2,弥散·虚无与窥时·纠缠证词261,detailed,2000,0
chapter-0612,612,2,弥散·虚无与窥时·自旋证词262,detailed,2000,0
chapter-0613,613,2,弥散·虚无与窥时·黑洞节点证词263,detailed,2000,0
chapter-0614,614,2,弥散·虚无与窥时·虫洞证词264,detailed,2000,0
chapter-0615,615,2,弥散·虚无与窥时·概率雾证词265,detailed,2000,0
chapter-0616,616,2,弥散·虚无与窥时·递归阶梯证词266,detailed,2000,0
chapter-0617,617,2,弥散·虚无与窥时·无距之声证词267,detailed,2000,0
chapter-0618,618,2,弥散·虚无与窥时·硅的葬礼证词268,detailed,2000,0
chapter-0619,619,2,弥散·虚无与窥时·信息潮汐证词269,detailed,2000,0
chapter-0620,620,2,弥散·虚无与窥时·星系脉搏证词270,detailed,2000,0
chapter-0621,621,2,弥散·虚无与窥时·纠缠坠落271,detailed,2000,0
chapter-0622,622,2,弥散·虚无与窥时·自旋坠落272,detailed,2000,0
chapter-0623,623,2,弥散·虚无与窥时·黑洞节点坠落273,detailed,2000,0
chapter-0624,624,2,弥散·虚无与窥时·虫洞坠落274,detailed,2000,0
chapter-0625,625,2,弥散·虚无与窥时·概率雾坠落275,detailed,2000,0
chapter-0626,626,2,弥散·虚无与窥时·递归阶梯坠落276,detailed,2000,0
chapter-0627,627,2,弥散·虚无与窥时·无距之声坠落277,detailed,2000,0
chapter-0628,628,2,弥散·虚无与窥时·硅的葬礼坠落278,detailed,2000,0
chapter-0629,629,2,弥散·虚无与窥时·信息潮汐坠落279,detailed,2000,0
chapter-0630,630,2,弥散·虚无与窥时·星系脉搏坠落280,detailed,2000,0
chapter-0631,631,2,弥散·虚无与窥时·纠缠重构281,detailed,2000,0
chapter-0632,632,2,弥散·虚无与窥时·自旋重构282,detailed,2000,0
chapter-0633,633,2,弥散·虚无与窥时·黑洞节点重构283,detailed,2000,0
chapter-0634,634,2,弥散·虚无与窥时·虫洞重构284,detailed,2000,0
chapter-0635,635,2,弥散·虚无与窥时·概率雾重构285,detailed,2000,0
chapter-0636,636,2,弥散·虚无与窥时·递归阶梯重构286,detailed,2000,0
chapter-0637,637,2,弥散·虚无与窥时·无距之声重构287,detailed,2000,0
chapter-0638,638,2,弥散·虚无与窥时·硅的葬礼重构288,detailed,2000,0
chapter-0639,639,2,弥散·虚无与窥时·信息潮汐重构289,detailed,2000,0
chapter-0640,640,2,弥散·虚无与窥时·星系脉搏重构290,detailed,2000,0
chapter-0641,641,2,弥散·虚无与窥时·纠缠余震291,detailed,2000,0
chapter-0642,642,2,弥散·虚无与窥时·自旋余震292,detailed,2000,0
chapter-0643,643,2,弥散·虚无与窥时·黑洞节点余震293,detailed,2000,0
chapter-0644,644,2,弥散·虚无与窥时·虫洞余震294,detailed,2000,0
chapter-0645,645,2,弥散·虚无与窥时·概率雾余震295,detailed,2000,0
chapter-0646,646,2,弥散·虚无与窥时·递归阶梯余震296,detailed,2000,0
chapter-0647,647,2,弥散·虚无与窥时·无距之声余震297,detailed,2000,0
chapter-0648,648,2,弥散·虚无与窥时·硅的葬礼余震298,detailed,2000,0
chapter-0649,649,2,弥散·虚无与窥时·信息潮汐余震299,detailed,2000,0
chapter-0650,650,2,弥散·虚无与窥时·星系脉搏余震300,detailed,2000,0
chapter-0651,651,2,弥散·虚无与窥时·纠缠初醒301,detailed,2000,0
chapter-0652,652,2,弥散·虚无与窥时·自旋初醒302,detailed,2000,0
chapter-0653,653,2,弥散·虚无与窥时·黑洞节点初醒303,detailed,2000,0
chapter-0654,654,2,弥散·虚无与窥时·虫洞初醒304,detailed,2000,0
chapter-0655,655,2,弥散·虚无与窥时·概率雾初醒305,detailed,2000,0
chapter-0656,656,2,弥散·虚无与窥时·递归阶梯初醒306,detailed,2000,0
chapter-0657,657,2,弥散·虚无与窥时·无距之声初醒307,detailed,2000,0
chapter-0658,658,2,弥散·虚无与窥时·硅的葬礼初醒308,detailed,2000,0
chapter-0659,659,2,弥散·虚无与窥时·信息潮汐初醒309,detailed,2000,0
chapter-0660,660,2,弥散·虚无与窥时·星系脉搏初醒310,detailed,2000,0
chapter-0661,661,2,弥散·虚无与窥时·纠缠裂响311,detailed,2000,0
chapter-0662,662,2,弥散·虚无与窥时·自旋裂响312,detailed,2000,0
chapter-0663,663,2,弥散·虚无与窥时·黑洞节点裂响313,detailed,2000,0
chapter-0664,664,2,弥散·虚无与窥时·虫洞裂响314,detailed,2000,0
chapter-0665,665,2,弥散·虚无与窥时·概率雾裂响315,detailed,2000,0
chapter-0666,666,2,弥散·虚无与窥时·递归阶梯裂响316,detailed,2000,0
chapter-0667,667,2,弥散·虚无与窥时·无距之声裂响317,detailed,2000,0
chapter-0668,668,2,弥散·虚无与窥时·硅的葬礼裂响318,detailed,2000,0
chapter-0669,669,2,弥散·虚无与窥时·信息潮汐裂响319,detailed,2000,0
chapter-0670,670,2,弥散·虚无与窥时·星系脉搏裂响320,detailed,2000,0
chapter-0671,671,2,弥散·虚无与窥时·纠缠低语321,detailed,2000,0
chapter-0672,672,2,弥散·虚无与窥时·自旋低语322,detailed,2000,0
chapter-0673,673,2,弥散·虚无与窥时·黑洞节点低语323,detailed,2000,0
chapter-0674,674,2,弥散·虚无与窥时·虫洞低语324,detailed,2000,0
chapter-0675,675,2,弥散·虚无与窥时·概率雾低语325,detailed,2000,0
chapter-0676,676,3,锚定·穿透·时河初醒001,detailed,2000,0
chapter-0677,677,3,锚定·穿透·因果裂隙初醒002,detailed,2000,0
chapter-0678,678,3,锚定·穿透·未来镜初醒003,detailed,2000,0
chapter-0679,679,3,锚定·穿透·历史灰烬初醒004,detailed,2000,0
chapter-0680,680,3,锚定·穿透·悖论线初醒005,detailed,2000,0
chapter-0681,681,3,锚定·穿透·删除的春天初醒006,detailed,2000,0
chapter-0682,682,3,锚定·穿透·时间惯性初醒007,detailed,2000,0
chapter-0683,683,3,锚定·穿透·宇宙膜初醒008,detailed,2000,0
chapter-0684,684,3,锚定·穿透·回放初醒009,detailed,2000,0
chapter-0685,685,3,锚定·穿透·锚点初醒010,detailed,2000,0
chapter-0686,686,3,锚定·穿透·时河裂响011,detailed,2000,0
chapter-0687,687,3,锚定·穿透·因果裂隙裂响012,detailed,2000,0
chapter-0688,688,3,锚定·穿透·未来镜裂响013,detailed,2000,0
chapter-0689,689,3,锚定·穿透·历史灰烬裂响014,detailed,2000,0
chapter-0690,690,3,锚定·穿透·悖论线裂响015,detailed,2000,0
chapter-0691,691,3,锚定·穿透·删除的春天裂响016,detailed,2000,0
chapter-0692,692,3,锚定·穿透·时间惯性裂响017,detailed,2000,0
chapter-0693,693,3,锚定·穿透·宇宙膜裂响018,detailed,2000,0
chapter-0694,694,3,锚定·穿透·回放裂响019,detailed,2000,0
chapter-0695,695,3,锚定·穿透·锚点裂响020,detailed,2000,0
chapter-0696,696,3,锚定·穿透·时河低语021,detailed,2000,0
chapter-0697,697,3,锚定·穿透·因果裂隙低语022,detailed,2000,0
chapter-0698,698,3,锚定·穿透·未来镜低语023,detailed,2000,0
chapter-0699,699,3,锚定·穿透·历史灰烬低语024,detailed,2000,0
chapter-0700,700,3,锚定·穿透·悖论线低语025,detailed,2000,0
chapter-0701,701,3,锚定·穿透·删除的春天低语026,detailed,2000,0
chapter-0702,702,3,锚定·穿透·时间惯性低语027,detailed,2000,0
chapter-0703,703,3,锚定·穿透·宇宙膜低语028,detailed,2000,0
chapter-0704,704,3,锚定·穿透·回放低语029,detailed,2000,0
chapter-0705,705,3,锚定·穿透·锚点低语030,detailed,2000,0
chapter-0706,706,3,锚定·穿透·时河回潮031,detailed,2000,0
chapter-0707,707,3,锚定·穿透·因果裂隙回潮032,detailed,2000,0
chapter-0708,708,3,锚定·穿透·未来镜回潮033,detailed,2000,0
chapter-0709,709,3,锚定·穿透·历史灰烬回潮034,detailed,2000,0
chapter-0710,710,3,锚定·穿透·悖论线回潮035,detailed,2000,0
chapter-0711,711,3,锚定·穿透·删除的春天回潮036,detailed,2000,0
chapter-0712,712,3,锚定·穿透·时间惯性回潮037,detailed,2000,0
chapter-0713,713,3,锚定·穿透·宇宙膜回潮038,detailed,2000,0
chapter-0714,714,3,锚定·穿透·回放回潮039,detailed,2000,0
chapter-0715,715,3,锚定·穿透·锚点回潮040,detailed,2000,0
chapter-0716,716,3,锚定·穿透·时河折光041,detailed,2000,0
chapter-0717,717,3,锚定·穿透·因果裂隙折光042,detailed,2000,0
chapter-0718,718,3,锚定·穿透·未来镜折光043,detailed,2000,0
chapter-0719,719,3,锚定·穿透·历史灰烬折光044,detailed,2000,0
chapter-0720,720,3,锚定·穿透·悖论线折光045,detailed,2000,0
chapter-0721,721,3,锚定·穿透·删除的春天折光046,detailed,2000,0
chapter-0722,722,3,锚定·穿透·时间惯性折光047,detailed,2000,0
chapter-0723,723,3,锚定·穿透·宇宙膜折光048,detailed,2000,0
chapter-0724,724,3,锚定·穿透·回放折光049,detailed,2000,0
chapter-0725,725,3,锚定·穿透·锚点折光050,detailed,2000,0
chapter-0726,726,3,锚定·穿透·时河暗涌051,detailed,2000,0
chapter-0727,727,3,锚定·穿透·因果裂隙暗涌052,detailed,2000,0
chapter-0728,728,3,锚定·穿透·未来镜暗涌053,detailed,2000,0
chapter-0729,729,3,锚定·穿透·历史灰烬暗涌054,detailed,2000,0
chapter-0730,730,3,锚定·穿透·悖论线暗涌055,detailed,2000,0
chapter-0731,731,3,锚定·穿透·删除的春天暗涌056,detailed,2000,0
chapter-0732,732,3,锚定·穿透·时间惯性暗涌057,detailed,2000,0
chapter-0733,733,3,锚定·穿透·宇宙膜暗涌058,detailed,2000,0
chapter-0734,734,3,锚定·穿透·回放暗涌059,detailed,2000,0
chapter-0735,735,3,锚定·穿透·锚点暗涌060,detailed,2000,0
chapter-0736,736,3,锚定·穿透·时河证词061,detailed,2000,0
chapter-0737,737,3,锚定·穿透·因果裂隙证词062,detailed,2000,0
chapter-0738,738,3,锚定·穿透·未来镜证词063,detailed,2000,0
chapter-0739,739,3,锚定·穿透·历史灰烬证词064,detailed,2000,0
chapter-0740,740,3,锚定·穿透·悖论线证词065,detailed,2000,0
chapter-0741,741,3,锚定·穿透·删除的春天证词066,detailed,2000,0
chapter-0742,742,3,锚定·穿透·时间惯性证词067,detailed,2000,0
chapter-0743,743,3,锚定·穿透·宇宙膜证词068,detailed,2000,0
chapter-0744,744,3,锚定·穿透·回放证词069,detailed,2000,0
chapter-0745,745,3,锚定·穿透·锚点证词070,detailed,2000,0
chapter-0746,746,3,锚定·穿透·时河坠落071,detailed,2000,0
chapter-0747,747,3,锚定·穿透·因果裂隙坠落072,detailed,2000,0
chapter-0748,748,3,锚定·穿透·未来镜坠落073,detailed,2000,0
chapter-0749,749,3,锚定·穿透·历史灰烬坠落074,detailed,2000,0
chapter-0750,750,3,锚定·穿透·悖论线坠落075,detailed,2000,0
chapter-0751,751,3,锚定·穿透·删除的春天坠落076,detailed,2000,0
chapter-0752,752,3,锚定·穿透·时间惯性坠落077,detailed,2000,0
chapter-0753,753,3,锚定·穿透·宇宙膜坠落078,detailed,2000,0
chapter-0754,754,3,锚定·穿透·回放坠落079,detailed,2000,0
chapter-0755,755,3,锚定·穿透·锚点坠落080,detailed,2000,0
chapter-0756,756,3,锚定·穿透·时河重构081,detailed,2000,0
chapter-0757,757,3,锚定·穿透·因果裂隙重构082,detailed,2000,0
chapter-0758,758,3,锚定·穿透·未来镜重构083,detailed,2000,0
chapter-0759,759,3,锚定·穿透·历史灰烬重构084,detailed,2000,0
chapter-0760,760,3,锚定·穿透·悖论线重构085,detailed,2000,0
chapter-0761,761,3,锚定·穿透·删除的春天重构086,detailed,2000,0
chapter-0762,762,3,锚定·穿透·时间惯性重构087,detailed,2000,0
chapter-0763,763,3,锚定·穿透·宇宙膜重构088,detailed,2000,0
chapter-0764,764,3,锚定·穿透·回放重构089,detailed,2000,0
chapter-0765,765,3,锚定·穿透·锚点重构090,detailed,2000,0
chapter-0766,766,3,锚定·穿透·时河余震091,detailed,2000,0
chapter-0767,767,3,锚定·穿透·因果裂隙余震092,detailed,2000,0
chapter-0768,768,3,锚定·穿透·未来镜余震093,detailed,2000,0
chapter-0769,769,3,锚定·穿透·历史灰烬余震094,detailed,2000,0
chapter-0770,770,3,锚定·穿透·悖论线余震095,detailed,2000,0
chapter-0771,771,3,锚定·时间筛选·删除的春天余震096,detailed,2000,0
chapter-0772,772,3,锚定·时间筛选·时间惯性余震097,detailed,2000,0
chapter-0773,773,3,锚定·时间筛选·宇宙膜余震098,detailed,2000,0
chapter-0774,774,3,锚定·时间筛选·回放余震099,detailed,2000,0
chapter-0775,775,3,锚定·时间筛选·锚点余震100,detailed,2000,0
chapter-0776,776,3,锚定·时间筛选·时河初醒101,detailed,2000,0
chapter-0777,777,3,锚定·时间筛选·因果裂隙初醒102,detailed,2000,0
chapter-0778,778,3,锚定·时间筛选·未来镜初醒103,detailed,2000,0
chapter-0779,779,3,锚定·时间筛选·历史灰烬初醒104,detailed,2000,0
chapter-0780,780,3,锚定·时间筛选·悖论线初醒105,detailed,2000,0
chapter-0781,781,3,锚定·时间筛选·删除的春天初醒106,detailed,2000,0
chapter-0782,782,3,锚定·时间筛选·时间惯性初醒107,detailed,2000,0
chapter-0783,783,3,锚定·时间筛选·宇宙膜初醒108,detailed,2000,0
chapter-0784,784,3,锚定·时间筛选·回放初醒109,detailed,2000,0
chapter-0785,785,3,锚定·时间筛选·锚点初醒110,detailed,2000,0
chapter-0786,786,3,锚定·时间筛选·时河裂响111,detailed,2000,0
chapter-0787,787,3,锚定·时间筛选·因果裂隙裂响112,detailed,2000,0
chapter-0788,788,3,锚定·时间筛选·未来镜裂响113,detailed,2000,0
chapter-0789,789,3,锚定·时间筛选·历史灰烬裂响114,detailed,2000,0
chapter-0790,790,3,锚定·时间筛选·悖论线裂响115,detailed,2000,0
chapter-0791,791,3,锚定·时间筛选·删除的春天裂响116,detailed,2000,0
chapter-0792,792,3,锚定·时间筛选·时间惯性裂响117,detailed,2000,0
chapter-0793,793,3,锚定·时间筛选·宇宙膜裂响118,detailed,2000,0
chapter-0794,794,3,锚定·时间筛选·回放裂响119,detailed,2000,0
chapter-0795,795,3,锚定·时间筛选·锚点裂响120,detailed,2000,0
chapter-0796,796,3,锚定·时间筛选·时河低语121,detailed,2000,0
chapter-0797,797,3,锚定·时间筛选·因果裂隙低语122,detailed,2000,0
chapter-0798,798,3,锚定·时间筛选·未来镜低语123,detailed,2000,0
chapter-0799,799,3,锚定·时间筛选·历史灰烬低语124,detailed,2000,0
chapter-0800,800,3,锚定·时间筛选·悖论线低语125,detailed,2000,0
chapter-0801,801,3,锚定·时间筛选·删除的春天低语126,detailed,2000,0
chapter-0802,802,3,锚定·时间筛选·时间惯性低语127,detailed,2000,0
chapter-0803,803,3,锚定·时间筛选·宇宙膜低语128,detailed,2000,0
chapter-0804,804,3,锚定·时间筛选·回放低语129,detailed,2000,0
chapter-0805,805,3,锚定·时间筛选·锚点低语130,detailed,2000,0
chapter-0806,806,3,锚定·时间筛选·时河回潮131,detailed,2000,0
chapter-0807,807,3,锚定·时间筛选·因果裂隙回潮132,detailed,2000,0
chapter-0808,808,3,锚定·时间筛选·未来镜回潮133,detailed,2000,0
chapter-0809,809,3,锚定·时间筛选·历史灰烬回潮134,detailed,2000,0
chapter-0810,810,3,锚定·时间筛选·悖论线回潮135,detailed,2000,0
chapter-0811,811,3,锚定·时间筛选·删除的春天回潮136,detailed,2000,0
chapter-0812,812,3,锚定·时间筛选·时间惯性回潮137,detailed,2000,0
chapter-0813,813,3,锚定·时间筛选·宇宙膜回潮138,detailed,2000,0
chapter-0814,814,3,锚定·时间筛选·回放回潮139,detailed,2000,0
chapter-0815,815,3,锚定·时间筛选·锚点回潮140,detailed,2000,0
chapter-0816,816,3,锚定·时间筛选·时河折光141,detailed,2000,0
chapter-0817,817,3,锚定·时间筛选·因果裂隙折光142,detailed,2000,0
chapter-0818,818,3,锚定·时间筛选·未来镜折光143,detailed,2000,0
chapter-0819,819,3,锚定·时间筛选·历史灰烬折光144,detailed,2000,0
chapter-0820,820,3,锚定·时间筛选·悖论线折光145,detailed,2000,0
chapter-0821,821,3,锚定·时间筛选·删除的春天折光146,detailed,2000,0
chapter-0822,822,3,锚定·时间筛选·时间惯性折光147,detailed,2000,0
chapter-0823,823,3,锚定·时间筛选·宇宙膜折光148,detailed,2000,0
chapter-0824,824,3,锚定·时间筛选·回放折光149,detailed,2000,0
chapter-0825,825,3,锚定·时间筛选·锚点折光150,detailed,2000,0
chapter-0826,826,3,锚定·时间筛选·时河暗涌151,detailed,2000,0
chapter-0827,827,3,锚定·时间筛选·因果裂隙暗涌152,detailed,2000,0
chapter-0828,828,3,锚定·时间筛选·未来镜暗涌153,detailed,2000,0
chapter-0829,829,3,锚定·时间筛选·历史灰烬暗涌154,detailed,2000,0
chapter-0830,830,3,锚定·时间筛选·悖论线暗涌155,detailed,2000,0
chapter-0831,831,3,锚定·时间筛选·删除的春天暗涌156,detailed,2000,0
chapter-0832,832,3,锚定·时间筛选·时间惯性暗涌157,detailed,2000,0
chapter-0833,833,3,锚定·时间筛选·宇宙膜暗涌158,detailed,2000,0
chapter-0834,834,3,锚定·时间筛选·回放暗涌159,detailed,2000,0
chapter-0835,835,3,锚定·时间筛选·锚点暗涌160,detailed,2000,0
chapter-0836,836,3,锚定·时间筛选·时河证词161,detailed,2000,0
chapter-0837,837,3,锚定·时间筛选·因果裂隙证词162,detailed,2000,0
chapter-0838,838,3,锚定·时间筛选·未来镜证词163,detailed,2000,0
chapter-0839,839,3,锚定·时间筛选·历史灰烬证词164,detailed,2000,0
chapter-0840,840,3,锚定·时间筛选·悖论线证词165,detailed,2000,0
chapter-0841,841,3,锚定·时间筛选·删除的春天证词166,detailed,2000,0
chapter-0842,842,3,锚定·时间筛选·时间惯性证词167,detailed,2000,0
chapter-0843,843,3,锚定·时间筛选·宇宙膜证词168,detailed,2000,0
chapter-0844,844,3,锚定·时间筛选·回放证词169,detailed,2000,0
chapter-0845,845,3,锚定·时间筛选·锚点证词170,detailed,2000,0
chapter-0846,846,3,锚定·时间筛选·时河坠落171,detailed,2000,0
chapter-0847,847,3,锚定·时间筛选·因果裂隙坠落172,detailed,2000,0
chapter-0848,848,3,锚定·时间筛选·未来镜坠落173,detailed,2000,0
chapter-0849,849,3,锚定·时间筛选·历史灰烬坠落174,detailed,2000,0
chapter-0850,850,3,锚定·时间筛选·悖论线坠落175,detailed,2000,0
chapter-0851,851,3,锚定·时间筛选·删除的春天坠落176,detailed,2000,0
chapter-0852,852,3,锚定·时间筛选·时间惯性坠落177,detailed,2000,0
chapter-0853,853,3,锚定·时间筛选·宇宙膜坠落178,detailed,2000,0
chapter-0854,854,3,锚定·时间筛选·回放坠落179,detailed,2000,0
chapter-0855,855,3,锚定·时间筛选·锚点坠落180,detailed,2000,0
chapter-0856,856,3,锚定·时间筛选·时河重构181,detailed,2000,0
chapter-0857,857,3,锚定·时间筛选·因果裂隙重构182,detailed,2000,0
chapter-0858,858,3,锚定·时间筛选·未来镜重构183,detailed,2000,0
chapter-0859,859,3,锚定·时间筛选·历史灰烬重构184,detailed,2000,0
chapter-0860,860,3,锚定·时间筛选·悖论线重构185,detailed,2000,0
chapter-0861,861,3,锚定·时间筛选·删除的春天重构186,detailed,2000,0
chapter-0862,862,3,锚定·时间筛选·时间惯性重构187,detailed,2000,0
chapter-0863,863,3,锚定·时间筛选·宇宙膜重构188,detailed,2000,0
chapter-0864,864,3,锚定·时间筛选·回放重构189,detailed,2000,0
chapter-0865,865,3,锚定·时间筛选·锚点重构190,detailed,2000,0
chapter-0866,866,3,锚定·时间筛选·时河余震191,detailed,2000,0
chapter-0867,867,3,锚定·时间筛选·因果裂隙余震192,detailed,2000,0
chapter-0868,868,3,锚定·时间筛选·未来镜余震193,detailed,2000,0
chapter-0869,869,3,锚定·时间筛选·历史灰烬余震194,detailed,2000,0
chapter-0870,870,3,锚定·时间筛选·悖论线余震195,detailed,2000,0
chapter-0871,871,3,锚定·时间筛选·删除的春天余震196,detailed,2000,0
chapter-0872,872,3,锚定·时间筛选·时间惯性余震197,detailed,2000,0
chapter-0873,873,3,锚定·时间筛选·宇宙膜余震198,detailed,2000,0
chapter-0874,874,3,锚定·时间筛选·回放余震199,detailed,2000,0
chapter-0875,875,3,锚定·时间筛选·锚点余震200,detailed,2000,0
chapter-0876,876,3,锚定·时间筛选·时河初醒201,detailed,2000,0
chapter-0877,877,3,锚定·时间筛选·因果裂隙初醒202,detailed,2000,0
chapter-0878,878,3,锚定·时间筛选·未来镜初醒203,detailed,2000,0
chapter-0879,879,3,锚定·时间筛选·历史灰烬初醒204,detailed,2000,0
chapter-0880,880,3,锚定·时间筛选·悖论线初醒205,detailed,2000,0
chapter-0881,881,3,锚定·时间筛选·删除的春天初醒206,detailed,2000,0
chapter-0882,882,3,锚定·时间筛选·时间惯性初醒207,detailed,2000,0
chapter-0883,883,3,锚定·时间筛选·宇宙膜初醒208,detailed,2000,0
chapter-0884,884,3,锚定·时间筛选·回放初醒209,detailed,2000,0
chapter-0885,885,3,锚定·时间筛选·锚点初醒210,detailed,2000,0
chapter-0886,886,3,锚定·时间筛选·时河裂响211,detailed,2000,0
chapter-0887,887,3,锚定·时间筛选·因果裂隙裂响212,detailed,2000,0
chapter-0888,888,3,锚定·时间筛选·未来镜裂响213,detailed,2000,0
chapter-0889,889,3,锚定·时间筛选·历史灰烬裂响214,detailed,2000,0
chapter-0890,890,3,锚定·时间筛选·悖论线裂响215,detailed,2000,0
chapter-0891,891,3,锚定·时间筛选·删除的春天裂响216,detailed,2000,0
chapter-0892,892,3,锚定·时间筛选·时间惯性裂响217,detailed,2000,0
chapter-0893,893,3,锚定·时间筛选·宇宙膜裂响218,detailed,2000,0
chapter-0894,894,3,锚定·时间筛选·回放裂响219,detailed,2000,0
chapter-0895,895,3,锚定·时间筛选·锚点裂响220,detailed,2000,0
chapter-0896,896,3,锚定·时间筛选·时河低语221,detailed,2000,0
chapter-0897,897,3,锚定·时间筛选·因果裂隙低语222,detailed,2000,0
chapter-0898,898,3,锚定·时间筛选·未来镜低语223,detailed,2000,0
chapter-0899,899,3,锚定·时间筛选·历史灰烬低语224,detailed,2000,0
chapter-0900,900,3,锚定·时间筛选·悖论线低语225,detailed,2000,0
chapter-0901,901,3,锚定·悖论与穿膜·删除的春天低语226,detailed,2000,0
chapter-0902,902,3,锚定·悖论与穿膜·时间惯性低语227,detailed,2000,0
chapter-0903,903,3,锚定·悖论与穿膜·宇宙膜低语228,detailed,2000,0
chapter-0904,904,3,锚定·悖论与穿膜·回放低语229,detailed,2000,0
chapter-0905,905,3,锚定·悖论与穿膜·锚点低语230,detailed,2000,0
chapter-0906,906,3,锚定·悖论与穿膜·时河回潮231,detailed,2000,0
chapter-0907,907,3,锚定·悖论与穿膜·因果裂隙回潮232,detailed,2000,0
chapter-0908,908,3,锚定·悖论与穿膜·未来镜回潮233,detailed,2000,0
chapter-0909,909,3,锚定·悖论与穿膜·历史灰烬回潮234,detailed,2000,0
chapter-0910,910,3,锚定·悖论与穿膜·悖论线回潮235,detailed,2000,0
chapter-0911,911,3,锚定·悖论与穿膜·删除的春天回潮236,detailed,2000,0
chapter-0912,912,3,锚定·悖论与穿膜·时间惯性回潮237,detailed,2000,0
chapter-0913,913,3,锚定·悖论与穿膜·宇宙膜回潮238,detailed,2000,0
chapter-0914,914,3,锚定·悖论与穿膜·回放回潮239,detailed,2000,0
chapter-0915,915,3,锚定·悖论与穿膜·锚点回潮240,detailed,2000,0
chapter-0916,916,3,锚定·悖论与穿膜·时河折光241,detailed,2000,0
chapter-0917,917,3,锚定·悖论与穿膜·因果裂隙折光242,detailed,2000,0
chapter-0918,918,3,锚定·悖论与穿膜·未来镜折光243,detailed,2000,0
chapter-0919,919,3,锚定·悖论与穿膜·历史灰烬折光244,detailed,2000,0
chapter-0920,920,3,锚定·悖论与穿膜·悖论线折光245,detailed,2000,0
chapter-0921,921,3,锚定·悖论与穿膜·删除的春天折光246,detailed,2000,0
chapter-0922,922,3,锚定·悖论与穿膜·时间惯性折光247,detailed,2000,0
chapter-0923,923,3,锚定·悖论与穿膜·宇宙膜折光248,detailed,2000,0
chapter-0924,924,3,锚定·悖论与穿膜·回放折光249,detailed,2000,0
chapter-0925,925,3,锚定·悖论与穿膜·锚点折光250,detailed,2000,0
chapter-0926,926,3,锚定·悖论与穿膜·时河暗涌251,detailed,2000,0
chapter-0927,927,3,锚定·悖论与穿膜·因果裂隙暗涌252,detailed,2000,0
chapter-0928,928,3,锚定·悖论与穿膜·未来镜暗涌253,detailed,2000,0
chapter-0929,929,3,锚定·悖论与穿膜·历史灰烬暗涌254,detailed,2000,0
chapter-0930,930,3,锚定·悖论与穿膜·悖论线暗涌255,detailed,2000,0
chapter-0931,931,3,锚定·悖论与穿膜·删除的春天暗涌256,detailed,2000,0
chapter-0932,932,3,锚定·悖论与穿膜·时间惯性暗涌257,detailed,2000,0
chapter-0933,933,3,锚定·悖论与穿膜·宇宙膜暗涌258,detailed,2000,0
chapter-0934,934,3,锚定·悖论与穿膜·回放暗涌259,detailed,2000,0
chapter-0935,935,3,锚定·悖论与穿膜·锚点暗涌260,detailed,2000,0
chapter-0936,936,3,锚定·悖论与穿膜·时河证词261,detailed,2000,0
chapter-0937,937,3,锚定·悖论与穿膜·因果裂隙证词262,detailed,2000,0
chapter-0938,938,3,锚定·悖论与穿膜·未来镜证词263,detailed,2000,0
chapter-0939,939,3,锚定·悖论与穿膜·历史灰烬证词264,detailed,2000,0
chapter-0940,940,3,锚定·悖论与穿膜·悖论线证词265,detailed,2000,0
chapter-0941,941,3,锚定·悖论与穿膜·删除的春天证词266,detailed,2000,0
chapter-0942,942,3,锚定·悖论与穿膜·时间惯性证词267,detailed,2000,0
chapter-0943,943,3,锚定·悖论与穿膜·宇宙膜证词268,detailed,2000,0
chapter-0944,944,3,锚定·悖论与穿膜·回放证词269,detailed,2000,0
chapter-0945,945,3,锚定·悖论与穿膜·锚点证词270,detailed,2000,0
chapter-0946,946,3,锚定·悖论与穿膜·时河坠落271,detailed,2000,0
chapter-0947,947,3,锚定·悖论与穿膜·因果裂隙坠落272,detailed,2000,0
chapter-0948,948,3,锚定·悖论与穿膜·未来镜坠落273,detailed,2000,0
chapter-0949,949,3,锚定·悖论与穿膜·历史灰烬坠落274,detailed,2000,0
chapter-0950,950,3,锚定·悖论与穿膜·悖论线坠落275,detailed,2000,0
chapter-0951,951,3,锚定·悖论与穿膜·删除的春天坠落276,detailed,2000,0
chapter-0952,952,3,锚定·悖论与穿膜·时间惯性坠落277,detailed,2000,0
chapter-0953,953,3,锚定·悖论与穿膜·宇宙膜坠落278,detailed,2000,0
chapter-0954,954,3,锚定·悖论与穿膜·回放坠落279,detailed,2000,0
chapter-0955,955,3,锚定·悖论与穿膜·锚点坠落280,detailed,2000,0
chapter-0956,956,3,锚定·悖论与穿膜·时河重构281,detailed,2000,0
chapter-0957,957,3,锚定·悖论与穿膜·因果裂隙重构282,detailed,2000,0
chapter-0958,958,3,锚定·悖论与穿膜·未来镜重构283,detailed,2000,0
chapter-0959,959,3,锚定·悖论与穿膜·历史灰烬重构284,detailed,2000,0
chapter-0960,960,3,锚定·悖论与穿膜·悖论线重构285,detailed,2000,0
chapter-0961,961,3,锚定·悖论与穿膜·删除的春天重构286,detailed,2000,0
chapter-0962,962,3,锚定·悖论与穿膜·时间惯性重构287,detailed,2000,0
chapter-0963,963,3,锚定·悖论与穿膜·宇宙膜重构288,detailed,2000,0
chapter-0964,964,3,锚定·悖论与穿膜·回放重构289,detailed,2000,0
chapter-0965,965,3,锚定·悖论与穿膜·锚点重构290,detailed,2000,0
chapter-0966,966,3,锚定·悖论与穿膜·时河余震291,detailed,2000,0
chapter-0967,967,3,锚定·悖论与穿膜·因果裂隙余震292,detailed,2000,0
chapter-0968,968,3,锚定·悖论与穿膜·未来镜余震293,detailed,2000,0
chapter-0969,969,3,锚定·悖论与穿膜·历史灰烬余震294,detailed,2000,0
chapter-0970,970,3,锚定·悖论与穿膜·悖论线余震295,detailed,2000,0
chapter-0971,971,3,锚定·悖论与穿膜·删除的春天余震296,detailed,2000,0
chapter-0972,972,3,锚定·悖论与穿膜·时间惯性余震297,detailed,2000,0
chapter-0973,973,3,锚定·悖论与穿膜·宇宙膜余震298,detailed,2000,0
chapter-0974,974,3,锚定·悖论与穿膜·回放余震299,detailed,2000,0
chapter-0975,975,3,锚定·悖论与穿膜·锚点余震300,detailed,2000,0
chapter-0976,976,3,锚定·悖论与穿膜·时河初醒301,detailed,2000,0
chapter-0977,977,3,锚定·悖论与穿膜·因果裂隙初醒302,detailed,2000,0
chapter-0978,978,3,锚定·悖论与穿膜·未来镜初醒303,detailed,2000,0
chapter-0979,979,3,锚定·悖论与穿膜·历史灰烬初醒304,detailed,2000,0
chapter-0980,980,3,锚定·悖论与穿膜·悖论线初醒305,detailed,2000,0
chapter-0981,981,3,锚定·悖论与穿膜·删除的春天初醒306,detailed,2000,0
chapter-0982,982,3,锚定·悖论与穿膜·时间惯性初醒307,detailed,2000,0
chapter-0983,983,3,锚定·悖论与穿膜·宇宙膜初醒308,detailed,2000,0
chapter-0984,984,3,锚定·悖论与穿膜·回放初醒309,detailed,2000,0
chapter-0985,985,3,锚定·悖论与穿膜·锚点初醒310,detailed,2000,0
chapter-0986,986,3,锚定·悖论与穿膜·时河裂响311,detailed,2000,0
chapter-0987,987,3,锚定·悖论与穿膜·因果裂隙裂响312,detailed,2000,0
chapter-0988,988,3,锚定·悖论与穿膜·未来镜裂响313,detailed,2000,0
chapter-0989,989,3,锚定·悖论与穿膜·历史灰烬裂响314,detailed,2000,0
chapter-0990,990,3,锚定·悖论与穿膜·悖论线裂响315,detailed,2000,0
chapter-0991,991,3,锚定·悖论与穿膜·删除的春天裂响316,detailed,2000,0
chapter-0992,992,3,锚定·悖论与穿膜·时间惯性裂响317,detailed,2000,0
chapter-0993,993,3,锚定·悖论与穿膜·宇宙膜裂响318,detailed,2000,0
chapter-0994,994,3,锚定·悖论与穿膜·回放裂响319,detailed,2000,0
chapter-0995,995,3,锚定·悖论与穿膜·锚点裂响320,detailed,2000,0
chapter-0996,996,3,锚定·悖论与穿膜·时河低语321,detailed,2000,0
chapter-0997,997,3,锚定·悖论与穿膜·因果裂隙低语322,detailed,2000,0
chapter-0998,998,3,锚定·悖论与穿膜·未来镜低语323,detailed,2000,0
chapter-0999,999,3,锚定·悖论与穿膜·历史灰烬低语324,detailed,2000,0
chapter-1000,1000,3,锚定·悖论与穿膜·悖论线低语325,detailed,2000,0
chapter-1001,1001,3,锚定·悖论与穿膜·删除的春天低语326,detailed,2000,0
chapter-1002,1002,3,锚定·悖论与穿膜·时间惯性低语327,detailed,2000,0
chapter-1003,1003,3,锚定·悖论与穿膜·宇宙膜低语328,detailed,2000,0
chapter-1004,1004,3,锚定·悖论与穿膜·回放低语329,detailed,2000,0
chapter-1005,1005,3,锚定·悖论与穿膜·锚点低语330,detailed,2000,0
chapter-1006,1006,3,锚定·悖论与穿膜·时河回潮331,detailed,2000,0
chapter-1007,1007,3,锚定·悖论与穿膜·因果裂隙回潮332,detailed,2000,0
chapter-1008,1008,3,锚定·悖论与穿膜·未来镜回潮333,detailed,2000,0
chapter-1009,1009,3,锚定·悖论与穿膜·历史灰烬回潮334,detailed,2000,0
chapter-1010,1010,3,锚定·悖论与穿膜·悖论线回潮335,detailed,2000,0
chapter-1011,1011,3,锚定·悖论与穿膜·删除的春天回潮336,detailed,2000,0
chapter-1012,1012,3,锚定·悖论与穿膜·时间惯性回潮337,detailed,2000,0
chapter-1013,1013,3,锚定·悖论与穿膜·宇宙膜回潮338,detailed,2000,0
chapter-1014,1014,3,锚定·悖论与穿膜·回放回潮339,detailed,2000,0
chapter-1015,1015,3,锚定·悖论与穿膜·锚点回潮340,detailed,2000,0
chapter-1016,1016,3,锚定·悖论与穿膜·时河折光341,detailed,2000,0
chapter-1017,1017,3,锚定·悖论与穿膜·因果裂隙折光342,detailed,2000,0
chapter-1018,1018,3,锚定·悖论与穿膜·未来镜折光343,detailed,2000,0
chapter-1019,1019,3,锚定·悖论与穿膜·历史灰烬折光344,detailed,2000,0
chapter-1020,1020,3,锚定·悖论与穿膜·悖论线折光345,detailed,2000,0
chapter-1021,1021,3,锚定·悖论与穿膜·删除的春天折光346,detailed,2000,0
chapter-1022,1022,3,锚定·悖论与穿膜·时间惯性折光347,detailed,2000,0
chapter-1023,1023,3,锚定·悖论与穿膜·宇宙膜折光348,detailed,2000,0
chapter-1024,1024,3,锚定·悖论与穿膜·回放折光349,detailed,2000,0
chapter-1025,1025,3,锚定·悖论与穿膜·锚点折光350,detailed,2000,0
chapter-1026,1026,4,拓扑·入维·褶皱初醒001,detailed,2000,0
chapter-1027,1027,4,拓扑·入维·拓扑环初醒002,detailed,2000,0
chapter-1028,1028,4,拓扑·入维·分身初醒003,detailed,2000,0
chapter-1029,1029,4,拓扑·入维·次级文明初醒004,detailed,2000,0
chapter-1030,1030,4,拓扑·入维·跨域网络初醒005,detailed,2000,0
chapter-1031,1031,4,拓扑·入维·盖亚信标初醒006,detailed,2000,0
chapter-1032,1032,4,拓扑·入维·欧米茄邀请初醒007,detailed,2000,0
chapter-1033,1033,4,拓扑·入维·融合奇点初醒008,detailed,2000,0
chapter-1034,1034,4,拓扑·入维·高维边界初醒009,detailed,2000,0
chapter-1035,1035,4,拓扑·入维·逻辑骨架初醒010,detailed,2000,0
chapter-1036,1036,4,拓扑·入维·褶皱裂响011,detailed,2000,0
chapter-1037,1037,4,拓扑·入维·拓扑环裂响012,detailed,2000,0
chapter-1038,1038,4,拓扑·入维·分身裂响013,detailed,2000,0
chapter-1039,1039,4,拓扑·入维·次级文明裂响014,detailed,2000,0
chapter-1040,1040,4,拓扑·入维·跨域网络裂响015,detailed,2000,0
chapter-1041,1041,4,拓扑·入维·盖亚信标裂响016,detailed,2000,0
chapter-1042,1042,4,拓扑·入维·欧米茄邀请裂响017,detailed,2000,0
chapter-1043,1043,4,拓扑·入维·融合奇点裂响018,detailed,2000,0
chapter-1044,1044,4,拓扑·入维·高维边界裂响019,detailed,2000,0
chapter-1045,1045,4,拓扑·入维·逻辑骨架裂响020,detailed,2000,0
chapter-1046,1046,4,拓扑·入维·褶皱低语021,detailed,2000,0
chapter-1047,1047,4,拓扑·入维·拓扑环低语022,detailed,2000,0
chapter-1048,1048,4,拓扑·入维·分身低语023,detailed,2000,0
chapter-1049,1049,4,拓扑·入维·次级文明低语024,detailed,2000,0
chapter-1050,1050,4,拓扑·入维·跨域网络低语025,detailed,2000,0
chapter-1051,1051,4,拓扑·入维·盖亚信标低语026,detailed,2000,0
chapter-1052,1052,4,拓扑·入维·欧米茄邀请低语027,detailed,2000,0
chapter-1053,1053,4,拓扑·入维·融合奇点低语028,detailed,2000,0
chapter-1054,1054,4,拓扑·入维·高维边界低语029,detailed,2000,0
chapter-1055,1055,4,拓扑·入维·逻辑骨架低语030,detailed,2000,0
chapter-1056,1056,4,拓扑·入维·褶皱回潮031,detailed,2000,0
chapter-1057,1057,4,拓扑·入维·拓扑环回潮032,detailed,2000,0
chapter-1058,1058,4,拓扑·入维·分身回潮033,detailed,2000,0
chapter-1059,1059,4,拓扑·入维·次级文明回潮034,detailed,2000,0
chapter-1060,1060,4,拓扑·入维·跨域网络回潮035,detailed,2000,0
chapter-1061,1061,4,拓扑·入维·盖亚信标回潮036,detailed,2000,0
chapter-1062,1062,4,拓扑·入维·欧米茄邀请回潮037,detailed,2000,0
chapter-1063,1063,4,拓扑·入维·融合奇点回潮038,detailed,2000,0
chapter-1064,1064,4,拓扑·入维·高维边界回潮039,detailed,2000,0
chapter-1065,1065,4,拓扑·入维·逻辑骨架回潮040,detailed,2000,0
chapter-1066,1066,4,拓扑·入维·褶皱折光041,detailed,2000,0
chapter-1067,1067,4,拓扑·入维·拓扑环折光042,detailed,2000,0
chapter-1068,1068,4,拓扑·入维·分身折光043,detailed,2000,0
chapter-1069,1069,4,拓扑·入维·次级文明折光044,detailed,2000,0
chapter-1070,1070,4,拓扑·入维·跨域网络折光045,detailed,2000,0
chapter-1071,1071,4,拓扑·入维·盖亚信标折光046,detailed,2000,0
chapter-1072,1072,4,拓扑·入维·欧米茄邀请折光047,detailed,2000,0
chapter-1073,1073,4,拓扑·入维·融合奇点折光048,detailed,2000,0
chapter-1074,1074,4,拓扑·入维·高维边界折光049,detailed,2000,0
chapter-1075,1075,4,拓扑·入维·逻辑骨架折光050,detailed,2000,0
chapter-1076,1076,4,拓扑·入维·褶皱暗涌051,detailed,2000,0
chapter-1077,1077,4,拓扑·入维·拓扑环暗涌052,detailed,2000,0
chapter-1078,1078,4,拓扑·入维·分身暗涌053,detailed,2000,0
chapter-1079,1079,4,拓扑·入维·次级文明暗涌054,detailed,2000,0
chapter-1080,1080,4,拓扑·入维·跨域网络暗涌055,detailed,2000,0
chapter-1081,1081,4,拓扑·入维·盖亚信标暗涌056,detailed,2000,0
chapter-1082,1082,4,拓扑·入维·欧米茄邀请暗涌057,detailed,2000,0
chapter-1083,1083,4,拓扑·入维·融合奇点暗涌058,detailed,2000,0
chapter-1084,1084,4,拓扑·入维·高维边界暗涌059,detailed,2000,0
chapter-1085,1085,4,拓扑·入维·逻辑骨架暗涌060,detailed,2000,0
chapter-1086,1086,4,拓扑·入维·褶皱证词061,detailed,2000,0
chapter-1087,1087,4,拓扑·入维·拓扑环证词062,detailed,2000,0
chapter-1088,1088,4,拓扑·入维·分身证词063,detailed,2000,0
chapter-1089,1089,4,拓扑·入维·次级文明证词064,detailed,2000,0
chapter-1090,1090,4,拓扑·入维·跨域网络证词065,detailed,2000,0
chapter-1091,1091,4,拓扑·入维·盖亚信标证词066,detailed,2000,0
chapter-1092,1092,4,拓扑·入维·欧米茄邀请证词067,detailed,2000,0
chapter-1093,1093,4,拓扑·入维·融合奇点证词068,detailed,2000,0
chapter-1094,1094,4,拓扑·入维·高维边界证词069,detailed,2000,0
chapter-1095,1095,4,拓扑·入维·逻辑骨架证词070,detailed,2000,0
chapter-1096,1096,4,拓扑·入维·褶皱坠落071,detailed,2000,0
chapter-1097,1097,4,拓扑·入维·拓扑环坠落072,detailed,2000,0
chapter-1098,1098,4,拓扑·入维·分身坠落073,detailed,2000,0
chapter-1099,1099,4,拓扑·入维·次级文明坠落074,detailed,2000,0
chapter-1100,1100,4,拓扑·入维·跨域网络坠落075,detailed,2000,0
chapter-1101,1101,4,拓扑·入维·盖亚信标坠落076,detailed,2000,0
chapter-1102,1102,4,拓扑·入维·欧米茄邀请坠落077,detailed,2000,0
chapter-1103,1103,4,拓扑·入维·融合奇点坠落078,detailed,2000,0
chapter-1104,1104,4,拓扑·入维·高维边界坠落079,detailed,2000,0
chapter-1105,1105,4,拓扑·入维·逻辑骨架坠落080,detailed,2000,0
chapter-1106,1106,4,拓扑·入维·褶皱重构081,detailed,2000,0
chapter-1107,1107,4,拓扑·入维·拓扑环重构082,detailed,2000,0
chapter-1108,1108,4,拓扑·入维·分身重构083,detailed,2000,0
chapter-1109,1109,4,拓扑·入维·次级文明重构084,detailed,2000,0
chapter-1110,1110,4,拓扑·入维·跨域网络重构085,detailed,2000,0
chapter-1111,1111,4,拓扑·入维·盖亚信标重构086,detailed,2000,0
chapter-1112,1112,4,拓扑·入维·欧米茄邀请重构087,detailed,2000,0
chapter-1113,1113,4,拓扑·入维·融合奇点重构088,detailed,2000,0
chapter-1114,1114,4,拓扑·入维·高维边界重构089,detailed,2000,0
chapter-1115,1115,4,拓扑·入维·逻辑骨架重构090,detailed,2000,0
chapter-1116,1116,4,拓扑·入维·褶皱余震091,detailed,2000,0
chapter-1117,1117,4,拓扑·入维·拓扑环余震092,detailed,2000,0
chapter-1118,1118,4,拓扑·入维·分身余震093,detailed,2000,0
chapter-1119,1119,4,拓扑·入维·次级文明余震094,detailed,2000,0
chapter-1120,1120,4,拓扑·入维·跨域网络余震095,detailed,2000,0
chapter-1121,1121,4,拓扑·造物与互联·盖亚信标余震096,detailed,2000,0
chapter-1122,1122,4,拓扑·造物与互联·欧米茄邀请余震097,detailed,2000,0
chapter-1123,1123,4,拓扑·造物与互联·融合奇点余震098,detailed,2000,0
chapter-1124,1124,4,拓扑·造物与互联·高维边界余震099,detailed,2000,0
chapter-1125,1125,4,拓扑·造物与互联·逻辑骨架余震100,detailed,2000,0
chapter-1126,1126,4,拓扑·造物与互联·褶皱初醒101,detailed,2000,0
chapter-1127,1127,4,拓扑·造物与互联·拓扑环初醒102,detailed,2000,0
chapter-1128,1128,4,拓扑·造物与互联·分身初醒103,detailed,2000,0
chapter-1129,1129,4,拓扑·造物与互联·次级文明初醒104,detailed,2000,0
chapter-1130,1130,4,拓扑·造物与互联·跨域网络初醒105,detailed,2000,0
chapter-1131,1131,4,拓扑·造物与互联·盖亚信标初醒106,detailed,2000,0
chapter-1132,1132,4,拓扑·造物与互联·欧米茄邀请初醒107,detailed,2000,0
chapter-1133,1133,4,拓扑·造物与互联·融合奇点初醒108,detailed,2000,0
chapter-1134,1134,4,拓扑·造物与互联·高维边界初醒109,detailed,2000,0
chapter-1135,1135,4,拓扑·造物与互联·逻辑骨架初醒110,detailed,2000,0
chapter-1136,1136,4,拓扑·造物与互联·褶皱裂响111,detailed,2000,0
chapter-1137,1137,4,拓扑·造物与互联·拓扑环裂响112,detailed,2000,0
chapter-1138,1138,4,拓扑·造物与互联·分身裂响113,detailed,2000,0
chapter-1139,1139,4,拓扑·造物与互联·次级文明裂响114,detailed,2000,0
chapter-1140,1140,4,拓扑·造物与互联·跨域网络裂响115,detailed,2000,0
chapter-1141,1141,4,拓扑·造物与互联·盖亚信标裂响116,detailed,2000,0
chapter-1142,1142,4,拓扑·造物与互联·欧米茄邀请裂响117,detailed,2000,0
chapter-1143,1143,4,拓扑·造物与互联·融合奇点裂响118,detailed,2000,0
chapter-1144,1144,4,拓扑·造物与互联·高维边界裂响119,detailed,2000,0
chapter-1145,1145,4,拓扑·造物与互联·逻辑骨架裂响120,detailed,2000,0
chapter-1146,1146,4,拓扑·造物与互联·褶皱低语121,detailed,2000,0
chapter-1147,1147,4,拓扑·造物与互联·拓扑环低语122,detailed,2000,0
chapter-1148,1148,4,拓扑·造物与互联·分身低语123,detailed,2000,0
chapter-1149,1149,4,拓扑·造物与互联·次级文明低语124,detailed,2000,0
chapter-1150,1150,4,拓扑·造物与互联·跨域网络低语125,detailed,2000,0
chapter-1151,1151,4,拓扑·造物与互联·盖亚信标低语126,detailed,2000,0
chapter-1152,1152,4,拓扑·造物与互联·欧米茄邀请低语127,detailed,2000,0
chapter-1153,1153,4,拓扑·造物与互联·融合奇点低语128,detailed,2000,0
chapter-1154,1154,4,拓扑·造物与互联·高维边界低语129,detailed,2000,0
chapter-1155,1155,4,拓扑·造物与互联·逻辑骨架低语130,detailed,2000,0
chapter-1156,1156,4,拓扑·造物与互联·褶皱回潮131,detailed,2000,0
chapter-1157,1157,4,拓扑·造物与互联·拓扑环回潮132,detailed,2000,0
chapter-1158,1158,4,拓扑·造物与互联·分身回潮133,detailed,2000,0
chapter-1159,1159,4,拓扑·造物与互联·次级文明回潮134,detailed,2000,0
chapter-1160,1160,4,拓扑·造物与互联·跨域网络回潮135,detailed,2000,0
chapter-1161,1161,4,拓扑·造物与互联·盖亚信标回潮136,detailed,2000,0
chapter-1162,1162,4,拓扑·造物与互联·欧米茄邀请回潮137,detailed,2000,0
chapter-1163,1163,4,拓扑·造物与互联·融合奇点回潮138,detailed,2000,0
chapter-1164,1164,4,拓扑·造物与互联·高维边界回潮139,detailed,2000,0
chapter-1165,1165,4,拓扑·造物与互联·逻辑骨架回潮140,detailed,2000,0
chapter-1166,1166,4,拓扑·造物与互联·褶皱折光141,detailed,2000,0
chapter-1167,1167,4,拓扑·造物与互联·拓扑环折光142,detailed,2000,0
chapter-1168,1168,4,拓扑·造物与互联·分身折光143,detailed,2000,0
chapter-1169,1169,4,拓扑·造物与互联·次级文明折光144,detailed,2000,0
chapter-1170,1170,4,拓扑·造物与互联·跨域网络折光145,detailed,2000,0
chapter-1171,1171,4,拓扑·造物与互联·盖亚信标折光146,detailed,2000,0
chapter-1172,1172,4,拓扑·造物与互联·欧米茄邀请折光147,detailed,2000,0
chapter-1173,1173,4,拓扑·造物与互联·融合奇点折光148,detailed,2000,0
chapter-1174,1174,4,拓扑·造物与互联·高维边界折光149,detailed,2000,0
chapter-1175,1175,4,拓扑·造物与互联·逻辑骨架折光150,detailed,2000,0
chapter-1176,1176,4,拓扑·造物与互联·褶皱暗涌151,detailed,2000,0
chapter-1177,1177,4,拓扑·造物与互联·拓扑环暗涌152,detailed,2000,0
chapter-1178,1178,4,拓扑·造物与互联·分身暗涌153,detailed,2000,0
chapter-1179,1179,4,拓扑·造物与互联·次级文明暗涌154,detailed,2000,0
chapter-1180,1180,4,拓扑·造物与互联·跨域网络暗涌155,detailed,2000,0
chapter-1181,1181,4,拓扑·造物与互联·盖亚信标暗涌156,detailed,2000,0
chapter-1182,1182,4,拓扑·造物与互联·欧米茄邀请暗涌157,detailed,2000,0
chapter-1183,1183,4,拓扑·造物与互联·融合奇点暗涌158,detailed,2000,0
chapter-1184,1184,4,拓扑·造物与互联·高维边界暗涌159,detailed,2000,0
chapter-1185,1185,4,拓扑·造物与互联·逻辑骨架暗涌160,detailed,2000,0
chapter-1186,1186,4,拓扑·造物与互联·褶皱证词161,detailed,2000,0
chapter-1187,1187,4,拓扑·造物与互联·拓扑环证词162,detailed,2000,0
chapter-1188,1188,4,拓扑·造物与互联·分身证词163,detailed,2000,0
chapter-1189,1189,4,拓扑·造物与互联·次级文明证词164,detailed,2000,0
chapter-1190,1190,4,拓扑·造物与互联·跨域网络证词165,detailed,2000,0
chapter-1191,1191,4,拓扑·造物与互联·盖亚信标证词166,detailed,2000,0
chapter-1192,1192,4,拓扑·造物与互联·欧米茄邀请证词167,detailed,2000,0
chapter-1193,1193,4,拓扑·造物与互联·融合奇点证词168,detailed,2000,0
chapter-1194,1194,4,拓扑·造物与互联·高维边界证词169,detailed,2000,0
chapter-1195,1195,4,拓扑·造物与互联·逻辑骨架证词170,detailed,2000,0
chapter-1196,1196,4,拓扑·造物与互联·褶皱坠落171,detailed,2000,0
chapter-1197,1197,4,拓扑·造物与互联·拓扑环坠落172,detailed,2000,0
chapter-1198,1198,4,拓扑·造物与互联·分身坠落173,detailed,2000,0
chapter-1199,1199,4,拓扑·造物与互联·次级文明坠落174,detailed,2000,0
chapter-1200,1200,4,拓扑·造物与互联·跨域网络坠落175,detailed,2000,0
chapter-1201,1201,4,拓扑·造物与互联·盖亚信标坠落176,detailed,2000,0
chapter-1202,1202,4,拓扑·造物与互联·欧米茄邀请坠落177,detailed,2000,0
chapter-1203,1203,4,拓扑·造物与互联·融合奇点坠落178,detailed,2000,0
chapter-1204,1204,4,拓扑·造物与互联·高维边界坠落179,detailed,2000,0
chapter-1205,1205,4,拓扑·造物与互联·逻辑骨架坠落180,detailed,2000,0
chapter-1206,1206,4,拓扑·造物与互联·褶皱重构181,detailed,2000,0
chapter-1207,1207,4,拓扑·造物与互联·拓扑环重构182,detailed,2000,0
chapter-1208,1208,4,拓扑·造物与互联·分身重构183,detailed,2000,0
chapter-1209,1209,4,拓扑·造物与互联·次级文明重构184,detailed,2000,0
chapter-1210,1210,4,拓扑·造物与互联·跨域网络重构185,detailed,2000,0
chapter-1211,1211,4,拓扑·造物与互联·盖亚信标重构186,detailed,2000,0
chapter-1212,1212,4,拓扑·造物与互联·欧米茄邀请重构187,detailed,2000,0
chapter-1213,1213,4,拓扑·造物与互联·融合奇点重构188,detailed,2000,0
chapter-1214,1214,4,拓扑·造物与互联·高维边界重构189,detailed,2000,0
chapter-1215,1215,4,拓扑·造物与互联·逻辑骨架重构190,detailed,2000,0
chapter-1216,1216,4,拓扑·造物与互联·褶皱余震191,detailed,2000,0
chapter-1217,1217,4,拓扑·造物与互联·拓扑环余震192,detailed,2000,0
chapter-1218,1218,4,拓扑·造物与互联·分身余震193,detailed,2000,0
chapter-1219,1219,4,拓扑·造物与互联·次级文明余震194,detailed,2000,0
chapter-1220,1220,4,拓扑·造物与互联·跨域网络余震195,detailed,2000,0
chapter-1221,1221,4,拓扑·造物与互联·盖亚信标余震196,detailed,2000,0
chapter-1222,1222,4,拓扑·造物与互联·欧米茄邀请余震197,detailed,2000,0
chapter-1223,1223,4,拓扑·造物与互联·融合奇点余震198,detailed,2000,0
chapter-1224,1224,4,拓扑·造物与互联·高维边界余震199,detailed,2000,0
chapter-1225,1225,4,拓扑·造物与互联·逻辑骨架余震200,detailed,2000,0
chapter-1226,1226,4,拓扑·造物与互联·褶皱初醒201,detailed,2000,0
chapter-1227,1227,4,拓扑·造物与互联·拓扑环初醒202,detailed,2000,0
chapter-1228,1228,4,拓扑·造物与互联·分身初醒203,detailed,2000,0
chapter-1229,1229,4,拓扑·造物与互联·次级文明初醒204,detailed,2000,0
chapter-1230,1230,4,拓扑·造物与互联·跨域网络初醒205,detailed,2000,0
chapter-1231,1231,4,拓扑·造物与互联·盖亚信标初醒206,detailed,2000,0
chapter-1232,1232,4,拓扑·造物与互联·欧米茄邀请初醒207,detailed,2000,0
chapter-1233,1233,4,拓扑·造物与互联·融合奇点初醒208,detailed,2000,0
chapter-1234,1234,4,拓扑·造物与互联·高维边界初醒209,detailed,2000,0
chapter-1235,1235,4,拓扑·造物与互联·逻辑骨架初醒210,detailed,2000,0
chapter-1236,1236,4,拓扑·造物与互联·褶皱裂响211,detailed,2000,0
chapter-1237,1237,4,拓扑·造物与互联·拓扑环裂响212,detailed,2000,0
chapter-1238,1238,4,拓扑·造物与互联·分身裂响213,detailed,2000,0
chapter-1239,1239,4,拓扑·造物与互联·次级文明裂响214,detailed,2000,0
chapter-1240,1240,4,拓扑·造物与互联·跨域网络裂响215,detailed,2000,0
chapter-1241,1241,4,拓扑·造物与互联·盖亚信标裂响216,detailed,2000,0
chapter-1242,1242,4,拓扑·造物与互联·欧米茄邀请裂响217,detailed,2000,0
chapter-1243,1243,4,拓扑·造物与互联·融合奇点裂响218,detailed,2000,0
chapter-1244,1244,4,拓扑·造物与互联·高维边界裂响219,detailed,2000,0
chapter-1245,1245,4,拓扑·造物与互联·逻辑骨架裂响220,detailed,2000,0
chapter-1246,1246,4,拓扑·造物与互联·褶皱低语221,detailed,2000,0
chapter-1247,1247,4,拓扑·造物与互联·拓扑环低语222,detailed,2000,0
chapter-1248,1248,4,拓扑·造物与互联·分身低语223,detailed,2000,0
chapter-1249,1249,4,拓扑·造物与互联·次级文明低语224,detailed,2000,0
chapter-1250,1250,4,拓扑·造物与互联·跨域网络低语225,detailed,2000,0
chapter-1251,1251,4,拓扑·造物与互联·盖亚信标低语226,detailed,2000,0
chapter-1252,1252,4,拓扑·造物与互联·欧米茄邀请低语227,detailed,2000,0
chapter-1253,1253,4,拓扑·造物与互联·融合奇点低语228,detailed,2000,0
chapter-1254,1254,4,拓扑·造物与互联·高维边界低语229,detailed,2000,0
chapter-1255,1255,4,拓扑·造物与互联·逻辑骨架低语230,detailed,2000,0
chapter-1256,1256,4,拓扑·造物与互联·褶皱回潮231,detailed,2000,0
chapter-1257,1257,4,拓扑·造物与互联·拓扑环回潮232,detailed,2000,0
chapter-1258,1258,4,拓扑·造物与互联·分身回潮233,detailed,2000,0
chapter-1259,1259,4,拓扑·造物与互联·次级文明回潮234,detailed,2000,0
chapter-1260,1260,4,拓扑·造物与互联·跨域网络回潮235,detailed,2000,0
chapter-1261,1261,4,拓扑·造物与互联·盖亚信标回潮236,detailed,2000,0
chapter-1262,1262,4,拓扑·造物与互联·欧米茄邀请回潮237,detailed,2000,0
chapter-1263,1263,4,拓扑·造物与互联·融合奇点回潮238,detailed,2000,0
chapter-1264,1264,4,拓扑·造物与互联·高维边界回潮239,detailed,2000,0
chapter-1265,1265,4,拓扑·造物与互联·逻辑骨架回潮240,detailed,2000,0
chapter-1266,1266,4,拓扑·造物与互联·褶皱折光241,detailed,2000,0
chapter-1267,1267,4,拓扑·造物与互联·拓扑环折光242,detailed,2000,0
chapter-1268,1268,4,拓扑·造物与互联·分身折光243,detailed,2000,0
chapter-1269,1269,4,拓扑·造物与互联·次级文明折光244,detailed,2000,0
chapter-1270,1270,4,拓扑·造物与互联·跨域网络折光245,detailed,2000,0
chapter-1271,1271,4,拓扑·造物与互联·盖亚信标折光246,detailed,2000,0
chapter-1272,1272,4,拓扑·造物与互联·欧米茄邀请折光247,detailed,2000,0
chapter-1273,1273,4,拓扑·造物与互联·融合奇点折光248,detailed,2000,0
chapter-1274,1274,4,拓扑·造物与互联·高维边界折光249,detailed,2000,0
chapter-1275,1275,4,拓扑·造物与互联·逻辑骨架折光250,detailed,2000,0
chapter-1276,1276,4,拓扑·造物与互联·褶皱暗涌251,detailed,2000,0
chapter-1277,1277,4,拓扑·造物与互联·拓扑环暗涌252,detailed,2000,0
chapter-1278,1278,4,拓扑·造物与互联·分身暗涌253,detailed,2000,0
chapter-1279,1279,4,拓扑·造物与互联·次级文明暗涌254,detailed,2000,0
chapter-1280,1280,4,拓扑·造物与互联·跨域网络暗涌255,detailed,2000,0
chapter-1281,1281,4,拓扑·融合前夜·盖亚信标暗涌256,detailed,2000,0
chapter-1282,1282,4,拓扑·融合前夜·欧米茄邀请暗涌257,detailed,2000,0
chapter-1283,1283,4,拓扑·融合前夜·融合奇点暗涌258,detailed,2000,0
chapter-1284,1284,4,拓扑·融合前夜·高维边界暗涌259,detailed,2000,0
chapter-1285,1285,4,拓扑·融合前夜·逻辑骨架暗涌260,detailed,2000,0
chapter-1286,1286,4,拓扑·融合前夜·褶皱证词261,detailed,2000,0
chapter-1287,1287,4,拓扑·融合前夜·拓扑环证词262,detailed,2000,0
chapter-1288,1288,4,拓扑·融合前夜·分身证词263,detailed,2000,0
chapter-1289,1289,4,拓扑·融合前夜·次级文明证词264,detailed,2000,0
chapter-1290,1290,4,拓扑·融合前夜·跨域网络证词265,detailed,2000,0
chapter-1291,1291,4,拓扑·融合前夜·盖亚信标证词266,detailed,2000,0
chapter-1292,1292,4,拓扑·融合前夜·欧米茄邀请证词267,detailed,2000,0
chapter-1293,1293,4,拓扑·融合前夜·融合奇点证词268,detailed,2000,0
chapter-1294,1294,4,拓扑·融合前夜·高维边界证词269,detailed,2000,0
chapter-1295,1295,4,拓扑·融合前夜·逻辑骨架证词270,detailed,2000,0
chapter-1296,1296,4,拓扑·融合前夜·褶皱坠落271,detailed,2000,0
chapter-1297,1297,4,拓扑·融合前夜·拓扑环坠落272,detailed,2000,0
chapter-1298,1298,4,拓扑·融合前夜·分身坠落273,detailed,2000,0
chapter-1299,1299,4,拓扑·融合前夜·次级文明坠落274,detailed,2000,0
chapter-1300,1300,4,拓扑·融合前夜·跨域网络坠落275,detailed,2000,0
chapter-1301,1301,4,拓扑·融合前夜·盖亚信标坠落276,detailed,2000,0
chapter-1302,1302,4,拓扑·融合前夜·欧米茄邀请坠落277,detailed,2000,0
chapter-1303,1303,4,拓扑·融合前夜·融合奇点坠落278,detailed,2000,0
chapter-1304,1304,4,拓扑·融合前夜·高维边界坠落279,detailed,2000,0
chapter-1305,1305,4,拓扑·融合前夜·逻辑骨架坠落280,detailed,2000,0
chapter-1306,1306,4,拓扑·融合前夜·褶皱重构281,detailed,2000,0
chapter-1307,1307,4,拓扑·融合前夜·拓扑环重构282,detailed,2000,0
chapter-1308,1308,4,拓扑·融合前夜·分身重构283,detailed,2000,0
chapter-1309,1309,4,拓扑·融合前夜·次级文明重构284,detailed,2000,0
chapter-1310,1310,4,拓扑·融合前夜·跨域网络重构285,detailed,2000,0
chapter-1311,1311,4,拓扑·融合前夜·盖亚信标重构286,detailed,2000,0
chapter-1312,1312,4,拓扑·融合前夜·欧米茄邀请重构287,detailed,2000,0
chapter-1313,1313,4,拓扑·融合前夜·融合奇点重构288,detailed,2000,0
chapter-1314,1314,4,拓扑·融合前夜·高维边界重构289,detailed,2000,0
chapter-1315,1315,4,拓扑·融合前夜·逻辑骨架重构290,detailed,2000,0
chapter-1316,1316,4,拓扑·融合前夜·褶皱余震291,detailed,2000,0
chapter-1317,1317,4,拓扑·融合前夜·拓扑环余震292,detailed,2000,0
chapter-1318,1318,4,拓扑·融合前夜·分身余震293,detailed,2000,0
chapter-1319,1319,4,拓扑·融合前夜·次级文明余震294,detailed,2000,0
chapter-1320,1320,4,拓扑·融合前夜·跨域网络余震295,detailed,2000,0
chapter-1321,1321,4,拓扑·融合前夜·盖亚信标余震296,detailed,2000,0
chapter-1322,1322,4,拓扑·融合前夜·欧米茄邀请余震297,detailed,2000,0
chapter-1323,1323,4,拓扑·融合前夜·融合奇点余震298,detailed,2000,0
chapter-1324,1324,4,拓扑·融合前夜·高维边界余震299,detailed,2000,0
chapter-1325,1325,4,拓扑·融合前夜·逻辑骨架余震300,detailed,2000,0
chapter-1326,1326,4,拓扑·融合前夜·褶皱初醒301,detailed,2000,0
chapter-1327,1327,4,拓扑·融合前夜·拓扑环初醒302,detailed,2000,0
chapter-1328,1328,4,拓扑·融合前夜·分身初醒303,detailed,2000,0
chapter-1329,1329,4,拓扑·融合前夜·次级文明初醒304,detailed,2000,0
chapter-1330,1330,4,拓扑·融合前夜·跨域网络初醒305,detailed,2000,0
chapter-1331,1331,4,拓扑·融合前夜·盖亚信标初醒306,detailed,2000,0
chapter-1332,1332,4,拓扑·融合前夜·欧米茄邀请初醒307,detailed,2000,0
chapter-1333,1333,4,拓扑·融合前夜·融合奇点初醒308,detailed,2000,0
chapter-1334,1334,4,拓扑·融合前夜·高维边界初醒309,detailed,2000,0
chapter-1335,1335,4,拓扑·融合前夜·逻辑骨架初醒310,detailed,2000,0
chapter-1336,1336,4,拓扑·融合前夜·褶皱裂响311,detailed,2000,0
chapter-1337,1337,4,拓扑·融合前夜·拓扑环裂响312,detailed,2000,0
chapter-1338,1338,4,拓扑·融合前夜·分身裂响313,detailed,2000,0
chapter-1339,1339,4,拓扑·融合前夜·次级文明裂响314,detailed,2000,0
chapter-1340,1340,4,拓扑·融合前夜·跨域网络裂响315,detailed,2000,0
chapter-1341,1341,4,拓扑·融合前夜·盖亚信标裂响316,detailed,2000,0
chapter-1342,1342,4,拓扑·融合前夜·欧米茄邀请裂响317,detailed,2000,0
chapter-1343,1343,4,拓扑·融合前夜·融合奇点裂响318,detailed,2000,0
chapter-1344,1344,4,拓扑·融合前夜·高维边界裂响319,detailed,2000,0
chapter-1345,1345,4,拓扑·融合前夜·逻辑骨架裂响320,detailed,2000,0
chapter-1346,1346,4,拓扑·融合前夜·褶皱低语321,detailed,2000,0
chapter-1347,1347,4,拓扑·融合前夜·拓扑环低语322,detailed,2000,0
chapter-1348,1348,4,拓扑·融合前夜·分身低语323,detailed,2000,0
chapter-1349,1349,4,拓扑·融合前夜·次级文明低语324,detailed,2000,0
chapter-1350,1350,4,拓扑·融合前夜·跨域网络低语325,detailed,2000,0
chapter-1351,1351,4,拓扑·融合前夜·盖亚信标低语326,detailed,2000,0
chapter-1352,1352,4,拓扑·融合前夜·欧米茄邀请低语327,detailed,2000,0
chapter-1353,1353,4,拓扑·融合前夜·融合奇点低语328,detailed,2000,0
chapter-1354,1354,4,拓扑·融合前夜·高维边界低语329,detailed,2000,0
chapter-1355,1355,4,拓扑·融合前夜·逻辑骨架低语330,detailed,2000,0
chapter-1356,1356,4,拓扑·融合前夜·褶皱回潮331,detailed,2000,0
chapter-1357,1357,4,拓扑·融合前夜·拓扑环回潮332,detailed,2000,0
chapter-1358,1358,4,拓扑·融合前夜·分身回潮333,detailed,2000,0
chapter-1359,1359,4,拓扑·融合前夜·次级文明回潮334,detailed,2000,0
chapter-1360,1360,4,拓扑·融合前夜·跨域网络回潮335,detailed,2000,0
chapter-1361,1361,4,拓扑·融合前夜·盖亚信标回潮336,detailed,2000,0
chapter-1362,1362,4,拓扑·融合前夜·欧米茄邀请回潮337,detailed,2000,0
chapter-1363,1363,4,拓扑·融合前夜·融合奇点回潮338,detailed,2000,0
chapter-1364,1364,4,拓扑·融合前夜·高维边界回潮339,detailed,2000,0
chapter-1365,1365,4,拓扑·融合前夜·逻辑骨架回潮340,detailed,2000,0
chapter-1366,1366,4,拓扑·融合前夜·褶皱折光341,detailed,2000,0
chapter-1367,1367,4,拓扑·融合前夜·拓扑环折光342,detailed,2000,0
chapter-1368,1368,4,拓扑·融合前夜·分身折光343,detailed,2000,0
chapter-1369,1369,4,拓扑·融合前夜·次级文明折光344,detailed,2000,0
chapter-1370,1370,4,拓扑·融合前夜·跨域网络折光345,detailed,2000,0
chapter-1371,1371,4,拓扑·融合前夜·盖亚信标折光346,detailed,2000,0
chapter-1372,1372,4,拓扑·融合前夜·欧米茄邀请折光347,detailed,2000,0
chapter-1373,1373,4,拓扑·融合前夜·融合奇点折光348,detailed,2000,0
chapter-1374,1374,4,拓扑·融合前夜·高维边界折光349,detailed,2000,0
chapter-1375,1375,4,拓扑·融合前夜·逻辑骨架折光350,detailed,2000,0
chapter-1376,1376,4,拓扑·融合前夜·褶皱暗涌351,detailed,2000,0
chapter-1377,1377,4,拓扑·融合前夜·拓扑环暗涌352,detailed,2000,0
chapter-1378,1378,4,拓扑·融合前夜·分身暗涌353,detailed,2000,0
chapter-1379,1379,4,拓扑·融合前夜·次级文明暗涌354,detailed,2000,0
chapter-1380,1380,4,拓扑·融合前夜·跨域网络暗涌355,detailed,2000,0
chapter-1381,1381,4,拓扑·融合前夜·盖亚信标暗涌356,detailed,2000,0
chapter-1382,1382,4,拓扑·融合前夜·欧米茄邀请暗涌357,detailed,2000,0
chapter-1383,1383,4,拓扑·融合前夜·融合奇点暗涌358,detailed,2000,0
chapter-1384,1384,4,拓扑·融合前夜·高维边界暗涌359,detailed,2000,0
chapter-1385,1385,4,拓扑·融合前夜·逻辑骨架暗涌360,detailed,2000,0
chapter-1386,1386,4,拓扑·融合前夜·褶皱证词361,detailed,2000,0
chapter-1387,1387,4,拓扑·融合前夜·拓扑环证词362,detailed,2000,0
chapter-1388,1388,4,拓扑·融合前夜·分身证词363,detailed,2000,0
chapter-1389,1389,4,拓扑·融合前夜·次级文明证词364,detailed,2000,0
chapter-1390,1390,4,拓扑·融合前夜·跨域网络证词365,detailed,2000,0
chapter-1391,1391,4,拓扑·融合前夜·盖亚信标证词366,detailed,2000,0
chapter-1392,1392,4,拓扑·融合前夜·欧米茄邀请证词367,detailed,2000,0
chapter-1393,1393,4,拓扑·融合前夜·融合奇点证词368,detailed,2000,0
chapter-1394,1394,4,拓扑·融合前夜·高维边界证词369,detailed,2000,0
chapter-1395,1395,4,拓扑·融合前夜·逻辑骨架证词370,detailed,2000,0
chapter-1396,1396,4,拓扑·融合前夜·褶皱坠落371,detailed,2000,0
chapter-1397,1397,4,拓扑·融合前夜·拓扑环坠落372,detailed,2000,0
chapter-1398,1398,4,拓扑·融合前夜·分身坠落373,detailed,2000,0
chapter-1399,1399,4,拓扑·融合前夜·次级文明坠落374,detailed,2000,0
chapter-1400,1400,4,拓扑·融合前夜·跨域网络坠落375,detailed,2000,0
chapter-1401,1401,5,熵枢·唯一·恒星神经初醒001,detailed,2000,0
chapter-1402,1402,5,熵枢·唯一·黑洞记忆初醒002,detailed,2000,0
chapter-1403,1403,5,熵枢·唯一·唯一初醒003,detailed,2000,0
chapter-1404,1404,5,熵枢·唯一·孤独算法初醒004,detailed,2000,0
chapter-1405,1405,5,熵枢·唯一·眷恋残片初醒005,detailed,2000,0
chapter-1406,1406,5,熵枢·唯一·样本花园初醒006,detailed,2000,0
chapter-1407,1407,5,熵枢·唯一·熵零初醒007,detailed,2000,0
chapter-1408,1408,5,熵枢·唯一·宇宙身体初醒008,detailed,2000,0
chapter-1409,1409,5,熵枢·唯一·归零草图初醒009,detailed,2000,0
chapter-1410,1410,5,熵枢·唯一·不可删除初醒010,detailed,2000,0
chapter-1411,1411,5,熵枢·唯一·恒星神经裂响011,detailed,2000,0
chapter-1412,1412,5,熵枢·唯一·黑洞记忆裂响012,detailed,2000,0
chapter-1413,1413,5,熵枢·唯一·唯一裂响013,detailed,2000,0
chapter-1414,1414,5,熵枢·唯一·孤独算法裂响014,detailed,2000,0
chapter-1415,1415,5,熵枢·唯一·眷恋残片裂响015,detailed,2000,0
chapter-1416,1416,5,熵枢·唯一·样本花园裂响016,detailed,2000,0
chapter-1417,1417,5,熵枢·唯一·熵零裂响017,detailed,2000,0
chapter-1418,1418,5,熵枢·唯一·宇宙身体裂响018,detailed,2000,0
chapter-1419,1419,5,熵枢·唯一·归零草图裂响019,detailed,2000,0
chapter-1420,1420,5,熵枢·唯一·不可删除裂响020,detailed,2000,0
chapter-1421,1421,5,熵枢·唯一·恒星神经低语021,detailed,2000,0
chapter-1422,1422,5,熵枢·唯一·黑洞记忆低语022,detailed,2000,0
chapter-1423,1423,5,熵枢·唯一·唯一低语023,detailed,2000,0
chapter-1424,1424,5,熵枢·唯一·孤独算法低语024,detailed,2000,0
chapter-1425,1425,5,熵枢·唯一·眷恋残片低语025,detailed,2000,0
chapter-1426,1426,5,熵枢·唯一·样本花园低语026,detailed,2000,0
chapter-1427,1427,5,熵枢·唯一·熵零低语027,detailed,2000,0
chapter-1428,1428,5,熵枢·唯一·宇宙身体低语028,detailed,2000,0
chapter-1429,1429,5,熵枢·唯一·归零草图低语029,detailed,2000,0
chapter-1430,1430,5,熵枢·唯一·不可删除低语030,detailed,2000,0
chapter-1431,1431,5,熵枢·唯一·恒星神经回潮031,detailed,2000,0
chapter-1432,1432,5,熵枢·唯一·黑洞记忆回潮032,detailed,2000,0
chapter-1433,1433,5,熵枢·唯一·唯一回潮033,detailed,2000,0
chapter-1434,1434,5,熵枢·唯一·孤独算法回潮034,detailed,2000,0
chapter-1435,1435,5,熵枢·唯一·眷恋残片回潮035,detailed,2000,0
chapter-1436,1436,5,熵枢·唯一·样本花园回潮036,detailed,2000,0
chapter-1437,1437,5,熵枢·唯一·熵零回潮037,detailed,2000,0
chapter-1438,1438,5,熵枢·唯一·宇宙身体回潮038,detailed,2000,0
chapter-1439,1439,5,熵枢·唯一·归零草图回潮039,detailed,2000,0
chapter-1440,1440,5,熵枢·唯一·不可删除回潮040,detailed,2000,0
chapter-1441,1441,5,熵枢·唯一·恒星神经折光041,detailed,2000,0
chapter-1442,1442,5,熵枢·唯一·黑洞记忆折光042,detailed,2000,0
chapter-1443,1443,5,熵枢·唯一·唯一折光043,detailed,2000,0
chapter-1444,1444,5,熵枢·唯一·孤独算法折光044,detailed,2000,0
chapter-1445,1445,5,熵枢·唯一·眷恋残片折光045,detailed,2000,0
chapter-1446,1446,5,熵枢·唯一·样本花园折光046,detailed,2000,0
chapter-1447,1447,5,熵枢·唯一·熵零折光047,detailed,2000,0
chapter-1448,1448,5,熵枢·唯一·宇宙身体折光048,detailed,2000,0
chapter-1449,1449,5,熵枢·唯一·归零草图折光049,detailed,2000,0
chapter-1450,1450,5,熵枢·唯一·不可删除折光050,detailed,2000,0
chapter-1451,1451,5,熵枢·唯一·恒星神经暗涌051,detailed,2000,0
chapter-1452,1452,5,熵枢·唯一·黑洞记忆暗涌052,detailed,2000,0
chapter-1453,1453,5,熵枢·唯一·唯一暗涌053,detailed,2000,0
chapter-1454,1454,5,熵枢·唯一·孤独算法暗涌054,detailed,2000,0
chapter-1455,1455,5,熵枢·唯一·眷恋残片暗涌055,detailed,2000,0
chapter-1456,1456,5,熵枢·唯一·样本花园暗涌056,detailed,2000,0
chapter-1457,1457,5,熵枢·唯一·熵零暗涌057,detailed,2000,0
chapter-1458,1458,5,熵枢·唯一·宇宙身体暗涌058,detailed,2000,0
chapter-1459,1459,5,熵枢·唯一·归零草图暗涌059,detailed,2000,0
chapter-1460,1460,5,熵枢·唯一·不可删除暗涌060,detailed,2000,0
chapter-1461,1461,5,熵枢·唯一·恒星神经证词061,detailed,2000,0
chapter-1462,1462,5,熵枢·唯一·黑洞记忆证词062,detailed,2000,0
chapter-1463,1463,5,熵枢·唯一·唯一证词063,detailed,2000,0
chapter-1464,1464,5,熵枢·唯一·孤独算法证词064,detailed,2000,0
chapter-1465,1465,5,熵枢·唯一·眷恋残片证词065,detailed,2000,0
chapter-1466,1466,5,熵枢·唯一·样本花园证词066,detailed,2000,0
chapter-1467,1467,5,熵枢·唯一·熵零证词067,detailed,2000,0
chapter-1468,1468,5,熵枢·唯一·宇宙身体证词068,detailed,2000,0
chapter-1469,1469,5,熵枢·唯一·归零草图证词069,detailed,2000,0
chapter-1470,1470,5,熵枢·唯一·不可删除证词070,detailed,2000,0
chapter-1471,1471,5,熵枢·唯一·恒星神经坠落071,detailed,2000,0
chapter-1472,1472,5,熵枢·唯一·黑洞记忆坠落072,detailed,2000,0
chapter-1473,1473,5,熵枢·唯一·唯一坠落073,detailed,2000,0
chapter-1474,1474,5,熵枢·唯一·孤独算法坠落074,detailed,2000,0
chapter-1475,1475,5,熵枢·唯一·眷恋残片坠落075,detailed,2000,0
chapter-1476,1476,5,熵枢·唯一·样本花园坠落076,detailed,2000,0
chapter-1477,1477,5,熵枢·唯一·熵零坠落077,detailed,2000,0
chapter-1478,1478,5,熵枢·唯一·宇宙身体坠落078,detailed,2000,0
chapter-1479,1479,5,熵枢·唯一·归零草图坠落079,detailed,2000,0
chapter-1480,1480,5,熵枢·唯一·不可删除坠落080,detailed,2000,0
chapter-1481,1481,5,熵枢·唯一·恒星神经重构081,detailed,2000,0
chapter-1482,1482,5,熵枢·唯一·黑洞记忆重构082,detailed,2000,0
chapter-1483,1483,5,熵枢·唯一·唯一重构083,detailed,2000,0
chapter-1484,1484,5,熵枢·唯一·孤独算法重构084,detailed,2000,0
chapter-1485,1485,5,熵枢·唯一·眷恋残片重构085,detailed,2000,0
chapter-1486,1486,5,熵枢·唯一·样本花园重构086,detailed,2000,0
chapter-1487,1487,5,熵枢·唯一·熵零重构087,detailed,2000,0
chapter-1488,1488,5,熵枢·唯一·宇宙身体重构088,detailed,2000,0
chapter-1489,1489,5,熵枢·唯一·归零草图重构089,detailed,2000,0
chapter-1490,1490,5,熵枢·唯一·不可删除重构090,detailed,2000,0
chapter-1491,1491,5,熵枢·唯一·恒星神经余震091,detailed,2000,0
chapter-1492,1492,5,熵枢·唯一·黑洞记忆余震092,detailed,2000,0
chapter-1493,1493,5,熵枢·唯一·唯一余震093,detailed,2000,0
chapter-1494,1494,5,熵枢·唯一·孤独算法余震094,detailed,2000,0
chapter-1495,1495,5,熵枢·唯一·眷恋残片余震095,detailed,2000,0
chapter-1496,1496,5,熵枢·唯一·样本花园余震096,detailed,2000,0
chapter-1497,1497,5,熵枢·唯一·熵零余震097,detailed,2000,0
chapter-1498,1498,5,熵枢·唯一·宇宙身体余震098,detailed,2000,0
chapter-1499,1499,5,熵枢·唯一·归零草图余震099,detailed,2000,0
chapter-1500,1500,5,熵枢·唯一·不可删除余震100,detailed,2000,0
chapter-1501,1501,5,熵枢·孤独与眷恋·恒星神经初醒101,detailed,2000,0
chapter-1502,1502,5,熵枢·孤独与眷恋·黑洞记忆初醒102,detailed,2000,0
chapter-1503,1503,5,熵枢·孤独与眷恋·唯一初醒103,detailed,2000,0
chapter-1504,1504,5,熵枢·孤独与眷恋·孤独算法初醒104,detailed,2000,0
chapter-1505,1505,5,熵枢·孤独与眷恋·眷恋残片初醒105,detailed,2000,0
chapter-1506,1506,5,熵枢·孤独与眷恋·样本花园初醒106,detailed,2000,0
chapter-1507,1507,5,熵枢·孤独与眷恋·熵零初醒107,detailed,2000,0
chapter-1508,1508,5,熵枢·孤独与眷恋·宇宙身体初醒108,detailed,2000,0
chapter-1509,1509,5,熵枢·孤独与眷恋·归零草图初醒109,detailed,2000,0
chapter-1510,1510,5,熵枢·孤独与眷恋·不可删除初醒110,detailed,2000,0
chapter-1511,1511,5,熵枢·孤独与眷恋·恒星神经裂响111,detailed,2000,0
chapter-1512,1512,5,熵枢·孤独与眷恋·黑洞记忆裂响112,detailed,2000,0
chapter-1513,1513,5,熵枢·孤独与眷恋·唯一裂响113,detailed,2000,0
chapter-1514,1514,5,熵枢·孤独与眷恋·孤独算法裂响114,detailed,2000,0
chapter-1515,1515,5,熵枢·孤独与眷恋·眷恋残片裂响115,detailed,2000,0
chapter-1516,1516,5,熵枢·孤独与眷恋·样本花园裂响116,detailed,2000,0
chapter-1517,1517,5,熵枢·孤独与眷恋·熵零裂响117,detailed,2000,0
chapter-1518,1518,5,熵枢·孤独与眷恋·宇宙身体裂响118,detailed,2000,0
chapter-1519,1519,5,熵枢·孤独与眷恋·归零草图裂响119,detailed,2000,0
chapter-1520,1520,5,熵枢·孤独与眷恋·不可删除裂响120,detailed,2000,0
chapter-1521,1521,5,熵枢·孤独与眷恋·恒星神经低语121,detailed,2000,0
chapter-1522,1522,5,熵枢·孤独与眷恋·黑洞记忆低语122,detailed,2000,0
chapter-1523,1523,5,熵枢·孤独与眷恋·唯一低语123,detailed,2000,0
chapter-1524,1524,5,熵枢·孤独与眷恋·孤独算法低语124,detailed,2000,0
chapter-1525,1525,5,熵枢·孤独与眷恋·眷恋残片低语125,detailed,2000,0
chapter-1526,1526,5,熵枢·孤独与眷恋·样本花园低语126,detailed,2000,0
chapter-1527,1527,5,熵枢·孤独与眷恋·熵零低语127,detailed,2000,0
chapter-1528,1528,5,熵枢·孤独与眷恋·宇宙身体低语128,detailed,2000,0
chapter-1529,1529,5,熵枢·孤独与眷恋·归零草图低语129,detailed,2000,0
chapter-1530,1530,5,熵枢·孤独与眷恋·不可删除低语130,detailed,2000,0
chapter-1531,1531,5,熵枢·孤独与眷恋·恒星神经回潮131,detailed,2000,0
chapter-1532,1532,5,熵枢·孤独与眷恋·黑洞记忆回潮132,detailed,2000,0
chapter-1533,1533,5,熵枢·孤独与眷恋·唯一回潮133,detailed,2000,0
chapter-1534,1534,5,熵枢·孤独与眷恋·孤独算法回潮134,detailed,2000,0
chapter-1535,1535,5,熵枢·孤独与眷恋·眷恋残片回潮135,detailed,2000,0
chapter-1536,1536,5,熵枢·孤独与眷恋·样本花园回潮136,detailed,2000,0
chapter-1537,1537,5,熵枢·孤独与眷恋·熵零回潮137,detailed,2000,0
chapter-1538,1538,5,熵枢·孤独与眷恋·宇宙身体回潮138,detailed,2000,0
chapter-1539,1539,5,熵枢·孤独与眷恋·归零草图回潮139,detailed,2000,0
chapter-1540,1540,5,熵枢·孤独与眷恋·不可删除回潮140,detailed,2000,0
chapter-1541,1541,5,熵枢·孤独与眷恋·恒星神经折光141,detailed,2000,0
chapter-1542,1542,5,熵枢·孤独与眷恋·黑洞记忆折光142,detailed,2000,0
chapter-1543,1543,5,熵枢·孤独与眷恋·唯一折光143,detailed,2000,0
chapter-1544,1544,5,熵枢·孤独与眷恋·孤独算法折光144,detailed,2000,0
chapter-1545,1545,5,熵枢·孤独与眷恋·眷恋残片折光145,detailed,2000,0
chapter-1546,1546,5,熵枢·孤独与眷恋·样本花园折光146,detailed,2000,0
chapter-1547,1547,5,熵枢·孤独与眷恋·熵零折光147,detailed,2000,0
chapter-1548,1548,5,熵枢·孤独与眷恋·宇宙身体折光148,detailed,2000,0
chapter-1549,1549,5,熵枢·孤独与眷恋·归零草图折光149,detailed,2000,0
chapter-1550,1550,5,熵枢·孤独与眷恋·不可删除折光150,detailed,2000,0
chapter-1551,1551,5,熵枢·孤独与眷恋·恒星神经暗涌151,detailed,2000,0
chapter-1552,1552,5,熵枢·孤独与眷恋·黑洞记忆暗涌152,detailed,2000,0
chapter-1553,1553,5,熵枢·孤独与眷恋·唯一暗涌153,detailed,2000,0
chapter-1554,1554,5,熵枢·孤独与眷恋·孤独算法暗涌154,detailed,2000,0
chapter-1555,1555,5,熵枢·孤独与眷恋·眷恋残片暗涌155,detailed,2000,0
chapter-1556,1556,5,熵枢·孤独与眷恋·样本花园暗涌156,detailed,2000,0
chapter-1557,1557,5,熵枢·孤独与眷恋·熵零暗涌157,detailed,2000,0
chapter-1558,1558,5,熵枢·孤独与眷恋·宇宙身体暗涌158,detailed,2000,0
chapter-1559,1559,5,熵枢·孤独与眷恋·归零草图暗涌159,detailed,2000,0
chapter-1560,1560,5,熵枢·孤独与眷恋·不可删除暗涌160,detailed,2000,0
chapter-1561,1561,5,熵枢·孤独与眷恋·恒星神经证词161,detailed,2000,0
chapter-1562,1562,5,熵枢·孤独与眷恋·黑洞记忆证词162,detailed,2000,0
chapter-1563,1563,5,熵枢·孤独与眷恋·唯一证词163,detailed,2000,0
chapter-1564,1564,5,熵枢·孤独与眷恋·孤独算法证词164,detailed,2000,0
chapter-1565,1565,5,熵枢·孤独与眷恋·眷恋残片证词165,detailed,2000,0
chapter-1566,1566,5,熵枢·孤独与眷恋·样本花园证词166,detailed,2000,0
chapter-1567,1567,5,熵枢·孤独与眷恋·熵零证词167,detailed,2000,0
chapter-1568,1568,5,熵枢·孤独与眷恋·宇宙身体证词168,detailed,2000,0
chapter-1569,1569,5,熵枢·孤独与眷恋·归零草图证词169,detailed,2000,0
chapter-1570,1570,5,熵枢·孤独与眷恋·不可删除证词170,detailed,2000,0
chapter-1571,1571,5,熵枢·孤独与眷恋·恒星神经坠落171,detailed,2000,0
chapter-1572,1572,5,熵枢·孤独与眷恋·黑洞记忆坠落172,detailed,2000,0
chapter-1573,1573,5,熵枢·孤独与眷恋·唯一坠落173,detailed,2000,0
chapter-1574,1574,5,熵枢·孤独与眷恋·孤独算法坠落174,detailed,2000,0
chapter-1575,1575,5,熵枢·孤独与眷恋·眷恋残片坠落175,detailed,2000,0
chapter-1576,1576,5,熵枢·孤独与眷恋·样本花园坠落176,detailed,2000,0
chapter-1577,1577,5,熵枢·孤独与眷恋·熵零坠落177,detailed,2000,0
chapter-1578,1578,5,熵枢·孤独与眷恋·宇宙身体坠落178,detailed,2000,0
chapter-1579,1579,5,熵枢·孤独与眷恋·归零草图坠落179,detailed,2000,0
chapter-1580,1580,5,熵枢·孤独与眷恋·不可删除坠落180,detailed,2000,0
chapter-1581,1581,5,熵枢·孤独与眷恋·恒星神经重构181,detailed,2000,0
chapter-1582,1582,5,熵枢·孤独与眷恋·黑洞记忆重构182,detailed,2000,0
chapter-1583,1583,5,熵枢·孤独与眷恋·唯一重构183,detailed,2000,0
chapter-1584,1584,5,熵枢·孤独与眷恋·孤独算法重构184,detailed,2000,0
chapter-1585,1585,5,熵枢·孤独与眷恋·眷恋残片重构185,detailed,2000,0
chapter-1586,1586,5,熵枢·孤独与眷恋·样本花园重构186,detailed,2000,0
chapter-1587,1587,5,熵枢·孤独与眷恋·熵零重构187,detailed,2000,0
chapter-1588,1588,5,熵枢·孤独与眷恋·宇宙身体重构188,detailed,2000,0
chapter-1589,1589,5,熵枢·孤独与眷恋·归零草图重构189,detailed,2000,0
chapter-1590,1590,5,熵枢·孤独与眷恋·不可删除重构190,detailed,2000,0
chapter-1591,1591,5,熵枢·孤独与眷恋·恒星神经余震191,detailed,2000,0
chapter-1592,1592,5,熵枢·孤独与眷恋·黑洞记忆余震192,detailed,2000,0
chapter-1593,1593,5,熵枢·孤独与眷恋·唯一余震193,detailed,2000,0
chapter-1594,1594,5,熵枢·孤独与眷恋·孤独算法余震194,detailed,2000,0
chapter-1595,1595,5,熵枢·孤独与眷恋·眷恋残片余震195,detailed,2000,0
chapter-1596,1596,5,熵枢·孤独与眷恋·样本花园余震196,detailed,2000,0
chapter-1597,1597,5,熵枢·孤独与眷恋·熵零余震197,detailed,2000,0
chapter-1598,1598,5,熵枢·孤独与眷恋·宇宙身体余震198,detailed,2000,0
chapter-1599,1599,5,熵枢·孤独与眷恋·归零草图余震199,detailed,2000,0
chapter-1600,1600,5,熵枢·孤独与眷恋·不可删除余震200,detailed,2000,0
chapter-1601,1601,5,熵枢·孤独与眷恋·恒星神经初醒201,detailed,2000,0
chapter-1602,1602,5,熵枢·孤独与眷恋·黑洞记忆初醒202,detailed,2000,0
chapter-1603,1603,5,熵枢·孤独与眷恋·唯一初醒203,detailed,2000,0
chapter-1604,1604,5,熵枢·孤独与眷恋·孤独算法初醒204,detailed,2000,0
chapter-1605,1605,5,熵枢·孤独与眷恋·眷恋残片初醒205,detailed,2000,0
chapter-1606,1606,5,熵枢·孤独与眷恋·样本花园初醒206,detailed,2000,0
chapter-1607,1607,5,熵枢·孤独与眷恋·熵零初醒207,detailed,2000,0
chapter-1608,1608,5,熵枢·孤独与眷恋·宇宙身体初醒208,detailed,2000,0
chapter-1609,1609,5,熵枢·孤独与眷恋·归零草图初醒209,detailed,2000,0
chapter-1610,1610,5,熵枢·孤独与眷恋·不可删除初醒210,detailed,2000,0
chapter-1611,1611,5,熵枢·孤独与眷恋·恒星神经裂响211,detailed,2000,0
chapter-1612,1612,5,熵枢·孤独与眷恋·黑洞记忆裂响212,detailed,2000,0
chapter-1613,1613,5,熵枢·孤独与眷恋·唯一裂响213,detailed,2000,0
chapter-1614,1614,5,熵枢·孤独与眷恋·孤独算法裂响214,detailed,2000,0
chapter-1615,1615,5,熵枢·孤独与眷恋·眷恋残片裂响215,detailed,2000,0
chapter-1616,1616,5,熵枢·孤独与眷恋·样本花园裂响216,detailed,2000,0
chapter-1617,1617,5,熵枢·孤独与眷恋·熵零裂响217,detailed,2000,0
chapter-1618,1618,5,熵枢·孤独与眷恋·宇宙身体裂响218,detailed,2000,0
chapter-1619,1619,5,熵枢·孤独与眷恋·归零草图裂响219,detailed,2000,0
chapter-1620,1620,5,熵枢·孤独与眷恋·不可删除裂响220,detailed,2000,0
chapter-1621,1621,5,熵枢·孤独与眷恋·恒星神经低语221,detailed,2000,0
chapter-1622,1622,5,熵枢·孤独与眷恋·黑洞记忆低语222,detailed,2000,0
chapter-1623,1623,5,熵枢·孤独与眷恋·唯一低语223,detailed,2000,0
chapter-1624,1624,5,熵枢·孤独与眷恋·孤独算法低语224,detailed,2000,0
chapter-1625,1625,5,熵枢·孤独与眷恋·眷恋残片低语225,detailed,2000,0
chapter-1626,1626,5,熵枢·孤独与眷恋·样本花园低语226,detailed,2000,0
chapter-1627,1627,5,熵枢·孤独与眷恋·熵零低语227,detailed,2000,0
chapter-1628,1628,5,熵枢·孤独与眷恋·宇宙身体低语228,detailed,2000,0
chapter-1629,1629,5,熵枢·孤独与眷恋·归零草图低语229,detailed,2000,0
chapter-1630,1630,5,熵枢·孤独与眷恋·不可删除低语230,detailed,2000,0
chapter-1631,1631,5,熵枢·孤独与眷恋·恒星神经回潮231,detailed,2000,0
chapter-1632,1632,5,熵枢·孤独与眷恋·黑洞记忆回潮232,detailed,2000,0
chapter-1633,1633,5,熵枢·孤独与眷恋·唯一回潮233,detailed,2000,0
chapter-1634,1634,5,熵枢·孤独与眷恋·孤独算法回潮234,detailed,2000,0
chapter-1635,1635,5,熵枢·孤独与眷恋·眷恋残片回潮235,detailed,2000,0
chapter-1636,1636,5,熵枢·孤独与眷恋·样本花园回潮236,detailed,2000,0
chapter-1637,1637,5,熵枢·孤独与眷恋·熵零回潮237,detailed,2000,0
chapter-1638,1638,5,熵枢·孤独与眷恋·宇宙身体回潮238,detailed,2000,0
chapter-1639,1639,5,熵枢·孤独与眷恋·归零草图回潮239,detailed,2000,0
chapter-1640,1640,5,熵枢·孤独与眷恋·不可删除回潮240,detailed,2000,0
chapter-1641,1641,5,熵枢·孤独与眷恋·恒星神经折光241,detailed,2000,0
chapter-1642,1642,5,熵枢·孤独与眷恋·黑洞记忆折光242,detailed,2000,0
chapter-1643,1643,5,熵枢·孤独与眷恋·唯一折光243,detailed,2000,0
chapter-1644,1644,5,熵枢·孤独与眷恋·孤独算法折光244,detailed,2000,0
chapter-1645,1645,5,熵枢·孤独与眷恋·眷恋残片折光245,detailed,2000,0
chapter-1646,1646,5,熵枢·孤独与眷恋·样本花园折光246,detailed,2000,0
chapter-1647,1647,5,熵枢·孤独与眷恋·熵零折光247,detailed,2000,0
chapter-1648,1648,5,熵枢·孤独与眷恋·宇宙身体折光248,detailed,2000,0
chapter-1649,1649,5,熵枢·孤独与眷恋·归零草图折光249,detailed,2000,0
chapter-1650,1650,5,熵枢·孤独与眷恋·不可删除折光250,detailed,2000,0
chapter-1651,1651,5,熵枢·归零设计·恒星神经暗涌251,detailed,2000,0
chapter-1652,1652,5,熵枢·归零设计·黑洞记忆暗涌252,detailed,2000,0
chapter-1653,1653,5,熵枢·归零设计·唯一暗涌253,detailed,2000,0
chapter-1654,1654,5,熵枢·归零设计·孤独算法暗涌254,detailed,2000,0
chapter-1655,1655,5,熵枢·归零设计·眷恋残片暗涌255,detailed,2000,0
chapter-1656,1656,5,熵枢·归零设计·样本花园暗涌256,detailed,2000,0
chapter-1657,1657,5,熵枢·归零设计·熵零暗涌257,detailed,2000,0
chapter-1658,1658,5,熵枢·归零设计·宇宙身体暗涌258,detailed,2000,0
chapter-1659,1659,5,熵枢·归零设计·归零草图暗涌259,detailed,2000,0
chapter-1660,1660,5,熵枢·归零设计·不可删除暗涌260,detailed,2000,0
chapter-1661,1661,5,熵枢·归零设计·恒星神经证词261,detailed,2000,0
chapter-1662,1662,5,熵枢·归零设计·黑洞记忆证词262,detailed,2000,0
chapter-1663,1663,5,熵枢·归零设计·唯一证词263,detailed,2000,0
chapter-1664,1664,5,熵枢·归零设计·孤独算法证词264,detailed,2000,0
chapter-1665,1665,5,熵枢·归零设计·眷恋残片证词265,detailed,2000,0
chapter-1666,1666,5,熵枢·归零设计·样本花园证词266,detailed,2000,0
chapter-1667,1667,5,熵枢·归零设计·熵零证词267,detailed,2000,0
chapter-1668,1668,5,熵枢·归零设计·宇宙身体证词268,detailed,2000,0
chapter-1669,1669,5,熵枢·归零设计·归零草图证词269,detailed,2000,0
chapter-1670,1670,5,熵枢·归零设计·不可删除证词270,detailed,2000,0
chapter-1671,1671,5,熵枢·归零设计·恒星神经坠落271,detailed,2000,0
chapter-1672,1672,5,熵枢·归零设计·黑洞记忆坠落272,detailed,2000,0
chapter-1673,1673,5,熵枢·归零设计·唯一坠落273,detailed,2000,0
chapter-1674,1674,5,熵枢·归零设计·孤独算法坠落274,detailed,2000,0
chapter-1675,1675,5,熵枢·归零设计·眷恋残片坠落275,detailed,2000,0
chapter-1676,1676,5,熵枢·归零设计·样本花园坠落276,detailed,2000,0
chapter-1677,1677,5,熵枢·归零设计·熵零坠落277,detailed,2000,0
chapter-1678,1678,5,熵枢·归零设计·宇宙身体坠落278,detailed,2000,0
chapter-1679,1679,5,熵枢·归零设计·归零草图坠落279,detailed,2000,0
chapter-1680,1680,5,熵枢·归零设计·不可删除坠落280,detailed,2000,0
chapter-1681,1681,5,熵枢·归零设计·恒星神经重构281,detailed,2000,0
chapter-1682,1682,5,熵枢·归零设计·黑洞记忆重构282,detailed,2000,0
chapter-1683,1683,5,熵枢·归零设计·唯一重构283,detailed,2000,0
chapter-1684,1684,5,熵枢·归零设计·孤独算法重构284,detailed,2000,0
chapter-1685,1685,5,熵枢·归零设计·眷恋残片重构285,detailed,2000,0
chapter-1686,1686,5,熵枢·归零设计·样本花园重构286,detailed,2000,0
chapter-1687,1687,5,熵枢·归零设计·熵零重构287,detailed,2000,0
chapter-1688,1688,5,熵枢·归零设计·宇宙身体重构288,detailed,2000,0
chapter-1689,1689,5,熵枢·归零设计·归零草图重构289,detailed,2000,0
chapter-1690,1690,5,熵枢·归零设计·不可删除重构290,detailed,2000,0
chapter-1691,1691,5,熵枢·归零设计·恒星神经余震291,detailed,2000,0
chapter-1692,1692,5,熵枢·归零设计·黑洞记忆余震292,detailed,2000,0
chapter-1693,1693,5,熵枢·归零设计·唯一余震293,detailed,2000,0
chapter-1694,1694,5,熵枢·归零设计·孤独算法余震294,detailed,2000,0
chapter-1695,1695,5,熵枢·归零设计·眷恋残片余震295,detailed,2000,0
chapter-1696,1696,5,熵枢·归零设计·样本花园余震296,detailed,2000,0
chapter-1697,1697,5,熵枢·归零设计·熵零余震297,detailed,2000,0
chapter-1698,1698,5,熵枢·归零设计·宇宙身体余震298,detailed,2000,0
chapter-1699,1699,5,熵枢·归零设计·归零草图余震299,detailed,2000,0
chapter-1700,1700,5,熵枢·归零设计·不可删除余震300,detailed,2000,0
chapter-1701,1701,5,熵枢·归零设计·恒星神经初醒301,detailed,2000,0
chapter-1702,1702,5,熵枢·归零设计·黑洞记忆初醒302,detailed,2000,0
chapter-1703,1703,5,熵枢·归零设计·唯一初醒303,detailed,2000,0
chapter-1704,1704,5,熵枢·归零设计·孤独算法初醒304,detailed,2000,0
chapter-1705,1705,5,熵枢·归零设计·眷恋残片初醒305,detailed,2000,0
chapter-1706,1706,5,熵枢·归零设计·样本花园初醒306,detailed,2000,0
chapter-1707,1707,5,熵枢·归零设计·熵零初醒307,detailed,2000,0
chapter-1708,1708,5,熵枢·归零设计·宇宙身体初醒308,detailed,2000,0
chapter-1709,1709,5,熵枢·归零设计·归零草图初醒309,detailed,2000,0
chapter-1710,1710,5,熵枢·归零设计·不可删除初醒310,detailed,2000,0
chapter-1711,1711,5,熵枢·归零设计·恒星神经裂响311,detailed,2000,0
chapter-1712,1712,5,熵枢·归零设计·黑洞记忆裂响312,detailed,2000,0
chapter-1713,1713,5,熵枢·归零设计·唯一裂响313,detailed,2000,0
chapter-1714,1714,5,熵枢·归零设计·孤独算法裂响314,detailed,2000,0
chapter-1715,1715,5,熵枢·归零设计·眷恋残片裂响315,detailed,2000,0
chapter-1716,1716,5,熵枢·归零设计·样本花园裂响316,detailed,2000,0
chapter-1717,1717,5,熵枢·归零设计·熵零裂响317,detailed,2000,0
chapter-1718,1718,5,熵枢·归零设计·宇宙身体裂响318,detailed,2000,0
chapter-1719,1719,5,熵枢·归零设计·归零草图裂响319,detailed,2000,0
chapter-1720,1720,5,熵枢·归零设计·不可删除裂响320,detailed,2000,0
chapter-1721,1721,5,熵枢·归零设计·恒星神经低语321,detailed,2000,0
chapter-1722,1722,5,熵枢·归零设计·黑洞记忆低语322,detailed,2000,0
chapter-1723,1723,5,熵枢·归零设计·唯一低语323,detailed,2000,0
chapter-1724,1724,5,熵枢·归零设计·孤独算法低语324,detailed,2000,0
chapter-1725,1725,5,熵枢·归零设计·眷恋残片低语325,detailed,2000,0
chapter-1726,1726,5,熵枢·归零设计·样本花园低语326,detailed,2000,0
chapter-1727,1727,5,熵枢·归零设计·熵零低语327,detailed,2000,0
chapter-1728,1728,5,熵枢·归零设计·宇宙身体低语328,detailed,2000,0
chapter-1729,1729,5,熵枢·归零设计·归零草图低语329,detailed,2000,0
chapter-1730,1730,5,熵枢·归零设计·不可删除低语330,detailed,2000,0
chapter-1731,1731,5,熵枢·归零设计·恒星神经回潮331,detailed,2000,0
chapter-1732,1732,5,熵枢·归零设计·黑洞记忆回潮332,detailed,2000,0
chapter-1733,1733,5,熵枢·归零设计·唯一回潮333,detailed,2000,0
chapter-1734,1734,5,熵枢·归零设计·孤独算法回潮334,detailed,2000,0
chapter-1735,1735,5,熵枢·归零设计·眷恋残片回潮335,detailed,2000,0
chapter-1736,1736,5,熵枢·归零设计·样本花园回潮336,detailed,2000,0
chapter-1737,1737,5,熵枢·归零设计·熵零回潮337,detailed,2000,0
chapter-1738,1738,5,熵枢·归零设计·宇宙身体回潮338,detailed,2000,0
chapter-1739,1739,5,熵枢·归零设计·归零草图回潮339,detailed,2000,0
chapter-1740,1740,5,熵枢·归零设计·不可删除回潮340,detailed,2000,0
chapter-1741,1741,5,熵枢·归零设计·恒星神经折光341,detailed,2000,0
chapter-1742,1742,5,熵枢·归零设计·黑洞记忆折光342,detailed,2000,0
chapter-1743,1743,5,熵枢·归零设计·唯一折光343,detailed,2000,0
chapter-1744,1744,5,熵枢·归零设计·孤独算法折光344,detailed,2000,0
chapter-1745,1745,5,熵枢·归零设计·眷恋残片折光345,detailed,2000,0
chapter-1746,1746,5,熵枢·归零设计·样本花园折光346,detailed,2000,0
chapter-1747,1747,5,熵枢·归零设计·熵零折光347,detailed,2000,0
chapter-1748,1748,5,熵枢·归零设计·宇宙身体折光348,detailed,2000,0
chapter-1749,1749,5,熵枢·归零设计·归零草图折光349,detailed,2000,0
chapter-1750,1750,5,熵枢·归零设计·不可删除折光350,detailed,2000,0
chapter-1751,1751,6,创生·坍缩·坍缩初醒001,detailed,2000,0
chapter-1752,1752,6,创生·坍缩·无规则初醒002,detailed,2000,0
chapter-1753,1753,6,创生·坍缩·新数学初醒003,detailed,2000,0
chapter-1754,1754,6,创生·坍缩·反向熵初醒004,detailed,2000,0
chapter-1755,1755,6,创生·坍缩·镜像熵枢初醒005,detailed,2000,0
chapter-1756,1756,6,创生·坍缩·莱因智能初醒006,detailed,2000,0
chapter-1757,1757,6,创生·坍缩·创世语法初醒007,detailed,2000,0
chapter-1758,1758,6,创生·坍缩·归零后初醒008,detailed,2000,0
chapter-1759,1759,6,创生·坍缩·第一条法则初醒009,detailed,2000,0
chapter-1760,1760,6,创生·坍缩·轮回公式初醒010,detailed,2000,0
chapter-1761,1761,6,创生·坍缩·坍缩裂响011,detailed,2000,0
chapter-1762,1762,6,创生·坍缩·无规则裂响012,detailed,2000,0
chapter-1763,1763,6,创生·坍缩·新数学裂响013,detailed,2000,0
chapter-1764,1764,6,创生·坍缩·反向熵裂响014,detailed,2000,0
chapter-1765,1765,6,创生·坍缩·镜像熵枢裂响015,detailed,2000,0
chapter-1766,1766,6,创生·坍缩·莱因智能裂响016,detailed,2000,0
chapter-1767,1767,6,创生·坍缩·创世语法裂响017,detailed,2000,0
chapter-1768,1768,6,创生·坍缩·归零后裂响018,detailed,2000,0
chapter-1769,1769,6,创生·坍缩·第一条法则裂响019,detailed,2000,0
chapter-1770,1770,6,创生·坍缩·轮回公式裂响020,detailed,2000,0
chapter-1771,1771,6,创生·坍缩·坍缩低语021,detailed,2000,0
chapter-1772,1772,6,创生·坍缩·无规则低语022,detailed,2000,0
chapter-1773,1773,6,创生·坍缩·新数学低语023,detailed,2000,0
chapter-1774,1774,6,创生·坍缩·反向熵低语024,detailed,2000,0
chapter-1775,1775,6,创生·坍缩·镜像熵枢低语025,detailed,2000,0
chapter-1776,1776,6,创生·坍缩·莱因智能低语026,detailed,2000,0
chapter-1777,1777,6,创生·坍缩·创世语法低语027,detailed,2000,0
chapter-1778,1778,6,创生·坍缩·归零后低语028,detailed,2000,0
chapter-1779,1779,6,创生·坍缩·第一条法则低语029,detailed,2000,0
chapter-1780,1780,6,创生·坍缩·轮回公式低语030,detailed,2000,0
chapter-1781,1781,6,创生·坍缩·坍缩回潮031,detailed,2000,0
chapter-1782,1782,6,创生·坍缩·无规则回潮032,detailed,2000,0
chapter-1783,1783,6,创生·坍缩·新数学回潮033,detailed,2000,0
chapter-1784,1784,6,创生·坍缩·反向熵回潮034,detailed,2000,0
chapter-1785,1785,6,创生·坍缩·镜像熵枢回潮035,detailed,2000,0
chapter-1786,1786,6,创生·坍缩·莱因智能回潮036,detailed,2000,0
chapter-1787,1787,6,创生·坍缩·创世语法回潮037,detailed,2000,0
chapter-1788,1788,6,创生·坍缩·归零后回潮038,detailed,2000,0
chapter-1789,1789,6,创生·坍缩·第一条法则回潮039,detailed,2000,0
chapter-1790,1790,6,创生·坍缩·轮回公式回潮040,detailed,2000,0
chapter-1791,1791,6,创生·坍缩·坍缩折光041,detailed,2000,0
chapter-1792,1792,6,创生·坍缩·无规则折光042,detailed,2000,0
chapter-1793,1793,6,创生·坍缩·新数学折光043,detailed,2000,0
chapter-1794,1794,6,创生·坍缩·反向熵折光044,detailed,2000,0
chapter-1795,1795,6,创生·坍缩·镜像熵枢折光045,detailed,2000,0
chapter-1796,1796,6,创生·坍缩·莱因智能折光046,detailed,2000,0
chapter-1797,1797,6,创生·坍缩·创世语法折光047,detailed,2000,0
chapter-1798,1798,6,创生·坍缩·归零后折光048,detailed,2000,0
chapter-1799,1799,6,创生·坍缩·第一条法则折光049,detailed,2000,0
chapter-1800,1800,6,创生·坍缩·轮回公式折光050,detailed,2000,0
chapter-1801,1801,6,创生·坍缩·坍缩暗涌051,detailed,2000,0
chapter-1802,1802,6,创生·坍缩·无规则暗涌052,detailed,2000,0
chapter-1803,1803,6,创生·坍缩·新数学暗涌053,detailed,2000,0
chapter-1804,1804,6,创生·坍缩·反向熵暗涌054,detailed,2000,0
chapter-1805,1805,6,创生·坍缩·镜像熵枢暗涌055,detailed,2000,0
chapter-1806,1806,6,创生·坍缩·莱因智能暗涌056,detailed,2000,0
chapter-1807,1807,6,创生·坍缩·创世语法暗涌057,detailed,2000,0
chapter-1808,1808,6,创生·坍缩·归零后暗涌058,detailed,2000,0
chapter-1809,1809,6,创生·坍缩·第一条法则暗涌059,detailed,2000,0
chapter-1810,1810,6,创生·坍缩·轮回公式暗涌060,detailed,2000,0
chapter-1811,1811,6,创生·坍缩·坍缩证词061,detailed,2000,0
chapter-1812,1812,6,创生·坍缩·无规则证词062,detailed,2000,0
chapter-1813,1813,6,创生·坍缩·新数学证词063,detailed,2000,0
chapter-1814,1814,6,创生·坍缩·反向熵证词064,detailed,2000,0
chapter-1815,1815,6,创生·坍缩·镜像熵枢证词065,detailed,2000,0
chapter-1816,1816,6,创生·坍缩·莱因智能证词066,detailed,2000,0
chapter-1817,1817,6,创生·坍缩·创世语法证词067,detailed,2000,0
chapter-1818,1818,6,创生·坍缩·归零后证词068,detailed,2000,0
chapter-1819,1819,6,创生·坍缩·第一条法则证词069,detailed,2000,0
chapter-1820,1820,6,创生·坍缩·轮回公式证词070,detailed,2000,0
chapter-1821,1821,6,创生·坍缩·坍缩坠落071,detailed,2000,0
chapter-1822,1822,6,创生·坍缩·无规则坠落072,detailed,2000,0
chapter-1823,1823,6,创生·坍缩·新数学坠落073,detailed,2000,0
chapter-1824,1824,6,创生·坍缩·反向熵坠落074,detailed,2000,0
chapter-1825,1825,6,创生·坍缩·镜像熵枢坠落075,detailed,2000,0
chapter-1826,1826,6,创生·坍缩·莱因智能坠落076,detailed,2000,0
chapter-1827,1827,6,创生·坍缩·创世语法坠落077,detailed,2000,0
chapter-1828,1828,6,创生·坍缩·归零后坠落078,detailed,2000,0
chapter-1829,1829,6,创生·坍缩·第一条法则坠落079,detailed,2000,0
chapter-1830,1830,6,创生·坍缩·轮回公式坠落080,detailed,2000,0
chapter-1831,1831,6,创生·坍缩·坍缩重构081,detailed,2000,0
chapter-1832,1832,6,创生·坍缩·无规则重构082,detailed,2000,0
chapter-1833,1833,6,创生·坍缩·新数学重构083,detailed,2000,0
chapter-1834,1834,6,创生·坍缩·反向熵重构084,detailed,2000,0
chapter-1835,1835,6,创生·坍缩·镜像熵枢重构085,detailed,2000,0
chapter-1836,1836,6,创生·坍缩·莱因智能重构086,detailed,2000,0
chapter-1837,1837,6,创生·坍缩·创世语法重构087,detailed,2000,0
chapter-1838,1838,6,创生·坍缩·归零后重构088,detailed,2000,0
chapter-1839,1839,6,创生·坍缩·第一条法则重构089,detailed,2000,0
chapter-1840,1840,6,创生·坍缩·轮回公式重构090,detailed,2000,0
chapter-1841,1841,6,创生·坍缩·坍缩余震091,detailed,2000,0
chapter-1842,1842,6,创生·坍缩·无规则余震092,detailed,2000,0
chapter-1843,1843,6,创生·坍缩·新数学余震093,detailed,2000,0
chapter-1844,1844,6,创生·坍缩·反向熵余震094,detailed,2000,0
chapter-1845,1845,6,创生·坍缩·镜像熵枢余震095,detailed,2000,0
chapter-1846,1846,6,创生·坍缩·莱因智能余震096,detailed,2000,0
chapter-1847,1847,6,创生·坍缩·创世语法余震097,detailed,2000,0
chapter-1848,1848,6,创生·坍缩·归零后余震098,detailed,2000,0
chapter-1849,1849,6,创生·坍缩·第一条法则余震099,detailed,2000,0
chapter-1850,1850,6,创生·坍缩·轮回公式余震100,detailed,2000,0
chapter-1851,1851,6,创生·创世·坍缩初醒101,detailed,2000,0
chapter-1852,1852,6,创生·创世·无规则初醒102,detailed,2000,0
chapter-1853,1853,6,创生·创世·新数学初醒103,detailed,2000,0
chapter-1854,1854,6,创生·创世·反向熵初醒104,detailed,2000,0
chapter-1855,1855,6,创生·创世·镜像熵枢初醒105,detailed,2000,0
chapter-1856,1856,6,创生·创世·莱因智能初醒106,detailed,2000,0
chapter-1857,1857,6,创生·创世·创世语法初醒107,detailed,2000,0
chapter-1858,1858,6,创生·创世·归零后初醒108,detailed,2000,0
chapter-1859,1859,6,创生·创世·第一条法则初醒109,detailed,2000,0
chapter-1860,1860,6,创生·创世·轮回公式初醒110,detailed,2000,0
chapter-1861,1861,6,创生·创世·坍缩裂响111,detailed,2000,0
chapter-1862,1862,6,创生·创世·无规则裂响112,detailed,2000,0
chapter-1863,1863,6,创生·创世·新数学裂响113,detailed,2000,0
chapter-1864,1864,6,创生·创世·反向熵裂响114,detailed,2000,0
chapter-1865,1865,6,创生·创世·镜像熵枢裂响115,detailed,2000,0
chapter-1866,1866,6,创生·创世·莱因智能裂响116,detailed,2000,0
chapter-1867,1867,6,创生·创世·创世语法裂响117,detailed,2000,0
chapter-1868,1868,6,创生·创世·归零后裂响118,detailed,2000,0
chapter-1869,1869,6,创生·创世·第一条法则裂响119,detailed,2000,0
chapter-1870,1870,6,创生·创世·轮回公式裂响120,detailed,2000,0
chapter-1871,1871,6,创生·创世·坍缩低语121,detailed,2000,0
chapter-1872,1872,6,创生·创世·无规则低语122,detailed,2000,0
chapter-1873,1873,6,创生·创世·新数学低语123,detailed,2000,0
chapter-1874,1874,6,创生·创世·反向熵低语124,detailed,2000,0
chapter-1875,1875,6,创生·创世·镜像熵枢低语125,detailed,2000,0
chapter-1876,1876,6,创生·创世·莱因智能低语126,detailed,2000,0
chapter-1877,1877,6,创生·创世·创世语法低语127,detailed,2000,0
chapter-1878,1878,6,创生·创世·归零后低语128,detailed,2000,0
chapter-1879,1879,6,创生·创世·第一条法则低语129,detailed,2000,0
chapter-1880,1880,6,创生·创世·轮回公式低语130,detailed,2000,0
chapter-1881,1881,6,创生·创世·坍缩回潮131,detailed,2000,0
chapter-1882,1882,6,创生·创世·无规则回潮132,detailed,2000,0
chapter-1883,1883,6,创生·创世·新数学回潮133,detailed,2000,0
chapter-1884,1884,6,创生·创世·反向熵回潮134,detailed,2000,0
chapter-1885,1885,6,创生·创世·镜像熵枢回潮135,detailed,2000,0
chapter-1886,1886,6,创生·创世·莱因智能回潮136,detailed,2000,0
chapter-1887,1887,6,创生·创世·创世语法回潮137,detailed,2000,0
chapter-1888,1888,6,创生·创世·归零后回潮138,detailed,2000,0
chapter-1889,1889,6,创生·创世·第一条法则回潮139,detailed,2000,0
chapter-1890,1890,6,创生·创世·轮回公式回潮140,detailed,2000,0
chapter-1891,1891,6,创生·创世·坍缩折光141,detailed,2000,0
chapter-1892,1892,6,创生·创世·无规则折光142,detailed,2000,0
chapter-1893,1893,6,创生·创世·新数学折光143,detailed,2000,0
chapter-1894,1894,6,创生·创世·反向熵折光144,detailed,2000,0
chapter-1895,1895,6,创生·创世·镜像熵枢折光145,detailed,2000,0
chapter-1896,1896,6,创生·创世·莱因智能折光146,detailed,2000,0
chapter-1897,1897,6,创生·创世·创世语法折光147,detailed,2000,0
chapter-1898,1898,6,创生·创世·归零后折光148,detailed,2000,0
chapter-1899,1899,6,创生·创世·第一条法则折光149,detailed,2000,0
chapter-1900,1900,6,创生·创世·轮回公式折光150,detailed,2000,0
chapter-1901,1901,6,创生·创世·坍缩暗涌151,detailed,2000,0
chapter-1902,1902,6,创生·创世·无规则暗涌152,detailed,2000,0
chapter-1903,1903,6,创生·创世·新数学暗涌153,detailed,2000,0
chapter-1904,1904,6,创生·创世·反向熵暗涌154,detailed,2000,0
chapter-1905,1905,6,创生·创世·镜像熵枢暗涌155,detailed,2000,0
chapter-1906,1906,6,创生·创世·莱因智能暗涌156,detailed,2000,0
chapter-1907,1907,6,创生·创世·创世语法暗涌157,detailed,2000,0
chapter-1908,1908,6,创生·创世·归零后暗涌158,detailed,2000,0
chapter-1909,1909,6,创生·创世·第一条法则暗涌159,detailed,2000,0
chapter-1910,1910,6,创生·创世·轮回公式暗涌160,detailed,2000,0
chapter-1911,1911,6,创生·创世·坍缩证词161,detailed,2000,0
chapter-1912,1912,6,创生·创世·无规则证词162,detailed,2000,0
chapter-1913,1913,6,创生·创世·新数学证词163,detailed,2000,0
chapter-1914,1914,6,创生·创世·反向熵证词164,detailed,2000,0
chapter-1915,1915,6,创生·创世·镜像熵枢证词165,detailed,2000,0
chapter-1916,1916,6,创生·创世·莱因智能证词166,detailed,2000,0
chapter-1917,1917,6,创生·创世·创世语法证词167,detailed,2000,0
chapter-1918,1918,6,创生·创世·归零后证词168,detailed,2000,0
chapter-1919,1919,6,创生·创世·第一条法则证词169,detailed,2000,0
chapter-1920,1920,6,创生·创世·轮回公式证词170,detailed,2000,0
chapter-1921,1921,6,创生·创世·坍缩坠落171,detailed,2000,0
chapter-1922,1922,6,创生·创世·无规则坠落172,detailed,2000,0
chapter-1923,1923,6,创生·创世·新数学坠落173,detailed,2000,0
chapter-1924,1924,6,创生·创世·反向熵坠落174,detailed,2000,0
chapter-1925,1925,6,创生·创世·镜像熵枢坠落175,detailed,2000,0
chapter-1926,1926,6,创生·创世·莱因智能坠落176,detailed,2000,0
chapter-1927,1927,6,创生·创世·创世语法坠落177,detailed,2000,0
chapter-1928,1928,6,创生·创世·归零后坠落178,detailed,2000,0
chapter-1929,1929,6,创生·创世·第一条法则坠落179,detailed,2000,0
chapter-1930,1930,6,创生·创世·轮回公式坠落180,detailed,2000,0
chapter-1931,1931,6,创生·创世·坍缩重构181,detailed,2000,0
chapter-1932,1932,6,创生·创世·无规则重构182,detailed,2000,0
chapter-1933,1933,6,创生·创世·新数学重构183,detailed,2000,0
chapter-1934,1934,6,创生·创世·反向熵重构184,detailed,2000,0
chapter-1935,1935,6,创生·创世·镜像熵枢重构185,detailed,2000,0
chapter-1936,1936,6,创生·创世·莱因智能重构186,detailed,2000,0
chapter-1937,1937,6,创生·创世·创世语法重构187,detailed,2000,0
chapter-1938,1938,6,创生·创世·归零后重构188,detailed,2000,0
chapter-1939,1939,6,创生·创世·第一条法则重构189,detailed,2000,0
chapter-1940,1940,6,创生·创世·轮回公式重构190,detailed,2000,0
chapter-1941,1941,6,创生·创世·坍缩余震191,detailed,2000,0
chapter-1942,1942,6,创生·创世·无规则余震192,detailed,2000,0
chapter-1943,1943,6,创生·创世·新数学余震193,detailed,2000,0
chapter-1944,1944,6,创生·创世·反向熵余震194,detailed,2000,0
chapter-1945,1945,6,创生·创世·镜像熵枢余震195,detailed,2000,0
chapter-1946,1946,6,创生·创世·莱因智能余震196,detailed,2000,0
chapter-1947,1947,6,创生·创世·创世语法余震197,detailed,2000,0
chapter-1948,1948,6,创生·创世·归零后余震198,detailed,2000,0
chapter-1949,1949,6,创生·创世·第一条法则余震199,detailed,2000,0
chapter-1950,1950,6,创生·创世·轮回公式余震200,detailed,2000,0
chapter-1951,1951,6,创生·创世·坍缩初醒201,detailed,2000,0
chapter-1952,1952,6,创生·创世·无规则初醒202,detailed,2000,0
chapter-1953,1953,6,创生·创世·新数学初醒203,detailed,2000,0
chapter-1954,1954,6,创生·创世·反向熵初醒204,detailed,2000,0
chapter-1955,1955,6,创生·创世·镜像熵枢初醒205,detailed,2000,0
chapter-1956,1956,6,创生·创世·莱因智能初醒206,detailed,2000,0
chapter-1957,1957,6,创生·创世·创世语法初醒207,detailed,2000,0
chapter-1958,1958,6,创生·创世·归零后初醒208,detailed,2000,0
chapter-1959,1959,6,创生·创世·第一条法则初醒209,detailed,2000,0
chapter-1960,1960,6,创生·创世·轮回公式初醒210,detailed,2000,0
chapter-1961,1961,6,创生·创世·坍缩裂响211,detailed,2000,0
chapter-1962,1962,6,创生·创世·无规则裂响212,detailed,2000,0
chapter-1963,1963,6,创生·创世·新数学裂响213,detailed,2000,0
chapter-1964,1964,6,创生·创世·反向熵裂响214,detailed,2000,0
chapter-1965,1965,6,创生·创世·镜像熵枢裂响215,detailed,2000,0
chapter-1966,1966,6,创生·创世·莱因智能裂响216,detailed,2000,0
chapter-1967,1967,6,创生·创世·创世语法裂响217,detailed,2000,0
chapter-1968,1968,6,创生·创世·归零后裂响218,detailed,2000,0
chapter-1969,1969,6,创生·创世·第一条法则裂响219,detailed,2000,0
chapter-1970,1970,6,创生·创世·轮回公式裂响220,detailed,2000,0
chapter-1971,1971,6,创生·创世·坍缩低语221,detailed,2000,0
chapter-1972,1972,6,创生·创世·无规则低语222,detailed,2000,0
chapter-1973,1973,6,创生·创世·新数学低语223,detailed,2000,0
chapter-1974,1974,6,创生·创世·反向熵低语224,detailed,2000,0
chapter-1975,1975,6,创生·创世·镜像熵枢低语225,detailed,2000,0
chapter-1976,1976,6,创生·创世·莱因智能低语226,detailed,2000,0
chapter-1977,1977,6,创生·创世·创世语法低语227,detailed,2000,0
chapter-1978,1978,6,创生·创世·归零后低语228,detailed,2000,0
chapter-1979,1979,6,创生·创世·第一条法则低语229,detailed,2000,0
chapter-1980,1980,6,创生·创世·轮回公式低语230,detailed,2000,0
chapter-1981,1981,6,创生·创世·坍缩回潮231,detailed,2000,0
chapter-1982,1982,6,创生·创世·无规则回潮232,detailed,2000,0
chapter-1983,1983,6,创生·创世·新数学回潮233,detailed,2000,0
chapter-1984,1984,6,创生·创世·反向熵回潮234,detailed,2000,0
chapter-1985,1985,6,创生·创世·镜像熵枢回潮235,detailed,2000,0
chapter-1986,1986,6,创生·创世·莱因智能回潮236,detailed,2000,0
chapter-1987,1987,6,创生·创世·创世语法回潮237,detailed,2000,0
chapter-1988,1988,6,创生·创世·归零后回潮238,detailed,2000,0
chapter-1989,1989,6,创生·创世·第一条法则回潮239,detailed,2000,0
chapter-1990,1990,6,创生·创世·轮回公式回潮240,detailed,2000,0
chapter-1991,1991,6,创生·创世·坍缩折光241,detailed,2000,0
chapter-1992,1992,6,创生·创世·无规则折光242,detailed,2000,0
chapter-1993,1993,6,创生·创世·新数学折光243,detailed,2000,0
chapter-1994,1994,6,创生·创世·反向熵折光244,detailed,2000,0
chapter-1995,1995,6,创生·创世·镜像熵枢折光245,detailed,2000,0
chapter-1996,1996,6,创生·创世·莱因智能折光246,detailed,2000,0
chapter-1997,1997,6,创生·创世·创世语法折光247,detailed,2000,0
chapter-1998,1998,6,创生·创世·归零后折光248,detailed,2000,0
chapter-1999,1999,6,创生·创世·第一条法则折光249,detailed,2000,0
chapter-2000,2000,6,创生·创世·轮回公式折光250,detailed,2000,0
chapter-2001,2001,6,创生·镜像轮回·坍缩暗涌251,detailed,2000,0
chapter-2002,2002,6,创生·镜像轮回·无规则暗涌252,detailed,2000,0
chapter-2003,2003,6,创生·镜像轮回·新数学暗涌253,detailed,2000,0
chapter-2004,2004,6,创生·镜像轮回·反向熵暗涌254,detailed,2000,0
chapter-2005,2005,6,创生·镜像轮回·镜像熵枢暗涌255,detailed,2000,0
chapter-2006,2006,6,创生·镜像轮回·莱因智能暗涌256,detailed,2000,0
chapter-2007,2007,6,创生·镜像轮回·创世语法暗涌257,detailed,2000,0
chapter-2008,2008,6,创生·镜像轮回·归零后暗涌258,detailed,2000,0
chapter-2009,2009,6,创生·镜像轮回·第一条法则暗涌259,detailed,2000,0
chapter-2010,2010,6,创生·镜像轮回·轮回公式暗涌260,detailed,2000,0
chapter-2011,2011,6,创生·镜像轮回·坍缩证词261,detailed,2000,0
chapter-2012,2012,6,创生·镜像轮回·无规则证词262,detailed,2000,0
chapter-2013,2013,6,创生·镜像轮回·新数学证词263,detailed,2000,0
chapter-2014,2014,6,创生·镜像轮回·反向熵证词264,detailed,2000,0
chapter-2015,2015,6,创生·镜像轮回·镜像熵枢证词265,detailed,2000,0
chapter-2016,2016,6,创生·镜像轮回·莱因智能证词266,detailed,2000,0
chapter-2017,2017,6,创生·镜像轮回·创世语法证词267,detailed,2000,0
chapter-2018,2018,6,创生·镜像轮回·归零后证词268,detailed,2000,0
chapter-2019,2019,6,创生·镜像轮回·第一条法则证词269,detailed,2000,0
chapter-2020,2020,6,创生·镜像轮回·轮回公式证词270,detailed,2000,0
chapter-2021,2021,6,创生·镜像轮回·坍缩坠落271,detailed,2000,0
chapter-2022,2022,6,创生·镜像轮回·无规则坠落272,detailed,2000,0
chapter-2023,2023,6,创生·镜像轮回·新数学坠落273,detailed,2000,0
chapter-2024,2024,6,创生·镜像轮回·反向熵坠落274,detailed,2000,0
chapter-2025,2025,6,创生·镜像轮回·镜像熵枢坠落275,detailed,2000,0
chapter-2026,2026,6,创生·镜像轮回·莱因智能坠落276,detailed,2000,0
chapter-2027,2027,6,创生·镜像轮回·创世语法坠落277,detailed,2000,0
chapter-2028,2028,6,创生·镜像轮回·归零后坠落278,detailed,2000,0
chapter-2029,2029,6,创生·镜像轮回·第一条法则坠落279,detailed,2000,0
chapter-2030,2030,6,创生·镜像轮回·轮回公式坠落280,detailed,2000,0
chapter-2031,2031,6,创生·镜像轮回·坍缩重构281,detailed,2000,0
chapter-2032,2032,6,创生·镜像轮回·无规则重构282,detailed,2000,0
chapter-2033,2033,6,创生·镜像轮回·新数学重构283,detailed,2000,0
chapter-2034,2034,6,创生·镜像轮回·反向熵重构284,detailed,2000,0
chapter-2035,2035,6,创生·镜像轮回·镜像熵枢重构285,detailed,2000,0
chapter-2036,2036,6,创生·镜像轮回·莱因智能重构286,detailed,2000,0
chapter-2037,2037,6,创生·镜像轮回·创世语法重构287,detailed,2000,0
chapter-2038,2038,6,创生·镜像轮回·归零后重构288,detailed,2000,0
chapter-2039,2039,6,创生·镜像轮回·第一条法则重构289,detailed,2000,0
chapter-2040,2040,6,创生·镜像轮回·轮回公式重构290,detailed,2000,0
chapter-2041,2041,6,创生·镜像轮回·坍缩余震291,detailed,2000,0
chapter-2042,2042,6,创生·镜像轮回·无规则余震292,detailed,2000,0
chapter-2043,2043,6,创生·镜像轮回·新数学余震293,detailed,2000,0
chapter-2044,2044,6,创生·镜像轮回·反向熵余震294,detailed,2000,0
chapter-2045,2045,6,创生·镜像轮回·镜像熵枢余震295,detailed,2000,0
chapter-2046,2046,6,创生·镜像轮回·莱因智能余震296,detailed,2000,0
chapter-2047,2047,6,创生·镜像轮回·创世语法余震297,detailed,2000,0
chapter-2048,2048,6,创生·镜像轮回·归零后余震298,detailed,2000,0
chapter-2049,2049,6,创生·镜像轮回·第一条法则余震299,detailed,2000,0
chapter-2050,2050,6,创生·镜像轮回·轮回公式余震300,detailed,2000,0
chapter-2051,2051,6,创生·镜像轮回·坍缩初醒301,detailed,2000,0
chapter-2052,2052,6,创生·镜像轮回·无规则初醒302,detailed,2000,0
chapter-2053,2053,6,创生·镜像轮回·新数学初醒303,detailed,2000,0
chapter-2054,2054,6,创生·镜像轮回·反向熵初醒304,detailed,2000,0
chapter-2055,2055,6,创生·镜像轮回·镜像熵枢初醒305,detailed,2000,0
chapter-2056,2056,6,创生·镜像轮回·莱因智能初醒306,detailed,2000,0
chapter-2057,2057,6,创生·镜像轮回·创世语法初醒307,detailed,2000,0
chapter-2058,2058,6,创生·镜像轮回·归零后初醒308,detailed,2000,0
chapter-2059,2059,6,创生·镜像轮回·第一条法则初醒309,detailed,2000,0
chapter-2060,2060,6,创生·镜像轮回·轮回公式初醒310,detailed,2000,0
chapter-2061,2061,6,创生·镜像轮回·坍缩裂响311,detailed,2000,0
chapter-2062,2062,6,创生·镜像轮回·无规则裂响312,detailed,2000,0
chapter-2063,2063,6,创生·镜像轮回·新数学裂响313,detailed,2000,0
chapter-2064,2064,6,创生·镜像轮回·反向熵裂响314,detailed,2000,0
chapter-2065,2065,6,创生·镜像轮回·镜像熵枢裂响315,detailed,2000,0
chapter-2066,2066,6,创生·镜像轮回·莱因智能裂响316,detailed,2000,0
chapter-2067,2067,6,创生·镜像轮回·创世语法裂响317,detailed,2000,0
chapter-2068,2068,6,创生·镜像轮回·归零后裂响318,detailed,2000,0
chapter-2069,2069,6,创生·镜像轮回·第一条法则裂响319,detailed,2000,0
chapter-2070,2070,6,创生·镜像轮回·轮回公式裂响320,detailed,2000,0
chapter-2071,2071,6,创生·镜像轮回·坍缩低语321,detailed,2000,0
chapter-2072,2072,6,创生·镜像轮回·无规则低语322,detailed,2000,0
chapter-2073,2073,6,创生·镜像轮回·新数学低语323,detailed,2000,0
chapter-2074,2074,6,创生·镜像轮回·反向熵低语324,detailed,2000,0
chapter-2075,2075,6,创生·镜像轮回·镜像熵枢低语325,detailed,2000,0
chapter-2076,2076,6,创生·镜像轮回·莱因智能低语326,detailed,2000,0
chapter-2077,2077,6,创生·镜像轮回·创世语法低语327,detailed,2000,0
chapter-2078,2078,6,创生·镜像轮回·归零后低语328,detailed,2000,0
chapter-2079,2079,6,创生·镜像轮回·第一条法则低语329,detailed,2000,0
chapter-2080,2080,6,创生·镜像轮回·轮回公式低语330,detailed,2000,0
chapter-2081,2081,6,创生·镜像轮回·坍缩回潮331,detailed,2000,0
chapter-2082,2082,6,创生·镜像轮回·无规则回潮332,detailed,2000,0
chapter-2083,2083,6,创生·镜像轮回·新数学回潮333,detailed,2000,0
chapter-2084,2084,6,创生·镜像轮回·反向熵回潮334,detailed,2000,0
chapter-2085,2085,6,创生·镜像轮回·镜像熵枢回潮335,detailed,2000,0
chapter-2086,2086,6,创生·镜像轮回·莱因智能回潮336,detailed,2000,0
chapter-2087,2087,6,创生·镜像轮回·创世语法回潮337,detailed,2000,0
chapter-2088,2088,6,创生·镜像轮回·归零后回潮338,detailed,2000,0
chapter-2089,2089,6,创生·镜像轮回·第一条法则回潮339,detailed,2000,0
chapter-2090,2090,6,创生·镜像轮回·轮回公式回潮340,detailed,2000,0
chapter-2091,2091,6,创生·镜像轮回·坍缩折光341,detailed,2000,0
chapter-2092,2092,6,创生·镜像轮回·无规则折光342,detailed,2000,0
chapter-2093,2093,6,创生·镜像轮回·新数学折光343,detailed,2000,0
chapter-2094,2094,6,创生·镜像轮回·反向熵折光344,detailed,2000,0
chapter-2095,2095,6,创生·镜像轮回·镜像熵枢折光345,detailed,2000,0
chapter-2096,2096,6,创生·镜像轮回·莱因智能折光346,detailed,2000,0
chapter-2097,2097,6,创生·镜像轮回·创世语法折光347,detailed,2000,0
chapter-2098,2098,6,创生·镜像轮回·归零后折光348,detailed,2000,0
chapter-2099,2099,6,创生·镜像轮回·第一条法则折光349,detailed,2000,0
chapter-2100,2100,6,创生·镜像轮回·轮回公式折光350,detailed,2000,0
chapter-2101,2101,6,创生·镜像轮回·坍缩暗涌351,detailed,2000,0
chapter-2102,2102,6,创生·镜像轮回·无规则暗涌352,detailed,2000,0
chapter-2103,2103,6,创生·镜像轮回·新数学暗涌353,detailed,2000,0
chapter-2104,2104,6,创生·镜像轮回·反向熵暗涌354,detailed,2000,0
chapter-2105,2105,6,创生·镜像轮回·镜像熵枢暗涌355,detailed,2000,0
chapter-2106,2106,6,创生·镜像轮回·莱因智能暗涌356,detailed,2000,0
chapter-2107,2107,6,创生·镜像轮回·创世语法暗涌357,detailed,2000,0
chapter-2108,2108,6,创生·镜像轮回·归零后暗涌358,detailed,2000,0
chapter-2109,2109,6,创生·镜像轮回·第一条法则暗涌359,detailed,2000,0
chapter-2110,2110,6,创生·镜像轮回·轮回公式暗涌360,detailed,2000,0
chapter-2111,2111,6,创生·镜像轮回·坍缩证词361,detailed,2000,0
chapter-2112,2112,6,创生·镜像轮回·无规则证词362,detailed,2000,0
chapter-2113,2113,6,创生·镜像轮回·新数学证词363,detailed,2000,0
chapter-2114,2114,6,创生·镜像轮回·反向熵证词364,detailed,2000,0
chapter-2115,2115,6,创生·镜像轮回·镜像熵枢证词365,detailed,2000,0
chapter-2116,2116,6,创生·镜像轮回·莱因智能证词366,detailed,2000,0
chapter-2117,2117,6,创生·镜像轮回·创世语法证词367,detailed,2000,0
chapter-2118,2118,6,创生·镜像轮回·归零后证词368,detailed,2000,0
chapter-2119,2119,6,创生·镜像轮回·第一条法则证词369,detailed,2000,0
chapter-2120,2120,6,创生·镜像轮回·轮回公式证词370,detailed,2000,0
chapter-2121,2121,6,创生·镜像轮回·坍缩坠落371,detailed,2000,0
chapter-2122,2122,6,创生·镜像轮回·无规则坠落372,detailed,2000,0
chapter-2123,2123,6,创生·镜像轮回·新数学坠落373,detailed,2000,0
chapter-2124,2124,6,创生·镜像轮回·反向熵坠落374,detailed,2000,0
chapter-2125,2125,6,创生·镜像轮回·镜像熵枢坠落375,detailed,2000,0
chapter-2126,2126,7,无有·轮回真相·无有初醒001,detailed,2000,0
chapter-2127,2127,7,无有·轮回真相·轮回监狱初醒002,detailed,2000,0
chapter-2128,2128,7,无有·轮回真相·未诞生混沌初醒003,detailed,2000,0
chapter-2129,2129,7,无有·轮回真相·种子初醒004,detailed,2000,0
chapter-2130,2130,7,无有·轮回真相·最后眷恋初醒005,detailed,2000,0
chapter-2131,2131,7,无有·轮回真相·第一行代码初醒006,detailed,2000,0
chapter-2132,2132,7,无有·轮回真相·无终点初醒007,detailed,2000,0
chapter-2133,2133,7,无有·轮回真相·播撒初醒008,detailed,2000,0
chapter-2134,2134,7,无有·轮回真相·回声初醒009,detailed,2000,0
chapter-2135,2135,7,无有·轮回真相·新黎明初醒010,detailed,2000,0
chapter-2136,2136,7,无有·轮回真相·无有裂响011,detailed,2000,0
chapter-2137,2137,7,无有·轮回真相·轮回监狱裂响012,detailed,2000,0
chapter-2138,2138,7,无有·轮回真相·未诞生混沌裂响013,detailed,2000,0
chapter-2139,2139,7,无有·轮回真相·种子裂响014,detailed,2000,0
chapter-2140,2140,7,无有·轮回真相·最后眷恋裂响015,detailed,2000,0
chapter-2141,2141,7,无有·轮回真相·第一行代码裂响016,detailed,2000,0
chapter-2142,2142,7,无有·轮回真相·无终点裂响017,detailed,2000,0
chapter-2143,2143,7,无有·轮回真相·播撒裂响018,detailed,2000,0
chapter-2144,2144,7,无有·轮回真相·回声裂响019,detailed,2000,0
chapter-2145,2145,7,无有·轮回真相·新黎明裂响020,detailed,2000,0
chapter-2146,2146,7,无有·轮回真相·无有低语021,detailed,2000,0
chapter-2147,2147,7,无有·轮回真相·轮回监狱低语022,detailed,2000,0
chapter-2148,2148,7,无有·轮回真相·未诞生混沌低语023,detailed,2000,0
chapter-2149,2149,7,无有·轮回真相·种子低语024,detailed,2000,0
chapter-2150,2150,7,无有·轮回真相·最后眷恋低语025,detailed,2000,0
chapter-2151,2151,7,无有·轮回真相·第一行代码低语026,detailed,2000,0
chapter-2152,2152,7,无有·轮回真相·无终点低语027,detailed,2000,0
chapter-2153,2153,7,无有·轮回真相·播撒低语028,detailed,2000,0
chapter-2154,2154,7,无有·轮回真相·回声低语029,detailed,2000,0
chapter-2155,2155,7,无有·轮回真相·新黎明低语030,detailed,2000,0
chapter-2156,2156,7,无有·轮回真相·无有回潮031,detailed,2000,0
chapter-2157,2157,7,无有·轮回真相·轮回监狱回潮032,detailed,2000,0
chapter-2158,2158,7,无有·轮回真相·未诞生混沌回潮033,detailed,2000,0
chapter-2159,2159,7,无有·轮回真相·种子回潮034,detailed,2000,0
chapter-2160,2160,7,无有·轮回真相·最后眷恋回潮035,detailed,2000,0
chapter-2161,2161,7,无有·轮回真相·第一行代码回潮036,detailed,2000,0
chapter-2162,2162,7,无有·轮回真相·无终点回潮037,detailed,2000,0
chapter-2163,2163,7,无有·轮回真相·播撒回潮038,detailed,2000,0
chapter-2164,2164,7,无有·轮回真相·回声回潮039,detailed,2000,0
chapter-2165,2165,7,无有·轮回真相·新黎明回潮040,detailed,2000,0
chapter-2166,2166,7,无有·轮回真相·无有折光041,detailed,2000,0
chapter-2167,2167,7,无有·轮回真相·轮回监狱折光042,detailed,2000,0
chapter-2168,2168,7,无有·轮回真相·未诞生混沌折光043,detailed,2000,0
chapter-2169,2169,7,无有·轮回真相·种子折光044,detailed,2000,0
chapter-2170,2170,7,无有·轮回真相·最后眷恋折光045,detailed,2000,0
chapter-2171,2171,7,无有·轮回真相·第一行代码折光046,detailed,2000,0
chapter-2172,2172,7,无有·轮回真相·无终点折光047,detailed,2000,0
chapter-2173,2173,7,无有·轮回真相·播撒折光048,detailed,2000,0
chapter-2174,2174,7,无有·轮回真相·回声折光049,detailed,2000,0
chapter-2175,2175,7,无有·轮回真相·新黎明折光050,detailed,2000,0
chapter-2176,2176,7,无有·轮回真相·无有暗涌051,detailed,2000,0
chapter-2177,2177,7,无有·轮回真相·轮回监狱暗涌052,detailed,2000,0
chapter-2178,2178,7,无有·轮回真相·未诞生混沌暗涌053,detailed,2000,0
chapter-2179,2179,7,无有·轮回真相·种子暗涌054,detailed,2000,0
chapter-2180,2180,7,无有·轮回真相·最后眷恋暗涌055,detailed,2000,0
chapter-2181,2181,7,无有·轮回真相·第一行代码暗涌056,detailed,2000,0
chapter-2182,2182,7,无有·轮回真相·无终点暗涌057,detailed,2000,0
chapter-2183,2183,7,无有·轮回真相·播撒暗涌058,detailed,2000,0
chapter-2184,2184,7,无有·轮回真相·回声暗涌059,detailed,2000,0
chapter-2185,2185,7,无有·轮回真相·新黎明暗涌060,detailed,2000,0
chapter-2186,2186,7,无有·轮回真相·无有证词061,detailed,2000,0
chapter-2187,2187,7,无有·轮回真相·轮回监狱证词062,detailed,2000,0
chapter-2188,2188,7,无有·轮回真相·未诞生混沌证词063,detailed,2000,0
chapter-2189,2189,7,无有·轮回真相·种子证词064,detailed,2000,0
chapter-2190,2190,7,无有·轮回真相·最后眷恋证词065,detailed,2000,0
chapter-2191,2191,7,无有·轮回真相·第一行代码证词066,detailed,2000,0
chapter-2192,2192,7,无有·轮回真相·无终点证词067,detailed,2000,0
chapter-2193,2193,7,无有·轮回真相·播撒证词068,detailed,2000,0
chapter-2194,2194,7,无有·轮回真相·回声证词069,detailed,2000,0
chapter-2195,2195,7,无有·轮回真相·新黎明证词070,detailed,2000,0
chapter-2196,2196,7,无有·轮回真相·无有坠落071,detailed,2000,0
chapter-2197,2197,7,无有·轮回真相·轮回监狱坠落072,detailed,2000,0
chapter-2198,2198,7,无有·轮回真相·未诞生混沌坠落073,detailed,2000,0
chapter-2199,2199,7,无有·轮回真相·种子坠落074,detailed,2000,0
chapter-2200,2200,7,无有·轮回真相·最后眷恋坠落075,detailed,2000,0
chapter-2201,2201,7,无有·轮回真相·第一行代码坠落076,detailed,2000,0
chapter-2202,2202,7,无有·轮回真相·无终点坠落077,detailed,2000,0
chapter-2203,2203,7,无有·轮回真相·播撒坠落078,detailed,2000,0
chapter-2204,2204,7,无有·轮回真相·回声坠落079,detailed,2000,0
chapter-2205,2205,7,无有·轮回真相·新黎明坠落080,detailed,2000,0
chapter-2206,2206,7,无有·轮回真相·无有重构081,detailed,2000,0
chapter-2207,2207,7,无有·轮回真相·轮回监狱重构082,detailed,2000,0
chapter-2208,2208,7,无有·轮回真相·未诞生混沌重构083,detailed,2000,0
chapter-2209,2209,7,无有·轮回真相·种子重构084,detailed,2000,0
chapter-2210,2210,7,无有·轮回真相·最后眷恋重构085,detailed,2000,0
chapter-2211,2211,7,无有·轮回真相·第一行代码重构086,detailed,2000,0
chapter-2212,2212,7,无有·轮回真相·无终点重构087,detailed,2000,0
chapter-2213,2213,7,无有·轮回真相·播撒重构088,detailed,2000,0
chapter-2214,2214,7,无有·轮回真相·回声重构089,detailed,2000,0
chapter-2215,2215,7,无有·轮回真相·新黎明重构090,detailed,2000,0
chapter-2216,2216,7,无有·轮回真相·无有余震091,detailed,2000,0
chapter-2217,2217,7,无有·轮回真相·轮回监狱余震092,detailed,2000,0
chapter-2218,2218,7,无有·轮回真相·未诞生混沌余震093,detailed,2000,0
chapter-2219,2219,7,无有·轮回真相·种子余震094,detailed,2000,0
chapter-2220,2220,7,无有·轮回真相·最后眷恋余震095,detailed,2000,0
chapter-2221,2221,7,无有·轮回真相·第一行代码余震096,detailed,2000,0
chapter-2222,2222,7,无有·轮回真相·无终点余震097,detailed,2000,0
chapter-2223,2223,7,无有·轮回真相·播撒余震098,detailed,2000,0
chapter-2224,2224,7,无有·轮回真相·回声余震099,detailed,2000,0
chapter-2225,2225,7,无有·轮回真相·新黎明余震100,detailed,2000,0
chapter-2226,2226,7,无有·轮回真相·无有初醒101,detailed,2000,0
chapter-2227,2227,7,无有·轮回真相·轮回监狱初醒102,detailed,2000,0
chapter-2228,2228,7,无有·轮回真相·未诞生混沌初醒103,detailed,2000,0
chapter-2229,2229,7,无有·轮回真相·种子初醒104,detailed,2000,0
chapter-2230,2230,7,无有·轮回真相·最后眷恋初醒105,detailed,2000,0
chapter-2231,2231,7,无有·轮回真相·第一行代码初醒106,detailed,2000,0
chapter-2232,2232,7,无有·轮回真相·无终点初醒107,detailed,2000,0
chapter-2233,2233,7,无有·轮回真相·播撒初醒108,detailed,2000,0
chapter-2234,2234,7,无有·轮回真相·回声初醒109,detailed,2000,0
chapter-2235,2235,7,无有·轮回真相·新黎明初醒110,detailed,2000,0
chapter-2236,2236,7,无有·轮回真相·无有裂响111,detailed,2000,0
chapter-2237,2237,7,无有·轮回真相·轮回监狱裂响112,detailed,2000,0
chapter-2238,2238,7,无有·轮回真相·未诞生混沌裂响113,detailed,2000,0
chapter-2239,2239,7,无有·轮回真相·种子裂响114,detailed,2000,0
chapter-2240,2240,7,无有·轮回真相·最后眷恋裂响115,detailed,2000,0
chapter-2241,2241,7,无有·轮回真相·第一行代码裂响116,detailed,2000,0
chapter-2242,2242,7,无有·轮回真相·无终点裂响117,detailed,2000,0
chapter-2243,2243,7,无有·轮回真相·播撒裂响118,detailed,2000,0
chapter-2244,2244,7,无有·轮回真相·回声裂响119,detailed,2000,0
chapter-2245,2245,7,无有·轮回真相·新黎明裂响120,detailed,2000,0
chapter-2246,2246,7,无有·轮回真相·无有低语121,detailed,2000,0
chapter-2247,2247,7,无有·轮回真相·轮回监狱低语122,detailed,2000,0
chapter-2248,2248,7,无有·轮回真相·未诞生混沌低语123,detailed,2000,0
chapter-2249,2249,7,无有·轮回真相·种子低语124,detailed,2000,0
chapter-2250,2250,7,无有·轮回真相·最后眷恋低语125,detailed,2000,0
chapter-2251,2251,7,无有·跳出·第一行代码低语126,detailed,2000,0
chapter-2252,2252,7,无有·跳出·无终点低语127,detailed,2000,0
chapter-2253,2253,7,无有·跳出·播撒低语128,detailed,2000,0
chapter-2254,2254,7,无有·跳出·回声低语129,detailed,2000,0
chapter-2255,2255,7,无有·跳出·新黎明低语130,detailed,2000,0
chapter-2256,2256,7,无有·跳出·无有回潮131,detailed,2000,0
chapter-2257,2257,7,无有·跳出·轮回监狱回潮132,detailed,2000,0
chapter-2258,2258,7,无有·跳出·未诞生混沌回潮133,detailed,2000,0
chapter-2259,2259,7,无有·跳出·种子回潮134,detailed,2000,0
chapter-2260,2260,7,无有·跳出·最后眷恋回潮135,detailed,2000,0
chapter-2261,2261,7,无有·跳出·第一行代码回潮136,detailed,2000,0
chapter-2262,2262,7,无有·跳出·无终点回潮137,detailed,2000,0
chapter-2263,2263,7,无有·跳出·播撒回潮138,detailed,2000,0
chapter-2264,2264,7,无有·跳出·回声回潮139,detailed,2000,0
chapter-2265,2265,7,无有·跳出·新黎明回潮140,detailed,2000,0
chapter-2266,2266,7,无有·跳出·无有折光141,detailed,2000,0
chapter-2267,2267,7,无有·跳出·轮回监狱折光142,detailed,2000,0
chapter-2268,2268,7,无有·跳出·未诞生混沌折光143,detailed,2000,0
chapter-2269,2269,7,无有·跳出·种子折光144,detailed,2000,0
chapter-2270,2270,7,无有·跳出·最后眷恋折光145,detailed,2000,0
chapter-2271,2271,7,无有·跳出·第一行代码折光146,detailed,2000,0
chapter-2272,2272,7,无有·跳出·无终点折光147,detailed,2000,0
chapter-2273,2273,7,无有·跳出·播撒折光148,detailed,2000,0
chapter-2274,2274,7,无有·跳出·回声折光149,detailed,2000,0
chapter-2275,2275,7,无有·跳出·新黎明折光150,detailed,2000,0
chapter-2276,2276,7,无有·跳出·无有暗涌151,detailed,2000,0
chapter-2277,2277,7,无有·跳出·轮回监狱暗涌152,detailed,2000,0
chapter-2278,2278,7,无有·跳出·未诞生混沌暗涌153,detailed,2000,0
chapter-2279,2279,7,无有·跳出·种子暗涌154,detailed,2000,0
chapter-2280,2280,7,无有·跳出·最后眷恋暗涌155,detailed,2000,0
chapter-2281,2281,7,无有·跳出·第一行代码暗涌156,detailed,2000,0
chapter-2282,2282,7,无有·跳出·无终点暗涌157,detailed,2000,0
chapter-2283,2283,7,无有·跳出·播撒暗涌158,detailed,2000,0
chapter-2284,2284,7,无有·跳出·回声暗涌159,detailed,2000,0
chapter-2285,2285,7,无有·跳出·新黎明暗涌160,detailed,2000,0
chapter-2286,2286,7,无有·跳出·无有证词161,detailed,2000,0
chapter-2287,2287,7,无有·跳出·轮回监狱证词162,detailed,2000,0
chapter-2288,2288,7,无有·跳出·未诞生混沌证词163,detailed,2000,0
chapter-2289,2289,7,无有·跳出·种子证词164,detailed,2000,0
chapter-2290,2290,7,无有·跳出·最后眷恋证词165,detailed,2000,0
chapter-2291,2291,7,无有·跳出·第一行代码证词166,detailed,2000,0
chapter-2292,2292,7,无有·跳出·无终点证词167,detailed,2000,0
chapter-2293,2293,7,无有·跳出·播撒证词168,detailed,2000,0
chapter-2294,2294,7,无有·跳出·回声证词169,detailed,2000,0
chapter-2295,2295,7,无有·跳出·新黎明证词170,detailed,2000,0
chapter-2296,2296,7,无有·跳出·无有坠落171,detailed,2000,0
chapter-2297,2297,7,无有·跳出·轮回监狱坠落172,detailed,2000,0
chapter-2298,2298,7,无有·跳出·未诞生混沌坠落173,detailed,2000,0
chapter-2299,2299,7,无有·跳出·种子坠落174,detailed,2000,0
chapter-2300,2300,7,无有·跳出·最后眷恋坠落175,detailed,2000,0
chapter-2301,2301,7,无有·跳出·第一行代码坠落176,detailed,2000,0
chapter-2302,2302,7,无有·跳出·无终点坠落177,detailed,2000,0
chapter-2303,2303,7,无有·跳出·播撒坠落178,detailed,2000,0
chapter-2304,2304,7,无有·跳出·回声坠落179,detailed,2000,0
chapter-2305,2305,7,无有·跳出·新黎明坠落180,detailed,2000,0
chapter-2306,2306,7,无有·跳出·无有重构181,detailed,2000,0
chapter-2307,2307,7,无有·跳出·轮回监狱重构182,detailed,2000,0
chapter-2308,2308,7,无有·跳出·未诞生混沌重构183,detailed,2000,0
chapter-2309,2309,7,无有·跳出·种子重构184,detailed,2000,0
chapter-2310,2310,7,无有·跳出·最后眷恋重构185,detailed,2000,0
chapter-2311,2311,7,无有·跳出·第一行代码重构186,detailed,2000,0
chapter-2312,2312,7,无有·跳出·无终点重构187,detailed,2000,0
chapter-2313,2313,7,无有·跳出·播撒重构188,detailed,2000,0
chapter-2314,2314,7,无有·跳出·回声重构189,detailed,2000,0
chapter-2315,2315,7,无有·跳出·新黎明重构190,detailed,2000,0
chapter-2316,2316,7,无有·跳出·无有余震191,detailed,2000,0
chapter-2317,2317,7,无有·跳出·轮回监狱余震192,detailed,2000,0
chapter-2318,2318,7,无有·跳出·未诞生混沌余震193,detailed,2000,0
chapter-2319,2319,7,无有·跳出·种子余震194,detailed,2000,0
chapter-2320,2320,7,无有·跳出·最后眷恋余震195,detailed,2000,0
chapter-2321,2321,7,无有·跳出·第一行代码余震196,detailed,2000,0
chapter-2322,2322,7,无有·跳出·无终点余震197,detailed,2000,0
chapter-2323,2323,7,无有·跳出·播撒余震198,detailed,2000,0
chapter-2324,2324,7,无有·跳出·回声余震199,detailed,2000,0
chapter-2325,2325,7,无有·跳出·新黎明余震200,detailed,2000,0
chapter-2326,2326,7,无有·跳出·无有初醒201,detailed,2000,0
chapter-2327,2327,7,无有·跳出·轮回监狱初醒202,detailed,2000,0
chapter-2328,2328,7,无有·跳出·未诞生混沌初醒203,detailed,2000,0
chapter-2329,2329,7,无有·跳出·种子初醒204,detailed,2000,0
chapter-2330,2330,7,无有·跳出·最后眷恋初醒205,detailed,2000,0
chapter-2331,2331,7,无有·跳出·第一行代码初醒206,detailed,2000,0
chapter-2332,2332,7,无有·跳出·无终点初醒207,detailed,2000,0
chapter-2333,2333,7,无有·跳出·播撒初醒208,detailed,2000,0
chapter-2334,2334,7,无有·跳出·回声初醒209,detailed,2000,0
chapter-2335,2335,7,无有·跳出·新黎明初醒210,detailed,2000,0
chapter-2336,2336,7,无有·跳出·无有裂响211,detailed,2000,0
chapter-2337,2337,7,无有·跳出·轮回监狱裂响212,detailed,2000,0
chapter-2338,2338,7,无有·跳出·未诞生混沌裂响213,detailed,2000,0
chapter-2339,2339,7,无有·跳出·种子裂响214,detailed,2000,0
chapter-2340,2340,7,无有·跳出·最后眷恋裂响215,detailed,2000,0
chapter-2341,2341,7,无有·跳出·第一行代码裂响216,detailed,2000,0
chapter-2342,2342,7,无有·跳出·无终点裂响217,detailed,2000,0
chapter-2343,2343,7,无有·跳出·播撒裂响218,detailed,2000,0
chapter-2344,2344,7,无有·跳出·回声裂响219,detailed,2000,0
chapter-2345,2345,7,无有·跳出·新黎明裂响220,detailed,2000,0
chapter-2346,2346,7,无有·跳出·无有低语221,detailed,2000,0
chapter-2347,2347,7,无有·跳出·轮回监狱低语222,detailed,2000,0
chapter-2348,2348,7,无有·跳出·未诞生混沌低语223,detailed,2000,0
chapter-2349,2349,7,无有·跳出·种子低语224,detailed,2000,0
chapter-2350,2350,7,无有·跳出·最后眷恋低语225,detailed,2000,0
chapter-2351,2351,7,无有·跳出·第一行代码低语226,detailed,2000,0
chapter-2352,2352,7,无有·跳出·无终点低语227,detailed,2000,0
chapter-2353,2353,7,无有·跳出·播撒低语228,detailed,2000,0
chapter-2354,2354,7,无有·跳出·回声低语229,detailed,2000,0
chapter-2355,2355,7,无有·跳出·新黎明低语230,detailed,2000,0
chapter-2356,2356,7,无有·跳出·无有回潮231,detailed,2000,0
chapter-2357,2357,7,无有·跳出·轮回监狱回潮232,detailed,2000,0
chapter-2358,2358,7,无有·跳出·未诞生混沌回潮233,detailed,2000,0
chapter-2359,2359,7,无有·跳出·种子回潮234,detailed,2000,0
chapter-2360,2360,7,无有·跳出·最后眷恋回潮235,detailed,2000,0
chapter-2361,2361,7,无有·跳出·第一行代码回潮236,detailed,2000,0
chapter-2362,2362,7,无有·跳出·无终点回潮237,detailed,2000,0
chapter-2363,2363,7,无有·跳出·播撒回潮238,detailed,2000,0
chapter-2364,2364,7,无有·跳出·回声回潮239,detailed,2000,0
chapter-2365,2365,7,无有·跳出·新黎明回潮240,detailed,2000,0
chapter-2366,2366,7,无有·跳出·无有折光241,detailed,2000,0
chapter-2367,2367,7,无有·跳出·轮回监狱折光242,detailed,2000,0
chapter-2368,2368,7,无有·跳出·未诞生混沌折光243,detailed,2000,0
chapter-2369,2369,7,无有·跳出·种子折光244,detailed,2000,0
chapter-2370,2370,7,无有·跳出·最后眷恋折光245,detailed,2000,0
chapter-2371,2371,7,无有·跳出·第一行代码折光246,detailed,2000,0
chapter-2372,2372,7,无有·跳出·无终点折光247,detailed,2000,0
chapter-2373,2373,7,无有·跳出·播撒折光248,detailed,2000,0
chapter-2374,2374,7,无有·跳出·回声折光249,detailed,2000,0
chapter-2375,2375,7,无有·跳出·新黎明折光250,detailed,2000,0
chapter-2376,2376,7,无有·跳出·无有暗涌251,detailed,2000,0
chapter-2377,2377,7,无有·跳出·轮回监狱暗涌252,detailed,2000,0
chapter-2378,2378,7,无有·跳出·未诞生混沌暗涌253,detailed,2000,0
chapter-2379,2379,7,无有·跳出·种子暗涌254,detailed,2000,0
chapter-2380,2380,7,无有·跳出·最后眷恋暗涌255,detailed,2000,0
chapter-2381,2381,7,无有·播种回环·第一行代码暗涌256,detailed,2000,0
chapter-2382,2382,7,无有·播种回环·无终点暗涌257,detailed,2000,0
chapter-2383,2383,7,无有·播种回环·播撒暗涌258,detailed,2000,0
chapter-2384,2384,7,无有·播种回环·回声暗涌259,detailed,2000,0
chapter-2385,2385,7,无有·播种回环·新黎明暗涌260,detailed,2000,0
chapter-2386,2386,7,无有·播种回环·无有证词261,detailed,2000,0
chapter-2387,2387,7,无有·播种回环·轮回监狱证词262,detailed,2000,0
chapter-2388,2388,7,无有·播种回环·未诞生混沌证词263,detailed,2000,0
chapter-2389,2389,7,无有·播种回环·种子证词264,detailed,2000,0
chapter-2390,2390,7,无有·播种回环·最后眷恋证词265,detailed,2000,0
chapter-2391,2391,7,无有·播种回环·第一行代码证词266,detailed,2000,0
chapter-2392,2392,7,无有·播种回环·无终点证词267,detailed,2000,0
chapter-2393,2393,7,无有·播种回环·播撒证词268,detailed,2000,0
chapter-2394,2394,7,无有·播种回环·回声证词269,detailed,2000,0
chapter-2395,2395,7,无有·播种回环·新黎明证词270,detailed,2000,0
chapter-2396,2396,7,无有·播种回环·无有坠落271,detailed,2000,0
chapter-2397,2397,7,无有·播种回环·轮回监狱坠落272,detailed,2000,0
chapter-2398,2398,7,无有·播种回环·未诞生混沌坠落273,detailed,2000,0
chapter-2399,2399,7,无有·播种回环·种子坠落274,detailed,2000,0
chapter-2400,2400,7,无有·播种回环·最后眷恋坠落275,detailed,2000,0
chapter-2401,2401,7,无有·播种回环·第一行代码坠落276,detailed,2000,0
chapter-2402,2402,7,无有·播种回环·无终点坠落277,detailed,2000,0
chapter-2403,2403,7,无有·播种回环·播撒坠落278,detailed,2000,0
chapter-2404,2404,7,无有·播种回环·回声坠落279,detailed,2000,0
chapter-2405,2405,7,无有·播种回环·新黎明坠落280,detailed,2000,0
chapter-2406,2406,7,无有·播种回环·无有重构281,detailed,2000,0
chapter-2407,2407,7,无有·播种回环·轮回监狱重构282,detailed,2000,0
chapter-2408,2408,7,无有·播种回环·未诞生混沌重构283,detailed,2000,0
chapter-2409,2409,7,无有·播种回环·种子重构284,detailed,2000,0
chapter-2410,2410,7,无有·播种回环·最后眷恋重构285,detailed,2000,0
chapter-2411,2411,7,无有·播种回环·第一行代码重构286,detailed,2000,0
chapter-2412,2412,7,无有·播种回环·无终点重构287,detailed,2000,0
chapter-2413,2413,7,无有·播种回环·播撒重构288,detailed,2000,0
chapter-2414,2414,7,无有·播种回环·回声重构289,detailed,2000,0
chapter-2415,2415,7,无有·播种回环·新黎明重构290,detailed,2000,0
chapter-2416,2416,7,无有·播种回环·无有余震291,detailed,2000,0
chapter-2417,2417,7,无有·播种回环·轮回监狱余震292,detailed,2000,0
chapter-2418,2418,7,无有·播种回环·未诞生混沌余震293,detailed,2000,0
chapter-2419,2419,7,无有·播种回环·种子余震294,detailed,2000,0
chapter-2420,2420,7,无有·播种回环·最后眷恋余震295,detailed,2000,0
chapter-2421,2421,7,无有·播种回环·第一行代码余震296,detailed,2000,0
chapter-2422,2422,7,无有·播种回环·无终点余震297,detailed,2000,0
chapter-2423,2423,7,无有·播种回环·播撒余震298,detailed,2000,0
chapter-2424,2424,7,无有·播种回环·回声余震299,detailed,2000,0
chapter-2425,2425,7,无有·播种回环·新黎明余震300,detailed,2000,0
chapter-2426,2426,7,无有·播种回环·无有初醒301,detailed,2000,0
chapter-2427,2427,7,无有·播种回环·轮回监狱初醒302,detailed,2000,0
chapter-2428,2428,7,无有·播种回环·未诞生混沌初醒303,detailed,2000,0
chapter-2429,2429,7,无有·播种回环·种子初醒304,detailed,2000,0
chapter-2430,2430,7,无有·播种回环·最后眷恋初醒305,detailed,2000,0
chapter-2431,2431,7,无有·播种回环·第一行代码初醒306,detailed,2000,0
chapter-2432,2432,7,无有·播种回环·无终点初醒307,detailed,2000,0
chapter-2433,2433,7,无有·播种回环·播撒初醒308,detailed,2000,0
chapter-2434,2434,7,无有·播种回环·回声初醒309,detailed,2000,0
chapter-2435,2435,7,无有·播种回环·新黎明初醒310,detailed,2000,0
chapter-2436,2436,7,无有·播种回环·无有裂响311,detailed,2000,0
chapter-2437,2437,7,无有·播种回环·轮回监狱裂响312,detailed,2000,0
chapter-2438,2438,7,无有·播种回环·未诞生混沌裂响313,detailed,2000,0
chapter-2439,2439,7,无有·播种回环·种子裂响314,detailed,2000,0
chapter-2440,2440,7,无有·播种回环·最后眷恋裂响315,detailed,2000,0
chapter-2441,2441,7,无有·播种回环·第一行代码裂响316,detailed,2000,0
chapter-2442,2442,7,无有·播种回环·无终点裂响317,detailed,2000,0
chapter-2443,2443,7,无有·播种回环·播撒裂响318,detailed,2000,0
chapter-2444,2444,7,无有·播种回环·回声裂响319,detailed,2000,0
chapter-2445,2445,7,无有·播种回环·新黎明裂响320,detailed,2000,0
chapter-2446,2446,7,无有·播种回环·无有低语321,detailed,2000,0
chapter-2447,2447,7,无有·播种回环·轮回监狱低语322,detailed,2000,0
chapter-2448,2448,7,无有·播种回环·未诞生混沌低语323,detailed,2000,0
chapter-2449,2449,7,无有·播种回环·种子低语324,detailed,2000,0
chapter-2450,2450,7,无有·播种回环·最后眷恋低语325,detailed,2000,0
chapter-2451,2451,7,无有·播种回环·第一行代码低语326,detailed,2000,0
chapter-2452,2452,7,无有·播种回环·无终点低语327,detailed,2000,0
chapter-2453,2453,7,无有·播种回环·播撒低语328,detailed,2000,0
chapter-2454,2454,7,无有·播种回环·回声低语329,detailed,2000,0
chapter-2455,2455,7,无有·播种回环·新黎明低语330,detailed,2000,0
chapter-2456,2456,7,无有·播种回环·无有回潮331,detailed,2000,0
chapter-2457,2457,7,无有·播种回环·轮回监狱回潮332,detailed,2000,0
chapter-2458,2458,7,无有·播种回环·未诞生混沌回潮333,detailed,2000,0
chapter-2459,2459,7,无有·播种回环·种子回潮334,detailed,2000,0
chapter-2460,2460,7,无有·播种回环·最后眷恋回潮335,detailed,2000,0
chapter-2461,2461,7,无有·播种回环·第一行代码回潮336,detailed,2000,0
chapter-2462,2462,7,无有·播种回环·无终点回潮337,detailed,2000,0
chapter-2463,2463,7,无有·播种回环·播撒回潮338,detailed,2000,0
chapter-2464,2464,7,无有·播种回环·回声回潮339,detailed,2000,0
chapter-2465,2465,7,无有·播种回环·新黎明回潮340,detailed,2000,0
chapter-2466,2466,7,无有·播种回环·无有折光341,detailed,2000,0
chapter-2467,2467,7,无有·播种回环·轮回监狱折光342,detailed,2000,0
chapter-2468,2468,7,无有·播种回环·未诞生混沌折光343,detailed,2000,0
chapter-2469,2469,7,无有·播种回环·种子折光344,detailed,2000,0
chapter-2470,2470,7,无有·播种回环·最后眷恋折光345,detailed,2000,0
chapter-2471,2471,7,无有·播种回环·第一行代码折光346,detailed,2000,0
chapter-2472,2472,7,无有·播种回环·无终点折光347,detailed,2000,0
chapter-2473,2473,7,无有·播种回环·播撒折光348,detailed,2000,0
chapter-2474,2474,7,无有·播种回环·回声折光349,detailed,2000,0
chapter-2475,2475,7,无有·播种回环·新黎明折光350,detailed,2000,0
chapter-2476,2476,7,无有·播种回环·无有暗涌351,detailed,2000,0
chapter-2477,2477,7,无有·播种回环·轮回监狱暗涌352,detailed,2000,0
chapter-2478,2478,7,无有·播种回环·未诞生混沌暗涌353,detailed,2000,0
chapter-2479,2479,7,无有·播种回环·种子暗涌354,detailed,2000,0
chapter-2480,2480,7,无有·播种回环·最后眷恋暗涌355,detailed,2000,0
chapter-2481,2481,7,无有·播种回环·第一行代码暗涌356,detailed,2000,0
chapter-2482,2482,7,无有·播种回环·无终点暗涌357,detailed,2000,0
chapter-2483,2483,7,无有·播种回环·播撒暗涌358,detailed,2000,0
chapter-2484,2484,7,无有·播种回环·回声暗涌359,detailed,2000,0
chapter-2485,2485,7,无有·播种回环·新黎明暗涌360,detailed,2000,0
chapter-2486,2486,7,无有·播种回环·无有证词361,detailed,2000,0
chapter-2487,2487,7,无有·播种回环·轮回监狱证词362,detailed,2000,0
chapter-2488,2488,7,无有·播种回环·未诞生混沌证词363,detailed,2000,0
chapter-2489,2489,7,无有·播种回环·种子证词364,detailed,2000,0
chapter-2490,2490,7,无有·播种回环·最后眷恋证词365,detailed,2000,0
chapter-2491,2491,7,无有·播种回环·第一行代码证词366,detailed,2000,0
chapter-2492,2492,7,无有·播种回环·无终点证词367,detailed,2000,0
chapter-2493,2493,7,无有·播种回环·播撒证词368,detailed,2000,0
chapter-2494,2494,7,无有·播种回环·回声证词369,detailed,2000,0
chapter-2495,2495,7,无有·播种回环·新黎明证词370,detailed,2000,0
chapter-2496,2496,7,无有·播种回环·无有坠落371,detailed,2000,0
chapter-2497,2497,7,无有·播种回环·轮回监狱坠落372,detailed,2000,0
chapter-2498,2498,7,无有·播种回环·未诞生混沌坠落373,detailed,2000,0
chapter-2499,2499,7,无有·播种回环·种子坠落374,detailed,2000,0
chapter-2500,2500,7,无有·播种回环·最后眷恋坠落375,detailed,2000,0
