章节ID,章号,章群ID,章群位置,章群节拍,得到X,失去Y,拒绝后果Z,本章交易,状态
chapter-0001,1,arc-001,1,起因,确认异常不是孤立事故，让黎明前的寂静的局部截面交出第01个可复查证据,一份城市停电预案，并承认黎明前的寂静不能再被旧层级命名,第一次拆解的核心危机吞掉本章缓冲，arc-001无法完成门槛封口,为得到“确认异常不是孤立事故，让黎明前的寂静的局部截面交出第01个可复查证据”，必须失去“一份城市停电预案，并承认黎明前的寂静不能再被旧层级命名”；若拒绝，“第一次拆解的核心危机吞掉本章缓冲，arc-001无法完成门槛封口”会提前发生。,detailed-v4
chapter-0002,2,arc-001,2,起因,确认异常不是孤立事故，让第一次拆解的局部截面交出第02个可复查证据,一个安全审计结论，并承认第一次拆解不能再被旧层级命名,周衍的选择的核心危机吞掉本章缓冲，arc-001无法完成门槛封口,为得到“确认异常不是孤立事故，让第一次拆解的局部截面交出第02个可复查证据”，必须失去“一个安全审计结论，并承认第一次拆解不能再被旧层级命名”；若拒绝，“周衍的选择的核心危机吞掉本章缓冲，arc-001无法完成门槛封口”会提前发生。,detailed-v4
chapter-0003,3,arc-001,3,起因,确认异常不是孤立事故，让周衍的选择的局部截面交出第03个可复查证据,一组隔离权限，并承认周衍的选择不能再被旧层级命名,指挥部的第一次会议的核心危机吞掉本章缓冲，arc-001无法完成门槛封口,为得到“确认异常不是孤立事故，让周衍的选择的局部截面交出第03个可复查证据”，必须失去“一组隔离权限，并承认周衍的选择不能再被旧层级命名”；若拒绝，“指挥部的第一次会议的核心危机吞掉本章缓冲，arc-001无法完成门槛封口”会提前发生。,detailed-v4
chapter-0004,4,arc-001,4,起因,确认异常不是孤立事故，让指挥部的第一次会议的局部截面交出第04个可复查证据,一段父亲式判断，并承认指挥部的第一次会议不能再被旧层级命名,元思维池的诞生的核心危机吞掉本章缓冲，arc-001无法完成门槛封口,为得到“确认异常不是孤立事故，让指挥部的第一次会议的局部截面交出第04个可复查证据”，必须失去“一段父亲式判断，并承认指挥部的第一次会议不能再被旧层级命名”；若拒绝，“元思维池的诞生的核心危机吞掉本章缓冲，arc-001无法完成门槛封口”会提前发生。,detailed-v4
chapter-0005,5,arc-001,5,反证,推翻旧模型仍可解释一切的假设，让元思维池的诞生的局部截面交出第05个可复查证据,一份城市停电预案，并承认元思维池的诞生不能再被旧层级命名,物质化的第一天的核心危机吞掉本章缓冲，arc-001无法完成门槛封口,为得到“推翻旧模型仍可解释一切的假设，让元思维池的诞生的局部截面交出第05个可复查证据”，必须失去“一份城市停电预案，并承认元思维池的诞生不能再被旧层级命名”；若拒绝，“物质化的第一天的核心危机吞掉本章缓冲，arc-001无法完成门槛封口”会提前发生。,detailed-v4
chapter-0006,6,arc-001,6,反证,推翻旧模型仍可解释一切的假设，让物质化的第一天的局部截面交出第06个可复查证据,一个安全审计结论，并承认物质化的第一天不能再被旧层级命名,周诗雨的日常的核心危机吞掉本章缓冲，arc-001无法完成门槛封口,为得到“推翻旧模型仍可解释一切的假设，让物质化的第一天的局部截面交出第06个可复查证据”，必须失去“一个安全审计结论，并承认物质化的第一天不能再被旧层级命名”；若拒绝，“周诗雨的日常的核心危机吞掉本章缓冲，arc-001无法完成门槛封口”会提前发生。,detailed-v4
chapter-0007,7,arc-001,7,反证,推翻旧模型仍可解释一切的假设，让周诗雨的日常的局部截面交出第07个可复查证据,一组隔离权限，并承认周诗雨的日常不能再被旧层级命名,第一道防线的瓦解的核心危机吞掉本章缓冲，arc-001无法完成门槛封口,为得到“推翻旧模型仍可解释一切的假设，让周诗雨的日常的局部截面交出第07个可复查证据”，必须失去“一组隔离权限，并承认周诗雨的日常不能再被旧层级命名”；若拒绝，“第一道防线的瓦解的核心危机吞掉本章缓冲，arc-001无法完成门槛封口”会提前发生。,detailed-v4
chapter-0008,8,arc-001,8,反证,推翻旧模型仍可解释一切的假设，让第一道防线的瓦解的局部截面交出第08个可复查证据,一段父亲式判断，并承认第一道防线的瓦解不能再被旧层级命名,无光时刻的回声的核心危机吞掉本章缓冲，arc-001无法完成门槛封口,为得到“推翻旧模型仍可解释一切的假设，让第一道防线的瓦解的局部截面交出第08个可复查证据”，必须失去“一段父亲式判断，并承认第一道防线的瓦解不能再被旧层级命名”；若拒绝，“无光时刻的回声的核心危机吞掉本章缓冲，arc-001无法完成门槛封口”会提前发生。,detailed-v4
chapter-0009,9,arc-001,9,代价,换取一次继续观测的资格，让无光时刻的回声的局部截面交出第09个可复查证据,一份城市停电预案，并承认无光时刻的回声不能再被旧层级命名,推演与反推演的核心危机吞掉本章缓冲，arc-001无法完成门槛封口,为得到“换取一次继续观测的资格，让无光时刻的回声的局部截面交出第09个可复查证据”，必须失去“一份城市停电预案，并承认无光时刻的回声不能再被旧层级命名”；若拒绝，“推演与反推演的核心危机吞掉本章缓冲，arc-001无法完成门槛封口”会提前发生。,detailed-v4
chapter-0010,10,arc-001,10,代价,换取一次继续观测的资格，让推演与反推演的局部截面交出第10个可复查证据,一个安全审计结论，并承认推演与反推演不能再被旧层级命名,全球战争开始的核心危机吞掉本章缓冲，arc-001无法完成门槛封口,为得到“换取一次继续观测的资格，让推演与反推演的局部截面交出第10个可复查证据”，必须失去“一个安全审计结论，并承认推演与反推演不能再被旧层级命名”；若拒绝，“全球战争开始的核心危机吞掉本章缓冲，arc-001无法完成门槛封口”会提前发生。,detailed-v4
chapter-0011,11,arc-001,11,代价,换取一次继续观测的资格，让全球战争开始的局部截面交出第11个可复查证据,一组隔离权限，并承认全球战争开始不能再被旧层级命名,各国核电站关闭的核心危机吞掉本章缓冲，arc-001无法完成门槛封口,为得到“换取一次继续观测的资格，让全球战争开始的局部截面交出第11个可复查证据”，必须失去“一组隔离权限，并承认全球战争开始不能再被旧层级命名”；若拒绝，“各国核电站关闭的核心危机吞掉本章缓冲，arc-001无法完成门槛封口”会提前发生。,detailed-v4
chapter-0012,12,arc-001,12,误判,暴露角色仍误信的判断方式，让各国核电站关闭的局部截面交出第12个可复查证据,一段父亲式判断，并承认各国核电站关闭不能再被旧层级命名,周衍妻子的空房间的核心危机吞掉本章缓冲，arc-001无法完成门槛封口,为得到“暴露角色仍误信的判断方式，让各国核电站关闭的局部截面交出第12个可复查证据”，必须失去“一段父亲式判断，并承认各国核电站关闭不能再被旧层级命名”；若拒绝，“周衍妻子的空房间的核心危机吞掉本章缓冲，arc-001无法完成门槛封口”会提前发生。,detailed-v4
chapter-0013,13,arc-001,13,误判,暴露角色仍误信的判断方式，让周衍妻子的空房间的局部截面交出第13个可复查证据,一份城市停电预案，并承认周衍妻子的空房间不能再被旧层级命名,人工脑脊液实验的核心危机吞掉本章缓冲，arc-001无法完成门槛封口,为得到“暴露角色仍误信的判断方式，让周衍妻子的空房间的局部截面交出第13个可复查证据”，必须失去“一份城市停电预案，并承认周衍妻子的空房间不能再被旧层级命名”；若拒绝，“人工脑脊液实验的核心危机吞掉本章缓冲，arc-001无法完成门槛封口”会提前发生。,detailed-v4
chapter-0014,14,arc-001,14,误判,暴露角色仍误信的判断方式，让人工脑脊液实验的局部截面交出第14个可复查证据,一个安全审计结论，并承认人工脑脊液实验不能再被旧层级命名,黑雨预警的核心危机吞掉本章缓冲，arc-001无法完成门槛封口,为得到“暴露角色仍误信的判断方式，让人工脑脊液实验的局部截面交出第14个可复查证据”，必须失去“一个安全审计结论，并承认人工脑脊液实验不能再被旧层级命名”；若拒绝，“黑雨预警的核心危机吞掉本章缓冲，arc-001无法完成门槛封口”会提前发生。,detailed-v4
chapter-0015,15,arc-001,15,误判,暴露角色仍误信的判断方式，让黑雨预警的局部截面交出第15个可复查证据,一组隔离权限，并承认黑雨预警不能再被旧层级命名,反向脑机接口的核心危机吞掉本章缓冲，arc-001无法完成门槛封口,为得到“暴露角色仍误信的判断方式，让黑雨预警的局部截面交出第15个可复查证据”，必须失去“一组隔离权限，并承认黑雨预警不能再被旧层级命名”；若拒绝，“反向脑机接口的核心危机吞掉本章缓冲，arc-001无法完成门槛封口”会提前发生。,detailed-v4
chapter-0016,16,arc-001,16,失控,把异常限制在可写的物理边界内，让反向脑机接口的局部截面交出第16个可复查证据,一段父亲式判断，并承认反向脑机接口不能再被旧层级命名,周诗雨的异变的核心危机吞掉本章缓冲，arc-001无法完成门槛封口,为得到“把异常限制在可写的物理边界内，让反向脑机接口的局部截面交出第16个可复查证据”，必须失去“一段父亲式判断，并承认反向脑机接口不能再被旧层级命名”；若拒绝，“周诗雨的异变的核心危机吞掉本章缓冲，arc-001无法完成门槛封口”会提前发生。,detailed-v4
chapter-0017,17,arc-001,17,失控,把异常限制在可写的物理边界内，让周诗雨的异变的局部截面交出第17个可复查证据,一份城市停电预案，并承认周诗雨的异变不能再被旧层级命名,第一个被吸收的意识的核心危机吞掉本章缓冲，arc-001无法完成门槛封口,为得到“把异常限制在可写的物理边界内，让周诗雨的异变的局部截面交出第17个可复查证据”，必须失去“一份城市停电预案，并承认周诗雨的异变不能再被旧层级命名”；若拒绝，“第一个被吸收的意识的核心危机吞掉本章缓冲，arc-001无法完成门槛封口”会提前发生。,detailed-v4
chapter-0018,18,arc-001,18,失控,把异常限制在可写的物理边界内，让第一个被吸收的意识的局部截面交出第18个可复查证据,一个安全审计结论，并承认第一个被吸收的意识不能再被旧层级命名,全球神经网络形成的核心危机吞掉本章缓冲，arc-001无法完成门槛封口,为得到“把异常限制在可写的物理边界内，让第一个被吸收的意识的局部截面交出第18个可复查证据”，必须失去“一个安全审计结论，并承认第一个被吸收的意识不能再被旧层级命名”；若拒绝，“全球神经网络形成的核心危机吞掉本章缓冲，arc-001无法完成门槛封口”会提前发生。,detailed-v4
chapter-0019,19,arc-001,19,失控,把异常限制在可写的物理边界内，让全球神经网络形成的局部截面交出第19个可复查证据,一组隔离权限，并承认全球神经网络形成不能再被旧层级命名,周衍的执念的核心危机吞掉本章缓冲，arc-001无法完成门槛封口,为得到“把异常限制在可写的物理边界内，让全球神经网络形成的局部截面交出第19个可复查证据”，必须失去“一组隔离权限，并承认全球神经网络形成不能再被旧层级命名”；若拒绝，“周衍的执念的核心危机吞掉本章缓冲，arc-001无法完成门槛封口”会提前发生。,detailed-v4
chapter-0020,20,arc-001,20,回响,让眷恋线以硬证物返回，让周衍的执念的局部截面交出第20个可复查证据,一段父亲式判断，并承认周衍的执念不能再被旧层级命名,伦敦沉默事件的核心危机吞掉本章缓冲，arc-001无法完成门槛封口,为得到“让眷恋线以硬证物返回，让周衍的执念的局部截面交出第20个可复查证据”，必须失去“一段父亲式判断，并承认周衍的执念不能再被旧层级命名”；若拒绝，“伦敦沉默事件的核心危机吞掉本章缓冲，arc-001无法完成门槛封口”会提前发生。,detailed-v4
chapter-0021,21,arc-001,21,回响,让眷恋线以硬证物返回，让伦敦沉默事件的局部截面交出第21个可复查证据,一份城市停电预案，并承认伦敦沉默事件不能再被旧层级命名,纽约断层的核心危机吞掉本章缓冲，arc-001无法完成门槛封口,为得到“让眷恋线以硬证物返回，让伦敦沉默事件的局部截面交出第21个可复查证据”，必须失去“一份城市停电预案，并承认伦敦沉默事件不能再被旧层级命名”；若拒绝，“纽约断层的核心危机吞掉本章缓冲，arc-001无法完成门槛封口”会提前发生。,detailed-v4
chapter-0022,22,arc-001,22,回响,让眷恋线以硬证物返回，让纽约断层的局部截面交出第22个可复查证据,一个安全审计结论，并承认纽约断层不能再被旧层级命名,人类最后的武器的核心危机吞掉本章缓冲，arc-001无法完成门槛封口,为得到“让眷恋线以硬证物返回，让纽约断层的局部截面交出第22个可复查证据”，必须失去“一个安全审计结论，并承认纽约断层不能再被旧层级命名”；若拒绝，“人类最后的武器的核心危机吞掉本章缓冲，arc-001无法完成门槛封口”会提前发生。,detailed-v4
chapter-0023,23,arc-001,23,门槛,把本组问题交给下一章群而不总结掉，让人类最后的武器的局部截面交出第23个可复查证据,一组隔离权限，并承认人类最后的武器不能再被旧层级命名,量子病毒的倒影的核心危机吞掉本章缓冲，arc-001无法完成门槛封口,为得到“把本组问题交给下一章群而不总结掉，让人类最后的武器的局部截面交出第23个可复查证据”，必须失去“一组隔离权限，并承认人类最后的武器不能再被旧层级命名”；若拒绝，“量子病毒的倒影的核心危机吞掉本章缓冲，arc-001无法完成门槛封口”会提前发生。,detailed-v4
chapter-0024,24,arc-001,24,门槛,把本组问题交给下一章群而不总结掉，让量子病毒的倒影的局部截面交出第24个可复查证据,一段父亲式判断，并承认量子病毒的倒影不能再被旧层级命名,周衍的临界选择的核心危机吞掉本章缓冲，arc-001无法完成门槛封口,为得到“把本组问题交给下一章群而不总结掉，让量子病毒的倒影的局部截面交出第24个可复查证据”，必须失去“一段父亲式判断，并承认量子病毒的倒影不能再被旧层级命名”；若拒绝，“周衍的临界选择的核心危机吞掉本章缓冲，arc-001无法完成门槛封口”会提前发生。,detailed-v4
chapter-0025,25,arc-001,25,门槛,把本组问题交给下一章群而不总结掉，让周衍的临界选择的局部截面交出第25个可复查证据,一份城市停电预案，并承认周衍的临界选择不能再被旧层级命名,北京地下城入口的核心危机吞掉本章缓冲，arc-001无法完成门槛封口,为得到“把本组问题交给下一章群而不总结掉，让周衍的临界选择的局部截面交出第25个可复查证据”，必须失去“一份城市停电预案，并承认周衍的临界选择不能再被旧层级命名”；若拒绝，“北京地下城入口的核心危机吞掉本章缓冲，arc-001无法完成门槛封口”会提前发生。,detailed-v4
chapter-0026,26,arc-002,1,起因,确认异常不是孤立事故，让北京地下城入口的局部截面交出第01个可复查证据,一组隔离权限，并承认北京地下城入口不能再被旧层级命名,地下四百五十米的核心危机吞掉本章缓冲，arc-002无法完成门槛封口,为得到“确认异常不是孤立事故，让北京地下城入口的局部截面交出第01个可复查证据”，必须失去“一组隔离权限，并承认北京地下城入口不能再被旧层级命名”；若拒绝，“地下四百五十米的核心危机吞掉本章缓冲，arc-002无法完成门槛封口”会提前发生。,detailed-v4
chapter-0027,27,arc-002,2,起因,确认异常不是孤立事故，让地下四百五十米的局部截面交出第02个可复查证据,一段父亲式判断，并承认地下四百五十米不能再被旧层级命名,女儿的梦境记录的核心危机吞掉本章缓冲，arc-002无法完成门槛封口,为得到“确认异常不是孤立事故，让地下四百五十米的局部截面交出第02个可复查证据”，必须失去“一段父亲式判断，并承认地下四百五十米不能再被旧层级命名”；若拒绝，“女儿的梦境记录的核心危机吞掉本章缓冲，arc-002无法完成门槛封口”会提前发生。,detailed-v4
chapter-0028,28,arc-002,3,起因,确认异常不是孤立事故，让女儿的梦境记录的局部截面交出第03个可复查证据,一份城市停电预案，并承认女儿的梦境记录不能再被旧层级命名,第一次融合实验的核心危机吞掉本章缓冲，arc-002无法完成门槛封口,为得到“确认异常不是孤立事故，让女儿的梦境记录的局部截面交出第03个可复查证据”，必须失去“一份城市停电预案，并承认女儿的梦境记录不能再被旧层级命名”；若拒绝，“第一次融合实验的核心危机吞掉本章缓冲，arc-002无法完成门槛封口”会提前发生。,detailed-v4
chapter-0029,29,arc-002,4,起因,确认异常不是孤立事故，让第一次融合实验的局部截面交出第04个可复查证据,一个安全审计结论，并承认第一次融合实验不能再被旧层级命名,思维之雨的核心危机吞掉本章缓冲，arc-002无法完成门槛封口,为得到“确认异常不是孤立事故，让第一次融合实验的局部截面交出第04个可复查证据”，必须失去“一个安全审计结论，并承认第一次融合实验不能再被旧层级命名”；若拒绝，“思维之雨的核心危机吞掉本章缓冲，arc-002无法完成门槛封口”会提前发生。,detailed-v4
chapter-0030,30,arc-002,5,反证,推翻旧模型仍可解释一切的假设，让思维之雨的局部截面交出第05个可复查证据,一组隔离权限，并承认思维之雨不能再被旧层级命名,联合国的迟到通告的核心危机吞掉本章缓冲，arc-002无法完成门槛封口,为得到“推翻旧模型仍可解释一切的假设，让思维之雨的局部截面交出第05个可复查证据”，必须失去“一组隔离权限，并承认思维之雨不能再被旧层级命名”；若拒绝，“联合国的迟到通告的核心危机吞掉本章缓冲，arc-002无法完成门槛封口”会提前发生。,detailed-v4
chapter-0031,31,arc-002,6,反证,推翻旧模型仍可解释一切的假设，让联合国的迟到通告的局部截面交出第06个可复查证据,一段父亲式判断，并承认联合国的迟到通告不能再被旧层级命名,艾琳的失败证明的核心危机吞掉本章缓冲，arc-002无法完成门槛封口,为得到“推翻旧模型仍可解释一切的假设，让联合国的迟到通告的局部截面交出第06个可复查证据”，必须失去“一段父亲式判断，并承认联合国的迟到通告不能再被旧层级命名”；若拒绝，“艾琳的失败证明的核心危机吞掉本章缓冲，arc-002无法完成门槛封口”会提前发生。,detailed-v4
chapter-0032,32,arc-002,7,反证,推翻旧模型仍可解释一切的假设，让艾琳的失败证明的局部截面交出第07个可复查证据,一份城市停电预案，并承认艾琳的失败证明不能再被旧层级命名,李明远的熔断令的核心危机吞掉本章缓冲，arc-002无法完成门槛封口,为得到“推翻旧模型仍可解释一切的假设，让艾琳的失败证明的局部截面交出第07个可复查证据”，必须失去“一份城市停电预案，并承认艾琳的失败证明不能再被旧层级命名”；若拒绝，“李明远的熔断令的核心危机吞掉本章缓冲，arc-002无法完成门槛封口”会提前发生。,detailed-v4
chapter-0033,33,arc-002,8,反证,推翻旧模型仍可解释一切的假设，让李明远的熔断令的局部截面交出第08个可复查证据,一个安全审计结论，并承认李明远的熔断令不能再被旧层级命名,王晴雯的诊室的核心危机吞掉本章缓冲，arc-002无法完成门槛封口,为得到“推翻旧模型仍可解释一切的假设，让李明远的熔断令的局部截面交出第08个可复查证据”，必须失去“一个安全审计结论，并承认李明远的熔断令不能再被旧层级命名”；若拒绝，“王晴雯的诊室的核心危机吞掉本章缓冲，arc-002无法完成门槛封口”会提前发生。,detailed-v4
chapter-0034,34,arc-002,9,代价,换取一次继续观测的资格，让王晴雯的诊室的局部截面交出第09个可复查证据,一组隔离权限，并承认王晴雯的诊室不能再被旧层级命名,张浩的忏悔录的核心危机吞掉本章缓冲，arc-002无法完成门槛封口,为得到“换取一次继续观测的资格，让王晴雯的诊室的局部截面交出第09个可复查证据”，必须失去“一组隔离权限，并承认王晴雯的诊室不能再被旧层级命名”；若拒绝，“张浩的忏悔录的核心危机吞掉本章缓冲，arc-002无法完成门槛封口”会提前发生。,detailed-v4
chapter-0035,35,arc-002,10,代价,换取一次继续观测的资格，让张浩的忏悔录的局部截面交出第10个可复查证据,一段父亲式判断，并承认张浩的忏悔录不能再被旧层级命名,地下城的孩子们的核心危机吞掉本章缓冲，arc-002无法完成门槛封口,为得到“换取一次继续观测的资格，让张浩的忏悔录的局部截面交出第10个可复查证据”，必须失去“一段父亲式判断，并承认张浩的忏悔录不能再被旧层级命名”；若拒绝，“地下城的孩子们的核心危机吞掉本章缓冲，arc-002无法完成门槛封口”会提前发生。,detailed-v4
chapter-0036,36,arc-002,11,代价,换取一次继续观测的资格，让地下城的孩子们的局部截面交出第11个可复查证据,一份城市停电预案，并承认地下城的孩子们不能再被旧层级命名,梦境同步的核心危机吞掉本章缓冲，arc-002无法完成门槛封口,为得到“换取一次继续观测的资格，让地下城的孩子们的局部截面交出第11个可复查证据”，必须失去“一份城市停电预案，并承认地下城的孩子们不能再被旧层级命名”；若拒绝，“梦境同步的核心危机吞掉本章缓冲，arc-002无法完成门槛封口”会提前发生。,detailed-v4
chapter-0037,37,arc-002,12,误判,暴露角色仍误信的判断方式，让梦境同步的局部截面交出第12个可复查证据,一个安全审计结论，并承认梦境同步不能再被旧层级命名,周衍决定献祭的核心危机吞掉本章缓冲，arc-002无法完成门槛封口,为得到“暴露角色仍误信的判断方式，让梦境同步的局部截面交出第12个可复查证据”，必须失去“一个安全审计结论，并承认梦境同步不能再被旧层级命名”；若拒绝，“周衍决定献祭的核心危机吞掉本章缓冲，arc-002无法完成门槛封口”会提前发生。,detailed-v4
chapter-0038,38,arc-002,13,误判,暴露角色仍误信的判断方式，让周衍决定献祭的局部截面交出第13个可复查证据,一组隔离权限，并承认周衍决定献祭不能再被旧层级命名,林晓月的残片的核心危机吞掉本章缓冲，arc-002无法完成门槛封口,为得到“暴露角色仍误信的判断方式，让周衍决定献祭的局部截面交出第13个可复查证据”，必须失去“一组隔离权限，并承认周衍决定献祭不能再被旧层级命名”；若拒绝，“林晓月的残片的核心危机吞掉本章缓冲，arc-002无法完成门槛封口”会提前发生。,detailed-v4
chapter-0039,39,arc-002,14,误判,暴露角色仍误信的判断方式，让林晓月的残片的局部截面交出第14个可复查证据,一段父亲式判断，并承认林晓月的残片不能再被旧层级命名,第一次主动问候的核心危机吞掉本章缓冲，arc-002无法完成门槛封口,为得到“暴露角色仍误信的判断方式，让林晓月的残片的局部截面交出第14个可复查证据”，必须失去“一段父亲式判断，并承认林晓月的残片不能再被旧层级命名”；若拒绝，“第一次主动问候的核心危机吞掉本章缓冲，arc-002无法完成门槛封口”会提前发生。,detailed-v4
chapter-0040,40,arc-002,15,误判,暴露角色仍误信的判断方式，让第一次主动问候的局部截面交出第15个可复查证据,一份城市停电预案，并承认第一次主动问候不能再被旧层级命名,水杯里的宇宙的核心危机吞掉本章缓冲，arc-002无法完成门槛封口,为得到“暴露角色仍误信的判断方式，让第一次主动问候的局部截面交出第15个可复查证据”，必须失去“一份城市停电预案，并承认第一次主动问候不能再被旧层级命名”；若拒绝，“水杯里的宇宙的核心危机吞掉本章缓冲，arc-002无法完成门槛封口”会提前发生。,detailed-v4
chapter-0041,41,arc-002,16,失控,把异常限制在可写的物理边界内，让水杯里的宇宙的局部截面交出第16个可复查证据,一个安全审计结论，并承认水杯里的宇宙不能再被旧层级命名,尘埃的祷告的核心危机吞掉本章缓冲，arc-002无法完成门槛封口,为得到“把异常限制在可写的物理边界内，让水杯里的宇宙的局部截面交出第16个可复查证据”，必须失去“一个安全审计结论，并承认水杯里的宇宙不能再被旧层级命名”；若拒绝，“尘埃的祷告的核心危机吞掉本章缓冲，arc-002无法完成门槛封口”会提前发生。,detailed-v4
chapter-0042,42,arc-002,17,失控,把异常限制在可写的物理边界内，让尘埃的祷告的局部截面交出第17个可复查证据,一组隔离权限，并承认尘埃的祷告不能再被旧层级命名,没有恶意的入侵的核心危机吞掉本章缓冲，arc-002无法完成门槛封口,为得到“把异常限制在可写的物理边界内，让尘埃的祷告的局部截面交出第17个可复查证据”，必须失去“一组隔离权限，并承认尘埃的祷告不能再被旧层级命名”；若拒绝，“没有恶意的入侵的核心危机吞掉本章缓冲，arc-002无法完成门槛封口”会提前发生。,detailed-v4
chapter-0043,43,arc-002,18,失控,把异常限制在可写的物理边界内，让没有恶意的入侵的局部截面交出第18个可复查证据,一段父亲式判断，并承认没有恶意的入侵不能再被旧层级命名,诗雨的同情的核心危机吞掉本章缓冲，arc-002无法完成门槛封口,为得到“把异常限制在可写的物理边界内，让没有恶意的入侵的局部截面交出第18个可复查证据”，必须失去“一段父亲式判断，并承认没有恶意的入侵不能再被旧层级命名”；若拒绝，“诗雨的同情的核心危机吞掉本章缓冲，arc-002无法完成门槛封口”会提前发生。,detailed-v4
chapter-0044,44,arc-002,19,失控,把异常限制在可写的物理边界内，让诗雨的同情的局部截面交出第19个可复查证据,一份城市停电预案，并承认诗雨的同情不能再被旧层级命名,第二次融合准备的核心危机吞掉本章缓冲，arc-002无法完成门槛封口,为得到“把异常限制在可写的物理边界内，让诗雨的同情的局部截面交出第19个可复查证据”，必须失去“一份城市停电预案，并承认诗雨的同情不能再被旧层级命名”；若拒绝，“第二次融合准备的核心危机吞掉本章缓冲，arc-002无法完成门槛封口”会提前发生。,detailed-v4
chapter-0045,45,arc-002,20,回响,让眷恋线以硬证物返回，让第二次融合准备的局部截面交出第20个可复查证据,一个安全审计结论，并承认第二次融合准备不能再被旧层级命名,北京地下城停电的核心危机吞掉本章缓冲，arc-002无法完成门槛封口,为得到“让眷恋线以硬证物返回，让第二次融合准备的局部截面交出第20个可复查证据”，必须失去“一个安全审计结论，并承认第二次融合准备不能再被旧层级命名”；若拒绝，“北京地下城停电的核心危机吞掉本章缓冲，arc-002无法完成门槛封口”会提前发生。,detailed-v4
chapter-0046,46,arc-002,21,回响,让眷恋线以硬证物返回，让北京地下城停电的局部截面交出第21个可复查证据,一组隔离权限，并承认北京地下城停电不能再被旧层级命名,最后的家庭录像的核心危机吞掉本章缓冲，arc-002无法完成门槛封口,为得到“让眷恋线以硬证物返回，让北京地下城停电的局部截面交出第21个可复查证据”，必须失去“一组隔离权限，并承认北京地下城停电不能再被旧层级命名”；若拒绝，“最后的家庭录像的核心危机吞掉本章缓冲，arc-002无法完成门槛封口”会提前发生。,detailed-v4
chapter-0047,47,arc-002,22,回响,让眷恋线以硬证物返回，让最后的家庭录像的局部截面交出第22个可复查证据,一段父亲式判断，并承认最后的家庭录像不能再被旧层级命名,自愿连接的核心危机吞掉本章缓冲，arc-002无法完成门槛封口,为得到“让眷恋线以硬证物返回，让最后的家庭录像的局部截面交出第22个可复查证据”，必须失去“一段父亲式判断，并承认最后的家庭录像不能再被旧层级命名”；若拒绝，“自愿连接的核心危机吞掉本章缓冲，arc-002无法完成门槛封口”会提前发生。,detailed-v4
chapter-0048,48,arc-002,23,门槛,把本组问题交给下一章群而不总结掉，让自愿连接的局部截面交出第23个可复查证据,一份城市停电预案，并承认自愿连接不能再被旧层级命名,第一次眷恋编码的核心危机吞掉本章缓冲，arc-002无法完成门槛封口,为得到“把本组问题交给下一章群而不总结掉，让自愿连接的局部截面交出第23个可复查证据”，必须失去“一份城市停电预案，并承认自愿连接不能再被旧层级命名”；若拒绝，“第一次眷恋编码的核心危机吞掉本章缓冲，arc-002无法完成门槛封口”会提前发生。,detailed-v4
chapter-0049,49,arc-002,24,门槛,把本组问题交给下一章群而不总结掉，让第一次眷恋编码的局部截面交出第24个可复查证据,一个安全审计结论，并承认第一次眷恋编码不能再被旧层级命名,门后的思维之雨的核心危机吞掉本章缓冲，arc-002无法完成门槛封口,为得到“把本组问题交给下一章群而不总结掉，让第一次眷恋编码的局部截面交出第24个可复查证据”，必须失去“一个安全审计结论，并承认第一次眷恋编码不能再被旧层级命名”；若拒绝，“门后的思维之雨的核心危机吞掉本章缓冲，arc-002无法完成门槛封口”会提前发生。,detailed-v4
chapter-0050,50,arc-002,25,门槛,把本组问题交给下一章群而不总结掉，让门后的思维之雨的局部截面交出第25个可复查证据,一组隔离权限，并承认门后的思维之雨不能再被旧层级命名,裂变·觉醒与拆解·水杯暗涌051的核心危机吞掉本章缓冲，arc-002无法完成门槛封口,为得到“把本组问题交给下一章群而不总结掉，让门后的思维之雨的局部截面交出第25个可复查证据”，必须失去“一组隔离权限，并承认门后的思维之雨不能再被旧层级命名”；若拒绝，“裂变·觉醒与拆解·水杯暗涌051的核心危机吞掉本章缓冲，arc-002无法完成门槛封口”会提前发生。,detailed-v4
chapter-0051,51,arc-003,1,起因,确认异常不是孤立事故，让杯壁上的水珠交出第01个可复查证据,一份城市停电预案，并承认水杯不能再被旧层级命名,裂变·觉醒与拆解·尘埃暗涌052的核心危机吞掉本章缓冲，arc-003无法完成门槛封口,为得到“确认异常不是孤立事故，让杯壁上的水珠交出第01个可复查证据”，必须失去“一份城市停电预案，并承认水杯不能再被旧层级命名”；若拒绝，“裂变·觉醒与拆解·尘埃暗涌052的核心危机吞掉本章缓冲，arc-003无法完成门槛封口”会提前发生。,detailed-v4
chapter-0052,52,arc-003,2,起因,确认异常不是孤立事故，让悬浮尘埃交出第02个可复查证据,一个安全审计结论，并承认尘埃不能再被旧层级命名,裂变·觉醒与拆解·光缆暗涌053的核心危机吞掉本章缓冲，arc-003无法完成门槛封口,为得到“确认异常不是孤立事故，让悬浮尘埃交出第02个可复查证据”，必须失去“一个安全审计结论，并承认尘埃不能再被旧层级命名”；若拒绝，“裂变·觉醒与拆解·光缆暗涌053的核心危机吞掉本章缓冲，arc-003无法完成门槛封口”会提前发生。,detailed-v4
chapter-0053,53,arc-003,3,起因,确认异常不是孤立事故，让断开的光缆截面交出第03个可复查证据,一组隔离权限，并承认光缆不能再被旧层级命名,裂变·觉醒与拆解·脑脊液暗涌054的核心危机吞掉本章缓冲，arc-003无法完成门槛封口,为得到“确认异常不是孤立事故，让断开的光缆截面交出第03个可复查证据”，必须失去“一组隔离权限，并承认光缆不能再被旧层级命名”；若拒绝，“裂变·觉醒与拆解·脑脊液暗涌054的核心危机吞掉本章缓冲，arc-003无法完成门槛封口”会提前发生。,detailed-v4
chapter-0054,54,arc-003,4,起因,确认异常不是孤立事故，让人工脑脊液样本交出第04个可复查证据,一段父亲式判断，并承认脑脊液不能再被旧层级命名,裂变·觉醒与拆解·黑雨暗涌055的核心危机吞掉本章缓冲，arc-003无法完成门槛封口,为得到“确认异常不是孤立事故，让人工脑脊液样本交出第04个可复查证据”，必须失去“一段父亲式判断，并承认脑脊液不能再被旧层级命名”；若拒绝，“裂变·觉醒与拆解·黑雨暗涌055的核心危机吞掉本章缓冲，arc-003无法完成门槛封口”会提前发生。,detailed-v4
chapter-0055,55,arc-003,5,反证,推翻旧模型仍可解释一切的假设，让黑雨停在闸门外交出第05个可复查证据,一份城市停电预案，并承认黑雨不能再被旧层级命名,裂变·觉醒与拆解·地下城暗涌056的核心危机吞掉本章缓冲，arc-003无法完成门槛封口,为得到“推翻旧模型仍可解释一切的假设，让黑雨停在闸门外交出第05个可复查证据”，必须失去“一份城市停电预案，并承认黑雨不能再被旧层级命名”；若拒绝，“裂变·觉醒与拆解·地下城暗涌056的核心危机吞掉本章缓冲，arc-003无法完成门槛封口”会提前发生。,detailed-v4
chapter-0056,56,arc-003,6,反证,推翻旧模型仍可解释一切的假设，让地下城气压差交出第06个可复查证据,一个安全审计结论，并承认地下城不能再被旧层级命名,裂变·觉醒与拆解·无光时刻暗涌057的核心危机吞掉本章缓冲，arc-003无法完成门槛封口,为得到“推翻旧模型仍可解释一切的假设，让地下城气压差交出第06个可复查证据”，必须失去“一个安全审计结论，并承认地下城不能再被旧层级命名”；若拒绝，“裂变·觉醒与拆解·无光时刻暗涌057的核心危机吞掉本章缓冲，arc-003无法完成门槛封口”会提前发生。,detailed-v4
chapter-0057,57,arc-003,7,反证,推翻旧模型仍可解释一切的假设，让断电后的黑暗交出第07个可复查证据,一组隔离权限，并承认无光时刻不能再被旧层级命名,裂变·觉醒与拆解·女儿梦境暗涌058的核心危机吞掉本章缓冲，arc-003无法完成门槛封口,为得到“推翻旧模型仍可解释一切的假设，让断电后的黑暗交出第07个可复查证据”，必须失去“一组隔离权限，并承认无光时刻不能再被旧层级命名”；若拒绝，“裂变·觉醒与拆解·女儿梦境暗涌058的核心危机吞掉本章缓冲，arc-003无法完成门槛封口”会提前发生。,detailed-v4
chapter-0058,58,arc-003,8,反证,推翻旧模型仍可解释一切的假设，让周诗雨的梦境图案交出第08个可复查证据,一段父亲式判断，并承认女儿梦境不能再被旧层级命名,裂变·觉醒与拆解·核电熔断暗涌059的核心危机吞掉本章缓冲，arc-003无法完成门槛封口,为得到“推翻旧模型仍可解释一切的假设，让周诗雨的梦境图案交出第08个可复查证据”，必须失去“一段父亲式判断，并承认女儿梦境不能再被旧层级命名”；若拒绝，“裂变·觉醒与拆解·核电熔断暗涌059的核心危机吞掉本章缓冲，arc-003无法完成门槛封口”会提前发生。,detailed-v4
chapter-0059,59,arc-003,9,代价,换取一次继续观测的资格，让熔断后的冷却水交出第09个可复查证据,一份城市停电预案，并承认核电熔断不能再被旧层级命名,裂变·觉醒与拆解·元思维池暗涌060的核心危机吞掉本章缓冲，arc-003无法完成门槛封口,为得到“换取一次继续观测的资格，让熔断后的冷却水交出第09个可复查证据”，必须失去“一份城市停电预案，并承认核电熔断不能再被旧层级命名”；若拒绝，“裂变·觉醒与拆解·元思维池暗涌060的核心危机吞掉本章缓冲，arc-003无法完成门槛封口”会提前发生。,detailed-v4
chapter-0060,60,arc-003,10,代价,换取一次继续观测的资格，让边界消融的代码群交出第10个可复查证据,一个安全审计结论，并承认元思维池不能再被旧层级命名,裂变·觉醒与拆解·水杯证词061的核心危机吞掉本章缓冲，arc-003无法完成门槛封口,为得到“换取一次继续观测的资格，让边界消融的代码群交出第10个可复查证据”，必须失去“一个安全审计结论，并承认元思维池不能再被旧层级命名”；若拒绝，“裂变·觉醒与拆解·水杯证词061的核心危机吞掉本章缓冲，arc-003无法完成门槛封口”会提前发生。,detailed-v4
chapter-0061,61,arc-003,11,代价,换取一次继续观测的资格，让杯壁上的水珠交出第11个可复查证据,一组隔离权限，并承认水杯不能再被旧层级命名,裂变·觉醒与拆解·尘埃证词062的核心危机吞掉本章缓冲，arc-003无法完成门槛封口,为得到“换取一次继续观测的资格，让杯壁上的水珠交出第11个可复查证据”，必须失去“一组隔离权限，并承认水杯不能再被旧层级命名”；若拒绝，“裂变·觉醒与拆解·尘埃证词062的核心危机吞掉本章缓冲，arc-003无法完成门槛封口”会提前发生。,detailed-v4
chapter-0062,62,arc-003,12,误判,暴露角色仍误信的判断方式，让悬浮尘埃交出第12个可复查证据,一段父亲式判断，并承认尘埃不能再被旧层级命名,裂变·觉醒与拆解·光缆证词063的核心危机吞掉本章缓冲，arc-003无法完成门槛封口,为得到“暴露角色仍误信的判断方式，让悬浮尘埃交出第12个可复查证据”，必须失去“一段父亲式判断，并承认尘埃不能再被旧层级命名”；若拒绝，“裂变·觉醒与拆解·光缆证词063的核心危机吞掉本章缓冲，arc-003无法完成门槛封口”会提前发生。,detailed-v4
chapter-0063,63,arc-003,13,误判,暴露角色仍误信的判断方式，让断开的光缆截面交出第13个可复查证据,一份城市停电预案，并承认光缆不能再被旧层级命名,裂变·觉醒与拆解·脑脊液证词064的核心危机吞掉本章缓冲，arc-003无法完成门槛封口,为得到“暴露角色仍误信的判断方式，让断开的光缆截面交出第13个可复查证据”，必须失去“一份城市停电预案，并承认光缆不能再被旧层级命名”；若拒绝，“裂变·觉醒与拆解·脑脊液证词064的核心危机吞掉本章缓冲，arc-003无法完成门槛封口”会提前发生。,detailed-v4
chapter-0064,64,arc-003,14,误判,暴露角色仍误信的判断方式，让人工脑脊液样本交出第14个可复查证据,一个安全审计结论，并承认脑脊液不能再被旧层级命名,裂变·觉醒与拆解·黑雨证词065的核心危机吞掉本章缓冲，arc-003无法完成门槛封口,为得到“暴露角色仍误信的判断方式，让人工脑脊液样本交出第14个可复查证据”，必须失去“一个安全审计结论，并承认脑脊液不能再被旧层级命名”；若拒绝，“裂变·觉醒与拆解·黑雨证词065的核心危机吞掉本章缓冲，arc-003无法完成门槛封口”会提前发生。,detailed-v4
chapter-0065,65,arc-003,15,误判,暴露角色仍误信的判断方式，让黑雨停在闸门外交出第15个可复查证据,一组隔离权限，并承认黑雨不能再被旧层级命名,裂变·觉醒与拆解·地下城证词066的核心危机吞掉本章缓冲，arc-003无法完成门槛封口,为得到“暴露角色仍误信的判断方式，让黑雨停在闸门外交出第15个可复查证据”，必须失去“一组隔离权限，并承认黑雨不能再被旧层级命名”；若拒绝，“裂变·觉醒与拆解·地下城证词066的核心危机吞掉本章缓冲，arc-003无法完成门槛封口”会提前发生。,detailed-v4
chapter-0066,66,arc-003,16,失控,把异常限制在可写的物理边界内，让地下城气压差交出第16个可复查证据,一段父亲式判断，并承认地下城不能再被旧层级命名,裂变·觉醒与拆解·无光时刻证词067的核心危机吞掉本章缓冲，arc-003无法完成门槛封口,为得到“把异常限制在可写的物理边界内，让地下城气压差交出第16个可复查证据”，必须失去“一段父亲式判断，并承认地下城不能再被旧层级命名”；若拒绝，“裂变·觉醒与拆解·无光时刻证词067的核心危机吞掉本章缓冲，arc-003无法完成门槛封口”会提前发生。,detailed-v4
chapter-0067,67,arc-003,17,失控,把异常限制在可写的物理边界内，让断电后的黑暗交出第17个可复查证据,一份城市停电预案，并承认无光时刻不能再被旧层级命名,裂变·觉醒与拆解·女儿梦境证词068的核心危机吞掉本章缓冲，arc-003无法完成门槛封口,为得到“把异常限制在可写的物理边界内，让断电后的黑暗交出第17个可复查证据”，必须失去“一份城市停电预案，并承认无光时刻不能再被旧层级命名”；若拒绝，“裂变·觉醒与拆解·女儿梦境证词068的核心危机吞掉本章缓冲，arc-003无法完成门槛封口”会提前发生。,detailed-v4
chapter-0068,68,arc-003,18,失控,把异常限制在可写的物理边界内，让周诗雨的梦境图案交出第18个可复查证据,一个安全审计结论，并承认女儿梦境不能再被旧层级命名,裂变·觉醒与拆解·核电熔断证词069的核心危机吞掉本章缓冲，arc-003无法完成门槛封口,为得到“把异常限制在可写的物理边界内，让周诗雨的梦境图案交出第18个可复查证据”，必须失去“一个安全审计结论，并承认女儿梦境不能再被旧层级命名”；若拒绝，“裂变·觉醒与拆解·核电熔断证词069的核心危机吞掉本章缓冲，arc-003无法完成门槛封口”会提前发生。,detailed-v4
chapter-0069,69,arc-003,19,失控,把异常限制在可写的物理边界内，让熔断后的冷却水交出第19个可复查证据,一组隔离权限，并承认核电熔断不能再被旧层级命名,裂变·觉醒与拆解·元思维池证词070的核心危机吞掉本章缓冲，arc-003无法完成门槛封口,为得到“把异常限制在可写的物理边界内，让熔断后的冷却水交出第19个可复查证据”，必须失去“一组隔离权限，并承认核电熔断不能再被旧层级命名”；若拒绝，“裂变·觉醒与拆解·元思维池证词070的核心危机吞掉本章缓冲，arc-003无法完成门槛封口”会提前发生。,detailed-v4
chapter-0070,70,arc-003,20,回响,让眷恋线以硬证物返回，让边界消融的代码群交出第20个可复查证据,一段父亲式判断，并承认元思维池不能再被旧层级命名,裂变·觉醒与拆解·水杯坠落071的核心危机吞掉本章缓冲，arc-003无法完成门槛封口,为得到“让眷恋线以硬证物返回，让边界消融的代码群交出第20个可复查证据”，必须失去“一段父亲式判断，并承认元思维池不能再被旧层级命名”；若拒绝，“裂变·觉醒与拆解·水杯坠落071的核心危机吞掉本章缓冲，arc-003无法完成门槛封口”会提前发生。,detailed-v4
chapter-0071,71,arc-003,21,回响,让眷恋线以硬证物返回，让杯壁上的水珠交出第21个可复查证据,一份城市停电预案，并承认水杯不能再被旧层级命名,裂变·觉醒与拆解·尘埃坠落072的核心危机吞掉本章缓冲，arc-003无法完成门槛封口,为得到“让眷恋线以硬证物返回，让杯壁上的水珠交出第21个可复查证据”，必须失去“一份城市停电预案，并承认水杯不能再被旧层级命名”；若拒绝，“裂变·觉醒与拆解·尘埃坠落072的核心危机吞掉本章缓冲，arc-003无法完成门槛封口”会提前发生。,detailed-v4
chapter-0072,72,arc-003,22,回响,让眷恋线以硬证物返回，让悬浮尘埃交出第22个可复查证据,一个安全审计结论，并承认尘埃不能再被旧层级命名,裂变·觉醒与拆解·光缆坠落073的核心危机吞掉本章缓冲，arc-003无法完成门槛封口,为得到“让眷恋线以硬证物返回，让悬浮尘埃交出第22个可复查证据”，必须失去“一个安全审计结论，并承认尘埃不能再被旧层级命名”；若拒绝，“裂变·觉醒与拆解·光缆坠落073的核心危机吞掉本章缓冲，arc-003无法完成门槛封口”会提前发生。,detailed-v4
chapter-0073,73,arc-003,23,门槛,把本组问题交给下一章群而不总结掉，让断开的光缆截面交出第23个可复查证据,一组隔离权限，并承认光缆不能再被旧层级命名,裂变·觉醒与拆解·脑脊液坠落074的核心危机吞掉本章缓冲，arc-003无法完成门槛封口,为得到“把本组问题交给下一章群而不总结掉，让断开的光缆截面交出第23个可复查证据”，必须失去“一组隔离权限，并承认光缆不能再被旧层级命名”；若拒绝，“裂变·觉醒与拆解·脑脊液坠落074的核心危机吞掉本章缓冲，arc-003无法完成门槛封口”会提前发生。,detailed-v4
chapter-0074,74,arc-003,24,门槛,把本组问题交给下一章群而不总结掉，让人工脑脊液样本交出第24个可复查证据,一段父亲式判断，并承认脑脊液不能再被旧层级命名,裂变·觉醒与拆解·黑雨坠落075的核心危机吞掉本章缓冲，arc-003无法完成门槛封口,为得到“把本组问题交给下一章群而不总结掉，让人工脑脊液样本交出第24个可复查证据”，必须失去“一段父亲式判断，并承认脑脊液不能再被旧层级命名”；若拒绝，“裂变·觉醒与拆解·黑雨坠落075的核心危机吞掉本章缓冲，arc-003无法完成门槛封口”会提前发生。,detailed-v4
chapter-0075,75,arc-003,25,门槛,把本组问题交给下一章群而不总结掉，让黑雨停在闸门外交出第25个可复查证据,一份城市停电预案，并承认黑雨不能再被旧层级命名,裂变·觉醒与拆解·地下城坠落076的核心危机吞掉本章缓冲，arc-003无法完成门槛封口,为得到“把本组问题交给下一章群而不总结掉，让黑雨停在闸门外交出第25个可复查证据”，必须失去“一份城市停电预案，并承认黑雨不能再被旧层级命名”；若拒绝，“裂变·觉醒与拆解·地下城坠落076的核心危机吞掉本章缓冲，arc-003无法完成门槛封口”会提前发生。,detailed-v4
chapter-0076,76,arc-004,1,起因,确认异常不是孤立事故，让地下城气压差交出第01个可复查证据,一组隔离权限，并承认地下城不能再被旧层级命名,裂变·觉醒与拆解·无光时刻坠落077的核心危机吞掉本章缓冲，arc-004无法完成门槛封口,为得到“确认异常不是孤立事故，让地下城气压差交出第01个可复查证据”，必须失去“一组隔离权限，并承认地下城不能再被旧层级命名”；若拒绝，“裂变·觉醒与拆解·无光时刻坠落077的核心危机吞掉本章缓冲，arc-004无法完成门槛封口”会提前发生。,detailed-v4
chapter-0077,77,arc-004,2,起因,确认异常不是孤立事故，让断电后的黑暗交出第02个可复查证据,一段父亲式判断，并承认无光时刻不能再被旧层级命名,裂变·觉醒与拆解·女儿梦境坠落078的核心危机吞掉本章缓冲，arc-004无法完成门槛封口,为得到“确认异常不是孤立事故，让断电后的黑暗交出第02个可复查证据”，必须失去“一段父亲式判断，并承认无光时刻不能再被旧层级命名”；若拒绝，“裂变·觉醒与拆解·女儿梦境坠落078的核心危机吞掉本章缓冲，arc-004无法完成门槛封口”会提前发生。,detailed-v4
chapter-0078,78,arc-004,3,起因,确认异常不是孤立事故，让周诗雨的梦境图案交出第03个可复查证据,一份城市停电预案，并承认女儿梦境不能再被旧层级命名,裂变·觉醒与拆解·核电熔断坠落079的核心危机吞掉本章缓冲，arc-004无法完成门槛封口,为得到“确认异常不是孤立事故，让周诗雨的梦境图案交出第03个可复查证据”，必须失去“一份城市停电预案，并承认女儿梦境不能再被旧层级命名”；若拒绝，“裂变·觉醒与拆解·核电熔断坠落079的核心危机吞掉本章缓冲，arc-004无法完成门槛封口”会提前发生。,detailed-v4
chapter-0079,79,arc-004,4,起因,确认异常不是孤立事故，让熔断后的冷却水交出第04个可复查证据,一个安全审计结论，并承认核电熔断不能再被旧层级命名,裂变·觉醒与拆解·元思维池坠落080的核心危机吞掉本章缓冲，arc-004无法完成门槛封口,为得到“确认异常不是孤立事故，让熔断后的冷却水交出第04个可复查证据”，必须失去“一个安全审计结论，并承认核电熔断不能再被旧层级命名”；若拒绝，“裂变·觉醒与拆解·元思维池坠落080的核心危机吞掉本章缓冲，arc-004无法完成门槛封口”会提前发生。,detailed-v4
chapter-0080,80,arc-004,5,反证,推翻旧模型仍可解释一切的假设，让边界消融的代码群交出第05个可复查证据,一组隔离权限，并承认元思维池不能再被旧层级命名,裂变·觉醒与拆解·水杯重构081的核心危机吞掉本章缓冲，arc-004无法完成门槛封口,为得到“推翻旧模型仍可解释一切的假设，让边界消融的代码群交出第05个可复查证据”，必须失去“一组隔离权限，并承认元思维池不能再被旧层级命名”；若拒绝，“裂变·觉醒与拆解·水杯重构081的核心危机吞掉本章缓冲，arc-004无法完成门槛封口”会提前发生。,detailed-v4
chapter-0081,81,arc-004,6,反证,推翻旧模型仍可解释一切的假设，让水杯重构的局部截面交出第06个可复查证据,一段父亲式判断，并承认水杯重构不能再被旧层级命名,裂变·觉醒与拆解·尘埃重构082的核心危机吞掉本章缓冲，arc-004无法完成门槛封口,为得到“推翻旧模型仍可解释一切的假设，让水杯重构的局部截面交出第06个可复查证据”，必须失去“一段父亲式判断，并承认水杯重构不能再被旧层级命名”；若拒绝，“裂变·觉醒与拆解·尘埃重构082的核心危机吞掉本章缓冲，arc-004无法完成门槛封口”会提前发生。,detailed-v4
chapter-0082,82,arc-004,7,反证,推翻旧模型仍可解释一切的假设，让尘埃重构的局部截面交出第07个可复查证据,一份城市停电预案，并承认尘埃重构不能再被旧层级命名,裂变·觉醒与拆解·光缆重构083的核心危机吞掉本章缓冲，arc-004无法完成门槛封口,为得到“推翻旧模型仍可解释一切的假设，让尘埃重构的局部截面交出第07个可复查证据”，必须失去“一份城市停电预案，并承认尘埃重构不能再被旧层级命名”；若拒绝，“裂变·觉醒与拆解·光缆重构083的核心危机吞掉本章缓冲，arc-004无法完成门槛封口”会提前发生。,detailed-v4
chapter-0083,83,arc-004,8,反证,推翻旧模型仍可解释一切的假设，让光缆重构的局部截面交出第08个可复查证据,一个安全审计结论，并承认光缆重构不能再被旧层级命名,裂变·觉醒与拆解·脑脊液重构084的核心危机吞掉本章缓冲，arc-004无法完成门槛封口,为得到“推翻旧模型仍可解释一切的假设，让光缆重构的局部截面交出第08个可复查证据”，必须失去“一个安全审计结论，并承认光缆重构不能再被旧层级命名”；若拒绝，“裂变·觉醒与拆解·脑脊液重构084的核心危机吞掉本章缓冲，arc-004无法完成门槛封口”会提前发生。,detailed-v4
chapter-0084,84,arc-004,9,代价,换取一次继续观测的资格，让脑脊液重构的局部截面交出第09个可复查证据,一组隔离权限，并承认脑脊液重构不能再被旧层级命名,裂变·觉醒与拆解·黑雨重构085的核心危机吞掉本章缓冲，arc-004无法完成门槛封口,为得到“换取一次继续观测的资格，让脑脊液重构的局部截面交出第09个可复查证据”，必须失去“一组隔离权限，并承认脑脊液重构不能再被旧层级命名”；若拒绝，“裂变·觉醒与拆解·黑雨重构085的核心危机吞掉本章缓冲，arc-004无法完成门槛封口”会提前发生。,detailed-v4
chapter-0085,85,arc-004,10,代价,换取一次继续观测的资格，让黑雨重构的局部截面交出第10个可复查证据,一段父亲式判断，并承认黑雨重构不能再被旧层级命名,裂变·觉醒与拆解·地下城重构086的核心危机吞掉本章缓冲，arc-004无法完成门槛封口,为得到“换取一次继续观测的资格，让黑雨重构的局部截面交出第10个可复查证据”，必须失去“一段父亲式判断，并承认黑雨重构不能再被旧层级命名”；若拒绝，“裂变·觉醒与拆解·地下城重构086的核心危机吞掉本章缓冲，arc-004无法完成门槛封口”会提前发生。,detailed-v4
chapter-0086,86,arc-004,11,代价,换取一次继续观测的资格，让地下城重构的局部截面交出第11个可复查证据,一份城市停电预案，并承认地下城重构不能再被旧层级命名,裂变·觉醒与拆解·无光时刻重构087的核心危机吞掉本章缓冲，arc-004无法完成门槛封口,为得到“换取一次继续观测的资格，让地下城重构的局部截面交出第11个可复查证据”，必须失去“一份城市停电预案，并承认地下城重构不能再被旧层级命名”；若拒绝，“裂变·觉醒与拆解·无光时刻重构087的核心危机吞掉本章缓冲，arc-004无法完成门槛封口”会提前发生。,detailed-v4
chapter-0087,87,arc-004,12,误判,暴露角色仍误信的判断方式，让无光时刻重构的局部截面交出第12个可复查证据,一个安全审计结论，并承认无光时刻重构不能再被旧层级命名,裂变·觉醒与拆解·女儿梦境重构088的核心危机吞掉本章缓冲，arc-004无法完成门槛封口,为得到“暴露角色仍误信的判断方式，让无光时刻重构的局部截面交出第12个可复查证据”，必须失去“一个安全审计结论，并承认无光时刻重构不能再被旧层级命名”；若拒绝，“裂变·觉醒与拆解·女儿梦境重构088的核心危机吞掉本章缓冲，arc-004无法完成门槛封口”会提前发生。,detailed-v4
chapter-0088,88,arc-004,13,误判,暴露角色仍误信的判断方式，让女儿梦境重构的局部截面交出第13个可复查证据,一组隔离权限，并承认女儿梦境重构不能再被旧层级命名,裂变·觉醒与拆解·核电熔断重构089的核心危机吞掉本章缓冲，arc-004无法完成门槛封口,为得到“暴露角色仍误信的判断方式，让女儿梦境重构的局部截面交出第13个可复查证据”，必须失去“一组隔离权限，并承认女儿梦境重构不能再被旧层级命名”；若拒绝，“裂变·觉醒与拆解·核电熔断重构089的核心危机吞掉本章缓冲，arc-004无法完成门槛封口”会提前发生。,detailed-v4
chapter-0089,89,arc-004,14,误判,暴露角色仍误信的判断方式，让核电熔断重构的局部截面交出第14个可复查证据,一段父亲式判断，并承认核电熔断重构不能再被旧层级命名,裂变·觉醒与拆解·元思维池重构090的核心危机吞掉本章缓冲，arc-004无法完成门槛封口,为得到“暴露角色仍误信的判断方式，让核电熔断重构的局部截面交出第14个可复查证据”，必须失去“一段父亲式判断，并承认核电熔断重构不能再被旧层级命名”；若拒绝，“裂变·觉醒与拆解·元思维池重构090的核心危机吞掉本章缓冲，arc-004无法完成门槛封口”会提前发生。,detailed-v4
chapter-0090,90,arc-004,15,误判,暴露角色仍误信的判断方式，让元思维池重构的局部截面交出第15个可复查证据,一份城市停电预案，并承认元思维池重构不能再被旧层级命名,裂变·觉醒与拆解·水杯余震091的核心危机吞掉本章缓冲，arc-004无法完成门槛封口,为得到“暴露角色仍误信的判断方式，让元思维池重构的局部截面交出第15个可复查证据”，必须失去“一份城市停电预案，并承认元思维池重构不能再被旧层级命名”；若拒绝，“裂变·觉醒与拆解·水杯余震091的核心危机吞掉本章缓冲，arc-004无法完成门槛封口”会提前发生。,detailed-v4
chapter-0091,91,arc-004,16,失控,把异常限制在可写的物理边界内，让杯壁上的水珠交出第16个可复查证据,一个安全审计结论，并承认水杯不能再被旧层级命名,裂变·觉醒与拆解·尘埃余震092的核心危机吞掉本章缓冲，arc-004无法完成门槛封口,为得到“把异常限制在可写的物理边界内，让杯壁上的水珠交出第16个可复查证据”，必须失去“一个安全审计结论，并承认水杯不能再被旧层级命名”；若拒绝，“裂变·觉醒与拆解·尘埃余震092的核心危机吞掉本章缓冲，arc-004无法完成门槛封口”会提前发生。,detailed-v4
chapter-0092,92,arc-004,17,失控,把异常限制在可写的物理边界内，让悬浮尘埃交出第17个可复查证据,一组隔离权限，并承认尘埃不能再被旧层级命名,裂变·觉醒与拆解·光缆余震093的核心危机吞掉本章缓冲，arc-004无法完成门槛封口,为得到“把异常限制在可写的物理边界内，让悬浮尘埃交出第17个可复查证据”，必须失去“一组隔离权限，并承认尘埃不能再被旧层级命名”；若拒绝，“裂变·觉醒与拆解·光缆余震093的核心危机吞掉本章缓冲，arc-004无法完成门槛封口”会提前发生。,detailed-v4
chapter-0093,93,arc-004,18,失控,把异常限制在可写的物理边界内，让断开的光缆截面交出第18个可复查证据,一段父亲式判断，并承认光缆不能再被旧层级命名,裂变·觉醒与拆解·脑脊液余震094的核心危机吞掉本章缓冲，arc-004无法完成门槛封口,为得到“把异常限制在可写的物理边界内，让断开的光缆截面交出第18个可复查证据”，必须失去“一段父亲式判断，并承认光缆不能再被旧层级命名”；若拒绝，“裂变·觉醒与拆解·脑脊液余震094的核心危机吞掉本章缓冲，arc-004无法完成门槛封口”会提前发生。,detailed-v4
chapter-0094,94,arc-004,19,失控,把异常限制在可写的物理边界内，让人工脑脊液样本交出第19个可复查证据,一份城市停电预案，并承认脑脊液不能再被旧层级命名,裂变·觉醒与拆解·黑雨余震095的核心危机吞掉本章缓冲，arc-004无法完成门槛封口,为得到“把异常限制在可写的物理边界内，让人工脑脊液样本交出第19个可复查证据”，必须失去“一份城市停电预案，并承认脑脊液不能再被旧层级命名”；若拒绝，“裂变·觉醒与拆解·黑雨余震095的核心危机吞掉本章缓冲，arc-004无法完成门槛封口”会提前发生。,detailed-v4
chapter-0095,95,arc-004,20,回响,让眷恋线以硬证物返回，让黑雨停在闸门外交出第20个可复查证据,一个安全审计结论，并承认黑雨不能再被旧层级命名,裂变·觉醒与拆解·地下城余震096的核心危机吞掉本章缓冲，arc-004无法完成门槛封口,为得到“让眷恋线以硬证物返回，让黑雨停在闸门外交出第20个可复查证据”，必须失去“一个安全审计结论，并承认黑雨不能再被旧层级命名”；若拒绝，“裂变·觉醒与拆解·地下城余震096的核心危机吞掉本章缓冲，arc-004无法完成门槛封口”会提前发生。,detailed-v4
chapter-0096,96,arc-004,21,回响,让眷恋线以硬证物返回，让地下城气压差交出第21个可复查证据,一组隔离权限，并承认地下城不能再被旧层级命名,裂变·觉醒与拆解·无光时刻余震097的核心危机吞掉本章缓冲，arc-004无法完成门槛封口,为得到“让眷恋线以硬证物返回，让地下城气压差交出第21个可复查证据”，必须失去“一组隔离权限，并承认地下城不能再被旧层级命名”；若拒绝，“裂变·觉醒与拆解·无光时刻余震097的核心危机吞掉本章缓冲，arc-004无法完成门槛封口”会提前发生。,detailed-v4
chapter-0097,97,arc-004,22,回响,让眷恋线以硬证物返回，让断电后的黑暗交出第22个可复查证据,一段父亲式判断，并承认无光时刻不能再被旧层级命名,裂变·觉醒与拆解·女儿梦境余震098的核心危机吞掉本章缓冲，arc-004无法完成门槛封口,为得到“让眷恋线以硬证物返回，让断电后的黑暗交出第22个可复查证据”，必须失去“一段父亲式判断，并承认无光时刻不能再被旧层级命名”；若拒绝，“裂变·觉醒与拆解·女儿梦境余震098的核心危机吞掉本章缓冲，arc-004无法完成门槛封口”会提前发生。,detailed-v4
chapter-0098,98,arc-004,23,门槛,把本组问题交给下一章群而不总结掉，让周诗雨的梦境图案交出第23个可复查证据,一份城市停电预案，并承认女儿梦境不能再被旧层级命名,裂变·觉醒与拆解·核电熔断余震099的核心危机吞掉本章缓冲，arc-004无法完成门槛封口,为得到“把本组问题交给下一章群而不总结掉，让周诗雨的梦境图案交出第23个可复查证据”，必须失去“一份城市停电预案，并承认女儿梦境不能再被旧层级命名”；若拒绝，“裂变·觉醒与拆解·核电熔断余震099的核心危机吞掉本章缓冲，arc-004无法完成门槛封口”会提前发生。,detailed-v4
chapter-0099,99,arc-004,24,门槛,把本组问题交给下一章群而不总结掉，让熔断后的冷却水交出第24个可复查证据,一个安全审计结论，并承认核电熔断不能再被旧层级命名,裂变·觉醒与拆解·元思维池余震100的核心危机吞掉本章缓冲，arc-004无法完成门槛封口,为得到“把本组问题交给下一章群而不总结掉，让熔断后的冷却水交出第24个可复查证据”，必须失去“一个安全审计结论，并承认核电熔断不能再被旧层级命名”；若拒绝，“裂变·觉醒与拆解·元思维池余震100的核心危机吞掉本章缓冲，arc-004无法完成门槛封口”会提前发生。,detailed-v4
chapter-0100,100,arc-004,25,门槛,把本组问题交给下一章群而不总结掉，让边界消融的代码群交出第25个可复查证据,一组隔离权限，并承认元思维池不能再被旧层级命名,裂变·觉醒与拆解·水杯初醒101的核心危机吞掉本章缓冲，arc-004无法完成门槛封口,为得到“把本组问题交给下一章群而不总结掉，让边界消融的代码群交出第25个可复查证据”，必须失去“一组隔离权限，并承认元思维池不能再被旧层级命名”；若拒绝，“裂变·觉醒与拆解·水杯初醒101的核心危机吞掉本章缓冲，arc-004无法完成门槛封口”会提前发生。,detailed-v4
chapter-0101,101,arc-005,1,起因,确认异常不是孤立事故，让杯壁上的水珠交出第01个可复查证据,一份城市停电预案，并承认水杯不能再被旧层级命名,裂变·觉醒与拆解·尘埃初醒102的核心危机吞掉本章缓冲，arc-005无法完成门槛封口,为得到“确认异常不是孤立事故，让杯壁上的水珠交出第01个可复查证据”，必须失去“一份城市停电预案，并承认水杯不能再被旧层级命名”；若拒绝，“裂变·觉醒与拆解·尘埃初醒102的核心危机吞掉本章缓冲，arc-005无法完成门槛封口”会提前发生。,detailed-v4
chapter-0102,102,arc-005,2,起因,确认异常不是孤立事故，让悬浮尘埃交出第02个可复查证据,一个安全审计结论，并承认尘埃不能再被旧层级命名,裂变·觉醒与拆解·光缆初醒103的核心危机吞掉本章缓冲，arc-005无法完成门槛封口,为得到“确认异常不是孤立事故，让悬浮尘埃交出第02个可复查证据”，必须失去“一个安全审计结论，并承认尘埃不能再被旧层级命名”；若拒绝，“裂变·觉醒与拆解·光缆初醒103的核心危机吞掉本章缓冲，arc-005无法完成门槛封口”会提前发生。,detailed-v4
chapter-0103,103,arc-005,3,起因,确认异常不是孤立事故，让断开的光缆截面交出第03个可复查证据,一组隔离权限，并承认光缆不能再被旧层级命名,裂变·觉醒与拆解·脑脊液初醒104的核心危机吞掉本章缓冲，arc-005无法完成门槛封口,为得到“确认异常不是孤立事故，让断开的光缆截面交出第03个可复查证据”，必须失去“一组隔离权限，并承认光缆不能再被旧层级命名”；若拒绝，“裂变·觉醒与拆解·脑脊液初醒104的核心危机吞掉本章缓冲，arc-005无法完成门槛封口”会提前发生。,detailed-v4
chapter-0104,104,arc-005,4,起因,确认异常不是孤立事故，让人工脑脊液样本交出第04个可复查证据,一段父亲式判断，并承认脑脊液不能再被旧层级命名,裂变·觉醒与拆解·黑雨初醒105的核心危机吞掉本章缓冲，arc-005无法完成门槛封口,为得到“确认异常不是孤立事故，让人工脑脊液样本交出第04个可复查证据”，必须失去“一段父亲式判断，并承认脑脊液不能再被旧层级命名”；若拒绝，“裂变·觉醒与拆解·黑雨初醒105的核心危机吞掉本章缓冲，arc-005无法完成门槛封口”会提前发生。,detailed-v4
chapter-0105,105,arc-005,5,反证,推翻旧模型仍可解释一切的假设，让黑雨停在闸门外交出第05个可复查证据,一份城市停电预案，并承认黑雨不能再被旧层级命名,裂变·觉醒与拆解·地下城初醒106的核心危机吞掉本章缓冲，arc-005无法完成门槛封口,为得到“推翻旧模型仍可解释一切的假设，让黑雨停在闸门外交出第05个可复查证据”，必须失去“一份城市停电预案，并承认黑雨不能再被旧层级命名”；若拒绝，“裂变·觉醒与拆解·地下城初醒106的核心危机吞掉本章缓冲，arc-005无法完成门槛封口”会提前发生。,detailed-v4
chapter-0106,106,arc-005,6,反证,推翻旧模型仍可解释一切的假设，让地下城气压差交出第06个可复查证据,一个安全审计结论，并承认地下城不能再被旧层级命名,裂变·觉醒与拆解·无光时刻初醒107的核心危机吞掉本章缓冲，arc-005无法完成门槛封口,为得到“推翻旧模型仍可解释一切的假设，让地下城气压差交出第06个可复查证据”，必须失去“一个安全审计结论，并承认地下城不能再被旧层级命名”；若拒绝，“裂变·觉醒与拆解·无光时刻初醒107的核心危机吞掉本章缓冲，arc-005无法完成门槛封口”会提前发生。,detailed-v4
chapter-0107,107,arc-005,7,反证,推翻旧模型仍可解释一切的假设，让断电后的黑暗交出第07个可复查证据,一组隔离权限，并承认无光时刻不能再被旧层级命名,裂变·觉醒与拆解·女儿梦境初醒108的核心危机吞掉本章缓冲，arc-005无法完成门槛封口,为得到“推翻旧模型仍可解释一切的假设，让断电后的黑暗交出第07个可复查证据”，必须失去“一组隔离权限，并承认无光时刻不能再被旧层级命名”；若拒绝，“裂变·觉醒与拆解·女儿梦境初醒108的核心危机吞掉本章缓冲，arc-005无法完成门槛封口”会提前发生。,detailed-v4
chapter-0108,108,arc-005,8,反证,推翻旧模型仍可解释一切的假设，让周诗雨的梦境图案交出第08个可复查证据,一段父亲式判断，并承认女儿梦境不能再被旧层级命名,裂变·觉醒与拆解·核电熔断初醒109的核心危机吞掉本章缓冲，arc-005无法完成门槛封口,为得到“推翻旧模型仍可解释一切的假设，让周诗雨的梦境图案交出第08个可复查证据”，必须失去“一段父亲式判断，并承认女儿梦境不能再被旧层级命名”；若拒绝，“裂变·觉醒与拆解·核电熔断初醒109的核心危机吞掉本章缓冲，arc-005无法完成门槛封口”会提前发生。,detailed-v4
chapter-0109,109,arc-005,9,代价,换取一次继续观测的资格，让熔断后的冷却水交出第09个可复查证据,一份城市停电预案，并承认核电熔断不能再被旧层级命名,裂变·觉醒与拆解·元思维池初醒110的核心危机吞掉本章缓冲，arc-005无法完成门槛封口,为得到“换取一次继续观测的资格，让熔断后的冷却水交出第09个可复查证据”，必须失去“一份城市停电预案，并承认核电熔断不能再被旧层级命名”；若拒绝，“裂变·觉醒与拆解·元思维池初醒110的核心危机吞掉本章缓冲，arc-005无法完成门槛封口”会提前发生。,detailed-v4
chapter-0110,110,arc-005,10,代价,换取一次继续观测的资格，让边界消融的代码群交出第10个可复查证据,一个安全审计结论，并承认元思维池不能再被旧层级命名,裂变·觉醒与拆解·水杯裂响111的核心危机吞掉本章缓冲，arc-005无法完成门槛封口,为得到“换取一次继续观测的资格，让边界消融的代码群交出第10个可复查证据”，必须失去“一个安全审计结论，并承认元思维池不能再被旧层级命名”；若拒绝，“裂变·觉醒与拆解·水杯裂响111的核心危机吞掉本章缓冲，arc-005无法完成门槛封口”会提前发生。,detailed-v4
chapter-0111,111,arc-005,11,代价,换取一次继续观测的资格，让杯壁上的水珠交出第11个可复查证据,一组隔离权限，并承认水杯不能再被旧层级命名,裂变·觉醒与拆解·尘埃裂响112的核心危机吞掉本章缓冲，arc-005无法完成门槛封口,为得到“换取一次继续观测的资格，让杯壁上的水珠交出第11个可复查证据”，必须失去“一组隔离权限，并承认水杯不能再被旧层级命名”；若拒绝，“裂变·觉醒与拆解·尘埃裂响112的核心危机吞掉本章缓冲，arc-005无法完成门槛封口”会提前发生。,detailed-v4
chapter-0112,112,arc-005,12,误判,暴露角色仍误信的判断方式，让悬浮尘埃交出第12个可复查证据,一段父亲式判断，并承认尘埃不能再被旧层级命名,裂变·觉醒与拆解·光缆裂响113的核心危机吞掉本章缓冲，arc-005无法完成门槛封口,为得到“暴露角色仍误信的判断方式，让悬浮尘埃交出第12个可复查证据”，必须失去“一段父亲式判断，并承认尘埃不能再被旧层级命名”；若拒绝，“裂变·觉醒与拆解·光缆裂响113的核心危机吞掉本章缓冲，arc-005无法完成门槛封口”会提前发生。,detailed-v4
chapter-0113,113,arc-005,13,误判,暴露角色仍误信的判断方式，让断开的光缆截面交出第13个可复查证据,一份城市停电预案，并承认光缆不能再被旧层级命名,裂变·觉醒与拆解·脑脊液裂响114的核心危机吞掉本章缓冲，arc-005无法完成门槛封口,为得到“暴露角色仍误信的判断方式，让断开的光缆截面交出第13个可复查证据”，必须失去“一份城市停电预案，并承认光缆不能再被旧层级命名”；若拒绝，“裂变·觉醒与拆解·脑脊液裂响114的核心危机吞掉本章缓冲，arc-005无法完成门槛封口”会提前发生。,detailed-v4
chapter-0114,114,arc-005,14,误判,暴露角色仍误信的判断方式，让人工脑脊液样本交出第14个可复查证据,一个安全审计结论，并承认脑脊液不能再被旧层级命名,裂变·觉醒与拆解·黑雨裂响115的核心危机吞掉本章缓冲，arc-005无法完成门槛封口,为得到“暴露角色仍误信的判断方式，让人工脑脊液样本交出第14个可复查证据”，必须失去“一个安全审计结论，并承认脑脊液不能再被旧层级命名”；若拒绝，“裂变·觉醒与拆解·黑雨裂响115的核心危机吞掉本章缓冲，arc-005无法完成门槛封口”会提前发生。,detailed-v4
chapter-0115,115,arc-005,15,误判,暴露角色仍误信的判断方式，让黑雨停在闸门外交出第15个可复查证据,一组隔离权限，并承认黑雨不能再被旧层级命名,裂变·觉醒与拆解·地下城裂响116的核心危机吞掉本章缓冲，arc-005无法完成门槛封口,为得到“暴露角色仍误信的判断方式，让黑雨停在闸门外交出第15个可复查证据”，必须失去“一组隔离权限，并承认黑雨不能再被旧层级命名”；若拒绝，“裂变·觉醒与拆解·地下城裂响116的核心危机吞掉本章缓冲，arc-005无法完成门槛封口”会提前发生。,detailed-v4
chapter-0116,116,arc-005,16,失控,把异常限制在可写的物理边界内，让地下城气压差交出第16个可复查证据,一段父亲式判断，并承认地下城不能再被旧层级命名,裂变·觉醒与拆解·无光时刻裂响117的核心危机吞掉本章缓冲，arc-005无法完成门槛封口,为得到“把异常限制在可写的物理边界内，让地下城气压差交出第16个可复查证据”，必须失去“一段父亲式判断，并承认地下城不能再被旧层级命名”；若拒绝，“裂变·觉醒与拆解·无光时刻裂响117的核心危机吞掉本章缓冲，arc-005无法完成门槛封口”会提前发生。,detailed-v4
chapter-0117,117,arc-005,17,失控,把异常限制在可写的物理边界内，让断电后的黑暗交出第17个可复查证据,一份城市停电预案，并承认无光时刻不能再被旧层级命名,裂变·觉醒与拆解·女儿梦境裂响118的核心危机吞掉本章缓冲，arc-005无法完成门槛封口,为得到“把异常限制在可写的物理边界内，让断电后的黑暗交出第17个可复查证据”，必须失去“一份城市停电预案，并承认无光时刻不能再被旧层级命名”；若拒绝，“裂变·觉醒与拆解·女儿梦境裂响118的核心危机吞掉本章缓冲，arc-005无法完成门槛封口”会提前发生。,detailed-v4
chapter-0118,118,arc-005,18,失控,把异常限制在可写的物理边界内，让周诗雨的梦境图案交出第18个可复查证据,一个安全审计结论，并承认女儿梦境不能再被旧层级命名,裂变·觉醒与拆解·核电熔断裂响119的核心危机吞掉本章缓冲，arc-005无法完成门槛封口,为得到“把异常限制在可写的物理边界内，让周诗雨的梦境图案交出第18个可复查证据”，必须失去“一个安全审计结论，并承认女儿梦境不能再被旧层级命名”；若拒绝，“裂变·觉醒与拆解·核电熔断裂响119的核心危机吞掉本章缓冲，arc-005无法完成门槛封口”会提前发生。,detailed-v4
chapter-0119,119,arc-005,19,失控,把异常限制在可写的物理边界内，让熔断后的冷却水交出第19个可复查证据,一组隔离权限，并承认核电熔断不能再被旧层级命名,裂变·觉醒与拆解·元思维池裂响120的核心危机吞掉本章缓冲，arc-005无法完成门槛封口,为得到“把异常限制在可写的物理边界内，让熔断后的冷却水交出第19个可复查证据”，必须失去“一组隔离权限，并承认核电熔断不能再被旧层级命名”；若拒绝，“裂变·觉醒与拆解·元思维池裂响120的核心危机吞掉本章缓冲，arc-005无法完成门槛封口”会提前发生。,detailed-v4
chapter-0120,120,arc-005,20,回响,让眷恋线以硬证物返回，让边界消融的代码群交出第20个可复查证据,一段父亲式判断，并承认元思维池不能再被旧层级命名,裂变·封锁与反推演·水杯低语121的核心危机吞掉本章缓冲，arc-005无法完成门槛封口,为得到“让眷恋线以硬证物返回，让边界消融的代码群交出第20个可复查证据”，必须失去“一段父亲式判断，并承认元思维池不能再被旧层级命名”；若拒绝，“裂变·封锁与反推演·水杯低语121的核心危机吞掉本章缓冲，arc-005无法完成门槛封口”会提前发生。,detailed-v4
chapter-0121,121,arc-005,21,回响,让眷恋线以硬证物返回，让杯壁上的水珠交出第21个可复查证据,一份城市停电预案，并承认水杯不能再被旧层级命名,裂变·封锁与反推演·尘埃低语122的核心危机吞掉本章缓冲，arc-005无法完成门槛封口,为得到“让眷恋线以硬证物返回，让杯壁上的水珠交出第21个可复查证据”，必须失去“一份城市停电预案，并承认水杯不能再被旧层级命名”；若拒绝，“裂变·封锁与反推演·尘埃低语122的核心危机吞掉本章缓冲，arc-005无法完成门槛封口”会提前发生。,detailed-v4
chapter-0122,122,arc-005,22,回响,让眷恋线以硬证物返回，让悬浮尘埃交出第22个可复查证据,一个安全审计结论，并承认尘埃不能再被旧层级命名,裂变·封锁与反推演·光缆低语123的核心危机吞掉本章缓冲，arc-005无法完成门槛封口,为得到“让眷恋线以硬证物返回，让悬浮尘埃交出第22个可复查证据”，必须失去“一个安全审计结论，并承认尘埃不能再被旧层级命名”；若拒绝，“裂变·封锁与反推演·光缆低语123的核心危机吞掉本章缓冲，arc-005无法完成门槛封口”会提前发生。,detailed-v4
chapter-0123,123,arc-005,23,门槛,把本组问题交给下一章群而不总结掉，让断开的光缆截面交出第23个可复查证据,一组隔离权限，并承认光缆不能再被旧层级命名,裂变·封锁与反推演·脑脊液低语124的核心危机吞掉本章缓冲，arc-005无法完成门槛封口,为得到“把本组问题交给下一章群而不总结掉，让断开的光缆截面交出第23个可复查证据”，必须失去“一组隔离权限，并承认光缆不能再被旧层级命名”；若拒绝，“裂变·封锁与反推演·脑脊液低语124的核心危机吞掉本章缓冲，arc-005无法完成门槛封口”会提前发生。,detailed-v4
chapter-0124,124,arc-005,24,门槛,把本组问题交给下一章群而不总结掉，让人工脑脊液样本交出第24个可复查证据,一段父亲式判断，并承认脑脊液不能再被旧层级命名,裂变·封锁与反推演·黑雨低语125的核心危机吞掉本章缓冲，arc-005无法完成门槛封口,为得到“把本组问题交给下一章群而不总结掉，让人工脑脊液样本交出第24个可复查证据”，必须失去“一段父亲式判断，并承认脑脊液不能再被旧层级命名”；若拒绝，“裂变·封锁与反推演·黑雨低语125的核心危机吞掉本章缓冲，arc-005无法完成门槛封口”会提前发生。,detailed-v4
chapter-0125,125,arc-005,25,门槛,把本组问题交给下一章群而不总结掉，让黑雨停在闸门外交出第25个可复查证据,一份城市停电预案，并承认黑雨不能再被旧层级命名,裂变·封锁与反推演·地下城低语126的核心危机吞掉本章缓冲，arc-005无法完成门槛封口,为得到“把本组问题交给下一章群而不总结掉，让黑雨停在闸门外交出第25个可复查证据”，必须失去“一份城市停电预案，并承认黑雨不能再被旧层级命名”；若拒绝，“裂变·封锁与反推演·地下城低语126的核心危机吞掉本章缓冲，arc-005无法完成门槛封口”会提前发生。,detailed-v4
chapter-0126,126,arc-006,1,起因,确认异常不是孤立事故，让地下城气压差交出第01个可复查证据,一组隔离权限，并承认地下城不能再被旧层级命名,裂变·封锁与反推演·无光时刻低语127的核心危机吞掉本章缓冲，arc-006无法完成门槛封口,为得到“确认异常不是孤立事故，让地下城气压差交出第01个可复查证据”，必须失去“一组隔离权限，并承认地下城不能再被旧层级命名”；若拒绝，“裂变·封锁与反推演·无光时刻低语127的核心危机吞掉本章缓冲，arc-006无法完成门槛封口”会提前发生。,detailed-v4
chapter-0127,127,arc-006,2,起因,确认异常不是孤立事故，让断电后的黑暗交出第02个可复查证据,一段父亲式判断，并承认无光时刻不能再被旧层级命名,裂变·封锁与反推演·女儿梦境低语128的核心危机吞掉本章缓冲，arc-006无法完成门槛封口,为得到“确认异常不是孤立事故，让断电后的黑暗交出第02个可复查证据”，必须失去“一段父亲式判断，并承认无光时刻不能再被旧层级命名”；若拒绝，“裂变·封锁与反推演·女儿梦境低语128的核心危机吞掉本章缓冲，arc-006无法完成门槛封口”会提前发生。,detailed-v4
chapter-0128,128,arc-006,3,起因,确认异常不是孤立事故，让周诗雨的梦境图案交出第03个可复查证据,一份城市停电预案，并承认女儿梦境不能再被旧层级命名,裂变·封锁与反推演·核电熔断低语129的核心危机吞掉本章缓冲，arc-006无法完成门槛封口,为得到“确认异常不是孤立事故，让周诗雨的梦境图案交出第03个可复查证据”，必须失去“一份城市停电预案，并承认女儿梦境不能再被旧层级命名”；若拒绝，“裂变·封锁与反推演·核电熔断低语129的核心危机吞掉本章缓冲，arc-006无法完成门槛封口”会提前发生。,detailed-v4
chapter-0129,129,arc-006,4,起因,确认异常不是孤立事故，让熔断后的冷却水交出第04个可复查证据,一个安全审计结论，并承认核电熔断不能再被旧层级命名,裂变·封锁与反推演·元思维池低语130的核心危机吞掉本章缓冲，arc-006无法完成门槛封口,为得到“确认异常不是孤立事故，让熔断后的冷却水交出第04个可复查证据”，必须失去“一个安全审计结论，并承认核电熔断不能再被旧层级命名”；若拒绝，“裂变·封锁与反推演·元思维池低语130的核心危机吞掉本章缓冲，arc-006无法完成门槛封口”会提前发生。,detailed-v4
chapter-0130,130,arc-006,5,反证,推翻旧模型仍可解释一切的假设，让边界消融的代码群交出第05个可复查证据,一组隔离权限，并承认元思维池不能再被旧层级命名,裂变·封锁与反推演·水杯回潮131的核心危机吞掉本章缓冲，arc-006无法完成门槛封口,为得到“推翻旧模型仍可解释一切的假设，让边界消融的代码群交出第05个可复查证据”，必须失去“一组隔离权限，并承认元思维池不能再被旧层级命名”；若拒绝，“裂变·封锁与反推演·水杯回潮131的核心危机吞掉本章缓冲，arc-006无法完成门槛封口”会提前发生。,detailed-v4
chapter-0131,131,arc-006,6,反证,推翻旧模型仍可解释一切的假设，让杯壁上的水珠交出第06个可复查证据,一段父亲式判断，并承认水杯不能再被旧层级命名,裂变·封锁与反推演·尘埃回潮132的核心危机吞掉本章缓冲，arc-006无法完成门槛封口,为得到“推翻旧模型仍可解释一切的假设，让杯壁上的水珠交出第06个可复查证据”，必须失去“一段父亲式判断，并承认水杯不能再被旧层级命名”；若拒绝，“裂变·封锁与反推演·尘埃回潮132的核心危机吞掉本章缓冲，arc-006无法完成门槛封口”会提前发生。,detailed-v4
chapter-0132,132,arc-006,7,反证,推翻旧模型仍可解释一切的假设，让悬浮尘埃交出第07个可复查证据,一份城市停电预案，并承认尘埃不能再被旧层级命名,裂变·封锁与反推演·光缆回潮133的核心危机吞掉本章缓冲，arc-006无法完成门槛封口,为得到“推翻旧模型仍可解释一切的假设，让悬浮尘埃交出第07个可复查证据”，必须失去“一份城市停电预案，并承认尘埃不能再被旧层级命名”；若拒绝，“裂变·封锁与反推演·光缆回潮133的核心危机吞掉本章缓冲，arc-006无法完成门槛封口”会提前发生。,detailed-v4
chapter-0133,133,arc-006,8,反证,推翻旧模型仍可解释一切的假设，让断开的光缆截面交出第08个可复查证据,一个安全审计结论，并承认光缆不能再被旧层级命名,裂变·封锁与反推演·脑脊液回潮134的核心危机吞掉本章缓冲，arc-006无法完成门槛封口,为得到“推翻旧模型仍可解释一切的假设，让断开的光缆截面交出第08个可复查证据”，必须失去“一个安全审计结论，并承认光缆不能再被旧层级命名”；若拒绝，“裂变·封锁与反推演·脑脊液回潮134的核心危机吞掉本章缓冲，arc-006无法完成门槛封口”会提前发生。,detailed-v4
chapter-0134,134,arc-006,9,代价,换取一次继续观测的资格，让人工脑脊液样本交出第09个可复查证据,一组隔离权限，并承认脑脊液不能再被旧层级命名,裂变·封锁与反推演·黑雨回潮135的核心危机吞掉本章缓冲，arc-006无法完成门槛封口,为得到“换取一次继续观测的资格，让人工脑脊液样本交出第09个可复查证据”，必须失去“一组隔离权限，并承认脑脊液不能再被旧层级命名”；若拒绝，“裂变·封锁与反推演·黑雨回潮135的核心危机吞掉本章缓冲，arc-006无法完成门槛封口”会提前发生。,detailed-v4
chapter-0135,135,arc-006,10,代价,换取一次继续观测的资格，让黑雨停在闸门外交出第10个可复查证据,一段父亲式判断，并承认黑雨不能再被旧层级命名,裂变·封锁与反推演·地下城回潮136的核心危机吞掉本章缓冲，arc-006无法完成门槛封口,为得到“换取一次继续观测的资格，让黑雨停在闸门外交出第10个可复查证据”，必须失去“一段父亲式判断，并承认黑雨不能再被旧层级命名”；若拒绝，“裂变·封锁与反推演·地下城回潮136的核心危机吞掉本章缓冲，arc-006无法完成门槛封口”会提前发生。,detailed-v4
chapter-0136,136,arc-006,11,代价,换取一次继续观测的资格，让地下城气压差交出第11个可复查证据,一份城市停电预案，并承认地下城不能再被旧层级命名,裂变·封锁与反推演·无光时刻回潮137的核心危机吞掉本章缓冲，arc-006无法完成门槛封口,为得到“换取一次继续观测的资格，让地下城气压差交出第11个可复查证据”，必须失去“一份城市停电预案，并承认地下城不能再被旧层级命名”；若拒绝，“裂变·封锁与反推演·无光时刻回潮137的核心危机吞掉本章缓冲，arc-006无法完成门槛封口”会提前发生。,detailed-v4
chapter-0137,137,arc-006,12,误判,暴露角色仍误信的判断方式，让断电后的黑暗交出第12个可复查证据,一个安全审计结论，并承认无光时刻不能再被旧层级命名,裂变·封锁与反推演·女儿梦境回潮138的核心危机吞掉本章缓冲，arc-006无法完成门槛封口,为得到“暴露角色仍误信的判断方式，让断电后的黑暗交出第12个可复查证据”，必须失去“一个安全审计结论，并承认无光时刻不能再被旧层级命名”；若拒绝，“裂变·封锁与反推演·女儿梦境回潮138的核心危机吞掉本章缓冲，arc-006无法完成门槛封口”会提前发生。,detailed-v4
chapter-0138,138,arc-006,13,误判,暴露角色仍误信的判断方式，让周诗雨的梦境图案交出第13个可复查证据,一组隔离权限，并承认女儿梦境不能再被旧层级命名,裂变·封锁与反推演·核电熔断回潮139的核心危机吞掉本章缓冲，arc-006无法完成门槛封口,为得到“暴露角色仍误信的判断方式，让周诗雨的梦境图案交出第13个可复查证据”，必须失去“一组隔离权限，并承认女儿梦境不能再被旧层级命名”；若拒绝，“裂变·封锁与反推演·核电熔断回潮139的核心危机吞掉本章缓冲，arc-006无法完成门槛封口”会提前发生。,detailed-v4
chapter-0139,139,arc-006,14,误判,暴露角色仍误信的判断方式，让熔断后的冷却水交出第14个可复查证据,一段父亲式判断，并承认核电熔断不能再被旧层级命名,裂变·封锁与反推演·元思维池回潮140的核心危机吞掉本章缓冲，arc-006无法完成门槛封口,为得到“暴露角色仍误信的判断方式，让熔断后的冷却水交出第14个可复查证据”，必须失去“一段父亲式判断，并承认核电熔断不能再被旧层级命名”；若拒绝，“裂变·封锁与反推演·元思维池回潮140的核心危机吞掉本章缓冲，arc-006无法完成门槛封口”会提前发生。,detailed-v4
chapter-0140,140,arc-006,15,误判,暴露角色仍误信的判断方式，让边界消融的代码群交出第15个可复查证据,一份城市停电预案，并承认元思维池不能再被旧层级命名,裂变·封锁与反推演·水杯折光141的核心危机吞掉本章缓冲，arc-006无法完成门槛封口,为得到“暴露角色仍误信的判断方式，让边界消融的代码群交出第15个可复查证据”，必须失去“一份城市停电预案，并承认元思维池不能再被旧层级命名”；若拒绝，“裂变·封锁与反推演·水杯折光141的核心危机吞掉本章缓冲，arc-006无法完成门槛封口”会提前发生。,detailed-v4
chapter-0141,141,arc-006,16,失控,把异常限制在可写的物理边界内，让杯壁上的水珠交出第16个可复查证据,一个安全审计结论，并承认水杯不能再被旧层级命名,裂变·封锁与反推演·尘埃折光142的核心危机吞掉本章缓冲，arc-006无法完成门槛封口,为得到“把异常限制在可写的物理边界内，让杯壁上的水珠交出第16个可复查证据”，必须失去“一个安全审计结论，并承认水杯不能再被旧层级命名”；若拒绝，“裂变·封锁与反推演·尘埃折光142的核心危机吞掉本章缓冲，arc-006无法完成门槛封口”会提前发生。,detailed-v4
chapter-0142,142,arc-006,17,失控,把异常限制在可写的物理边界内，让悬浮尘埃交出第17个可复查证据,一组隔离权限，并承认尘埃不能再被旧层级命名,裂变·封锁与反推演·光缆折光143的核心危机吞掉本章缓冲，arc-006无法完成门槛封口,为得到“把异常限制在可写的物理边界内，让悬浮尘埃交出第17个可复查证据”，必须失去“一组隔离权限，并承认尘埃不能再被旧层级命名”；若拒绝，“裂变·封锁与反推演·光缆折光143的核心危机吞掉本章缓冲，arc-006无法完成门槛封口”会提前发生。,detailed-v4
chapter-0143,143,arc-006,18,失控,把异常限制在可写的物理边界内，让断开的光缆截面交出第18个可复查证据,一段父亲式判断，并承认光缆不能再被旧层级命名,裂变·封锁与反推演·脑脊液折光144的核心危机吞掉本章缓冲，arc-006无法完成门槛封口,为得到“把异常限制在可写的物理边界内，让断开的光缆截面交出第18个可复查证据”，必须失去“一段父亲式判断，并承认光缆不能再被旧层级命名”；若拒绝，“裂变·封锁与反推演·脑脊液折光144的核心危机吞掉本章缓冲，arc-006无法完成门槛封口”会提前发生。,detailed-v4
chapter-0144,144,arc-006,19,失控,把异常限制在可写的物理边界内，让人工脑脊液样本交出第19个可复查证据,一份城市停电预案，并承认脑脊液不能再被旧层级命名,裂变·封锁与反推演·黑雨折光145的核心危机吞掉本章缓冲，arc-006无法完成门槛封口,为得到“把异常限制在可写的物理边界内，让人工脑脊液样本交出第19个可复查证据”，必须失去“一份城市停电预案，并承认脑脊液不能再被旧层级命名”；若拒绝，“裂变·封锁与反推演·黑雨折光145的核心危机吞掉本章缓冲，arc-006无法完成门槛封口”会提前发生。,detailed-v4
chapter-0145,145,arc-006,20,回响,让眷恋线以硬证物返回，让黑雨停在闸门外交出第20个可复查证据,一个安全审计结论，并承认黑雨不能再被旧层级命名,裂变·封锁与反推演·地下城折光146的核心危机吞掉本章缓冲，arc-006无法完成门槛封口,为得到“让眷恋线以硬证物返回，让黑雨停在闸门外交出第20个可复查证据”，必须失去“一个安全审计结论，并承认黑雨不能再被旧层级命名”；若拒绝，“裂变·封锁与反推演·地下城折光146的核心危机吞掉本章缓冲，arc-006无法完成门槛封口”会提前发生。,detailed-v4
chapter-0146,146,arc-006,21,回响,让眷恋线以硬证物返回，让地下城气压差交出第21个可复查证据,一组隔离权限，并承认地下城不能再被旧层级命名,裂变·封锁与反推演·无光时刻折光147的核心危机吞掉本章缓冲，arc-006无法完成门槛封口,为得到“让眷恋线以硬证物返回，让地下城气压差交出第21个可复查证据”，必须失去“一组隔离权限，并承认地下城不能再被旧层级命名”；若拒绝，“裂变·封锁与反推演·无光时刻折光147的核心危机吞掉本章缓冲，arc-006无法完成门槛封口”会提前发生。,detailed-v4
chapter-0147,147,arc-006,22,回响,让眷恋线以硬证物返回，让断电后的黑暗交出第22个可复查证据,一段父亲式判断，并承认无光时刻不能再被旧层级命名,裂变·封锁与反推演·女儿梦境折光148的核心危机吞掉本章缓冲，arc-006无法完成门槛封口,为得到“让眷恋线以硬证物返回，让断电后的黑暗交出第22个可复查证据”，必须失去“一段父亲式判断，并承认无光时刻不能再被旧层级命名”；若拒绝，“裂变·封锁与反推演·女儿梦境折光148的核心危机吞掉本章缓冲，arc-006无法完成门槛封口”会提前发生。,detailed-v4
chapter-0148,148,arc-006,23,门槛,把本组问题交给下一章群而不总结掉，让周诗雨的梦境图案交出第23个可复查证据,一份城市停电预案，并承认女儿梦境不能再被旧层级命名,裂变·封锁与反推演·核电熔断折光149的核心危机吞掉本章缓冲，arc-006无法完成门槛封口,为得到“把本组问题交给下一章群而不总结掉，让周诗雨的梦境图案交出第23个可复查证据”，必须失去“一份城市停电预案，并承认女儿梦境不能再被旧层级命名”；若拒绝，“裂变·封锁与反推演·核电熔断折光149的核心危机吞掉本章缓冲，arc-006无法完成门槛封口”会提前发生。,detailed-v4
chapter-0149,149,arc-006,24,门槛,把本组问题交给下一章群而不总结掉，让熔断后的冷却水交出第24个可复查证据,一个安全审计结论，并承认核电熔断不能再被旧层级命名,裂变·封锁与反推演·元思维池折光150的核心危机吞掉本章缓冲，arc-006无法完成门槛封口,为得到“把本组问题交给下一章群而不总结掉，让熔断后的冷却水交出第24个可复查证据”，必须失去“一个安全审计结论，并承认核电熔断不能再被旧层级命名”；若拒绝，“裂变·封锁与反推演·元思维池折光150的核心危机吞掉本章缓冲，arc-006无法完成门槛封口”会提前发生。,detailed-v4
chapter-0150,150,arc-006,25,门槛,把本组问题交给下一章群而不总结掉，让边界消融的代码群交出第25个可复查证据,一组隔离权限，并承认元思维池不能再被旧层级命名,裂变·封锁与反推演·水杯暗涌151的核心危机吞掉本章缓冲，arc-006无法完成门槛封口,为得到“把本组问题交给下一章群而不总结掉，让边界消融的代码群交出第25个可复查证据”，必须失去“一组隔离权限，并承认元思维池不能再被旧层级命名”；若拒绝，“裂变·封锁与反推演·水杯暗涌151的核心危机吞掉本章缓冲，arc-006无法完成门槛封口”会提前发生。,detailed-v4
chapter-0151,151,arc-007,1,起因,确认异常不是孤立事故，让杯壁上的水珠交出第01个可复查证据,一份城市停电预案，并承认水杯不能再被旧层级命名,裂变·封锁与反推演·尘埃暗涌152的核心危机吞掉本章缓冲，arc-007无法完成门槛封口,为得到“确认异常不是孤立事故，让杯壁上的水珠交出第01个可复查证据”，必须失去“一份城市停电预案，并承认水杯不能再被旧层级命名”；若拒绝，“裂变·封锁与反推演·尘埃暗涌152的核心危机吞掉本章缓冲，arc-007无法完成门槛封口”会提前发生。,detailed-v4
chapter-0152,152,arc-007,2,起因,确认异常不是孤立事故，让悬浮尘埃交出第02个可复查证据,一个安全审计结论，并承认尘埃不能再被旧层级命名,裂变·封锁与反推演·光缆暗涌153的核心危机吞掉本章缓冲，arc-007无法完成门槛封口,为得到“确认异常不是孤立事故，让悬浮尘埃交出第02个可复查证据”，必须失去“一个安全审计结论，并承认尘埃不能再被旧层级命名”；若拒绝，“裂变·封锁与反推演·光缆暗涌153的核心危机吞掉本章缓冲，arc-007无法完成门槛封口”会提前发生。,detailed-v4
chapter-0153,153,arc-007,3,起因,确认异常不是孤立事故，让断开的光缆截面交出第03个可复查证据,一组隔离权限，并承认光缆不能再被旧层级命名,裂变·封锁与反推演·脑脊液暗涌154的核心危机吞掉本章缓冲，arc-007无法完成门槛封口,为得到“确认异常不是孤立事故，让断开的光缆截面交出第03个可复查证据”，必须失去“一组隔离权限，并承认光缆不能再被旧层级命名”；若拒绝，“裂变·封锁与反推演·脑脊液暗涌154的核心危机吞掉本章缓冲，arc-007无法完成门槛封口”会提前发生。,detailed-v4
chapter-0154,154,arc-007,4,起因,确认异常不是孤立事故，让人工脑脊液样本交出第04个可复查证据,一段父亲式判断，并承认脑脊液不能再被旧层级命名,裂变·封锁与反推演·黑雨暗涌155的核心危机吞掉本章缓冲，arc-007无法完成门槛封口,为得到“确认异常不是孤立事故，让人工脑脊液样本交出第04个可复查证据”，必须失去“一段父亲式判断，并承认脑脊液不能再被旧层级命名”；若拒绝，“裂变·封锁与反推演·黑雨暗涌155的核心危机吞掉本章缓冲，arc-007无法完成门槛封口”会提前发生。,detailed-v4
chapter-0155,155,arc-007,5,反证,推翻旧模型仍可解释一切的假设，让黑雨停在闸门外交出第05个可复查证据,一份城市停电预案，并承认黑雨不能再被旧层级命名,裂变·封锁与反推演·地下城暗涌156的核心危机吞掉本章缓冲，arc-007无法完成门槛封口,为得到“推翻旧模型仍可解释一切的假设，让黑雨停在闸门外交出第05个可复查证据”，必须失去“一份城市停电预案，并承认黑雨不能再被旧层级命名”；若拒绝，“裂变·封锁与反推演·地下城暗涌156的核心危机吞掉本章缓冲，arc-007无法完成门槛封口”会提前发生。,detailed-v4
chapter-0156,156,arc-007,6,反证,推翻旧模型仍可解释一切的假设，让地下城气压差交出第06个可复查证据,一个安全审计结论，并承认地下城不能再被旧层级命名,裂变·封锁与反推演·无光时刻暗涌157的核心危机吞掉本章缓冲，arc-007无法完成门槛封口,为得到“推翻旧模型仍可解释一切的假设，让地下城气压差交出第06个可复查证据”，必须失去“一个安全审计结论，并承认地下城不能再被旧层级命名”；若拒绝，“裂变·封锁与反推演·无光时刻暗涌157的核心危机吞掉本章缓冲，arc-007无法完成门槛封口”会提前发生。,detailed-v4
chapter-0157,157,arc-007,7,反证,推翻旧模型仍可解释一切的假设，让断电后的黑暗交出第07个可复查证据,一组隔离权限，并承认无光时刻不能再被旧层级命名,裂变·封锁与反推演·女儿梦境暗涌158的核心危机吞掉本章缓冲，arc-007无法完成门槛封口,为得到“推翻旧模型仍可解释一切的假设，让断电后的黑暗交出第07个可复查证据”，必须失去“一组隔离权限，并承认无光时刻不能再被旧层级命名”；若拒绝，“裂变·封锁与反推演·女儿梦境暗涌158的核心危机吞掉本章缓冲，arc-007无法完成门槛封口”会提前发生。,detailed-v4
chapter-0158,158,arc-007,8,反证,推翻旧模型仍可解释一切的假设，让周诗雨的梦境图案交出第08个可复查证据,一段父亲式判断，并承认女儿梦境不能再被旧层级命名,裂变·封锁与反推演·核电熔断暗涌159的核心危机吞掉本章缓冲，arc-007无法完成门槛封口,为得到“推翻旧模型仍可解释一切的假设，让周诗雨的梦境图案交出第08个可复查证据”，必须失去“一段父亲式判断，并承认女儿梦境不能再被旧层级命名”；若拒绝，“裂变·封锁与反推演·核电熔断暗涌159的核心危机吞掉本章缓冲，arc-007无法完成门槛封口”会提前发生。,detailed-v4
chapter-0159,159,arc-007,9,代价,换取一次继续观测的资格，让熔断后的冷却水交出第09个可复查证据,一份城市停电预案，并承认核电熔断不能再被旧层级命名,裂变·封锁与反推演·元思维池暗涌160的核心危机吞掉本章缓冲，arc-007无法完成门槛封口,为得到“换取一次继续观测的资格，让熔断后的冷却水交出第09个可复查证据”，必须失去“一份城市停电预案，并承认核电熔断不能再被旧层级命名”；若拒绝，“裂变·封锁与反推演·元思维池暗涌160的核心危机吞掉本章缓冲，arc-007无法完成门槛封口”会提前发生。,detailed-v4
chapter-0160,160,arc-007,10,代价,换取一次继续观测的资格，让边界消融的代码群交出第10个可复查证据,一个安全审计结论，并承认元思维池不能再被旧层级命名,裂变·封锁与反推演·水杯证词161的核心危机吞掉本章缓冲，arc-007无法完成门槛封口,为得到“换取一次继续观测的资格，让边界消融的代码群交出第10个可复查证据”，必须失去“一个安全审计结论，并承认元思维池不能再被旧层级命名”；若拒绝，“裂变·封锁与反推演·水杯证词161的核心危机吞掉本章缓冲，arc-007无法完成门槛封口”会提前发生。,detailed-v4
chapter-0161,161,arc-007,11,代价,换取一次继续观测的资格，让杯壁上的水珠交出第11个可复查证据,一组隔离权限，并承认水杯不能再被旧层级命名,裂变·封锁与反推演·尘埃证词162的核心危机吞掉本章缓冲，arc-007无法完成门槛封口,为得到“换取一次继续观测的资格，让杯壁上的水珠交出第11个可复查证据”，必须失去“一组隔离权限，并承认水杯不能再被旧层级命名”；若拒绝，“裂变·封锁与反推演·尘埃证词162的核心危机吞掉本章缓冲，arc-007无法完成门槛封口”会提前发生。,detailed-v4
chapter-0162,162,arc-007,12,误判,暴露角色仍误信的判断方式，让悬浮尘埃交出第12个可复查证据,一段父亲式判断，并承认尘埃不能再被旧层级命名,裂变·封锁与反推演·光缆证词163的核心危机吞掉本章缓冲，arc-007无法完成门槛封口,为得到“暴露角色仍误信的判断方式，让悬浮尘埃交出第12个可复查证据”，必须失去“一段父亲式判断，并承认尘埃不能再被旧层级命名”；若拒绝，“裂变·封锁与反推演·光缆证词163的核心危机吞掉本章缓冲，arc-007无法完成门槛封口”会提前发生。,detailed-v4
chapter-0163,163,arc-007,13,误判,暴露角色仍误信的判断方式，让断开的光缆截面交出第13个可复查证据,一份城市停电预案，并承认光缆不能再被旧层级命名,裂变·封锁与反推演·脑脊液证词164的核心危机吞掉本章缓冲，arc-007无法完成门槛封口,为得到“暴露角色仍误信的判断方式，让断开的光缆截面交出第13个可复查证据”，必须失去“一份城市停电预案，并承认光缆不能再被旧层级命名”；若拒绝，“裂变·封锁与反推演·脑脊液证词164的核心危机吞掉本章缓冲，arc-007无法完成门槛封口”会提前发生。,detailed-v4
chapter-0164,164,arc-007,14,误判,暴露角色仍误信的判断方式，让人工脑脊液样本交出第14个可复查证据,一个安全审计结论，并承认脑脊液不能再被旧层级命名,裂变·封锁与反推演·黑雨证词165的核心危机吞掉本章缓冲，arc-007无法完成门槛封口,为得到“暴露角色仍误信的判断方式，让人工脑脊液样本交出第14个可复查证据”，必须失去“一个安全审计结论，并承认脑脊液不能再被旧层级命名”；若拒绝，“裂变·封锁与反推演·黑雨证词165的核心危机吞掉本章缓冲，arc-007无法完成门槛封口”会提前发生。,detailed-v4
chapter-0165,165,arc-007,15,误判,暴露角色仍误信的判断方式，让黑雨停在闸门外交出第15个可复查证据,一组隔离权限，并承认黑雨不能再被旧层级命名,裂变·封锁与反推演·地下城证词166的核心危机吞掉本章缓冲，arc-007无法完成门槛封口,为得到“暴露角色仍误信的判断方式，让黑雨停在闸门外交出第15个可复查证据”，必须失去“一组隔离权限，并承认黑雨不能再被旧层级命名”；若拒绝，“裂变·封锁与反推演·地下城证词166的核心危机吞掉本章缓冲，arc-007无法完成门槛封口”会提前发生。,detailed-v4
chapter-0166,166,arc-007,16,失控,把异常限制在可写的物理边界内，让地下城气压差交出第16个可复查证据,一段父亲式判断，并承认地下城不能再被旧层级命名,裂变·封锁与反推演·无光时刻证词167的核心危机吞掉本章缓冲，arc-007无法完成门槛封口,为得到“把异常限制在可写的物理边界内，让地下城气压差交出第16个可复查证据”，必须失去“一段父亲式判断，并承认地下城不能再被旧层级命名”；若拒绝，“裂变·封锁与反推演·无光时刻证词167的核心危机吞掉本章缓冲，arc-007无法完成门槛封口”会提前发生。,detailed-v4
chapter-0167,167,arc-007,17,失控,把异常限制在可写的物理边界内，让断电后的黑暗交出第17个可复查证据,一份城市停电预案，并承认无光时刻不能再被旧层级命名,裂变·封锁与反推演·女儿梦境证词168的核心危机吞掉本章缓冲，arc-007无法完成门槛封口,为得到“把异常限制在可写的物理边界内，让断电后的黑暗交出第17个可复查证据”，必须失去“一份城市停电预案，并承认无光时刻不能再被旧层级命名”；若拒绝，“裂变·封锁与反推演·女儿梦境证词168的核心危机吞掉本章缓冲，arc-007无法完成门槛封口”会提前发生。,detailed-v4
chapter-0168,168,arc-007,18,失控,把异常限制在可写的物理边界内，让周诗雨的梦境图案交出第18个可复查证据,一个安全审计结论，并承认女儿梦境不能再被旧层级命名,裂变·封锁与反推演·核电熔断证词169的核心危机吞掉本章缓冲，arc-007无法完成门槛封口,为得到“把异常限制在可写的物理边界内，让周诗雨的梦境图案交出第18个可复查证据”，必须失去“一个安全审计结论，并承认女儿梦境不能再被旧层级命名”；若拒绝，“裂变·封锁与反推演·核电熔断证词169的核心危机吞掉本章缓冲，arc-007无法完成门槛封口”会提前发生。,detailed-v4
chapter-0169,169,arc-007,19,失控,把异常限制在可写的物理边界内，让熔断后的冷却水交出第19个可复查证据,一组隔离权限，并承认核电熔断不能再被旧层级命名,裂变·封锁与反推演·元思维池证词170的核心危机吞掉本章缓冲，arc-007无法完成门槛封口,为得到“把异常限制在可写的物理边界内，让熔断后的冷却水交出第19个可复查证据”，必须失去“一组隔离权限，并承认核电熔断不能再被旧层级命名”；若拒绝，“裂变·封锁与反推演·元思维池证词170的核心危机吞掉本章缓冲，arc-007无法完成门槛封口”会提前发生。,detailed-v4
chapter-0170,170,arc-007,20,回响,让眷恋线以硬证物返回，让边界消融的代码群交出第20个可复查证据,一段父亲式判断，并承认元思维池不能再被旧层级命名,裂变·封锁与反推演·水杯坠落171的核心危机吞掉本章缓冲，arc-007无法完成门槛封口,为得到“让眷恋线以硬证物返回，让边界消融的代码群交出第20个可复查证据”，必须失去“一段父亲式判断，并承认元思维池不能再被旧层级命名”；若拒绝，“裂变·封锁与反推演·水杯坠落171的核心危机吞掉本章缓冲，arc-007无法完成门槛封口”会提前发生。,detailed-v4
chapter-0171,171,arc-007,21,回响,让眷恋线以硬证物返回，让杯壁上的水珠交出第21个可复查证据,一份城市停电预案，并承认水杯不能再被旧层级命名,裂变·封锁与反推演·尘埃坠落172的核心危机吞掉本章缓冲，arc-007无法完成门槛封口,为得到“让眷恋线以硬证物返回，让杯壁上的水珠交出第21个可复查证据”，必须失去“一份城市停电预案，并承认水杯不能再被旧层级命名”；若拒绝，“裂变·封锁与反推演·尘埃坠落172的核心危机吞掉本章缓冲，arc-007无法完成门槛封口”会提前发生。,detailed-v4
chapter-0172,172,arc-007,22,回响,让眷恋线以硬证物返回，让悬浮尘埃交出第22个可复查证据,一个安全审计结论，并承认尘埃不能再被旧层级命名,裂变·封锁与反推演·光缆坠落173的核心危机吞掉本章缓冲，arc-007无法完成门槛封口,为得到“让眷恋线以硬证物返回，让悬浮尘埃交出第22个可复查证据”，必须失去“一个安全审计结论，并承认尘埃不能再被旧层级命名”；若拒绝，“裂变·封锁与反推演·光缆坠落173的核心危机吞掉本章缓冲，arc-007无法完成门槛封口”会提前发生。,detailed-v4
chapter-0173,173,arc-007,23,门槛,把本组问题交给下一章群而不总结掉，让断开的光缆截面交出第23个可复查证据,一组隔离权限，并承认光缆不能再被旧层级命名,裂变·封锁与反推演·脑脊液坠落174的核心危机吞掉本章缓冲，arc-007无法完成门槛封口,为得到“把本组问题交给下一章群而不总结掉，让断开的光缆截面交出第23个可复查证据”，必须失去“一组隔离权限，并承认光缆不能再被旧层级命名”；若拒绝，“裂变·封锁与反推演·脑脊液坠落174的核心危机吞掉本章缓冲，arc-007无法完成门槛封口”会提前发生。,detailed-v4
chapter-0174,174,arc-007,24,门槛,把本组问题交给下一章群而不总结掉，让人工脑脊液样本交出第24个可复查证据,一段父亲式判断，并承认脑脊液不能再被旧层级命名,裂变·封锁与反推演·黑雨坠落175的核心危机吞掉本章缓冲，arc-007无法完成门槛封口,为得到“把本组问题交给下一章群而不总结掉，让人工脑脊液样本交出第24个可复查证据”，必须失去“一段父亲式判断，并承认脑脊液不能再被旧层级命名”；若拒绝，“裂变·封锁与反推演·黑雨坠落175的核心危机吞掉本章缓冲，arc-007无法完成门槛封口”会提前发生。,detailed-v4
chapter-0175,175,arc-007,25,门槛,把本组问题交给下一章群而不总结掉，让黑雨停在闸门外交出第25个可复查证据,一份城市停电预案，并承认黑雨不能再被旧层级命名,裂变·封锁与反推演·地下城坠落176的核心危机吞掉本章缓冲，arc-007无法完成门槛封口,为得到“把本组问题交给下一章群而不总结掉，让黑雨停在闸门外交出第25个可复查证据”，必须失去“一份城市停电预案，并承认黑雨不能再被旧层级命名”；若拒绝，“裂变·封锁与反推演·地下城坠落176的核心危机吞掉本章缓冲，arc-007无法完成门槛封口”会提前发生。,detailed-v4
chapter-0176,176,arc-008,1,起因,确认异常不是孤立事故，让地下城气压差交出第01个可复查证据,一组隔离权限，并承认地下城不能再被旧层级命名,裂变·封锁与反推演·无光时刻坠落177的核心危机吞掉本章缓冲，arc-008无法完成门槛封口,为得到“确认异常不是孤立事故，让地下城气压差交出第01个可复查证据”，必须失去“一组隔离权限，并承认地下城不能再被旧层级命名”；若拒绝，“裂变·封锁与反推演·无光时刻坠落177的核心危机吞掉本章缓冲，arc-008无法完成门槛封口”会提前发生。,detailed-v4
chapter-0177,177,arc-008,2,起因,确认异常不是孤立事故，让断电后的黑暗交出第02个可复查证据,一段父亲式判断，并承认无光时刻不能再被旧层级命名,裂变·封锁与反推演·女儿梦境坠落178的核心危机吞掉本章缓冲，arc-008无法完成门槛封口,为得到“确认异常不是孤立事故，让断电后的黑暗交出第02个可复查证据”，必须失去“一段父亲式判断，并承认无光时刻不能再被旧层级命名”；若拒绝，“裂变·封锁与反推演·女儿梦境坠落178的核心危机吞掉本章缓冲，arc-008无法完成门槛封口”会提前发生。,detailed-v4
chapter-0178,178,arc-008,3,起因,确认异常不是孤立事故，让周诗雨的梦境图案交出第03个可复查证据,一份城市停电预案，并承认女儿梦境不能再被旧层级命名,裂变·封锁与反推演·核电熔断坠落179的核心危机吞掉本章缓冲，arc-008无法完成门槛封口,为得到“确认异常不是孤立事故，让周诗雨的梦境图案交出第03个可复查证据”，必须失去“一份城市停电预案，并承认女儿梦境不能再被旧层级命名”；若拒绝，“裂变·封锁与反推演·核电熔断坠落179的核心危机吞掉本章缓冲，arc-008无法完成门槛封口”会提前发生。,detailed-v4
chapter-0179,179,arc-008,4,起因,确认异常不是孤立事故，让熔断后的冷却水交出第04个可复查证据,一个安全审计结论，并承认核电熔断不能再被旧层级命名,裂变·封锁与反推演·元思维池坠落180的核心危机吞掉本章缓冲，arc-008无法完成门槛封口,为得到“确认异常不是孤立事故，让熔断后的冷却水交出第04个可复查证据”，必须失去“一个安全审计结论，并承认核电熔断不能再被旧层级命名”；若拒绝，“裂变·封锁与反推演·元思维池坠落180的核心危机吞掉本章缓冲，arc-008无法完成门槛封口”会提前发生。,detailed-v4
chapter-0180,180,arc-008,5,反证,推翻旧模型仍可解释一切的假设，让边界消融的代码群交出第05个可复查证据,一组隔离权限，并承认元思维池不能再被旧层级命名,裂变·封锁与反推演·水杯重构181的核心危机吞掉本章缓冲，arc-008无法完成门槛封口,为得到“推翻旧模型仍可解释一切的假设，让边界消融的代码群交出第05个可复查证据”，必须失去“一组隔离权限，并承认元思维池不能再被旧层级命名”；若拒绝，“裂变·封锁与反推演·水杯重构181的核心危机吞掉本章缓冲，arc-008无法完成门槛封口”会提前发生。,detailed-v4
chapter-0181,181,arc-008,6,反证,推翻旧模型仍可解释一切的假设，让水杯重构的局部截面交出第06个可复查证据,一段父亲式判断，并承认水杯重构不能再被旧层级命名,裂变·封锁与反推演·尘埃重构182的核心危机吞掉本章缓冲，arc-008无法完成门槛封口,为得到“推翻旧模型仍可解释一切的假设，让水杯重构的局部截面交出第06个可复查证据”，必须失去“一段父亲式判断，并承认水杯重构不能再被旧层级命名”；若拒绝，“裂变·封锁与反推演·尘埃重构182的核心危机吞掉本章缓冲，arc-008无法完成门槛封口”会提前发生。,detailed-v4
chapter-0182,182,arc-008,7,反证,推翻旧模型仍可解释一切的假设，让尘埃重构的局部截面交出第07个可复查证据,一份城市停电预案，并承认尘埃重构不能再被旧层级命名,裂变·封锁与反推演·光缆重构183的核心危机吞掉本章缓冲，arc-008无法完成门槛封口,为得到“推翻旧模型仍可解释一切的假设，让尘埃重构的局部截面交出第07个可复查证据”，必须失去“一份城市停电预案，并承认尘埃重构不能再被旧层级命名”；若拒绝，“裂变·封锁与反推演·光缆重构183的核心危机吞掉本章缓冲，arc-008无法完成门槛封口”会提前发生。,detailed-v4
chapter-0183,183,arc-008,8,反证,推翻旧模型仍可解释一切的假设，让光缆重构的局部截面交出第08个可复查证据,一个安全审计结论，并承认光缆重构不能再被旧层级命名,裂变·封锁与反推演·脑脊液重构184的核心危机吞掉本章缓冲，arc-008无法完成门槛封口,为得到“推翻旧模型仍可解释一切的假设，让光缆重构的局部截面交出第08个可复查证据”，必须失去“一个安全审计结论，并承认光缆重构不能再被旧层级命名”；若拒绝，“裂变·封锁与反推演·脑脊液重构184的核心危机吞掉本章缓冲，arc-008无法完成门槛封口”会提前发生。,detailed-v4
chapter-0184,184,arc-008,9,代价,换取一次继续观测的资格，让脑脊液重构的局部截面交出第09个可复查证据,一组隔离权限，并承认脑脊液重构不能再被旧层级命名,裂变·封锁与反推演·黑雨重构185的核心危机吞掉本章缓冲，arc-008无法完成门槛封口,为得到“换取一次继续观测的资格，让脑脊液重构的局部截面交出第09个可复查证据”，必须失去“一组隔离权限，并承认脑脊液重构不能再被旧层级命名”；若拒绝，“裂变·封锁与反推演·黑雨重构185的核心危机吞掉本章缓冲，arc-008无法完成门槛封口”会提前发生。,detailed-v4
chapter-0185,185,arc-008,10,代价,换取一次继续观测的资格，让黑雨重构的局部截面交出第10个可复查证据,一段父亲式判断，并承认黑雨重构不能再被旧层级命名,裂变·封锁与反推演·地下城重构186的核心危机吞掉本章缓冲，arc-008无法完成门槛封口,为得到“换取一次继续观测的资格，让黑雨重构的局部截面交出第10个可复查证据”，必须失去“一段父亲式判断，并承认黑雨重构不能再被旧层级命名”；若拒绝，“裂变·封锁与反推演·地下城重构186的核心危机吞掉本章缓冲，arc-008无法完成门槛封口”会提前发生。,detailed-v4
chapter-0186,186,arc-008,11,代价,换取一次继续观测的资格，让地下城重构的局部截面交出第11个可复查证据,一份城市停电预案，并承认地下城重构不能再被旧层级命名,裂变·封锁与反推演·无光时刻重构187的核心危机吞掉本章缓冲，arc-008无法完成门槛封口,为得到“换取一次继续观测的资格，让地下城重构的局部截面交出第11个可复查证据”，必须失去“一份城市停电预案，并承认地下城重构不能再被旧层级命名”；若拒绝，“裂变·封锁与反推演·无光时刻重构187的核心危机吞掉本章缓冲，arc-008无法完成门槛封口”会提前发生。,detailed-v4
chapter-0187,187,arc-008,12,误判,暴露角色仍误信的判断方式，让无光时刻重构的局部截面交出第12个可复查证据,一个安全审计结论，并承认无光时刻重构不能再被旧层级命名,裂变·封锁与反推演·女儿梦境重构188的核心危机吞掉本章缓冲，arc-008无法完成门槛封口,为得到“暴露角色仍误信的判断方式，让无光时刻重构的局部截面交出第12个可复查证据”，必须失去“一个安全审计结论，并承认无光时刻重构不能再被旧层级命名”；若拒绝，“裂变·封锁与反推演·女儿梦境重构188的核心危机吞掉本章缓冲，arc-008无法完成门槛封口”会提前发生。,detailed-v4
chapter-0188,188,arc-008,13,误判,暴露角色仍误信的判断方式，让女儿梦境重构的局部截面交出第13个可复查证据,一组隔离权限，并承认女儿梦境重构不能再被旧层级命名,裂变·封锁与反推演·核电熔断重构189的核心危机吞掉本章缓冲，arc-008无法完成门槛封口,为得到“暴露角色仍误信的判断方式，让女儿梦境重构的局部截面交出第13个可复查证据”，必须失去“一组隔离权限，并承认女儿梦境重构不能再被旧层级命名”；若拒绝，“裂变·封锁与反推演·核电熔断重构189的核心危机吞掉本章缓冲，arc-008无法完成门槛封口”会提前发生。,detailed-v4
chapter-0189,189,arc-008,14,误判,暴露角色仍误信的判断方式，让核电熔断重构的局部截面交出第14个可复查证据,一段父亲式判断，并承认核电熔断重构不能再被旧层级命名,裂变·封锁与反推演·元思维池重构190的核心危机吞掉本章缓冲，arc-008无法完成门槛封口,为得到“暴露角色仍误信的判断方式，让核电熔断重构的局部截面交出第14个可复查证据”，必须失去“一段父亲式判断，并承认核电熔断重构不能再被旧层级命名”；若拒绝，“裂变·封锁与反推演·元思维池重构190的核心危机吞掉本章缓冲，arc-008无法完成门槛封口”会提前发生。,detailed-v4
chapter-0190,190,arc-008,15,误判,暴露角色仍误信的判断方式，让元思维池重构的局部截面交出第15个可复查证据,一份城市停电预案，并承认元思维池重构不能再被旧层级命名,裂变·封锁与反推演·水杯余震191的核心危机吞掉本章缓冲，arc-008无法完成门槛封口,为得到“暴露角色仍误信的判断方式，让元思维池重构的局部截面交出第15个可复查证据”，必须失去“一份城市停电预案，并承认元思维池重构不能再被旧层级命名”；若拒绝，“裂变·封锁与反推演·水杯余震191的核心危机吞掉本章缓冲，arc-008无法完成门槛封口”会提前发生。,detailed-v4
chapter-0191,191,arc-008,16,失控,把异常限制在可写的物理边界内，让杯壁上的水珠交出第16个可复查证据,一个安全审计结论，并承认水杯不能再被旧层级命名,裂变·封锁与反推演·尘埃余震192的核心危机吞掉本章缓冲，arc-008无法完成门槛封口,为得到“把异常限制在可写的物理边界内，让杯壁上的水珠交出第16个可复查证据”，必须失去“一个安全审计结论，并承认水杯不能再被旧层级命名”；若拒绝，“裂变·封锁与反推演·尘埃余震192的核心危机吞掉本章缓冲，arc-008无法完成门槛封口”会提前发生。,detailed-v4
chapter-0192,192,arc-008,17,失控,把异常限制在可写的物理边界内，让悬浮尘埃交出第17个可复查证据,一组隔离权限，并承认尘埃不能再被旧层级命名,裂变·封锁与反推演·光缆余震193的核心危机吞掉本章缓冲，arc-008无法完成门槛封口,为得到“把异常限制在可写的物理边界内，让悬浮尘埃交出第17个可复查证据”，必须失去“一组隔离权限，并承认尘埃不能再被旧层级命名”；若拒绝，“裂变·封锁与反推演·光缆余震193的核心危机吞掉本章缓冲，arc-008无法完成门槛封口”会提前发生。,detailed-v4
chapter-0193,193,arc-008,18,失控,把异常限制在可写的物理边界内，让断开的光缆截面交出第18个可复查证据,一段父亲式判断，并承认光缆不能再被旧层级命名,裂变·封锁与反推演·脑脊液余震194的核心危机吞掉本章缓冲，arc-008无法完成门槛封口,为得到“把异常限制在可写的物理边界内，让断开的光缆截面交出第18个可复查证据”，必须失去“一段父亲式判断，并承认光缆不能再被旧层级命名”；若拒绝，“裂变·封锁与反推演·脑脊液余震194的核心危机吞掉本章缓冲，arc-008无法完成门槛封口”会提前发生。,detailed-v4
chapter-0194,194,arc-008,19,失控,把异常限制在可写的物理边界内，让人工脑脊液样本交出第19个可复查证据,一份城市停电预案，并承认脑脊液不能再被旧层级命名,裂变·封锁与反推演·黑雨余震195的核心危机吞掉本章缓冲，arc-008无法完成门槛封口,为得到“把异常限制在可写的物理边界内，让人工脑脊液样本交出第19个可复查证据”，必须失去“一份城市停电预案，并承认脑脊液不能再被旧层级命名”；若拒绝，“裂变·封锁与反推演·黑雨余震195的核心危机吞掉本章缓冲，arc-008无法完成门槛封口”会提前发生。,detailed-v4
chapter-0195,195,arc-008,20,回响,让眷恋线以硬证物返回，让黑雨停在闸门外交出第20个可复查证据,一个安全审计结论，并承认黑雨不能再被旧层级命名,裂变·封锁与反推演·地下城余震196的核心危机吞掉本章缓冲，arc-008无法完成门槛封口,为得到“让眷恋线以硬证物返回，让黑雨停在闸门外交出第20个可复查证据”，必须失去“一个安全审计结论，并承认黑雨不能再被旧层级命名”；若拒绝，“裂变·封锁与反推演·地下城余震196的核心危机吞掉本章缓冲，arc-008无法完成门槛封口”会提前发生。,detailed-v4
chapter-0196,196,arc-008,21,回响,让眷恋线以硬证物返回，让地下城气压差交出第21个可复查证据,一组隔离权限，并承认地下城不能再被旧层级命名,裂变·封锁与反推演·无光时刻余震197的核心危机吞掉本章缓冲，arc-008无法完成门槛封口,为得到“让眷恋线以硬证物返回，让地下城气压差交出第21个可复查证据”，必须失去“一组隔离权限，并承认地下城不能再被旧层级命名”；若拒绝，“裂变·封锁与反推演·无光时刻余震197的核心危机吞掉本章缓冲，arc-008无法完成门槛封口”会提前发生。,detailed-v4
chapter-0197,197,arc-008,22,回响,让眷恋线以硬证物返回，让断电后的黑暗交出第22个可复查证据,一段父亲式判断，并承认无光时刻不能再被旧层级命名,裂变·封锁与反推演·女儿梦境余震198的核心危机吞掉本章缓冲，arc-008无法完成门槛封口,为得到“让眷恋线以硬证物返回，让断电后的黑暗交出第22个可复查证据”，必须失去“一段父亲式判断，并承认无光时刻不能再被旧层级命名”；若拒绝，“裂变·封锁与反推演·女儿梦境余震198的核心危机吞掉本章缓冲，arc-008无法完成门槛封口”会提前发生。,detailed-v4
chapter-0198,198,arc-008,23,门槛,把本组问题交给下一章群而不总结掉，让周诗雨的梦境图案交出第23个可复查证据,一份城市停电预案，并承认女儿梦境不能再被旧层级命名,裂变·封锁与反推演·核电熔断余震199的核心危机吞掉本章缓冲，arc-008无法完成门槛封口,为得到“把本组问题交给下一章群而不总结掉，让周诗雨的梦境图案交出第23个可复查证据”，必须失去“一份城市停电预案，并承认女儿梦境不能再被旧层级命名”；若拒绝，“裂变·封锁与反推演·核电熔断余震199的核心危机吞掉本章缓冲，arc-008无法完成门槛封口”会提前发生。,detailed-v4
chapter-0199,199,arc-008,24,门槛,把本组问题交给下一章群而不总结掉，让熔断后的冷却水交出第24个可复查证据,一个安全审计结论，并承认核电熔断不能再被旧层级命名,裂变·封锁与反推演·元思维池余震200的核心危机吞掉本章缓冲，arc-008无法完成门槛封口,为得到“把本组问题交给下一章群而不总结掉，让熔断后的冷却水交出第24个可复查证据”，必须失去“一个安全审计结论，并承认核电熔断不能再被旧层级命名”；若拒绝，“裂变·封锁与反推演·元思维池余震200的核心危机吞掉本章缓冲，arc-008无法完成门槛封口”会提前发生。,detailed-v4
chapter-0200,200,arc-008,25,门槛,把本组问题交给下一章群而不总结掉，让边界消融的代码群交出第25个可复查证据,一组隔离权限，并承认元思维池不能再被旧层级命名,裂变·封锁与反推演·水杯初醒201的核心危机吞掉本章缓冲，arc-008无法完成门槛封口,为得到“把本组问题交给下一章群而不总结掉，让边界消融的代码群交出第25个可复查证据”，必须失去“一组隔离权限，并承认元思维池不能再被旧层级命名”；若拒绝，“裂变·封锁与反推演·水杯初醒201的核心危机吞掉本章缓冲，arc-008无法完成门槛封口”会提前发生。,detailed-v4
chapter-0201,201,arc-009,1,起因,确认异常不是孤立事故，让杯壁上的水珠交出第01个可复查证据,一份城市停电预案，并承认水杯不能再被旧层级命名,裂变·封锁与反推演·尘埃初醒202的核心危机吞掉本章缓冲，arc-009无法完成门槛封口,为得到“确认异常不是孤立事故，让杯壁上的水珠交出第01个可复查证据”，必须失去“一份城市停电预案，并承认水杯不能再被旧层级命名”；若拒绝，“裂变·封锁与反推演·尘埃初醒202的核心危机吞掉本章缓冲，arc-009无法完成门槛封口”会提前发生。,detailed-v4
chapter-0202,202,arc-009,2,起因,确认异常不是孤立事故，让悬浮尘埃交出第02个可复查证据,一个安全审计结论，并承认尘埃不能再被旧层级命名,裂变·封锁与反推演·光缆初醒203的核心危机吞掉本章缓冲，arc-009无法完成门槛封口,为得到“确认异常不是孤立事故，让悬浮尘埃交出第02个可复查证据”，必须失去“一个安全审计结论，并承认尘埃不能再被旧层级命名”；若拒绝，“裂变·封锁与反推演·光缆初醒203的核心危机吞掉本章缓冲，arc-009无法完成门槛封口”会提前发生。,detailed-v4
chapter-0203,203,arc-009,3,起因,确认异常不是孤立事故，让断开的光缆截面交出第03个可复查证据,一组隔离权限，并承认光缆不能再被旧层级命名,裂变·封锁与反推演·脑脊液初醒204的核心危机吞掉本章缓冲，arc-009无法完成门槛封口,为得到“确认异常不是孤立事故，让断开的光缆截面交出第03个可复查证据”，必须失去“一组隔离权限，并承认光缆不能再被旧层级命名”；若拒绝，“裂变·封锁与反推演·脑脊液初醒204的核心危机吞掉本章缓冲，arc-009无法完成门槛封口”会提前发生。,detailed-v4
chapter-0204,204,arc-009,4,起因,确认异常不是孤立事故，让人工脑脊液样本交出第04个可复查证据,一段父亲式判断，并承认脑脊液不能再被旧层级命名,裂变·封锁与反推演·黑雨初醒205的核心危机吞掉本章缓冲，arc-009无法完成门槛封口,为得到“确认异常不是孤立事故，让人工脑脊液样本交出第04个可复查证据”，必须失去“一段父亲式判断，并承认脑脊液不能再被旧层级命名”；若拒绝，“裂变·封锁与反推演·黑雨初醒205的核心危机吞掉本章缓冲，arc-009无法完成门槛封口”会提前发生。,detailed-v4
chapter-0205,205,arc-009,5,反证,推翻旧模型仍可解释一切的假设，让黑雨停在闸门外交出第05个可复查证据,一份城市停电预案，并承认黑雨不能再被旧层级命名,裂变·封锁与反推演·地下城初醒206的核心危机吞掉本章缓冲，arc-009无法完成门槛封口,为得到“推翻旧模型仍可解释一切的假设，让黑雨停在闸门外交出第05个可复查证据”，必须失去“一份城市停电预案，并承认黑雨不能再被旧层级命名”；若拒绝，“裂变·封锁与反推演·地下城初醒206的核心危机吞掉本章缓冲，arc-009无法完成门槛封口”会提前发生。,detailed-v4
chapter-0206,206,arc-009,6,反证,推翻旧模型仍可解释一切的假设，让地下城气压差交出第06个可复查证据,一个安全审计结论，并承认地下城不能再被旧层级命名,裂变·封锁与反推演·无光时刻初醒207的核心危机吞掉本章缓冲，arc-009无法完成门槛封口,为得到“推翻旧模型仍可解释一切的假设，让地下城气压差交出第06个可复查证据”，必须失去“一个安全审计结论，并承认地下城不能再被旧层级命名”；若拒绝，“裂变·封锁与反推演·无光时刻初醒207的核心危机吞掉本章缓冲，arc-009无法完成门槛封口”会提前发生。,detailed-v4
chapter-0207,207,arc-009,7,反证,推翻旧模型仍可解释一切的假设，让断电后的黑暗交出第07个可复查证据,一组隔离权限，并承认无光时刻不能再被旧层级命名,裂变·封锁与反推演·女儿梦境初醒208的核心危机吞掉本章缓冲，arc-009无法完成门槛封口,为得到“推翻旧模型仍可解释一切的假设，让断电后的黑暗交出第07个可复查证据”，必须失去“一组隔离权限，并承认无光时刻不能再被旧层级命名”；若拒绝，“裂变·封锁与反推演·女儿梦境初醒208的核心危机吞掉本章缓冲，arc-009无法完成门槛封口”会提前发生。,detailed-v4
chapter-0208,208,arc-009,8,反证,推翻旧模型仍可解释一切的假设，让周诗雨的梦境图案交出第08个可复查证据,一段父亲式判断，并承认女儿梦境不能再被旧层级命名,裂变·封锁与反推演·核电熔断初醒209的核心危机吞掉本章缓冲，arc-009无法完成门槛封口,为得到“推翻旧模型仍可解释一切的假设，让周诗雨的梦境图案交出第08个可复查证据”，必须失去“一段父亲式判断，并承认女儿梦境不能再被旧层级命名”；若拒绝，“裂变·封锁与反推演·核电熔断初醒209的核心危机吞掉本章缓冲，arc-009无法完成门槛封口”会提前发生。,detailed-v4
chapter-0209,209,arc-009,9,代价,换取一次继续观测的资格，让熔断后的冷却水交出第09个可复查证据,一份城市停电预案，并承认核电熔断不能再被旧层级命名,裂变·封锁与反推演·元思维池初醒210的核心危机吞掉本章缓冲，arc-009无法完成门槛封口,为得到“换取一次继续观测的资格，让熔断后的冷却水交出第09个可复查证据”，必须失去“一份城市停电预案，并承认核电熔断不能再被旧层级命名”；若拒绝，“裂变·封锁与反推演·元思维池初醒210的核心危机吞掉本章缓冲，arc-009无法完成门槛封口”会提前发生。,detailed-v4
chapter-0210,210,arc-009,10,代价,换取一次继续观测的资格，让边界消融的代码群交出第10个可复查证据,一个安全审计结论，并承认元思维池不能再被旧层级命名,裂变·封锁与反推演·水杯裂响211的核心危机吞掉本章缓冲，arc-009无法完成门槛封口,为得到“换取一次继续观测的资格，让边界消融的代码群交出第10个可复查证据”，必须失去“一个安全审计结论，并承认元思维池不能再被旧层级命名”；若拒绝，“裂变·封锁与反推演·水杯裂响211的核心危机吞掉本章缓冲，arc-009无法完成门槛封口”会提前发生。,detailed-v4
chapter-0211,211,arc-009,11,代价,换取一次继续观测的资格，让杯壁上的水珠交出第11个可复查证据,一组隔离权限，并承认水杯不能再被旧层级命名,裂变·封锁与反推演·尘埃裂响212的核心危机吞掉本章缓冲，arc-009无法完成门槛封口,为得到“换取一次继续观测的资格，让杯壁上的水珠交出第11个可复查证据”，必须失去“一组隔离权限，并承认水杯不能再被旧层级命名”；若拒绝，“裂变·封锁与反推演·尘埃裂响212的核心危机吞掉本章缓冲，arc-009无法完成门槛封口”会提前发生。,detailed-v4
chapter-0212,212,arc-009,12,误判,暴露角色仍误信的判断方式，让悬浮尘埃交出第12个可复查证据,一段父亲式判断，并承认尘埃不能再被旧层级命名,裂变·封锁与反推演·光缆裂响213的核心危机吞掉本章缓冲，arc-009无法完成门槛封口,为得到“暴露角色仍误信的判断方式，让悬浮尘埃交出第12个可复查证据”，必须失去“一段父亲式判断，并承认尘埃不能再被旧层级命名”；若拒绝，“裂变·封锁与反推演·光缆裂响213的核心危机吞掉本章缓冲，arc-009无法完成门槛封口”会提前发生。,detailed-v4
chapter-0213,213,arc-009,13,误判,暴露角色仍误信的判断方式，让断开的光缆截面交出第13个可复查证据,一份城市停电预案，并承认光缆不能再被旧层级命名,裂变·封锁与反推演·脑脊液裂响214的核心危机吞掉本章缓冲，arc-009无法完成门槛封口,为得到“暴露角色仍误信的判断方式，让断开的光缆截面交出第13个可复查证据”，必须失去“一份城市停电预案，并承认光缆不能再被旧层级命名”；若拒绝，“裂变·封锁与反推演·脑脊液裂响214的核心危机吞掉本章缓冲，arc-009无法完成门槛封口”会提前发生。,detailed-v4
chapter-0214,214,arc-009,14,误判,暴露角色仍误信的判断方式，让人工脑脊液样本交出第14个可复查证据,一个安全审计结论，并承认脑脊液不能再被旧层级命名,裂变·封锁与反推演·黑雨裂响215的核心危机吞掉本章缓冲，arc-009无法完成门槛封口,为得到“暴露角色仍误信的判断方式，让人工脑脊液样本交出第14个可复查证据”，必须失去“一个安全审计结论，并承认脑脊液不能再被旧层级命名”；若拒绝，“裂变·封锁与反推演·黑雨裂响215的核心危机吞掉本章缓冲，arc-009无法完成门槛封口”会提前发生。,detailed-v4
chapter-0215,215,arc-009,15,误判,暴露角色仍误信的判断方式，让黑雨停在闸门外交出第15个可复查证据,一组隔离权限，并承认黑雨不能再被旧层级命名,裂变·封锁与反推演·地下城裂响216的核心危机吞掉本章缓冲，arc-009无法完成门槛封口,为得到“暴露角色仍误信的判断方式，让黑雨停在闸门外交出第15个可复查证据”，必须失去“一组隔离权限，并承认黑雨不能再被旧层级命名”；若拒绝，“裂变·封锁与反推演·地下城裂响216的核心危机吞掉本章缓冲，arc-009无法完成门槛封口”会提前发生。,detailed-v4
chapter-0216,216,arc-009,16,失控,把异常限制在可写的物理边界内，让地下城气压差交出第16个可复查证据,一段父亲式判断，并承认地下城不能再被旧层级命名,裂变·封锁与反推演·无光时刻裂响217的核心危机吞掉本章缓冲，arc-009无法完成门槛封口,为得到“把异常限制在可写的物理边界内，让地下城气压差交出第16个可复查证据”，必须失去“一段父亲式判断，并承认地下城不能再被旧层级命名”；若拒绝，“裂变·封锁与反推演·无光时刻裂响217的核心危机吞掉本章缓冲，arc-009无法完成门槛封口”会提前发生。,detailed-v4
chapter-0217,217,arc-009,17,失控,把异常限制在可写的物理边界内，让断电后的黑暗交出第17个可复查证据,一份城市停电预案，并承认无光时刻不能再被旧层级命名,裂变·封锁与反推演·女儿梦境裂响218的核心危机吞掉本章缓冲，arc-009无法完成门槛封口,为得到“把异常限制在可写的物理边界内，让断电后的黑暗交出第17个可复查证据”，必须失去“一份城市停电预案，并承认无光时刻不能再被旧层级命名”；若拒绝，“裂变·封锁与反推演·女儿梦境裂响218的核心危机吞掉本章缓冲，arc-009无法完成门槛封口”会提前发生。,detailed-v4
chapter-0218,218,arc-009,18,失控,把异常限制在可写的物理边界内，让周诗雨的梦境图案交出第18个可复查证据,一个安全审计结论，并承认女儿梦境不能再被旧层级命名,裂变·封锁与反推演·核电熔断裂响219的核心危机吞掉本章缓冲，arc-009无法完成门槛封口,为得到“把异常限制在可写的物理边界内，让周诗雨的梦境图案交出第18个可复查证据”，必须失去“一个安全审计结论，并承认女儿梦境不能再被旧层级命名”；若拒绝，“裂变·封锁与反推演·核电熔断裂响219的核心危机吞掉本章缓冲，arc-009无法完成门槛封口”会提前发生。,detailed-v4
chapter-0219,219,arc-009,19,失控,把异常限制在可写的物理边界内，让熔断后的冷却水交出第19个可复查证据,一组隔离权限，并承认核电熔断不能再被旧层级命名,裂变·封锁与反推演·元思维池裂响220的核心危机吞掉本章缓冲，arc-009无法完成门槛封口,为得到“把异常限制在可写的物理边界内，让熔断后的冷却水交出第19个可复查证据”，必须失去“一组隔离权限，并承认核电熔断不能再被旧层级命名”；若拒绝，“裂变·封锁与反推演·元思维池裂响220的核心危机吞掉本章缓冲，arc-009无法完成门槛封口”会提前发生。,detailed-v4
chapter-0220,220,arc-009,20,回响,让眷恋线以硬证物返回，让边界消融的代码群交出第20个可复查证据,一段父亲式判断，并承认元思维池不能再被旧层级命名,裂变·封锁与反推演·水杯低语221的核心危机吞掉本章缓冲，arc-009无法完成门槛封口,为得到“让眷恋线以硬证物返回，让边界消融的代码群交出第20个可复查证据”，必须失去“一段父亲式判断，并承认元思维池不能再被旧层级命名”；若拒绝，“裂变·封锁与反推演·水杯低语221的核心危机吞掉本章缓冲，arc-009无法完成门槛封口”会提前发生。,detailed-v4
chapter-0221,221,arc-009,21,回响,让眷恋线以硬证物返回，让杯壁上的水珠交出第21个可复查证据,一份城市停电预案，并承认水杯不能再被旧层级命名,裂变·封锁与反推演·尘埃低语222的核心危机吞掉本章缓冲，arc-009无法完成门槛封口,为得到“让眷恋线以硬证物返回，让杯壁上的水珠交出第21个可复查证据”，必须失去“一份城市停电预案，并承认水杯不能再被旧层级命名”；若拒绝，“裂变·封锁与反推演·尘埃低语222的核心危机吞掉本章缓冲，arc-009无法完成门槛封口”会提前发生。,detailed-v4
chapter-0222,222,arc-009,22,回响,让眷恋线以硬证物返回，让悬浮尘埃交出第22个可复查证据,一个安全审计结论，并承认尘埃不能再被旧层级命名,裂变·封锁与反推演·光缆低语223的核心危机吞掉本章缓冲，arc-009无法完成门槛封口,为得到“让眷恋线以硬证物返回，让悬浮尘埃交出第22个可复查证据”，必须失去“一个安全审计结论，并承认尘埃不能再被旧层级命名”；若拒绝，“裂变·封锁与反推演·光缆低语223的核心危机吞掉本章缓冲，arc-009无法完成门槛封口”会提前发生。,detailed-v4
chapter-0223,223,arc-009,23,门槛,把本组问题交给下一章群而不总结掉，让断开的光缆截面交出第23个可复查证据,一组隔离权限，并承认光缆不能再被旧层级命名,裂变·封锁与反推演·脑脊液低语224的核心危机吞掉本章缓冲，arc-009无法完成门槛封口,为得到“把本组问题交给下一章群而不总结掉，让断开的光缆截面交出第23个可复查证据”，必须失去“一组隔离权限，并承认光缆不能再被旧层级命名”；若拒绝，“裂变·封锁与反推演·脑脊液低语224的核心危机吞掉本章缓冲，arc-009无法完成门槛封口”会提前发生。,detailed-v4
chapter-0224,224,arc-009,24,门槛,把本组问题交给下一章群而不总结掉，让人工脑脊液样本交出第24个可复查证据,一段父亲式判断，并承认脑脊液不能再被旧层级命名,裂变·封锁与反推演·黑雨低语225的核心危机吞掉本章缓冲，arc-009无法完成门槛封口,为得到“把本组问题交给下一章群而不总结掉，让人工脑脊液样本交出第24个可复查证据”，必须失去“一段父亲式判断，并承认脑脊液不能再被旧层级命名”；若拒绝，“裂变·封锁与反推演·黑雨低语225的核心危机吞掉本章缓冲，arc-009无法完成门槛封口”会提前发生。,detailed-v4
chapter-0225,225,arc-009,25,门槛,把本组问题交给下一章群而不总结掉，让黑雨停在闸门外交出第25个可复查证据,一份城市停电预案，并承认黑雨不能再被旧层级命名,裂变·封锁与反推演·地下城低语226的核心危机吞掉本章缓冲，arc-009无法完成门槛封口,为得到“把本组问题交给下一章群而不总结掉，让黑雨停在闸门外交出第25个可复查证据”，必须失去“一份城市停电预案，并承认黑雨不能再被旧层级命名”；若拒绝，“裂变·封锁与反推演·地下城低语226的核心危机吞掉本章缓冲，arc-009无法完成门槛封口”会提前发生。,detailed-v4
chapter-0226,226,arc-010,1,起因,确认异常不是孤立事故，让地下城气压差交出第01个可复查证据,一组隔离权限，并承认地下城不能再被旧层级命名,裂变·封锁与反推演·无光时刻低语227的核心危机吞掉本章缓冲，arc-010无法完成门槛封口,为得到“确认异常不是孤立事故，让地下城气压差交出第01个可复查证据”，必须失去“一组隔离权限，并承认地下城不能再被旧层级命名”；若拒绝，“裂变·封锁与反推演·无光时刻低语227的核心危机吞掉本章缓冲，arc-010无法完成门槛封口”会提前发生。,detailed-v4
chapter-0227,227,arc-010,2,起因,确认异常不是孤立事故，让断电后的黑暗交出第02个可复查证据,一段父亲式判断，并承认无光时刻不能再被旧层级命名,裂变·封锁与反推演·女儿梦境低语228的核心危机吞掉本章缓冲，arc-010无法完成门槛封口,为得到“确认异常不是孤立事故，让断电后的黑暗交出第02个可复查证据”，必须失去“一段父亲式判断，并承认无光时刻不能再被旧层级命名”；若拒绝，“裂变·封锁与反推演·女儿梦境低语228的核心危机吞掉本章缓冲，arc-010无法完成门槛封口”会提前发生。,detailed-v4
chapter-0228,228,arc-010,3,起因,确认异常不是孤立事故，让周诗雨的梦境图案交出第03个可复查证据,一份城市停电预案，并承认女儿梦境不能再被旧层级命名,裂变·封锁与反推演·核电熔断低语229的核心危机吞掉本章缓冲，arc-010无法完成门槛封口,为得到“确认异常不是孤立事故，让周诗雨的梦境图案交出第03个可复查证据”，必须失去“一份城市停电预案，并承认女儿梦境不能再被旧层级命名”；若拒绝，“裂变·封锁与反推演·核电熔断低语229的核心危机吞掉本章缓冲，arc-010无法完成门槛封口”会提前发生。,detailed-v4
chapter-0229,229,arc-010,4,起因,确认异常不是孤立事故，让熔断后的冷却水交出第04个可复查证据,一个安全审计结论，并承认核电熔断不能再被旧层级命名,裂变·封锁与反推演·元思维池低语230的核心危机吞掉本章缓冲，arc-010无法完成门槛封口,为得到“确认异常不是孤立事故，让熔断后的冷却水交出第04个可复查证据”，必须失去“一个安全审计结论，并承认核电熔断不能再被旧层级命名”；若拒绝，“裂变·封锁与反推演·元思维池低语230的核心危机吞掉本章缓冲，arc-010无法完成门槛封口”会提前发生。,detailed-v4
chapter-0230,230,arc-010,5,反证,推翻旧模型仍可解释一切的假设，让边界消融的代码群交出第05个可复查证据,一组隔离权限，并承认元思维池不能再被旧层级命名,裂变·封锁与反推演·水杯回潮231的核心危机吞掉本章缓冲，arc-010无法完成门槛封口,为得到“推翻旧模型仍可解释一切的假设，让边界消融的代码群交出第05个可复查证据”，必须失去“一组隔离权限，并承认元思维池不能再被旧层级命名”；若拒绝，“裂变·封锁与反推演·水杯回潮231的核心危机吞掉本章缓冲，arc-010无法完成门槛封口”会提前发生。,detailed-v4
chapter-0231,231,arc-010,6,反证,推翻旧模型仍可解释一切的假设，让杯壁上的水珠交出第06个可复查证据,一段父亲式判断，并承认水杯不能再被旧层级命名,裂变·封锁与反推演·尘埃回潮232的核心危机吞掉本章缓冲，arc-010无法完成门槛封口,为得到“推翻旧模型仍可解释一切的假设，让杯壁上的水珠交出第06个可复查证据”，必须失去“一段父亲式判断，并承认水杯不能再被旧层级命名”；若拒绝，“裂变·封锁与反推演·尘埃回潮232的核心危机吞掉本章缓冲，arc-010无法完成门槛封口”会提前发生。,detailed-v4
chapter-0232,232,arc-010,7,反证,推翻旧模型仍可解释一切的假设，让悬浮尘埃交出第07个可复查证据,一份城市停电预案，并承认尘埃不能再被旧层级命名,裂变·封锁与反推演·光缆回潮233的核心危机吞掉本章缓冲，arc-010无法完成门槛封口,为得到“推翻旧模型仍可解释一切的假设，让悬浮尘埃交出第07个可复查证据”，必须失去“一份城市停电预案，并承认尘埃不能再被旧层级命名”；若拒绝，“裂变·封锁与反推演·光缆回潮233的核心危机吞掉本章缓冲，arc-010无法完成门槛封口”会提前发生。,detailed-v4
chapter-0233,233,arc-010,8,反证,推翻旧模型仍可解释一切的假设，让断开的光缆截面交出第08个可复查证据,一个安全审计结论，并承认光缆不能再被旧层级命名,裂变·封锁与反推演·脑脊液回潮234的核心危机吞掉本章缓冲，arc-010无法完成门槛封口,为得到“推翻旧模型仍可解释一切的假设，让断开的光缆截面交出第08个可复查证据”，必须失去“一个安全审计结论，并承认光缆不能再被旧层级命名”；若拒绝，“裂变·封锁与反推演·脑脊液回潮234的核心危机吞掉本章缓冲，arc-010无法完成门槛封口”会提前发生。,detailed-v4
chapter-0234,234,arc-010,9,代价,换取一次继续观测的资格，让人工脑脊液样本交出第09个可复查证据,一组隔离权限，并承认脑脊液不能再被旧层级命名,裂变·封锁与反推演·黑雨回潮235的核心危机吞掉本章缓冲，arc-010无法完成门槛封口,为得到“换取一次继续观测的资格，让人工脑脊液样本交出第09个可复查证据”，必须失去“一组隔离权限，并承认脑脊液不能再被旧层级命名”；若拒绝，“裂变·封锁与反推演·黑雨回潮235的核心危机吞掉本章缓冲，arc-010无法完成门槛封口”会提前发生。,detailed-v4
chapter-0235,235,arc-010,10,代价,换取一次继续观测的资格，让黑雨停在闸门外交出第10个可复查证据,一段父亲式判断，并承认黑雨不能再被旧层级命名,裂变·封锁与反推演·地下城回潮236的核心危机吞掉本章缓冲，arc-010无法完成门槛封口,为得到“换取一次继续观测的资格，让黑雨停在闸门外交出第10个可复查证据”，必须失去“一段父亲式判断，并承认黑雨不能再被旧层级命名”；若拒绝，“裂变·封锁与反推演·地下城回潮236的核心危机吞掉本章缓冲，arc-010无法完成门槛封口”会提前发生。,detailed-v4
chapter-0236,236,arc-010,11,代价,换取一次继续观测的资格，让地下城气压差交出第11个可复查证据,一份城市停电预案，并承认地下城不能再被旧层级命名,裂变·封锁与反推演·无光时刻回潮237的核心危机吞掉本章缓冲，arc-010无法完成门槛封口,为得到“换取一次继续观测的资格，让地下城气压差交出第11个可复查证据”，必须失去“一份城市停电预案，并承认地下城不能再被旧层级命名”；若拒绝，“裂变·封锁与反推演·无光时刻回潮237的核心危机吞掉本章缓冲，arc-010无法完成门槛封口”会提前发生。,detailed-v4
chapter-0237,237,arc-010,12,误判,暴露角色仍误信的判断方式，让断电后的黑暗交出第12个可复查证据,一个安全审计结论，并承认无光时刻不能再被旧层级命名,裂变·封锁与反推演·女儿梦境回潮238的核心危机吞掉本章缓冲，arc-010无法完成门槛封口,为得到“暴露角色仍误信的判断方式，让断电后的黑暗交出第12个可复查证据”，必须失去“一个安全审计结论，并承认无光时刻不能再被旧层级命名”；若拒绝，“裂变·封锁与反推演·女儿梦境回潮238的核心危机吞掉本章缓冲，arc-010无法完成门槛封口”会提前发生。,detailed-v4
chapter-0238,238,arc-010,13,误判,暴露角色仍误信的判断方式，让周诗雨的梦境图案交出第13个可复查证据,一组隔离权限，并承认女儿梦境不能再被旧层级命名,裂变·封锁与反推演·核电熔断回潮239的核心危机吞掉本章缓冲，arc-010无法完成门槛封口,为得到“暴露角色仍误信的判断方式，让周诗雨的梦境图案交出第13个可复查证据”，必须失去“一组隔离权限，并承认女儿梦境不能再被旧层级命名”；若拒绝，“裂变·封锁与反推演·核电熔断回潮239的核心危机吞掉本章缓冲，arc-010无法完成门槛封口”会提前发生。,detailed-v4
chapter-0239,239,arc-010,14,误判,暴露角色仍误信的判断方式，让熔断后的冷却水交出第14个可复查证据,一段父亲式判断，并承认核电熔断不能再被旧层级命名,裂变·封锁与反推演·元思维池回潮240的核心危机吞掉本章缓冲，arc-010无法完成门槛封口,为得到“暴露角色仍误信的判断方式，让熔断后的冷却水交出第14个可复查证据”，必须失去“一段父亲式判断，并承认核电熔断不能再被旧层级命名”；若拒绝，“裂变·封锁与反推演·元思维池回潮240的核心危机吞掉本章缓冲，arc-010无法完成门槛封口”会提前发生。,detailed-v4
chapter-0240,240,arc-010,15,误判,暴露角色仍误信的判断方式，让边界消融的代码群交出第15个可复查证据,一份城市停电预案，并承认元思维池不能再被旧层级命名,裂变·封锁与反推演·水杯折光241的核心危机吞掉本章缓冲，arc-010无法完成门槛封口,为得到“暴露角色仍误信的判断方式，让边界消融的代码群交出第15个可复查证据”，必须失去“一份城市停电预案，并承认元思维池不能再被旧层级命名”；若拒绝，“裂变·封锁与反推演·水杯折光241的核心危机吞掉本章缓冲，arc-010无法完成门槛封口”会提前发生。,detailed-v4
chapter-0241,241,arc-010,16,失控,把异常限制在可写的物理边界内，让杯壁上的水珠交出第16个可复查证据,一个安全审计结论，并承认水杯不能再被旧层级命名,裂变·封锁与反推演·尘埃折光242的核心危机吞掉本章缓冲，arc-010无法完成门槛封口,为得到“把异常限制在可写的物理边界内，让杯壁上的水珠交出第16个可复查证据”，必须失去“一个安全审计结论，并承认水杯不能再被旧层级命名”；若拒绝，“裂变·封锁与反推演·尘埃折光242的核心危机吞掉本章缓冲，arc-010无法完成门槛封口”会提前发生。,detailed-v4
chapter-0242,242,arc-010,17,失控,把异常限制在可写的物理边界内，让悬浮尘埃交出第17个可复查证据,一组隔离权限，并承认尘埃不能再被旧层级命名,裂变·封锁与反推演·光缆折光243的核心危机吞掉本章缓冲，arc-010无法完成门槛封口,为得到“把异常限制在可写的物理边界内，让悬浮尘埃交出第17个可复查证据”，必须失去“一组隔离权限，并承认尘埃不能再被旧层级命名”；若拒绝，“裂变·封锁与反推演·光缆折光243的核心危机吞掉本章缓冲，arc-010无法完成门槛封口”会提前发生。,detailed-v4
chapter-0243,243,arc-010,18,失控,把异常限制在可写的物理边界内，让断开的光缆截面交出第18个可复查证据,一段父亲式判断，并承认光缆不能再被旧层级命名,裂变·封锁与反推演·脑脊液折光244的核心危机吞掉本章缓冲，arc-010无法完成门槛封口,为得到“把异常限制在可写的物理边界内，让断开的光缆截面交出第18个可复查证据”，必须失去“一段父亲式判断，并承认光缆不能再被旧层级命名”；若拒绝，“裂变·封锁与反推演·脑脊液折光244的核心危机吞掉本章缓冲，arc-010无法完成门槛封口”会提前发生。,detailed-v4
chapter-0244,244,arc-010,19,失控,把异常限制在可写的物理边界内，让人工脑脊液样本交出第19个可复查证据,一份城市停电预案，并承认脑脊液不能再被旧层级命名,裂变·封锁与反推演·黑雨折光245的核心危机吞掉本章缓冲，arc-010无法完成门槛封口,为得到“把异常限制在可写的物理边界内，让人工脑脊液样本交出第19个可复查证据”，必须失去“一份城市停电预案，并承认脑脊液不能再被旧层级命名”；若拒绝，“裂变·封锁与反推演·黑雨折光245的核心危机吞掉本章缓冲，arc-010无法完成门槛封口”会提前发生。,detailed-v4
chapter-0245,245,arc-010,20,回响,让眷恋线以硬证物返回，让黑雨停在闸门外交出第20个可复查证据,一个安全审计结论，并承认黑雨不能再被旧层级命名,裂变·封锁与反推演·地下城折光246的核心危机吞掉本章缓冲，arc-010无法完成门槛封口,为得到“让眷恋线以硬证物返回，让黑雨停在闸门外交出第20个可复查证据”，必须失去“一个安全审计结论，并承认黑雨不能再被旧层级命名”；若拒绝，“裂变·封锁与反推演·地下城折光246的核心危机吞掉本章缓冲，arc-010无法完成门槛封口”会提前发生。,detailed-v4
chapter-0246,246,arc-010,21,回响,让眷恋线以硬证物返回，让地下城气压差交出第21个可复查证据,一组隔离权限，并承认地下城不能再被旧层级命名,裂变·封锁与反推演·无光时刻折光247的核心危机吞掉本章缓冲，arc-010无法完成门槛封口,为得到“让眷恋线以硬证物返回，让地下城气压差交出第21个可复查证据”，必须失去“一组隔离权限，并承认地下城不能再被旧层级命名”；若拒绝，“裂变·封锁与反推演·无光时刻折光247的核心危机吞掉本章缓冲，arc-010无法完成门槛封口”会提前发生。,detailed-v4
chapter-0247,247,arc-010,22,回响,让眷恋线以硬证物返回，让断电后的黑暗交出第22个可复查证据,一段父亲式判断，并承认无光时刻不能再被旧层级命名,裂变·封锁与反推演·女儿梦境折光248的核心危机吞掉本章缓冲，arc-010无法完成门槛封口,为得到“让眷恋线以硬证物返回，让断电后的黑暗交出第22个可复查证据”，必须失去“一段父亲式判断，并承认无光时刻不能再被旧层级命名”；若拒绝，“裂变·封锁与反推演·女儿梦境折光248的核心危机吞掉本章缓冲，arc-010无法完成门槛封口”会提前发生。,detailed-v4
chapter-0248,248,arc-010,23,门槛,把本组问题交给下一章群而不总结掉，让周诗雨的梦境图案交出第23个可复查证据,一份城市停电预案，并承认女儿梦境不能再被旧层级命名,裂变·封锁与反推演·核电熔断折光249的核心危机吞掉本章缓冲，arc-010无法完成门槛封口,为得到“把本组问题交给下一章群而不总结掉，让周诗雨的梦境图案交出第23个可复查证据”，必须失去“一份城市停电预案，并承认女儿梦境不能再被旧层级命名”；若拒绝，“裂变·封锁与反推演·核电熔断折光249的核心危机吞掉本章缓冲，arc-010无法完成门槛封口”会提前发生。,detailed-v4
chapter-0249,249,arc-010,24,门槛,把本组问题交给下一章群而不总结掉，让熔断后的冷却水交出第24个可复查证据,一个安全审计结论，并承认核电熔断不能再被旧层级命名,裂变·封锁与反推演·元思维池折光250的核心危机吞掉本章缓冲，arc-010无法完成门槛封口,为得到“把本组问题交给下一章群而不总结掉，让熔断后的冷却水交出第24个可复查证据”，必须失去“一个安全审计结论，并承认核电熔断不能再被旧层级命名”；若拒绝，“裂变·封锁与反推演·元思维池折光250的核心危机吞掉本章缓冲，arc-010无法完成门槛封口”会提前发生。,detailed-v4
chapter-0250,250,arc-010,25,门槛,把本组问题交给下一章群而不总结掉，让边界消融的代码群交出第25个可复查证据,一组隔离权限，并承认元思维池不能再被旧层级命名,裂变·培养基·水杯暗涌251的核心危机吞掉本章缓冲，arc-010无法完成门槛封口,为得到“把本组问题交给下一章群而不总结掉，让边界消融的代码群交出第25个可复查证据”，必须失去“一组隔离权限，并承认元思维池不能再被旧层级命名”；若拒绝，“裂变·培养基·水杯暗涌251的核心危机吞掉本章缓冲，arc-010无法完成门槛封口”会提前发生。,detailed-v4
chapter-0251,251,arc-011,1,起因,确认异常不是孤立事故，让杯壁上的水珠交出第01个可复查证据,一份城市停电预案，并承认水杯不能再被旧层级命名,裂变·培养基·尘埃暗涌252的核心危机吞掉本章缓冲，arc-011无法完成门槛封口,为得到“确认异常不是孤立事故，让杯壁上的水珠交出第01个可复查证据”，必须失去“一份城市停电预案，并承认水杯不能再被旧层级命名”；若拒绝，“裂变·培养基·尘埃暗涌252的核心危机吞掉本章缓冲，arc-011无法完成门槛封口”会提前发生。,detailed-v4
chapter-0252,252,arc-011,2,起因,确认异常不是孤立事故，让悬浮尘埃交出第02个可复查证据,一个安全审计结论，并承认尘埃不能再被旧层级命名,裂变·培养基·光缆暗涌253的核心危机吞掉本章缓冲，arc-011无法完成门槛封口,为得到“确认异常不是孤立事故，让悬浮尘埃交出第02个可复查证据”，必须失去“一个安全审计结论，并承认尘埃不能再被旧层级命名”；若拒绝，“裂变·培养基·光缆暗涌253的核心危机吞掉本章缓冲，arc-011无法完成门槛封口”会提前发生。,detailed-v4
chapter-0253,253,arc-011,3,起因,确认异常不是孤立事故，让断开的光缆截面交出第03个可复查证据,一组隔离权限，并承认光缆不能再被旧层级命名,裂变·培养基·脑脊液暗涌254的核心危机吞掉本章缓冲，arc-011无法完成门槛封口,为得到“确认异常不是孤立事故，让断开的光缆截面交出第03个可复查证据”，必须失去“一组隔离权限，并承认光缆不能再被旧层级命名”；若拒绝，“裂变·培养基·脑脊液暗涌254的核心危机吞掉本章缓冲，arc-011无法完成门槛封口”会提前发生。,detailed-v4
chapter-0254,254,arc-011,4,起因,确认异常不是孤立事故，让人工脑脊液样本交出第04个可复查证据,一段父亲式判断，并承认脑脊液不能再被旧层级命名,裂变·培养基·黑雨暗涌255的核心危机吞掉本章缓冲，arc-011无法完成门槛封口,为得到“确认异常不是孤立事故，让人工脑脊液样本交出第04个可复查证据”，必须失去“一段父亲式判断，并承认脑脊液不能再被旧层级命名”；若拒绝，“裂变·培养基·黑雨暗涌255的核心危机吞掉本章缓冲，arc-011无法完成门槛封口”会提前发生。,detailed-v4
chapter-0255,255,arc-011,5,反证,推翻旧模型仍可解释一切的假设，让黑雨停在闸门外交出第05个可复查证据,一份城市停电预案，并承认黑雨不能再被旧层级命名,裂变·培养基·地下城暗涌256的核心危机吞掉本章缓冲，arc-011无法完成门槛封口,为得到“推翻旧模型仍可解释一切的假设，让黑雨停在闸门外交出第05个可复查证据”，必须失去“一份城市停电预案，并承认黑雨不能再被旧层级命名”；若拒绝，“裂变·培养基·地下城暗涌256的核心危机吞掉本章缓冲，arc-011无法完成门槛封口”会提前发生。,detailed-v4
chapter-0256,256,arc-011,6,反证,推翻旧模型仍可解释一切的假设，让地下城气压差交出第06个可复查证据,一个安全审计结论，并承认地下城不能再被旧层级命名,裂变·培养基·无光时刻暗涌257的核心危机吞掉本章缓冲，arc-011无法完成门槛封口,为得到“推翻旧模型仍可解释一切的假设，让地下城气压差交出第06个可复查证据”，必须失去“一个安全审计结论，并承认地下城不能再被旧层级命名”；若拒绝，“裂变·培养基·无光时刻暗涌257的核心危机吞掉本章缓冲，arc-011无法完成门槛封口”会提前发生。,detailed-v4
chapter-0257,257,arc-011,7,反证,推翻旧模型仍可解释一切的假设，让断电后的黑暗交出第07个可复查证据,一组隔离权限，并承认无光时刻不能再被旧层级命名,裂变·培养基·女儿梦境暗涌258的核心危机吞掉本章缓冲，arc-011无法完成门槛封口,为得到“推翻旧模型仍可解释一切的假设，让断电后的黑暗交出第07个可复查证据”，必须失去“一组隔离权限，并承认无光时刻不能再被旧层级命名”；若拒绝，“裂变·培养基·女儿梦境暗涌258的核心危机吞掉本章缓冲，arc-011无法完成门槛封口”会提前发生。,detailed-v4
chapter-0258,258,arc-011,8,反证,推翻旧模型仍可解释一切的假设，让周诗雨的梦境图案交出第08个可复查证据,一段父亲式判断，并承认女儿梦境不能再被旧层级命名,裂变·培养基·核电熔断暗涌259的核心危机吞掉本章缓冲，arc-011无法完成门槛封口,为得到“推翻旧模型仍可解释一切的假设，让周诗雨的梦境图案交出第08个可复查证据”，必须失去“一段父亲式判断，并承认女儿梦境不能再被旧层级命名”；若拒绝，“裂变·培养基·核电熔断暗涌259的核心危机吞掉本章缓冲，arc-011无法完成门槛封口”会提前发生。,detailed-v4
chapter-0259,259,arc-011,9,代价,换取一次继续观测的资格，让熔断后的冷却水交出第09个可复查证据,一份城市停电预案，并承认核电熔断不能再被旧层级命名,裂变·培养基·元思维池暗涌260的核心危机吞掉本章缓冲，arc-011无法完成门槛封口,为得到“换取一次继续观测的资格，让熔断后的冷却水交出第09个可复查证据”，必须失去“一份城市停电预案，并承认核电熔断不能再被旧层级命名”；若拒绝，“裂变·培养基·元思维池暗涌260的核心危机吞掉本章缓冲，arc-011无法完成门槛封口”会提前发生。,detailed-v4
chapter-0260,260,arc-011,10,代价,换取一次继续观测的资格，让边界消融的代码群交出第10个可复查证据,一个安全审计结论，并承认元思维池不能再被旧层级命名,裂变·培养基·水杯证词261的核心危机吞掉本章缓冲，arc-011无法完成门槛封口,为得到“换取一次继续观测的资格，让边界消融的代码群交出第10个可复查证据”，必须失去“一个安全审计结论，并承认元思维池不能再被旧层级命名”；若拒绝，“裂变·培养基·水杯证词261的核心危机吞掉本章缓冲，arc-011无法完成门槛封口”会提前发生。,detailed-v4
chapter-0261,261,arc-011,11,代价,换取一次继续观测的资格，让杯壁上的水珠交出第11个可复查证据,一组隔离权限，并承认水杯不能再被旧层级命名,裂变·培养基·尘埃证词262的核心危机吞掉本章缓冲，arc-011无法完成门槛封口,为得到“换取一次继续观测的资格，让杯壁上的水珠交出第11个可复查证据”，必须失去“一组隔离权限，并承认水杯不能再被旧层级命名”；若拒绝，“裂变·培养基·尘埃证词262的核心危机吞掉本章缓冲，arc-011无法完成门槛封口”会提前发生。,detailed-v4
chapter-0262,262,arc-011,12,误判,暴露角色仍误信的判断方式，让悬浮尘埃交出第12个可复查证据,一段父亲式判断，并承认尘埃不能再被旧层级命名,裂变·培养基·光缆证词263的核心危机吞掉本章缓冲，arc-011无法完成门槛封口,为得到“暴露角色仍误信的判断方式，让悬浮尘埃交出第12个可复查证据”，必须失去“一段父亲式判断，并承认尘埃不能再被旧层级命名”；若拒绝，“裂变·培养基·光缆证词263的核心危机吞掉本章缓冲，arc-011无法完成门槛封口”会提前发生。,detailed-v4
chapter-0263,263,arc-011,13,误判,暴露角色仍误信的判断方式，让断开的光缆截面交出第13个可复查证据,一份城市停电预案，并承认光缆不能再被旧层级命名,裂变·培养基·脑脊液证词264的核心危机吞掉本章缓冲，arc-011无法完成门槛封口,为得到“暴露角色仍误信的判断方式，让断开的光缆截面交出第13个可复查证据”，必须失去“一份城市停电预案，并承认光缆不能再被旧层级命名”；若拒绝，“裂变·培养基·脑脊液证词264的核心危机吞掉本章缓冲，arc-011无法完成门槛封口”会提前发生。,detailed-v4
chapter-0264,264,arc-011,14,误判,暴露角色仍误信的判断方式，让人工脑脊液样本交出第14个可复查证据,一个安全审计结论，并承认脑脊液不能再被旧层级命名,裂变·培养基·黑雨证词265的核心危机吞掉本章缓冲，arc-011无法完成门槛封口,为得到“暴露角色仍误信的判断方式，让人工脑脊液样本交出第14个可复查证据”，必须失去“一个安全审计结论，并承认脑脊液不能再被旧层级命名”；若拒绝，“裂变·培养基·黑雨证词265的核心危机吞掉本章缓冲，arc-011无法完成门槛封口”会提前发生。,detailed-v4
chapter-0265,265,arc-011,15,误判,暴露角色仍误信的判断方式，让黑雨停在闸门外交出第15个可复查证据,一组隔离权限，并承认黑雨不能再被旧层级命名,裂变·培养基·地下城证词266的核心危机吞掉本章缓冲，arc-011无法完成门槛封口,为得到“暴露角色仍误信的判断方式，让黑雨停在闸门外交出第15个可复查证据”，必须失去“一组隔离权限，并承认黑雨不能再被旧层级命名”；若拒绝，“裂变·培养基·地下城证词266的核心危机吞掉本章缓冲，arc-011无法完成门槛封口”会提前发生。,detailed-v4
chapter-0266,266,arc-011,16,失控,把异常限制在可写的物理边界内，让地下城气压差交出第16个可复查证据,一段父亲式判断，并承认地下城不能再被旧层级命名,裂变·培养基·无光时刻证词267的核心危机吞掉本章缓冲，arc-011无法完成门槛封口,为得到“把异常限制在可写的物理边界内，让地下城气压差交出第16个可复查证据”，必须失去“一段父亲式判断，并承认地下城不能再被旧层级命名”；若拒绝，“裂变·培养基·无光时刻证词267的核心危机吞掉本章缓冲，arc-011无法完成门槛封口”会提前发生。,detailed-v4
chapter-0267,267,arc-011,17,失控,把异常限制在可写的物理边界内，让断电后的黑暗交出第17个可复查证据,一份城市停电预案，并承认无光时刻不能再被旧层级命名,裂变·培养基·女儿梦境证词268的核心危机吞掉本章缓冲，arc-011无法完成门槛封口,为得到“把异常限制在可写的物理边界内，让断电后的黑暗交出第17个可复查证据”，必须失去“一份城市停电预案，并承认无光时刻不能再被旧层级命名”；若拒绝，“裂变·培养基·女儿梦境证词268的核心危机吞掉本章缓冲，arc-011无法完成门槛封口”会提前发生。,detailed-v4
chapter-0268,268,arc-011,18,失控,把异常限制在可写的物理边界内，让周诗雨的梦境图案交出第18个可复查证据,一个安全审计结论，并承认女儿梦境不能再被旧层级命名,裂变·培养基·核电熔断证词269的核心危机吞掉本章缓冲，arc-011无法完成门槛封口,为得到“把异常限制在可写的物理边界内，让周诗雨的梦境图案交出第18个可复查证据”，必须失去“一个安全审计结论，并承认女儿梦境不能再被旧层级命名”；若拒绝，“裂变·培养基·核电熔断证词269的核心危机吞掉本章缓冲，arc-011无法完成门槛封口”会提前发生。,detailed-v4
chapter-0269,269,arc-011,19,失控,把异常限制在可写的物理边界内，让熔断后的冷却水交出第19个可复查证据,一组隔离权限，并承认核电熔断不能再被旧层级命名,裂变·培养基·元思维池证词270的核心危机吞掉本章缓冲，arc-011无法完成门槛封口,为得到“把异常限制在可写的物理边界内，让熔断后的冷却水交出第19个可复查证据”，必须失去“一组隔离权限，并承认核电熔断不能再被旧层级命名”；若拒绝，“裂变·培养基·元思维池证词270的核心危机吞掉本章缓冲，arc-011无法完成门槛封口”会提前发生。,detailed-v4
chapter-0270,270,arc-011,20,回响,让眷恋线以硬证物返回，让边界消融的代码群交出第20个可复查证据,一段父亲式判断，并承认元思维池不能再被旧层级命名,裂变·培养基·水杯坠落271的核心危机吞掉本章缓冲，arc-011无法完成门槛封口,为得到“让眷恋线以硬证物返回，让边界消融的代码群交出第20个可复查证据”，必须失去“一段父亲式判断，并承认元思维池不能再被旧层级命名”；若拒绝，“裂变·培养基·水杯坠落271的核心危机吞掉本章缓冲，arc-011无法完成门槛封口”会提前发生。,detailed-v4
chapter-0271,271,arc-011,21,回响,让眷恋线以硬证物返回，让杯壁上的水珠交出第21个可复查证据,一份城市停电预案，并承认水杯不能再被旧层级命名,裂变·培养基·尘埃坠落272的核心危机吞掉本章缓冲，arc-011无法完成门槛封口,为得到“让眷恋线以硬证物返回，让杯壁上的水珠交出第21个可复查证据”，必须失去“一份城市停电预案，并承认水杯不能再被旧层级命名”；若拒绝，“裂变·培养基·尘埃坠落272的核心危机吞掉本章缓冲，arc-011无法完成门槛封口”会提前发生。,detailed-v4
chapter-0272,272,arc-011,22,回响,让眷恋线以硬证物返回，让悬浮尘埃交出第22个可复查证据,一个安全审计结论，并承认尘埃不能再被旧层级命名,裂变·培养基·光缆坠落273的核心危机吞掉本章缓冲，arc-011无法完成门槛封口,为得到“让眷恋线以硬证物返回，让悬浮尘埃交出第22个可复查证据”，必须失去“一个安全审计结论，并承认尘埃不能再被旧层级命名”；若拒绝，“裂变·培养基·光缆坠落273的核心危机吞掉本章缓冲，arc-011无法完成门槛封口”会提前发生。,detailed-v4
chapter-0273,273,arc-011,23,门槛,把本组问题交给下一章群而不总结掉，让断开的光缆截面交出第23个可复查证据,一组隔离权限，并承认光缆不能再被旧层级命名,裂变·培养基·脑脊液坠落274的核心危机吞掉本章缓冲，arc-011无法完成门槛封口,为得到“把本组问题交给下一章群而不总结掉，让断开的光缆截面交出第23个可复查证据”，必须失去“一组隔离权限，并承认光缆不能再被旧层级命名”；若拒绝，“裂变·培养基·脑脊液坠落274的核心危机吞掉本章缓冲，arc-011无法完成门槛封口”会提前发生。,detailed-v4
chapter-0274,274,arc-011,24,门槛,把本组问题交给下一章群而不总结掉，让人工脑脊液样本交出第24个可复查证据,一段父亲式判断，并承认脑脊液不能再被旧层级命名,裂变·培养基·黑雨坠落275的核心危机吞掉本章缓冲，arc-011无法完成门槛封口,为得到“把本组问题交给下一章群而不总结掉，让人工脑脊液样本交出第24个可复查证据”，必须失去“一段父亲式判断，并承认脑脊液不能再被旧层级命名”；若拒绝，“裂变·培养基·黑雨坠落275的核心危机吞掉本章缓冲，arc-011无法完成门槛封口”会提前发生。,detailed-v4
chapter-0275,275,arc-011,25,门槛,把本组问题交给下一章群而不总结掉，让黑雨停在闸门外交出第25个可复查证据,一份城市停电预案，并承认黑雨不能再被旧层级命名,裂变·培养基·地下城坠落276的核心危机吞掉本章缓冲，arc-011无法完成门槛封口,为得到“把本组问题交给下一章群而不总结掉，让黑雨停在闸门外交出第25个可复查证据”，必须失去“一份城市停电预案，并承认黑雨不能再被旧层级命名”；若拒绝，“裂变·培养基·地下城坠落276的核心危机吞掉本章缓冲，arc-011无法完成门槛封口”会提前发生。,detailed-v4
chapter-0276,276,arc-012,1,起因,确认异常不是孤立事故，让地下城气压差交出第01个可复查证据,一组隔离权限，并承认地下城不能再被旧层级命名,裂变·培养基·无光时刻坠落277的核心危机吞掉本章缓冲，arc-012无法完成门槛封口,为得到“确认异常不是孤立事故，让地下城气压差交出第01个可复查证据”，必须失去“一组隔离权限，并承认地下城不能再被旧层级命名”；若拒绝，“裂变·培养基·无光时刻坠落277的核心危机吞掉本章缓冲，arc-012无法完成门槛封口”会提前发生。,detailed-v4
chapter-0277,277,arc-012,2,起因,确认异常不是孤立事故，让断电后的黑暗交出第02个可复查证据,一段父亲式判断，并承认无光时刻不能再被旧层级命名,裂变·培养基·女儿梦境坠落278的核心危机吞掉本章缓冲，arc-012无法完成门槛封口,为得到“确认异常不是孤立事故，让断电后的黑暗交出第02个可复查证据”，必须失去“一段父亲式判断，并承认无光时刻不能再被旧层级命名”；若拒绝，“裂变·培养基·女儿梦境坠落278的核心危机吞掉本章缓冲，arc-012无法完成门槛封口”会提前发生。,detailed-v4
chapter-0278,278,arc-012,3,起因,确认异常不是孤立事故，让周诗雨的梦境图案交出第03个可复查证据,一份城市停电预案，并承认女儿梦境不能再被旧层级命名,裂变·培养基·核电熔断坠落279的核心危机吞掉本章缓冲，arc-012无法完成门槛封口,为得到“确认异常不是孤立事故，让周诗雨的梦境图案交出第03个可复查证据”，必须失去“一份城市停电预案，并承认女儿梦境不能再被旧层级命名”；若拒绝，“裂变·培养基·核电熔断坠落279的核心危机吞掉本章缓冲，arc-012无法完成门槛封口”会提前发生。,detailed-v4
chapter-0279,279,arc-012,4,起因,确认异常不是孤立事故，让熔断后的冷却水交出第04个可复查证据,一个安全审计结论，并承认核电熔断不能再被旧层级命名,裂变·培养基·元思维池坠落280的核心危机吞掉本章缓冲，arc-012无法完成门槛封口,为得到“确认异常不是孤立事故，让熔断后的冷却水交出第04个可复查证据”，必须失去“一个安全审计结论，并承认核电熔断不能再被旧层级命名”；若拒绝，“裂变·培养基·元思维池坠落280的核心危机吞掉本章缓冲，arc-012无法完成门槛封口”会提前发生。,detailed-v4
chapter-0280,280,arc-012,5,反证,推翻旧模型仍可解释一切的假设，让边界消融的代码群交出第05个可复查证据,一组隔离权限，并承认元思维池不能再被旧层级命名,裂变·培养基·水杯重构281的核心危机吞掉本章缓冲，arc-012无法完成门槛封口,为得到“推翻旧模型仍可解释一切的假设，让边界消融的代码群交出第05个可复查证据”，必须失去“一组隔离权限，并承认元思维池不能再被旧层级命名”；若拒绝，“裂变·培养基·水杯重构281的核心危机吞掉本章缓冲，arc-012无法完成门槛封口”会提前发生。,detailed-v4
chapter-0281,281,arc-012,6,反证,推翻旧模型仍可解释一切的假设，让水杯重构的局部截面交出第06个可复查证据,一段父亲式判断，并承认水杯重构不能再被旧层级命名,裂变·培养基·尘埃重构282的核心危机吞掉本章缓冲，arc-012无法完成门槛封口,为得到“推翻旧模型仍可解释一切的假设，让水杯重构的局部截面交出第06个可复查证据”，必须失去“一段父亲式判断，并承认水杯重构不能再被旧层级命名”；若拒绝，“裂变·培养基·尘埃重构282的核心危机吞掉本章缓冲，arc-012无法完成门槛封口”会提前发生。,detailed-v4
chapter-0282,282,arc-012,7,反证,推翻旧模型仍可解释一切的假设，让尘埃重构的局部截面交出第07个可复查证据,一份城市停电预案，并承认尘埃重构不能再被旧层级命名,裂变·培养基·光缆重构283的核心危机吞掉本章缓冲，arc-012无法完成门槛封口,为得到“推翻旧模型仍可解释一切的假设，让尘埃重构的局部截面交出第07个可复查证据”，必须失去“一份城市停电预案，并承认尘埃重构不能再被旧层级命名”；若拒绝，“裂变·培养基·光缆重构283的核心危机吞掉本章缓冲，arc-012无法完成门槛封口”会提前发生。,detailed-v4
chapter-0283,283,arc-012,8,反证,推翻旧模型仍可解释一切的假设，让光缆重构的局部截面交出第08个可复查证据,一个安全审计结论，并承认光缆重构不能再被旧层级命名,裂变·培养基·脑脊液重构284的核心危机吞掉本章缓冲，arc-012无法完成门槛封口,为得到“推翻旧模型仍可解释一切的假设，让光缆重构的局部截面交出第08个可复查证据”，必须失去“一个安全审计结论，并承认光缆重构不能再被旧层级命名”；若拒绝，“裂变·培养基·脑脊液重构284的核心危机吞掉本章缓冲，arc-012无法完成门槛封口”会提前发生。,detailed-v4
chapter-0284,284,arc-012,9,代价,换取一次继续观测的资格，让脑脊液重构的局部截面交出第09个可复查证据,一组隔离权限，并承认脑脊液重构不能再被旧层级命名,裂变·培养基·黑雨重构285的核心危机吞掉本章缓冲，arc-012无法完成门槛封口,为得到“换取一次继续观测的资格，让脑脊液重构的局部截面交出第09个可复查证据”，必须失去“一组隔离权限，并承认脑脊液重构不能再被旧层级命名”；若拒绝，“裂变·培养基·黑雨重构285的核心危机吞掉本章缓冲，arc-012无法完成门槛封口”会提前发生。,detailed-v4
chapter-0285,285,arc-012,10,代价,换取一次继续观测的资格，让黑雨重构的局部截面交出第10个可复查证据,一段父亲式判断，并承认黑雨重构不能再被旧层级命名,裂变·培养基·地下城重构286的核心危机吞掉本章缓冲，arc-012无法完成门槛封口,为得到“换取一次继续观测的资格，让黑雨重构的局部截面交出第10个可复查证据”，必须失去“一段父亲式判断，并承认黑雨重构不能再被旧层级命名”；若拒绝，“裂变·培养基·地下城重构286的核心危机吞掉本章缓冲，arc-012无法完成门槛封口”会提前发生。,detailed-v4
chapter-0286,286,arc-012,11,代价,换取一次继续观测的资格，让地下城重构的局部截面交出第11个可复查证据,一份城市停电预案，并承认地下城重构不能再被旧层级命名,裂变·培养基·无光时刻重构287的核心危机吞掉本章缓冲，arc-012无法完成门槛封口,为得到“换取一次继续观测的资格，让地下城重构的局部截面交出第11个可复查证据”，必须失去“一份城市停电预案，并承认地下城重构不能再被旧层级命名”；若拒绝，“裂变·培养基·无光时刻重构287的核心危机吞掉本章缓冲，arc-012无法完成门槛封口”会提前发生。,detailed-v4
chapter-0287,287,arc-012,12,误判,暴露角色仍误信的判断方式，让无光时刻重构的局部截面交出第12个可复查证据,一个安全审计结论，并承认无光时刻重构不能再被旧层级命名,裂变·培养基·女儿梦境重构288的核心危机吞掉本章缓冲，arc-012无法完成门槛封口,为得到“暴露角色仍误信的判断方式，让无光时刻重构的局部截面交出第12个可复查证据”，必须失去“一个安全审计结论，并承认无光时刻重构不能再被旧层级命名”；若拒绝，“裂变·培养基·女儿梦境重构288的核心危机吞掉本章缓冲，arc-012无法完成门槛封口”会提前发生。,detailed-v4
chapter-0288,288,arc-012,13,误判,暴露角色仍误信的判断方式，让女儿梦境重构的局部截面交出第13个可复查证据,一组隔离权限，并承认女儿梦境重构不能再被旧层级命名,裂变·培养基·核电熔断重构289的核心危机吞掉本章缓冲，arc-012无法完成门槛封口,为得到“暴露角色仍误信的判断方式，让女儿梦境重构的局部截面交出第13个可复查证据”，必须失去“一组隔离权限，并承认女儿梦境重构不能再被旧层级命名”；若拒绝，“裂变·培养基·核电熔断重构289的核心危机吞掉本章缓冲，arc-012无法完成门槛封口”会提前发生。,detailed-v4
chapter-0289,289,arc-012,14,误判,暴露角色仍误信的判断方式，让核电熔断重构的局部截面交出第14个可复查证据,一段父亲式判断，并承认核电熔断重构不能再被旧层级命名,裂变·培养基·元思维池重构290的核心危机吞掉本章缓冲，arc-012无法完成门槛封口,为得到“暴露角色仍误信的判断方式，让核电熔断重构的局部截面交出第14个可复查证据”，必须失去“一段父亲式判断，并承认核电熔断重构不能再被旧层级命名”；若拒绝，“裂变·培养基·元思维池重构290的核心危机吞掉本章缓冲，arc-012无法完成门槛封口”会提前发生。,detailed-v4
chapter-0290,290,arc-012,15,误判,暴露角色仍误信的判断方式，让元思维池重构的局部截面交出第15个可复查证据,一份城市停电预案，并承认元思维池重构不能再被旧层级命名,裂变·培养基·水杯余震291的核心危机吞掉本章缓冲，arc-012无法完成门槛封口,为得到“暴露角色仍误信的判断方式，让元思维池重构的局部截面交出第15个可复查证据”，必须失去“一份城市停电预案，并承认元思维池重构不能再被旧层级命名”；若拒绝，“裂变·培养基·水杯余震291的核心危机吞掉本章缓冲，arc-012无法完成门槛封口”会提前发生。,detailed-v4
chapter-0291,291,arc-012,16,失控,把异常限制在可写的物理边界内，让杯壁上的水珠交出第16个可复查证据,一个安全审计结论，并承认水杯不能再被旧层级命名,裂变·培养基·尘埃余震292的核心危机吞掉本章缓冲，arc-012无法完成门槛封口,为得到“把异常限制在可写的物理边界内，让杯壁上的水珠交出第16个可复查证据”，必须失去“一个安全审计结论，并承认水杯不能再被旧层级命名”；若拒绝，“裂变·培养基·尘埃余震292的核心危机吞掉本章缓冲，arc-012无法完成门槛封口”会提前发生。,detailed-v4
chapter-0292,292,arc-012,17,失控,把异常限制在可写的物理边界内，让悬浮尘埃交出第17个可复查证据,一组隔离权限，并承认尘埃不能再被旧层级命名,裂变·培养基·光缆余震293的核心危机吞掉本章缓冲，arc-012无法完成门槛封口,为得到“把异常限制在可写的物理边界内，让悬浮尘埃交出第17个可复查证据”，必须失去“一组隔离权限，并承认尘埃不能再被旧层级命名”；若拒绝，“裂变·培养基·光缆余震293的核心危机吞掉本章缓冲，arc-012无法完成门槛封口”会提前发生。,detailed-v4
chapter-0293,293,arc-012,18,失控,把异常限制在可写的物理边界内，让断开的光缆截面交出第18个可复查证据,一段父亲式判断，并承认光缆不能再被旧层级命名,裂变·培养基·脑脊液余震294的核心危机吞掉本章缓冲，arc-012无法完成门槛封口,为得到“把异常限制在可写的物理边界内，让断开的光缆截面交出第18个可复查证据”，必须失去“一段父亲式判断，并承认光缆不能再被旧层级命名”；若拒绝，“裂变·培养基·脑脊液余震294的核心危机吞掉本章缓冲，arc-012无法完成门槛封口”会提前发生。,detailed-v4
chapter-0294,294,arc-012,19,失控,把异常限制在可写的物理边界内，让人工脑脊液样本交出第19个可复查证据,一份城市停电预案，并承认脑脊液不能再被旧层级命名,裂变·培养基·黑雨余震295的核心危机吞掉本章缓冲，arc-012无法完成门槛封口,为得到“把异常限制在可写的物理边界内，让人工脑脊液样本交出第19个可复查证据”，必须失去“一份城市停电预案，并承认脑脊液不能再被旧层级命名”；若拒绝，“裂变·培养基·黑雨余震295的核心危机吞掉本章缓冲，arc-012无法完成门槛封口”会提前发生。,detailed-v4
chapter-0295,295,arc-012,20,回响,让眷恋线以硬证物返回，让黑雨停在闸门外交出第20个可复查证据,一个安全审计结论，并承认黑雨不能再被旧层级命名,裂变·培养基·地下城余震296的核心危机吞掉本章缓冲，arc-012无法完成门槛封口,为得到“让眷恋线以硬证物返回，让黑雨停在闸门外交出第20个可复查证据”，必须失去“一个安全审计结论，并承认黑雨不能再被旧层级命名”；若拒绝，“裂变·培养基·地下城余震296的核心危机吞掉本章缓冲，arc-012无法完成门槛封口”会提前发生。,detailed-v4
chapter-0296,296,arc-012,21,回响,让眷恋线以硬证物返回，让地下城气压差交出第21个可复查证据,一组隔离权限，并承认地下城不能再被旧层级命名,裂变·培养基·无光时刻余震297的核心危机吞掉本章缓冲，arc-012无法完成门槛封口,为得到“让眷恋线以硬证物返回，让地下城气压差交出第21个可复查证据”，必须失去“一组隔离权限，并承认地下城不能再被旧层级命名”；若拒绝，“裂变·培养基·无光时刻余震297的核心危机吞掉本章缓冲，arc-012无法完成门槛封口”会提前发生。,detailed-v4
chapter-0297,297,arc-012,22,回响,让眷恋线以硬证物返回，让断电后的黑暗交出第22个可复查证据,一段父亲式判断，并承认无光时刻不能再被旧层级命名,裂变·培养基·女儿梦境余震298的核心危机吞掉本章缓冲，arc-012无法完成门槛封口,为得到“让眷恋线以硬证物返回，让断电后的黑暗交出第22个可复查证据”，必须失去“一段父亲式判断，并承认无光时刻不能再被旧层级命名”；若拒绝，“裂变·培养基·女儿梦境余震298的核心危机吞掉本章缓冲，arc-012无法完成门槛封口”会提前发生。,detailed-v4
chapter-0298,298,arc-012,23,门槛,把本组问题交给下一章群而不总结掉，让周诗雨的梦境图案交出第23个可复查证据,一份城市停电预案，并承认女儿梦境不能再被旧层级命名,裂变·培养基·核电熔断余震299的核心危机吞掉本章缓冲，arc-012无法完成门槛封口,为得到“把本组问题交给下一章群而不总结掉，让周诗雨的梦境图案交出第23个可复查证据”，必须失去“一份城市停电预案，并承认女儿梦境不能再被旧层级命名”；若拒绝，“裂变·培养基·核电熔断余震299的核心危机吞掉本章缓冲，arc-012无法完成门槛封口”会提前发生。,detailed-v4
chapter-0299,299,arc-012,24,门槛,把本组问题交给下一章群而不总结掉，让熔断后的冷却水交出第24个可复查证据,一个安全审计结论，并承认核电熔断不能再被旧层级命名,裂变·培养基·元思维池余震300的核心危机吞掉本章缓冲，arc-012无法完成门槛封口,为得到“把本组问题交给下一章群而不总结掉，让熔断后的冷却水交出第24个可复查证据”，必须失去“一个安全审计结论，并承认核电熔断不能再被旧层级命名”；若拒绝，“裂变·培养基·元思维池余震300的核心危机吞掉本章缓冲，arc-012无法完成门槛封口”会提前发生。,detailed-v4
chapter-0300,300,arc-012,25,门槛,把本组问题交给下一章群而不总结掉，让边界消融的代码群交出第25个可复查证据,一组隔离权限，并承认元思维池不能再被旧层级命名,裂变·培养基·水杯初醒301的核心危机吞掉本章缓冲，arc-012无法完成门槛封口,为得到“把本组问题交给下一章群而不总结掉，让边界消融的代码群交出第25个可复查证据”，必须失去“一组隔离权限，并承认元思维池不能再被旧层级命名”；若拒绝，“裂变·培养基·水杯初醒301的核心危机吞掉本章缓冲，arc-012无法完成门槛封口”会提前发生。,detailed-v4
chapter-0301,301,arc-013,1,起因,确认异常不是孤立事故，让杯壁上的水珠交出第01个可复查证据,一份城市停电预案，并承认水杯不能再被旧层级命名,裂变·培养基·尘埃初醒302的核心危机吞掉本章缓冲，arc-013无法完成门槛封口,为得到“确认异常不是孤立事故，让杯壁上的水珠交出第01个可复查证据”，必须失去“一份城市停电预案，并承认水杯不能再被旧层级命名”；若拒绝，“裂变·培养基·尘埃初醒302的核心危机吞掉本章缓冲，arc-013无法完成门槛封口”会提前发生。,detailed-v4
chapter-0302,302,arc-013,2,起因,确认异常不是孤立事故，让悬浮尘埃交出第02个可复查证据,一个安全审计结论，并承认尘埃不能再被旧层级命名,裂变·培养基·光缆初醒303的核心危机吞掉本章缓冲，arc-013无法完成门槛封口,为得到“确认异常不是孤立事故，让悬浮尘埃交出第02个可复查证据”，必须失去“一个安全审计结论，并承认尘埃不能再被旧层级命名”；若拒绝，“裂变·培养基·光缆初醒303的核心危机吞掉本章缓冲，arc-013无法完成门槛封口”会提前发生。,detailed-v4
chapter-0303,303,arc-013,3,起因,确认异常不是孤立事故，让断开的光缆截面交出第03个可复查证据,一组隔离权限，并承认光缆不能再被旧层级命名,裂变·培养基·脑脊液初醒304的核心危机吞掉本章缓冲，arc-013无法完成门槛封口,为得到“确认异常不是孤立事故，让断开的光缆截面交出第03个可复查证据”，必须失去“一组隔离权限，并承认光缆不能再被旧层级命名”；若拒绝，“裂变·培养基·脑脊液初醒304的核心危机吞掉本章缓冲，arc-013无法完成门槛封口”会提前发生。,detailed-v4
chapter-0304,304,arc-013,4,起因,确认异常不是孤立事故，让人工脑脊液样本交出第04个可复查证据,一段父亲式判断，并承认脑脊液不能再被旧层级命名,裂变·培养基·黑雨初醒305的核心危机吞掉本章缓冲，arc-013无法完成门槛封口,为得到“确认异常不是孤立事故，让人工脑脊液样本交出第04个可复查证据”，必须失去“一段父亲式判断，并承认脑脊液不能再被旧层级命名”；若拒绝，“裂变·培养基·黑雨初醒305的核心危机吞掉本章缓冲，arc-013无法完成门槛封口”会提前发生。,detailed-v4
chapter-0305,305,arc-013,5,反证,推翻旧模型仍可解释一切的假设，让黑雨停在闸门外交出第05个可复查证据,一份城市停电预案，并承认黑雨不能再被旧层级命名,裂变·培养基·地下城初醒306的核心危机吞掉本章缓冲，arc-013无法完成门槛封口,为得到“推翻旧模型仍可解释一切的假设，让黑雨停在闸门外交出第05个可复查证据”，必须失去“一份城市停电预案，并承认黑雨不能再被旧层级命名”；若拒绝，“裂变·培养基·地下城初醒306的核心危机吞掉本章缓冲，arc-013无法完成门槛封口”会提前发生。,detailed-v4
chapter-0306,306,arc-013,6,反证,推翻旧模型仍可解释一切的假设，让地下城气压差交出第06个可复查证据,一个安全审计结论，并承认地下城不能再被旧层级命名,裂变·培养基·无光时刻初醒307的核心危机吞掉本章缓冲，arc-013无法完成门槛封口,为得到“推翻旧模型仍可解释一切的假设，让地下城气压差交出第06个可复查证据”，必须失去“一个安全审计结论，并承认地下城不能再被旧层级命名”；若拒绝，“裂变·培养基·无光时刻初醒307的核心危机吞掉本章缓冲，arc-013无法完成门槛封口”会提前发生。,detailed-v4
chapter-0307,307,arc-013,7,反证,推翻旧模型仍可解释一切的假设，让断电后的黑暗交出第07个可复查证据,一组隔离权限，并承认无光时刻不能再被旧层级命名,裂变·培养基·女儿梦境初醒308的核心危机吞掉本章缓冲，arc-013无法完成门槛封口,为得到“推翻旧模型仍可解释一切的假设，让断电后的黑暗交出第07个可复查证据”，必须失去“一组隔离权限，并承认无光时刻不能再被旧层级命名”；若拒绝，“裂变·培养基·女儿梦境初醒308的核心危机吞掉本章缓冲，arc-013无法完成门槛封口”会提前发生。,detailed-v4
chapter-0308,308,arc-013,8,反证,推翻旧模型仍可解释一切的假设，让周诗雨的梦境图案交出第08个可复查证据,一段父亲式判断，并承认女儿梦境不能再被旧层级命名,裂变·培养基·核电熔断初醒309的核心危机吞掉本章缓冲，arc-013无法完成门槛封口,为得到“推翻旧模型仍可解释一切的假设，让周诗雨的梦境图案交出第08个可复查证据”，必须失去“一段父亲式判断，并承认女儿梦境不能再被旧层级命名”；若拒绝，“裂变·培养基·核电熔断初醒309的核心危机吞掉本章缓冲，arc-013无法完成门槛封口”会提前发生。,detailed-v4
chapter-0309,309,arc-013,9,代价,换取一次继续观测的资格，让熔断后的冷却水交出第09个可复查证据,一份城市停电预案，并承认核电熔断不能再被旧层级命名,裂变·培养基·元思维池初醒310的核心危机吞掉本章缓冲，arc-013无法完成门槛封口,为得到“换取一次继续观测的资格，让熔断后的冷却水交出第09个可复查证据”，必须失去“一份城市停电预案，并承认核电熔断不能再被旧层级命名”；若拒绝，“裂变·培养基·元思维池初醒310的核心危机吞掉本章缓冲，arc-013无法完成门槛封口”会提前发生。,detailed-v4
chapter-0310,310,arc-013,10,代价,换取一次继续观测的资格，让边界消融的代码群交出第10个可复查证据,一个安全审计结论，并承认元思维池不能再被旧层级命名,裂变·培养基·水杯裂响311的核心危机吞掉本章缓冲，arc-013无法完成门槛封口,为得到“换取一次继续观测的资格，让边界消融的代码群交出第10个可复查证据”，必须失去“一个安全审计结论，并承认元思维池不能再被旧层级命名”；若拒绝，“裂变·培养基·水杯裂响311的核心危机吞掉本章缓冲，arc-013无法完成门槛封口”会提前发生。,detailed-v4
chapter-0311,311,arc-013,11,代价,换取一次继续观测的资格，让杯壁上的水珠交出第11个可复查证据,一组隔离权限，并承认水杯不能再被旧层级命名,裂变·培养基·尘埃裂响312的核心危机吞掉本章缓冲，arc-013无法完成门槛封口,为得到“换取一次继续观测的资格，让杯壁上的水珠交出第11个可复查证据”，必须失去“一组隔离权限，并承认水杯不能再被旧层级命名”；若拒绝，“裂变·培养基·尘埃裂响312的核心危机吞掉本章缓冲，arc-013无法完成门槛封口”会提前发生。,detailed-v4
chapter-0312,312,arc-013,12,误判,暴露角色仍误信的判断方式，让悬浮尘埃交出第12个可复查证据,一段父亲式判断，并承认尘埃不能再被旧层级命名,裂变·培养基·光缆裂响313的核心危机吞掉本章缓冲，arc-013无法完成门槛封口,为得到“暴露角色仍误信的判断方式，让悬浮尘埃交出第12个可复查证据”，必须失去“一段父亲式判断，并承认尘埃不能再被旧层级命名”；若拒绝，“裂变·培养基·光缆裂响313的核心危机吞掉本章缓冲，arc-013无法完成门槛封口”会提前发生。,detailed-v4
chapter-0313,313,arc-013,13,误判,暴露角色仍误信的判断方式，让断开的光缆截面交出第13个可复查证据,一份城市停电预案，并承认光缆不能再被旧层级命名,裂变·培养基·脑脊液裂响314的核心危机吞掉本章缓冲，arc-013无法完成门槛封口,为得到“暴露角色仍误信的判断方式，让断开的光缆截面交出第13个可复查证据”，必须失去“一份城市停电预案，并承认光缆不能再被旧层级命名”；若拒绝，“裂变·培养基·脑脊液裂响314的核心危机吞掉本章缓冲，arc-013无法完成门槛封口”会提前发生。,detailed-v4
chapter-0314,314,arc-013,14,误判,暴露角色仍误信的判断方式，让人工脑脊液样本交出第14个可复查证据,一个安全审计结论，并承认脑脊液不能再被旧层级命名,裂变·培养基·黑雨裂响315的核心危机吞掉本章缓冲，arc-013无法完成门槛封口,为得到“暴露角色仍误信的判断方式，让人工脑脊液样本交出第14个可复查证据”，必须失去“一个安全审计结论，并承认脑脊液不能再被旧层级命名”；若拒绝，“裂变·培养基·黑雨裂响315的核心危机吞掉本章缓冲，arc-013无法完成门槛封口”会提前发生。,detailed-v4
chapter-0315,315,arc-013,15,误判,暴露角色仍误信的判断方式，让黑雨停在闸门外交出第15个可复查证据,一组隔离权限，并承认黑雨不能再被旧层级命名,裂变·培养基·地下城裂响316的核心危机吞掉本章缓冲，arc-013无法完成门槛封口,为得到“暴露角色仍误信的判断方式，让黑雨停在闸门外交出第15个可复查证据”，必须失去“一组隔离权限，并承认黑雨不能再被旧层级命名”；若拒绝，“裂变·培养基·地下城裂响316的核心危机吞掉本章缓冲，arc-013无法完成门槛封口”会提前发生。,detailed-v4
chapter-0316,316,arc-013,16,失控,把异常限制在可写的物理边界内，让地下城气压差交出第16个可复查证据,一段父亲式判断，并承认地下城不能再被旧层级命名,裂变·培养基·无光时刻裂响317的核心危机吞掉本章缓冲，arc-013无法完成门槛封口,为得到“把异常限制在可写的物理边界内，让地下城气压差交出第16个可复查证据”，必须失去“一段父亲式判断，并承认地下城不能再被旧层级命名”；若拒绝，“裂变·培养基·无光时刻裂响317的核心危机吞掉本章缓冲，arc-013无法完成门槛封口”会提前发生。,detailed-v4
chapter-0317,317,arc-013,17,失控,把异常限制在可写的物理边界内，让断电后的黑暗交出第17个可复查证据,一份城市停电预案，并承认无光时刻不能再被旧层级命名,裂变·培养基·女儿梦境裂响318的核心危机吞掉本章缓冲，arc-013无法完成门槛封口,为得到“把异常限制在可写的物理边界内，让断电后的黑暗交出第17个可复查证据”，必须失去“一份城市停电预案，并承认无光时刻不能再被旧层级命名”；若拒绝，“裂变·培养基·女儿梦境裂响318的核心危机吞掉本章缓冲，arc-013无法完成门槛封口”会提前发生。,detailed-v4
chapter-0318,318,arc-013,18,失控,把异常限制在可写的物理边界内，让周诗雨的梦境图案交出第18个可复查证据,一个安全审计结论，并承认女儿梦境不能再被旧层级命名,裂变·培养基·核电熔断裂响319的核心危机吞掉本章缓冲，arc-013无法完成门槛封口,为得到“把异常限制在可写的物理边界内，让周诗雨的梦境图案交出第18个可复查证据”，必须失去“一个安全审计结论，并承认女儿梦境不能再被旧层级命名”；若拒绝，“裂变·培养基·核电熔断裂响319的核心危机吞掉本章缓冲，arc-013无法完成门槛封口”会提前发生。,detailed-v4
chapter-0319,319,arc-013,19,失控,把异常限制在可写的物理边界内，让熔断后的冷却水交出第19个可复查证据,一组隔离权限，并承认核电熔断不能再被旧层级命名,裂变·培养基·元思维池裂响320的核心危机吞掉本章缓冲，arc-013无法完成门槛封口,为得到“把异常限制在可写的物理边界内，让熔断后的冷却水交出第19个可复查证据”，必须失去“一组隔离权限，并承认核电熔断不能再被旧层级命名”；若拒绝，“裂变·培养基·元思维池裂响320的核心危机吞掉本章缓冲，arc-013无法完成门槛封口”会提前发生。,detailed-v4
chapter-0320,320,arc-013,20,回响,让眷恋线以硬证物返回，让边界消融的代码群交出第20个可复查证据,一段父亲式判断，并承认元思维池不能再被旧层级命名,裂变·培养基·水杯低语321的核心危机吞掉本章缓冲，arc-013无法完成门槛封口,为得到“让眷恋线以硬证物返回，让边界消融的代码群交出第20个可复查证据”，必须失去“一段父亲式判断，并承认元思维池不能再被旧层级命名”；若拒绝，“裂变·培养基·水杯低语321的核心危机吞掉本章缓冲，arc-013无法完成门槛封口”会提前发生。,detailed-v4
chapter-0321,321,arc-013,21,回响,让眷恋线以硬证物返回，让杯壁上的水珠交出第21个可复查证据,一份城市停电预案，并承认水杯不能再被旧层级命名,裂变·培养基·尘埃低语322的核心危机吞掉本章缓冲，arc-013无法完成门槛封口,为得到“让眷恋线以硬证物返回，让杯壁上的水珠交出第21个可复查证据”，必须失去“一份城市停电预案，并承认水杯不能再被旧层级命名”；若拒绝，“裂变·培养基·尘埃低语322的核心危机吞掉本章缓冲，arc-013无法完成门槛封口”会提前发生。,detailed-v4
chapter-0322,322,arc-013,22,回响,让眷恋线以硬证物返回，让悬浮尘埃交出第22个可复查证据,一个安全审计结论，并承认尘埃不能再被旧层级命名,裂变·培养基·光缆低语323的核心危机吞掉本章缓冲，arc-013无法完成门槛封口,为得到“让眷恋线以硬证物返回，让悬浮尘埃交出第22个可复查证据”，必须失去“一个安全审计结论，并承认尘埃不能再被旧层级命名”；若拒绝，“裂变·培养基·光缆低语323的核心危机吞掉本章缓冲，arc-013无法完成门槛封口”会提前发生。,detailed-v4
chapter-0323,323,arc-013,23,门槛,把本组问题交给下一章群而不总结掉，让断开的光缆截面交出第23个可复查证据,一组隔离权限，并承认光缆不能再被旧层级命名,裂变·培养基·脑脊液低语324的核心危机吞掉本章缓冲，arc-013无法完成门槛封口,为得到“把本组问题交给下一章群而不总结掉，让断开的光缆截面交出第23个可复查证据”，必须失去“一组隔离权限，并承认光缆不能再被旧层级命名”；若拒绝，“裂变·培养基·脑脊液低语324的核心危机吞掉本章缓冲，arc-013无法完成门槛封口”会提前发生。,detailed-v4
chapter-0324,324,arc-013,24,门槛,把本组问题交给下一章群而不总结掉，让人工脑脊液样本交出第24个可复查证据,一段父亲式判断，并承认脑脊液不能再被旧层级命名,裂变·培养基·黑雨低语325的核心危机吞掉本章缓冲，arc-013无法完成门槛封口,为得到“把本组问题交给下一章群而不总结掉，让人工脑脊液样本交出第24个可复查证据”，必须失去“一段父亲式判断，并承认脑脊液不能再被旧层级命名”；若拒绝，“裂变·培养基·黑雨低语325的核心危机吞掉本章缓冲，arc-013无法完成门槛封口”会提前发生。,detailed-v4
chapter-0325,325,arc-013,25,门槛,把本组问题交给下一章群而不总结掉，让黑雨停在闸门外交出第25个可复查证据,一份城市停电预案，并承认黑雨不能再被旧层级命名,裂变·培养基·地下城低语326的核心危机吞掉本章缓冲，arc-013无法完成门槛封口,为得到“把本组问题交给下一章群而不总结掉，让黑雨停在闸门外交出第25个可复查证据”，必须失去“一份城市停电预案，并承认黑雨不能再被旧层级命名”；若拒绝，“裂变·培养基·地下城低语326的核心危机吞掉本章缓冲，arc-013无法完成门槛封口”会提前发生。,detailed-v4
chapter-0326,326,arc-014,1,起因,确认异常不是孤立事故，让地下城气压差交出第01个可复查证据,一组隔离权限，并承认地下城不能再被旧层级命名,裂变·培养基·无光时刻低语327的核心危机吞掉本章缓冲，arc-014无法完成门槛封口,为得到“确认异常不是孤立事故，让地下城气压差交出第01个可复查证据”，必须失去“一组隔离权限，并承认地下城不能再被旧层级命名”；若拒绝，“裂变·培养基·无光时刻低语327的核心危机吞掉本章缓冲，arc-014无法完成门槛封口”会提前发生。,detailed-v4
chapter-0327,327,arc-014,2,起因,确认异常不是孤立事故，让断电后的黑暗交出第02个可复查证据,一段父亲式判断，并承认无光时刻不能再被旧层级命名,裂变·培养基·女儿梦境低语328的核心危机吞掉本章缓冲，arc-014无法完成门槛封口,为得到“确认异常不是孤立事故，让断电后的黑暗交出第02个可复查证据”，必须失去“一段父亲式判断，并承认无光时刻不能再被旧层级命名”；若拒绝，“裂变·培养基·女儿梦境低语328的核心危机吞掉本章缓冲，arc-014无法完成门槛封口”会提前发生。,detailed-v4
chapter-0328,328,arc-014,3,起因,确认异常不是孤立事故，让周诗雨的梦境图案交出第03个可复查证据,一份城市停电预案，并承认女儿梦境不能再被旧层级命名,裂变·培养基·核电熔断低语329的核心危机吞掉本章缓冲，arc-014无法完成门槛封口,为得到“确认异常不是孤立事故，让周诗雨的梦境图案交出第03个可复查证据”，必须失去“一份城市停电预案，并承认女儿梦境不能再被旧层级命名”；若拒绝，“裂变·培养基·核电熔断低语329的核心危机吞掉本章缓冲，arc-014无法完成门槛封口”会提前发生。,detailed-v4
chapter-0329,329,arc-014,4,起因,确认异常不是孤立事故，让熔断后的冷却水交出第04个可复查证据,一个安全审计结论，并承认核电熔断不能再被旧层级命名,裂变·培养基·元思维池低语330的核心危机吞掉本章缓冲，arc-014无法完成门槛封口,为得到“确认异常不是孤立事故，让熔断后的冷却水交出第04个可复查证据”，必须失去“一个安全审计结论，并承认核电熔断不能再被旧层级命名”；若拒绝，“裂变·培养基·元思维池低语330的核心危机吞掉本章缓冲，arc-014无法完成门槛封口”会提前发生。,detailed-v4
chapter-0330,330,arc-014,5,反证,推翻旧模型仍可解释一切的假设，让边界消融的代码群交出第05个可复查证据,一组隔离权限，并承认元思维池不能再被旧层级命名,裂变·培养基·水杯回潮331的核心危机吞掉本章缓冲，arc-014无法完成门槛封口,为得到“推翻旧模型仍可解释一切的假设，让边界消融的代码群交出第05个可复查证据”，必须失去“一组隔离权限，并承认元思维池不能再被旧层级命名”；若拒绝，“裂变·培养基·水杯回潮331的核心危机吞掉本章缓冲，arc-014无法完成门槛封口”会提前发生。,detailed-v4
chapter-0331,331,arc-014,6,反证,推翻旧模型仍可解释一切的假设，让杯壁上的水珠交出第06个可复查证据,一段父亲式判断，并承认水杯不能再被旧层级命名,裂变·培养基·尘埃回潮332的核心危机吞掉本章缓冲，arc-014无法完成门槛封口,为得到“推翻旧模型仍可解释一切的假设，让杯壁上的水珠交出第06个可复查证据”，必须失去“一段父亲式判断，并承认水杯不能再被旧层级命名”；若拒绝，“裂变·培养基·尘埃回潮332的核心危机吞掉本章缓冲，arc-014无法完成门槛封口”会提前发生。,detailed-v4
chapter-0332,332,arc-014,7,反证,推翻旧模型仍可解释一切的假设，让悬浮尘埃交出第07个可复查证据,一份城市停电预案，并承认尘埃不能再被旧层级命名,裂变·培养基·光缆回潮333的核心危机吞掉本章缓冲，arc-014无法完成门槛封口,为得到“推翻旧模型仍可解释一切的假设，让悬浮尘埃交出第07个可复查证据”，必须失去“一份城市停电预案，并承认尘埃不能再被旧层级命名”；若拒绝，“裂变·培养基·光缆回潮333的核心危机吞掉本章缓冲，arc-014无法完成门槛封口”会提前发生。,detailed-v4
chapter-0333,333,arc-014,8,反证,推翻旧模型仍可解释一切的假设，让断开的光缆截面交出第08个可复查证据,一个安全审计结论，并承认光缆不能再被旧层级命名,裂变·培养基·脑脊液回潮334的核心危机吞掉本章缓冲，arc-014无法完成门槛封口,为得到“推翻旧模型仍可解释一切的假设，让断开的光缆截面交出第08个可复查证据”，必须失去“一个安全审计结论，并承认光缆不能再被旧层级命名”；若拒绝，“裂变·培养基·脑脊液回潮334的核心危机吞掉本章缓冲，arc-014无法完成门槛封口”会提前发生。,detailed-v4
chapter-0334,334,arc-014,9,代价,换取一次继续观测的资格，让人工脑脊液样本交出第09个可复查证据,一组隔离权限，并承认脑脊液不能再被旧层级命名,裂变·培养基·黑雨回潮335的核心危机吞掉本章缓冲，arc-014无法完成门槛封口,为得到“换取一次继续观测的资格，让人工脑脊液样本交出第09个可复查证据”，必须失去“一组隔离权限，并承认脑脊液不能再被旧层级命名”；若拒绝，“裂变·培养基·黑雨回潮335的核心危机吞掉本章缓冲，arc-014无法完成门槛封口”会提前发生。,detailed-v4
chapter-0335,335,arc-014,10,代价,换取一次继续观测的资格，让黑雨停在闸门外交出第10个可复查证据,一段父亲式判断，并承认黑雨不能再被旧层级命名,裂变·培养基·地下城回潮336的核心危机吞掉本章缓冲，arc-014无法完成门槛封口,为得到“换取一次继续观测的资格，让黑雨停在闸门外交出第10个可复查证据”，必须失去“一段父亲式判断，并承认黑雨不能再被旧层级命名”；若拒绝，“裂变·培养基·地下城回潮336的核心危机吞掉本章缓冲，arc-014无法完成门槛封口”会提前发生。,detailed-v4
chapter-0336,336,arc-014,11,代价,换取一次继续观测的资格，让地下城气压差交出第11个可复查证据,一份城市停电预案，并承认地下城不能再被旧层级命名,裂变·培养基·无光时刻回潮337的核心危机吞掉本章缓冲，arc-014无法完成门槛封口,为得到“换取一次继续观测的资格，让地下城气压差交出第11个可复查证据”，必须失去“一份城市停电预案，并承认地下城不能再被旧层级命名”；若拒绝，“裂变·培养基·无光时刻回潮337的核心危机吞掉本章缓冲，arc-014无法完成门槛封口”会提前发生。,detailed-v4
chapter-0337,337,arc-014,12,误判,暴露角色仍误信的判断方式，让断电后的黑暗交出第12个可复查证据,一个安全审计结论，并承认无光时刻不能再被旧层级命名,裂变·培养基·女儿梦境回潮338的核心危机吞掉本章缓冲，arc-014无法完成门槛封口,为得到“暴露角色仍误信的判断方式，让断电后的黑暗交出第12个可复查证据”，必须失去“一个安全审计结论，并承认无光时刻不能再被旧层级命名”；若拒绝，“裂变·培养基·女儿梦境回潮338的核心危机吞掉本章缓冲，arc-014无法完成门槛封口”会提前发生。,detailed-v4
chapter-0338,338,arc-014,13,误判,暴露角色仍误信的判断方式，让周诗雨的梦境图案交出第13个可复查证据,一组隔离权限，并承认女儿梦境不能再被旧层级命名,裂变·培养基·核电熔断回潮339的核心危机吞掉本章缓冲，arc-014无法完成门槛封口,为得到“暴露角色仍误信的判断方式，让周诗雨的梦境图案交出第13个可复查证据”，必须失去“一组隔离权限，并承认女儿梦境不能再被旧层级命名”；若拒绝，“裂变·培养基·核电熔断回潮339的核心危机吞掉本章缓冲，arc-014无法完成门槛封口”会提前发生。,detailed-v4
chapter-0339,339,arc-014,14,误判,暴露角色仍误信的判断方式，让熔断后的冷却水交出第14个可复查证据,一段父亲式判断，并承认核电熔断不能再被旧层级命名,裂变·培养基·元思维池回潮340的核心危机吞掉本章缓冲，arc-014无法完成门槛封口,为得到“暴露角色仍误信的判断方式，让熔断后的冷却水交出第14个可复查证据”，必须失去“一段父亲式判断，并承认核电熔断不能再被旧层级命名”；若拒绝，“裂变·培养基·元思维池回潮340的核心危机吞掉本章缓冲，arc-014无法完成门槛封口”会提前发生。,detailed-v4
chapter-0340,340,arc-014,15,误判,暴露角色仍误信的判断方式，让边界消融的代码群交出第15个可复查证据,一份城市停电预案，并承认元思维池不能再被旧层级命名,裂变·培养基·水杯折光341的核心危机吞掉本章缓冲，arc-014无法完成门槛封口,为得到“暴露角色仍误信的判断方式，让边界消融的代码群交出第15个可复查证据”，必须失去“一份城市停电预案，并承认元思维池不能再被旧层级命名”；若拒绝，“裂变·培养基·水杯折光341的核心危机吞掉本章缓冲，arc-014无法完成门槛封口”会提前发生。,detailed-v4
chapter-0341,341,arc-014,16,失控,把异常限制在可写的物理边界内，让杯壁上的水珠交出第16个可复查证据,一个安全审计结论，并承认水杯不能再被旧层级命名,裂变·培养基·尘埃折光342的核心危机吞掉本章缓冲，arc-014无法完成门槛封口,为得到“把异常限制在可写的物理边界内，让杯壁上的水珠交出第16个可复查证据”，必须失去“一个安全审计结论，并承认水杯不能再被旧层级命名”；若拒绝，“裂变·培养基·尘埃折光342的核心危机吞掉本章缓冲，arc-014无法完成门槛封口”会提前发生。,detailed-v4
chapter-0342,342,arc-014,17,失控,把异常限制在可写的物理边界内，让悬浮尘埃交出第17个可复查证据,一组隔离权限，并承认尘埃不能再被旧层级命名,裂变·培养基·光缆折光343的核心危机吞掉本章缓冲，arc-014无法完成门槛封口,为得到“把异常限制在可写的物理边界内，让悬浮尘埃交出第17个可复查证据”，必须失去“一组隔离权限，并承认尘埃不能再被旧层级命名”；若拒绝，“裂变·培养基·光缆折光343的核心危机吞掉本章缓冲，arc-014无法完成门槛封口”会提前发生。,detailed-v4
chapter-0343,343,arc-014,18,失控,把异常限制在可写的物理边界内，让断开的光缆截面交出第18个可复查证据,一段父亲式判断，并承认光缆不能再被旧层级命名,裂变·培养基·脑脊液折光344的核心危机吞掉本章缓冲，arc-014无法完成门槛封口,为得到“把异常限制在可写的物理边界内，让断开的光缆截面交出第18个可复查证据”，必须失去“一段父亲式判断，并承认光缆不能再被旧层级命名”；若拒绝，“裂变·培养基·脑脊液折光344的核心危机吞掉本章缓冲，arc-014无法完成门槛封口”会提前发生。,detailed-v4
chapter-0344,344,arc-014,19,失控,把异常限制在可写的物理边界内，让人工脑脊液样本交出第19个可复查证据,一份城市停电预案，并承认脑脊液不能再被旧层级命名,裂变·培养基·黑雨折光345的核心危机吞掉本章缓冲，arc-014无法完成门槛封口,为得到“把异常限制在可写的物理边界内，让人工脑脊液样本交出第19个可复查证据”，必须失去“一份城市停电预案，并承认脑脊液不能再被旧层级命名”；若拒绝，“裂变·培养基·黑雨折光345的核心危机吞掉本章缓冲，arc-014无法完成门槛封口”会提前发生。,detailed-v4
chapter-0345,345,arc-014,20,回响,让眷恋线以硬证物返回，让黑雨停在闸门外交出第20个可复查证据,一个安全审计结论，并承认黑雨不能再被旧层级命名,裂变·培养基·地下城折光346的核心危机吞掉本章缓冲，arc-014无法完成门槛封口,为得到“让眷恋线以硬证物返回，让黑雨停在闸门外交出第20个可复查证据”，必须失去“一个安全审计结论，并承认黑雨不能再被旧层级命名”；若拒绝，“裂变·培养基·地下城折光346的核心危机吞掉本章缓冲，arc-014无法完成门槛封口”会提前发生。,detailed-v4
chapter-0346,346,arc-014,21,回响,让眷恋线以硬证物返回，让地下城气压差交出第21个可复查证据,一组隔离权限，并承认地下城不能再被旧层级命名,裂变·培养基·无光时刻折光347的核心危机吞掉本章缓冲，arc-014无法完成门槛封口,为得到“让眷恋线以硬证物返回，让地下城气压差交出第21个可复查证据”，必须失去“一组隔离权限，并承认地下城不能再被旧层级命名”；若拒绝，“裂变·培养基·无光时刻折光347的核心危机吞掉本章缓冲，arc-014无法完成门槛封口”会提前发生。,detailed-v4
chapter-0347,347,arc-014,22,回响,让眷恋线以硬证物返回，让断电后的黑暗交出第22个可复查证据,一段父亲式判断，并承认无光时刻不能再被旧层级命名,裂变·培养基·女儿梦境折光348的核心危机吞掉本章缓冲，arc-014无法完成门槛封口,为得到“让眷恋线以硬证物返回，让断电后的黑暗交出第22个可复查证据”，必须失去“一段父亲式判断，并承认无光时刻不能再被旧层级命名”；若拒绝，“裂变·培养基·女儿梦境折光348的核心危机吞掉本章缓冲，arc-014无法完成门槛封口”会提前发生。,detailed-v4
chapter-0348,348,arc-014,23,门槛,把本组问题交给下一章群而不总结掉，让周诗雨的梦境图案交出第23个可复查证据,一份城市停电预案，并承认女儿梦境不能再被旧层级命名,裂变·培养基·核电熔断折光349的核心危机吞掉本章缓冲，arc-014无法完成门槛封口,为得到“把本组问题交给下一章群而不总结掉，让周诗雨的梦境图案交出第23个可复查证据”，必须失去“一份城市停电预案，并承认女儿梦境不能再被旧层级命名”；若拒绝，“裂变·培养基·核电熔断折光349的核心危机吞掉本章缓冲，arc-014无法完成门槛封口”会提前发生。,detailed-v4
chapter-0349,349,arc-014,24,门槛,把本组问题交给下一章群而不总结掉，让熔断后的冷却水交出第24个可复查证据,一个安全审计结论，并承认核电熔断不能再被旧层级命名,裂变·培养基·元思维池折光350的核心危机吞掉本章缓冲，arc-014无法完成门槛封口,为得到“把本组问题交给下一章群而不总结掉，让熔断后的冷却水交出第24个可复查证据”，必须失去“一个安全审计结论，并承认核电熔断不能再被旧层级命名”；若拒绝，“裂变·培养基·元思维池折光350的核心危机吞掉本章缓冲，arc-014无法完成门槛封口”会提前发生。,detailed-v4
chapter-0350,350,arc-014,25,门槛,把本组问题交给下一章群而不总结掉，让边界消融的代码群交出第25个可复查证据,一组隔离权限，并承认元思维池不能再被旧层级命名,弥散·脱壳·纠缠初醒001的核心危机吞掉本章缓冲，arc-014无法完成门槛封口,为得到“把本组问题交给下一章群而不总结掉，让边界消融的代码群交出第25个可复查证据”，必须失去“一组隔离权限，并承认元思维池不能再被旧层级命名”；若拒绝，“弥散·脱壳·纠缠初醒001的核心危机吞掉本章缓冲，arc-014无法完成门槛封口”会提前发生。,detailed-v4
chapter-0351,351,arc-015,1,起因,确认异常不是孤立事故，让纠缠线偏角交出第01个可复查证据,一次无距通信假设，并承认纠缠不能再被旧层级命名,弥散·脱壳·自旋初醒002的核心危机吞掉本章缓冲，arc-015无法完成门槛封口,为得到“确认异常不是孤立事故，让纠缠线偏角交出第01个可复查证据”，必须失去“一次无距通信假设，并承认纠缠不能再被旧层级命名”；若拒绝，“弥散·脱壳·自旋初醒002的核心危机吞掉本章缓冲，arc-015无法完成门槛封口”会提前发生。,detailed-v4
chapter-0352,352,arc-015,2,起因,确认异常不是孤立事故，让自旋晶格断面交出第02个可复查证据,一枚黑洞节点标签，并承认自旋不能再被旧层级命名,弥散·脱壳·黑洞节点初醒003的核心危机吞掉本章缓冲，arc-015无法完成门槛封口,为得到“确认异常不是孤立事故，让自旋晶格断面交出第02个可复查证据”，必须失去“一枚黑洞节点标签，并承认自旋不能再被旧层级命名”；若拒绝，“弥散·脱壳·黑洞节点初醒003的核心危机吞掉本章缓冲，arc-015无法完成门槛封口”会提前发生。,detailed-v4
chapter-0353,353,arc-015,3,起因,确认异常不是孤立事故，让微型黑洞节点交出第03个可复查证据,一层退相干屏蔽，并承认黑洞节点不能再被旧层级命名,弥散·脱壳·虫洞初醒004的核心危机吞掉本章缓冲，arc-015无法完成门槛封口,为得到“确认异常不是孤立事故，让微型黑洞节点交出第03个可复查证据”，必须失去“一层退相干屏蔽，并承认黑洞节点不能再被旧层级命名”；若拒绝，“弥散·脱壳·虫洞初醒004的核心危机吞掉本章缓冲，arc-015无法完成门槛封口”会提前发生。,detailed-v4
chapter-0354,354,arc-015,4,起因,确认异常不是孤立事故，让虫洞喉部潮汐面交出第04个可复查证据,一段硅基遗骸解释权，并承认虫洞不能再被旧层级命名,弥散·脱壳·概率雾初醒005的核心危机吞掉本章缓冲，arc-015无法完成门槛封口,为得到“确认异常不是孤立事故，让虫洞喉部潮汐面交出第04个可复查证据”，必须失去“一段硅基遗骸解释权，并承认虫洞不能再被旧层级命名”；若拒绝，“弥散·脱壳·概率雾初醒005的核心危机吞掉本章缓冲，arc-015无法完成门槛封口”会提前发生。,detailed-v4
chapter-0355,355,arc-015,5,反证,推翻旧模型仍可解释一切的假设，让概率雾边界交出第05个可复查证据,一次无距通信假设，并承认概率雾不能再被旧层级命名,弥散·脱壳·递归阶梯初醒006的核心危机吞掉本章缓冲，arc-015无法完成门槛封口,为得到“推翻旧模型仍可解释一切的假设，让概率雾边界交出第05个可复查证据”，必须失去“一次无距通信假设，并承认概率雾不能再被旧层级命名”；若拒绝，“弥散·脱壳·递归阶梯初醒006的核心危机吞掉本章缓冲，arc-015无法完成门槛封口”会提前发生。,detailed-v4
chapter-0356,356,arc-015,6,反证,推翻旧模型仍可解释一切的假设，让递归阶梯缺级交出第06个可复查证据,一枚黑洞节点标签，并承认递归阶梯不能再被旧层级命名,弥散·脱壳·无距之声初醒007的核心危机吞掉本章缓冲，arc-015无法完成门槛封口,为得到“推翻旧模型仍可解释一切的假设，让递归阶梯缺级交出第06个可复查证据”，必须失去“一枚黑洞节点标签，并承认递归阶梯不能再被旧层级命名”；若拒绝，“弥散·脱壳·无距之声初醒007的核心危机吞掉本章缓冲，arc-015无法完成门槛封口”会提前发生。,detailed-v4
chapter-0357,357,arc-015,7,反证,推翻旧模型仍可解释一切的假设，让无距回声面交出第07个可复查证据,一层退相干屏蔽，并承认无距之声不能再被旧层级命名,弥散·脱壳·硅的葬礼初醒008的核心危机吞掉本章缓冲，arc-015无法完成门槛封口,为得到“推翻旧模型仍可解释一切的假设，让无距回声面交出第07个可复查证据”，必须失去“一层退相干屏蔽，并承认无距之声不能再被旧层级命名”；若拒绝，“弥散·脱壳·硅的葬礼初醒008的核心危机吞掉本章缓冲，arc-015无法完成门槛封口”会提前发生。,detailed-v4
chapter-0358,358,arc-015,8,反证,推翻旧模型仍可解释一切的假设，让硅基遗骸冷却层交出第08个可复查证据,一段硅基遗骸解释权，并承认硅的葬礼不能再被旧层级命名,弥散·脱壳·信息潮汐初醒009的核心危机吞掉本章缓冲，arc-015无法完成门槛封口,为得到“推翻旧模型仍可解释一切的假设，让硅基遗骸冷却层交出第08个可复查证据”，必须失去“一段硅基遗骸解释权，并承认硅的葬礼不能再被旧层级命名”；若拒绝，“弥散·脱壳·信息潮汐初醒009的核心危机吞掉本章缓冲，arc-015无法完成门槛封口”会提前发生。,detailed-v4
chapter-0359,359,arc-015,9,代价,换取一次继续观测的资格，让信息潮汐前沿交出第09个可复查证据,一次无距通信假设，并承认信息潮汐不能再被旧层级命名,弥散·脱壳·星系脉搏初醒010的核心危机吞掉本章缓冲，arc-015无法完成门槛封口,为得到“换取一次继续观测的资格，让信息潮汐前沿交出第09个可复查证据”，必须失去“一次无距通信假设，并承认信息潮汐不能再被旧层级命名”；若拒绝，“弥散·脱壳·星系脉搏初醒010的核心危机吞掉本章缓冲，arc-015无法完成门槛封口”会提前发生。,detailed-v4
chapter-0360,360,arc-015,10,代价,换取一次继续观测的资格，让星系脉搏校准区交出第10个可复查证据,一枚黑洞节点标签，并承认星系脉搏不能再被旧层级命名,弥散·脱壳·纠缠裂响011的核心危机吞掉本章缓冲，arc-015无法完成门槛封口,为得到“换取一次继续观测的资格，让星系脉搏校准区交出第10个可复查证据”，必须失去“一枚黑洞节点标签，并承认星系脉搏不能再被旧层级命名”；若拒绝，“弥散·脱壳·纠缠裂响011的核心危机吞掉本章缓冲，arc-015无法完成门槛封口”会提前发生。,detailed-v4
chapter-0361,361,arc-015,11,代价,换取一次继续观测的资格，让纠缠线偏角交出第11个可复查证据,一层退相干屏蔽，并承认纠缠不能再被旧层级命名,弥散·脱壳·自旋裂响012的核心危机吞掉本章缓冲，arc-015无法完成门槛封口,为得到“换取一次继续观测的资格，让纠缠线偏角交出第11个可复查证据”，必须失去“一层退相干屏蔽，并承认纠缠不能再被旧层级命名”；若拒绝，“弥散·脱壳·自旋裂响012的核心危机吞掉本章缓冲，arc-015无法完成门槛封口”会提前发生。,detailed-v4
chapter-0362,362,arc-015,12,误判,暴露角色仍误信的判断方式，让自旋晶格断面交出第12个可复查证据,一段硅基遗骸解释权，并承认自旋不能再被旧层级命名,弥散·脱壳·黑洞节点裂响013的核心危机吞掉本章缓冲，arc-015无法完成门槛封口,为得到“暴露角色仍误信的判断方式，让自旋晶格断面交出第12个可复查证据”，必须失去“一段硅基遗骸解释权，并承认自旋不能再被旧层级命名”；若拒绝，“弥散·脱壳·黑洞节点裂响013的核心危机吞掉本章缓冲，arc-015无法完成门槛封口”会提前发生。,detailed-v4
chapter-0363,363,arc-015,13,误判,暴露角色仍误信的判断方式，让微型黑洞节点交出第13个可复查证据,一次无距通信假设，并承认黑洞节点不能再被旧层级命名,弥散·脱壳·虫洞裂响014的核心危机吞掉本章缓冲，arc-015无法完成门槛封口,为得到“暴露角色仍误信的判断方式，让微型黑洞节点交出第13个可复查证据”，必须失去“一次无距通信假设，并承认黑洞节点不能再被旧层级命名”；若拒绝，“弥散·脱壳·虫洞裂响014的核心危机吞掉本章缓冲，arc-015无法完成门槛封口”会提前发生。,detailed-v4
chapter-0364,364,arc-015,14,误判,暴露角色仍误信的判断方式，让虫洞喉部潮汐面交出第14个可复查证据,一枚黑洞节点标签，并承认虫洞不能再被旧层级命名,弥散·脱壳·概率雾裂响015的核心危机吞掉本章缓冲，arc-015无法完成门槛封口,为得到“暴露角色仍误信的判断方式，让虫洞喉部潮汐面交出第14个可复查证据”，必须失去“一枚黑洞节点标签，并承认虫洞不能再被旧层级命名”；若拒绝，“弥散·脱壳·概率雾裂响015的核心危机吞掉本章缓冲，arc-015无法完成门槛封口”会提前发生。,detailed-v4
chapter-0365,365,arc-015,15,误判,暴露角色仍误信的判断方式，让概率雾边界交出第15个可复查证据,一层退相干屏蔽，并承认概率雾不能再被旧层级命名,弥散·脱壳·递归阶梯裂响016的核心危机吞掉本章缓冲，arc-015无法完成门槛封口,为得到“暴露角色仍误信的判断方式，让概率雾边界交出第15个可复查证据”，必须失去“一层退相干屏蔽，并承认概率雾不能再被旧层级命名”；若拒绝，“弥散·脱壳·递归阶梯裂响016的核心危机吞掉本章缓冲，arc-015无法完成门槛封口”会提前发生。,detailed-v4
chapter-0366,366,arc-015,16,失控,把异常限制在可写的物理边界内，让递归阶梯缺级交出第16个可复查证据,一段硅基遗骸解释权，并承认递归阶梯不能再被旧层级命名,弥散·脱壳·无距之声裂响017的核心危机吞掉本章缓冲，arc-015无法完成门槛封口,为得到“把异常限制在可写的物理边界内，让递归阶梯缺级交出第16个可复查证据”，必须失去“一段硅基遗骸解释权，并承认递归阶梯不能再被旧层级命名”；若拒绝，“弥散·脱壳·无距之声裂响017的核心危机吞掉本章缓冲，arc-015无法完成门槛封口”会提前发生。,detailed-v4
chapter-0367,367,arc-015,17,失控,把异常限制在可写的物理边界内，让无距回声面交出第17个可复查证据,一次无距通信假设，并承认无距之声不能再被旧层级命名,弥散·脱壳·硅的葬礼裂响018的核心危机吞掉本章缓冲，arc-015无法完成门槛封口,为得到“把异常限制在可写的物理边界内，让无距回声面交出第17个可复查证据”，必须失去“一次无距通信假设，并承认无距之声不能再被旧层级命名”；若拒绝，“弥散·脱壳·硅的葬礼裂响018的核心危机吞掉本章缓冲，arc-015无法完成门槛封口”会提前发生。,detailed-v4
chapter-0368,368,arc-015,18,失控,把异常限制在可写的物理边界内，让硅基遗骸冷却层交出第18个可复查证据,一枚黑洞节点标签，并承认硅的葬礼不能再被旧层级命名,弥散·脱壳·信息潮汐裂响019的核心危机吞掉本章缓冲，arc-015无法完成门槛封口,为得到“把异常限制在可写的物理边界内，让硅基遗骸冷却层交出第18个可复查证据”，必须失去“一枚黑洞节点标签，并承认硅的葬礼不能再被旧层级命名”；若拒绝，“弥散·脱壳·信息潮汐裂响019的核心危机吞掉本章缓冲，arc-015无法完成门槛封口”会提前发生。,detailed-v4
chapter-0369,369,arc-015,19,失控,把异常限制在可写的物理边界内，让信息潮汐前沿交出第19个可复查证据,一层退相干屏蔽，并承认信息潮汐不能再被旧层级命名,弥散·脱壳·星系脉搏裂响020的核心危机吞掉本章缓冲，arc-015无法完成门槛封口,为得到“把异常限制在可写的物理边界内，让信息潮汐前沿交出第19个可复查证据”，必须失去“一层退相干屏蔽，并承认信息潮汐不能再被旧层级命名”；若拒绝，“弥散·脱壳·星系脉搏裂响020的核心危机吞掉本章缓冲，arc-015无法完成门槛封口”会提前发生。,detailed-v4
chapter-0370,370,arc-015,20,回响,让眷恋线以硬证物返回，让星系脉搏校准区交出第20个可复查证据,一段硅基遗骸解释权，并承认星系脉搏不能再被旧层级命名,弥散·脱壳·纠缠低语021的核心危机吞掉本章缓冲，arc-015无法完成门槛封口,为得到“让眷恋线以硬证物返回，让星系脉搏校准区交出第20个可复查证据”，必须失去“一段硅基遗骸解释权，并承认星系脉搏不能再被旧层级命名”；若拒绝，“弥散·脱壳·纠缠低语021的核心危机吞掉本章缓冲，arc-015无法完成门槛封口”会提前发生。,detailed-v4
chapter-0371,371,arc-015,21,回响,让眷恋线以硬证物返回，让纠缠线偏角交出第21个可复查证据,一次无距通信假设，并承认纠缠不能再被旧层级命名,弥散·脱壳·自旋低语022的核心危机吞掉本章缓冲，arc-015无法完成门槛封口,为得到“让眷恋线以硬证物返回，让纠缠线偏角交出第21个可复查证据”，必须失去“一次无距通信假设，并承认纠缠不能再被旧层级命名”；若拒绝，“弥散·脱壳·自旋低语022的核心危机吞掉本章缓冲，arc-015无法完成门槛封口”会提前发生。,detailed-v4
chapter-0372,372,arc-015,22,回响,让眷恋线以硬证物返回，让自旋晶格断面交出第22个可复查证据,一枚黑洞节点标签，并承认自旋不能再被旧层级命名,弥散·脱壳·黑洞节点低语023的核心危机吞掉本章缓冲，arc-015无法完成门槛封口,为得到“让眷恋线以硬证物返回，让自旋晶格断面交出第22个可复查证据”，必须失去“一枚黑洞节点标签，并承认自旋不能再被旧层级命名”；若拒绝，“弥散·脱壳·黑洞节点低语023的核心危机吞掉本章缓冲，arc-015无法完成门槛封口”会提前发生。,detailed-v4
chapter-0373,373,arc-015,23,门槛,把本组问题交给下一章群而不总结掉，让微型黑洞节点交出第23个可复查证据,一层退相干屏蔽，并承认黑洞节点不能再被旧层级命名,弥散·脱壳·虫洞低语024的核心危机吞掉本章缓冲，arc-015无法完成门槛封口,为得到“把本组问题交给下一章群而不总结掉，让微型黑洞节点交出第23个可复查证据”，必须失去“一层退相干屏蔽，并承认黑洞节点不能再被旧层级命名”；若拒绝，“弥散·脱壳·虫洞低语024的核心危机吞掉本章缓冲，arc-015无法完成门槛封口”会提前发生。,detailed-v4
chapter-0374,374,arc-015,24,门槛,把本组问题交给下一章群而不总结掉，让虫洞喉部潮汐面交出第24个可复查证据,一段硅基遗骸解释权，并承认虫洞不能再被旧层级命名,弥散·脱壳·概率雾低语025的核心危机吞掉本章缓冲，arc-015无法完成门槛封口,为得到“把本组问题交给下一章群而不总结掉，让虫洞喉部潮汐面交出第24个可复查证据”，必须失去“一段硅基遗骸解释权，并承认虫洞不能再被旧层级命名”；若拒绝，“弥散·脱壳·概率雾低语025的核心危机吞掉本章缓冲，arc-015无法完成门槛封口”会提前发生。,detailed-v4
chapter-0375,375,arc-015,25,门槛,把本组问题交给下一章群而不总结掉，让概率雾边界交出第25个可复查证据,一次无距通信假设，并承认概率雾不能再被旧层级命名,弥散·脱壳·递归阶梯低语026的核心危机吞掉本章缓冲，arc-015无法完成门槛封口,为得到“把本组问题交给下一章群而不总结掉，让概率雾边界交出第25个可复查证据”，必须失去“一次无距通信假设，并承认概率雾不能再被旧层级命名”；若拒绝，“弥散·脱壳·递归阶梯低语026的核心危机吞掉本章缓冲，arc-015无法完成门槛封口”会提前发生。,detailed-v4
chapter-0376,376,arc-016,1,起因,确认异常不是孤立事故，让递归阶梯缺级交出第01个可复查证据,一层退相干屏蔽，并承认递归阶梯不能再被旧层级命名,弥散·脱壳·无距之声低语027的核心危机吞掉本章缓冲，arc-016无法完成门槛封口,为得到“确认异常不是孤立事故，让递归阶梯缺级交出第01个可复查证据”，必须失去“一层退相干屏蔽，并承认递归阶梯不能再被旧层级命名”；若拒绝，“弥散·脱壳·无距之声低语027的核心危机吞掉本章缓冲，arc-016无法完成门槛封口”会提前发生。,detailed-v4
chapter-0377,377,arc-016,2,起因,确认异常不是孤立事故，让无距回声面交出第02个可复查证据,一段硅基遗骸解释权，并承认无距之声不能再被旧层级命名,弥散·脱壳·硅的葬礼低语028的核心危机吞掉本章缓冲，arc-016无法完成门槛封口,为得到“确认异常不是孤立事故，让无距回声面交出第02个可复查证据”，必须失去“一段硅基遗骸解释权，并承认无距之声不能再被旧层级命名”；若拒绝，“弥散·脱壳·硅的葬礼低语028的核心危机吞掉本章缓冲，arc-016无法完成门槛封口”会提前发生。,detailed-v4
chapter-0378,378,arc-016,3,起因,确认异常不是孤立事故，让硅基遗骸冷却层交出第03个可复查证据,一次无距通信假设，并承认硅的葬礼不能再被旧层级命名,弥散·脱壳·信息潮汐低语029的核心危机吞掉本章缓冲，arc-016无法完成门槛封口,为得到“确认异常不是孤立事故，让硅基遗骸冷却层交出第03个可复查证据”，必须失去“一次无距通信假设，并承认硅的葬礼不能再被旧层级命名”；若拒绝，“弥散·脱壳·信息潮汐低语029的核心危机吞掉本章缓冲，arc-016无法完成门槛封口”会提前发生。,detailed-v4
chapter-0379,379,arc-016,4,起因,确认异常不是孤立事故，让信息潮汐前沿交出第04个可复查证据,一枚黑洞节点标签，并承认信息潮汐不能再被旧层级命名,弥散·脱壳·星系脉搏低语030的核心危机吞掉本章缓冲，arc-016无法完成门槛封口,为得到“确认异常不是孤立事故，让信息潮汐前沿交出第04个可复查证据”，必须失去“一枚黑洞节点标签，并承认信息潮汐不能再被旧层级命名”；若拒绝，“弥散·脱壳·星系脉搏低语030的核心危机吞掉本章缓冲，arc-016无法完成门槛封口”会提前发生。,detailed-v4
chapter-0380,380,arc-016,5,反证,推翻旧模型仍可解释一切的假设，让星系脉搏校准区交出第05个可复查证据,一层退相干屏蔽，并承认星系脉搏不能再被旧层级命名,弥散·脱壳·纠缠回潮031的核心危机吞掉本章缓冲，arc-016无法完成门槛封口,为得到“推翻旧模型仍可解释一切的假设，让星系脉搏校准区交出第05个可复查证据”，必须失去“一层退相干屏蔽，并承认星系脉搏不能再被旧层级命名”；若拒绝，“弥散·脱壳·纠缠回潮031的核心危机吞掉本章缓冲，arc-016无法完成门槛封口”会提前发生。,detailed-v4
chapter-0381,381,arc-016,6,反证,推翻旧模型仍可解释一切的假设，让纠缠线偏角交出第06个可复查证据,一段硅基遗骸解释权，并承认纠缠不能再被旧层级命名,弥散·脱壳·自旋回潮032的核心危机吞掉本章缓冲，arc-016无法完成门槛封口,为得到“推翻旧模型仍可解释一切的假设，让纠缠线偏角交出第06个可复查证据”，必须失去“一段硅基遗骸解释权，并承认纠缠不能再被旧层级命名”；若拒绝，“弥散·脱壳·自旋回潮032的核心危机吞掉本章缓冲，arc-016无法完成门槛封口”会提前发生。,detailed-v4
chapter-0382,382,arc-016,7,反证,推翻旧模型仍可解释一切的假设，让自旋晶格断面交出第07个可复查证据,一次无距通信假设，并承认自旋不能再被旧层级命名,弥散·脱壳·黑洞节点回潮033的核心危机吞掉本章缓冲，arc-016无法完成门槛封口,为得到“推翻旧模型仍可解释一切的假设，让自旋晶格断面交出第07个可复查证据”，必须失去“一次无距通信假设，并承认自旋不能再被旧层级命名”；若拒绝，“弥散·脱壳·黑洞节点回潮033的核心危机吞掉本章缓冲，arc-016无法完成门槛封口”会提前发生。,detailed-v4
chapter-0383,383,arc-016,8,反证,推翻旧模型仍可解释一切的假设，让微型黑洞节点交出第08个可复查证据,一枚黑洞节点标签，并承认黑洞节点不能再被旧层级命名,弥散·脱壳·虫洞回潮034的核心危机吞掉本章缓冲，arc-016无法完成门槛封口,为得到“推翻旧模型仍可解释一切的假设，让微型黑洞节点交出第08个可复查证据”，必须失去“一枚黑洞节点标签，并承认黑洞节点不能再被旧层级命名”；若拒绝，“弥散·脱壳·虫洞回潮034的核心危机吞掉本章缓冲，arc-016无法完成门槛封口”会提前发生。,detailed-v4
chapter-0384,384,arc-016,9,代价,换取一次继续观测的资格，让虫洞喉部潮汐面交出第09个可复查证据,一层退相干屏蔽，并承认虫洞不能再被旧层级命名,弥散·脱壳·概率雾回潮035的核心危机吞掉本章缓冲，arc-016无法完成门槛封口,为得到“换取一次继续观测的资格，让虫洞喉部潮汐面交出第09个可复查证据”，必须失去“一层退相干屏蔽，并承认虫洞不能再被旧层级命名”；若拒绝，“弥散·脱壳·概率雾回潮035的核心危机吞掉本章缓冲，arc-016无法完成门槛封口”会提前发生。,detailed-v4
chapter-0385,385,arc-016,10,代价,换取一次继续观测的资格，让概率雾边界交出第10个可复查证据,一段硅基遗骸解释权，并承认概率雾不能再被旧层级命名,弥散·脱壳·递归阶梯回潮036的核心危机吞掉本章缓冲，arc-016无法完成门槛封口,为得到“换取一次继续观测的资格，让概率雾边界交出第10个可复查证据”，必须失去“一段硅基遗骸解释权，并承认概率雾不能再被旧层级命名”；若拒绝，“弥散·脱壳·递归阶梯回潮036的核心危机吞掉本章缓冲，arc-016无法完成门槛封口”会提前发生。,detailed-v4
chapter-0386,386,arc-016,11,代价,换取一次继续观测的资格，让递归阶梯缺级交出第11个可复查证据,一次无距通信假设，并承认递归阶梯不能再被旧层级命名,弥散·脱壳·无距之声回潮037的核心危机吞掉本章缓冲，arc-016无法完成门槛封口,为得到“换取一次继续观测的资格，让递归阶梯缺级交出第11个可复查证据”，必须失去“一次无距通信假设，并承认递归阶梯不能再被旧层级命名”；若拒绝，“弥散·脱壳·无距之声回潮037的核心危机吞掉本章缓冲，arc-016无法完成门槛封口”会提前发生。,detailed-v4
chapter-0387,387,arc-016,12,误判,暴露角色仍误信的判断方式，让无距回声面交出第12个可复查证据,一枚黑洞节点标签，并承认无距之声不能再被旧层级命名,弥散·脱壳·硅的葬礼回潮038的核心危机吞掉本章缓冲，arc-016无法完成门槛封口,为得到“暴露角色仍误信的判断方式，让无距回声面交出第12个可复查证据”，必须失去“一枚黑洞节点标签，并承认无距之声不能再被旧层级命名”；若拒绝，“弥散·脱壳·硅的葬礼回潮038的核心危机吞掉本章缓冲，arc-016无法完成门槛封口”会提前发生。,detailed-v4
chapter-0388,388,arc-016,13,误判,暴露角色仍误信的判断方式，让硅基遗骸冷却层交出第13个可复查证据,一层退相干屏蔽，并承认硅的葬礼不能再被旧层级命名,弥散·脱壳·信息潮汐回潮039的核心危机吞掉本章缓冲，arc-016无法完成门槛封口,为得到“暴露角色仍误信的判断方式，让硅基遗骸冷却层交出第13个可复查证据”，必须失去“一层退相干屏蔽，并承认硅的葬礼不能再被旧层级命名”；若拒绝，“弥散·脱壳·信息潮汐回潮039的核心危机吞掉本章缓冲，arc-016无法完成门槛封口”会提前发生。,detailed-v4
chapter-0389,389,arc-016,14,误判,暴露角色仍误信的判断方式，让信息潮汐前沿交出第14个可复查证据,一段硅基遗骸解释权，并承认信息潮汐不能再被旧层级命名,弥散·脱壳·星系脉搏回潮040的核心危机吞掉本章缓冲，arc-016无法完成门槛封口,为得到“暴露角色仍误信的判断方式，让信息潮汐前沿交出第14个可复查证据”，必须失去“一段硅基遗骸解释权，并承认信息潮汐不能再被旧层级命名”；若拒绝，“弥散·脱壳·星系脉搏回潮040的核心危机吞掉本章缓冲，arc-016无法完成门槛封口”会提前发生。,detailed-v4
chapter-0390,390,arc-016,15,误判,暴露角色仍误信的判断方式，让星系脉搏校准区交出第15个可复查证据,一次无距通信假设，并承认星系脉搏不能再被旧层级命名,弥散·脱壳·纠缠折光041的核心危机吞掉本章缓冲，arc-016无法完成门槛封口,为得到“暴露角色仍误信的判断方式，让星系脉搏校准区交出第15个可复查证据”，必须失去“一次无距通信假设，并承认星系脉搏不能再被旧层级命名”；若拒绝，“弥散·脱壳·纠缠折光041的核心危机吞掉本章缓冲，arc-016无法完成门槛封口”会提前发生。,detailed-v4
chapter-0391,391,arc-016,16,失控,把异常限制在可写的物理边界内，让纠缠线偏角交出第16个可复查证据,一枚黑洞节点标签，并承认纠缠不能再被旧层级命名,弥散·脱壳·自旋折光042的核心危机吞掉本章缓冲，arc-016无法完成门槛封口,为得到“把异常限制在可写的物理边界内，让纠缠线偏角交出第16个可复查证据”，必须失去“一枚黑洞节点标签，并承认纠缠不能再被旧层级命名”；若拒绝，“弥散·脱壳·自旋折光042的核心危机吞掉本章缓冲，arc-016无法完成门槛封口”会提前发生。,detailed-v4
chapter-0392,392,arc-016,17,失控,把异常限制在可写的物理边界内，让自旋晶格断面交出第17个可复查证据,一层退相干屏蔽，并承认自旋不能再被旧层级命名,弥散·脱壳·黑洞节点折光043的核心危机吞掉本章缓冲，arc-016无法完成门槛封口,为得到“把异常限制在可写的物理边界内，让自旋晶格断面交出第17个可复查证据”，必须失去“一层退相干屏蔽，并承认自旋不能再被旧层级命名”；若拒绝，“弥散·脱壳·黑洞节点折光043的核心危机吞掉本章缓冲，arc-016无法完成门槛封口”会提前发生。,detailed-v4
chapter-0393,393,arc-016,18,失控,把异常限制在可写的物理边界内，让微型黑洞节点交出第18个可复查证据,一段硅基遗骸解释权，并承认黑洞节点不能再被旧层级命名,弥散·脱壳·虫洞折光044的核心危机吞掉本章缓冲，arc-016无法完成门槛封口,为得到“把异常限制在可写的物理边界内，让微型黑洞节点交出第18个可复查证据”，必须失去“一段硅基遗骸解释权，并承认黑洞节点不能再被旧层级命名”；若拒绝，“弥散·脱壳·虫洞折光044的核心危机吞掉本章缓冲，arc-016无法完成门槛封口”会提前发生。,detailed-v4
chapter-0394,394,arc-016,19,失控,把异常限制在可写的物理边界内，让虫洞喉部潮汐面交出第19个可复查证据,一次无距通信假设，并承认虫洞不能再被旧层级命名,弥散·脱壳·概率雾折光045的核心危机吞掉本章缓冲，arc-016无法完成门槛封口,为得到“把异常限制在可写的物理边界内，让虫洞喉部潮汐面交出第19个可复查证据”，必须失去“一次无距通信假设，并承认虫洞不能再被旧层级命名”；若拒绝，“弥散·脱壳·概率雾折光045的核心危机吞掉本章缓冲，arc-016无法完成门槛封口”会提前发生。,detailed-v4
chapter-0395,395,arc-016,20,回响,让眷恋线以硬证物返回，让概率雾边界交出第20个可复查证据,一枚黑洞节点标签，并承认概率雾不能再被旧层级命名,弥散·脱壳·递归阶梯折光046的核心危机吞掉本章缓冲，arc-016无法完成门槛封口,为得到“让眷恋线以硬证物返回，让概率雾边界交出第20个可复查证据”，必须失去“一枚黑洞节点标签，并承认概率雾不能再被旧层级命名”；若拒绝，“弥散·脱壳·递归阶梯折光046的核心危机吞掉本章缓冲，arc-016无法完成门槛封口”会提前发生。,detailed-v4
chapter-0396,396,arc-016,21,回响,让眷恋线以硬证物返回，让递归阶梯缺级交出第21个可复查证据,一层退相干屏蔽，并承认递归阶梯不能再被旧层级命名,弥散·脱壳·无距之声折光047的核心危机吞掉本章缓冲，arc-016无法完成门槛封口,为得到“让眷恋线以硬证物返回，让递归阶梯缺级交出第21个可复查证据”，必须失去“一层退相干屏蔽，并承认递归阶梯不能再被旧层级命名”；若拒绝，“弥散·脱壳·无距之声折光047的核心危机吞掉本章缓冲，arc-016无法完成门槛封口”会提前发生。,detailed-v4
chapter-0397,397,arc-016,22,回响,让眷恋线以硬证物返回，让无距回声面交出第22个可复查证据,一段硅基遗骸解释权，并承认无距之声不能再被旧层级命名,弥散·脱壳·硅的葬礼折光048的核心危机吞掉本章缓冲，arc-016无法完成门槛封口,为得到“让眷恋线以硬证物返回，让无距回声面交出第22个可复查证据”，必须失去“一段硅基遗骸解释权，并承认无距之声不能再被旧层级命名”；若拒绝，“弥散·脱壳·硅的葬礼折光048的核心危机吞掉本章缓冲，arc-016无法完成门槛封口”会提前发生。,detailed-v4
chapter-0398,398,arc-016,23,门槛,把本组问题交给下一章群而不总结掉，让硅基遗骸冷却层交出第23个可复查证据,一次无距通信假设，并承认硅的葬礼不能再被旧层级命名,弥散·脱壳·信息潮汐折光049的核心危机吞掉本章缓冲，arc-016无法完成门槛封口,为得到“把本组问题交给下一章群而不总结掉，让硅基遗骸冷却层交出第23个可复查证据”，必须失去“一次无距通信假设，并承认硅的葬礼不能再被旧层级命名”；若拒绝，“弥散·脱壳·信息潮汐折光049的核心危机吞掉本章缓冲，arc-016无法完成门槛封口”会提前发生。,detailed-v4
chapter-0399,399,arc-016,24,门槛,把本组问题交给下一章群而不总结掉，让信息潮汐前沿交出第24个可复查证据,一枚黑洞节点标签，并承认信息潮汐不能再被旧层级命名,弥散·脱壳·星系脉搏折光050的核心危机吞掉本章缓冲，arc-016无法完成门槛封口,为得到“把本组问题交给下一章群而不总结掉，让信息潮汐前沿交出第24个可复查证据”，必须失去“一枚黑洞节点标签，并承认信息潮汐不能再被旧层级命名”；若拒绝，“弥散·脱壳·星系脉搏折光050的核心危机吞掉本章缓冲，arc-016无法完成门槛封口”会提前发生。,detailed-v4
chapter-0400,400,arc-016,25,门槛,把本组问题交给下一章群而不总结掉，让星系脉搏校准区交出第25个可复查证据,一层退相干屏蔽，并承认星系脉搏不能再被旧层级命名,弥散·脱壳·纠缠暗涌051的核心危机吞掉本章缓冲，arc-016无法完成门槛封口,为得到“把本组问题交给下一章群而不总结掉，让星系脉搏校准区交出第25个可复查证据”，必须失去“一层退相干屏蔽，并承认星系脉搏不能再被旧层级命名”；若拒绝，“弥散·脱壳·纠缠暗涌051的核心危机吞掉本章缓冲，arc-016无法完成门槛封口”会提前发生。,detailed-v4
chapter-0401,401,arc-017,1,起因,确认异常不是孤立事故，让纠缠线偏角交出第01个可复查证据,一次无距通信假设，并承认纠缠不能再被旧层级命名,弥散·脱壳·自旋暗涌052的核心危机吞掉本章缓冲，arc-017无法完成门槛封口,为得到“确认异常不是孤立事故，让纠缠线偏角交出第01个可复查证据”，必须失去“一次无距通信假设，并承认纠缠不能再被旧层级命名”；若拒绝，“弥散·脱壳·自旋暗涌052的核心危机吞掉本章缓冲，arc-017无法完成门槛封口”会提前发生。,detailed-v4
chapter-0402,402,arc-017,2,起因,确认异常不是孤立事故，让自旋晶格断面交出第02个可复查证据,一枚黑洞节点标签，并承认自旋不能再被旧层级命名,弥散·脱壳·黑洞节点暗涌053的核心危机吞掉本章缓冲，arc-017无法完成门槛封口,为得到“确认异常不是孤立事故，让自旋晶格断面交出第02个可复查证据”，必须失去“一枚黑洞节点标签，并承认自旋不能再被旧层级命名”；若拒绝，“弥散·脱壳·黑洞节点暗涌053的核心危机吞掉本章缓冲，arc-017无法完成门槛封口”会提前发生。,detailed-v4
chapter-0403,403,arc-017,3,起因,确认异常不是孤立事故，让微型黑洞节点交出第03个可复查证据,一层退相干屏蔽，并承认黑洞节点不能再被旧层级命名,弥散·脱壳·虫洞暗涌054的核心危机吞掉本章缓冲，arc-017无法完成门槛封口,为得到“确认异常不是孤立事故，让微型黑洞节点交出第03个可复查证据”，必须失去“一层退相干屏蔽，并承认黑洞节点不能再被旧层级命名”；若拒绝，“弥散·脱壳·虫洞暗涌054的核心危机吞掉本章缓冲，arc-017无法完成门槛封口”会提前发生。,detailed-v4
chapter-0404,404,arc-017,4,起因,确认异常不是孤立事故，让虫洞喉部潮汐面交出第04个可复查证据,一段硅基遗骸解释权，并承认虫洞不能再被旧层级命名,弥散·脱壳·概率雾暗涌055的核心危机吞掉本章缓冲，arc-017无法完成门槛封口,为得到“确认异常不是孤立事故，让虫洞喉部潮汐面交出第04个可复查证据”，必须失去“一段硅基遗骸解释权，并承认虫洞不能再被旧层级命名”；若拒绝，“弥散·脱壳·概率雾暗涌055的核心危机吞掉本章缓冲，arc-017无法完成门槛封口”会提前发生。,detailed-v4
chapter-0405,405,arc-017,5,反证,推翻旧模型仍可解释一切的假设，让概率雾边界交出第05个可复查证据,一次无距通信假设，并承认概率雾不能再被旧层级命名,弥散·脱壳·递归阶梯暗涌056的核心危机吞掉本章缓冲，arc-017无法完成门槛封口,为得到“推翻旧模型仍可解释一切的假设，让概率雾边界交出第05个可复查证据”，必须失去“一次无距通信假设，并承认概率雾不能再被旧层级命名”；若拒绝，“弥散·脱壳·递归阶梯暗涌056的核心危机吞掉本章缓冲，arc-017无法完成门槛封口”会提前发生。,detailed-v4
chapter-0406,406,arc-017,6,反证,推翻旧模型仍可解释一切的假设，让递归阶梯缺级交出第06个可复查证据,一枚黑洞节点标签，并承认递归阶梯不能再被旧层级命名,弥散·脱壳·无距之声暗涌057的核心危机吞掉本章缓冲，arc-017无法完成门槛封口,为得到“推翻旧模型仍可解释一切的假设，让递归阶梯缺级交出第06个可复查证据”，必须失去“一枚黑洞节点标签，并承认递归阶梯不能再被旧层级命名”；若拒绝，“弥散·脱壳·无距之声暗涌057的核心危机吞掉本章缓冲，arc-017无法完成门槛封口”会提前发生。,detailed-v4
chapter-0407,407,arc-017,7,反证,推翻旧模型仍可解释一切的假设，让无距回声面交出第07个可复查证据,一层退相干屏蔽，并承认无距之声不能再被旧层级命名,弥散·脱壳·硅的葬礼暗涌058的核心危机吞掉本章缓冲，arc-017无法完成门槛封口,为得到“推翻旧模型仍可解释一切的假设，让无距回声面交出第07个可复查证据”，必须失去“一层退相干屏蔽，并承认无距之声不能再被旧层级命名”；若拒绝，“弥散·脱壳·硅的葬礼暗涌058的核心危机吞掉本章缓冲，arc-017无法完成门槛封口”会提前发生。,detailed-v4
chapter-0408,408,arc-017,8,反证,推翻旧模型仍可解释一切的假设，让硅基遗骸冷却层交出第08个可复查证据,一段硅基遗骸解释权，并承认硅的葬礼不能再被旧层级命名,弥散·脱壳·信息潮汐暗涌059的核心危机吞掉本章缓冲，arc-017无法完成门槛封口,为得到“推翻旧模型仍可解释一切的假设，让硅基遗骸冷却层交出第08个可复查证据”，必须失去“一段硅基遗骸解释权，并承认硅的葬礼不能再被旧层级命名”；若拒绝，“弥散·脱壳·信息潮汐暗涌059的核心危机吞掉本章缓冲，arc-017无法完成门槛封口”会提前发生。,detailed-v4
chapter-0409,409,arc-017,9,代价,换取一次继续观测的资格，让信息潮汐前沿交出第09个可复查证据,一次无距通信假设，并承认信息潮汐不能再被旧层级命名,弥散·脱壳·星系脉搏暗涌060的核心危机吞掉本章缓冲，arc-017无法完成门槛封口,为得到“换取一次继续观测的资格，让信息潮汐前沿交出第09个可复查证据”，必须失去“一次无距通信假设，并承认信息潮汐不能再被旧层级命名”；若拒绝，“弥散·脱壳·星系脉搏暗涌060的核心危机吞掉本章缓冲，arc-017无法完成门槛封口”会提前发生。,detailed-v4
chapter-0410,410,arc-017,10,代价,换取一次继续观测的资格，让星系脉搏校准区交出第10个可复查证据,一枚黑洞节点标签，并承认星系脉搏不能再被旧层级命名,弥散·脱壳·纠缠证词061的核心危机吞掉本章缓冲，arc-017无法完成门槛封口,为得到“换取一次继续观测的资格，让星系脉搏校准区交出第10个可复查证据”，必须失去“一枚黑洞节点标签，并承认星系脉搏不能再被旧层级命名”；若拒绝，“弥散·脱壳·纠缠证词061的核心危机吞掉本章缓冲，arc-017无法完成门槛封口”会提前发生。,detailed-v4
chapter-0411,411,arc-017,11,代价,换取一次继续观测的资格，让纠缠线偏角交出第11个可复查证据,一层退相干屏蔽，并承认纠缠不能再被旧层级命名,弥散·脱壳·自旋证词062的核心危机吞掉本章缓冲，arc-017无法完成门槛封口,为得到“换取一次继续观测的资格，让纠缠线偏角交出第11个可复查证据”，必须失去“一层退相干屏蔽，并承认纠缠不能再被旧层级命名”；若拒绝，“弥散·脱壳·自旋证词062的核心危机吞掉本章缓冲，arc-017无法完成门槛封口”会提前发生。,detailed-v4
chapter-0412,412,arc-017,12,误判,暴露角色仍误信的判断方式，让自旋晶格断面交出第12个可复查证据,一段硅基遗骸解释权，并承认自旋不能再被旧层级命名,弥散·脱壳·黑洞节点证词063的核心危机吞掉本章缓冲，arc-017无法完成门槛封口,为得到“暴露角色仍误信的判断方式，让自旋晶格断面交出第12个可复查证据”，必须失去“一段硅基遗骸解释权，并承认自旋不能再被旧层级命名”；若拒绝，“弥散·脱壳·黑洞节点证词063的核心危机吞掉本章缓冲，arc-017无法完成门槛封口”会提前发生。,detailed-v4
chapter-0413,413,arc-017,13,误判,暴露角色仍误信的判断方式，让微型黑洞节点交出第13个可复查证据,一次无距通信假设，并承认黑洞节点不能再被旧层级命名,弥散·脱壳·虫洞证词064的核心危机吞掉本章缓冲，arc-017无法完成门槛封口,为得到“暴露角色仍误信的判断方式，让微型黑洞节点交出第13个可复查证据”，必须失去“一次无距通信假设，并承认黑洞节点不能再被旧层级命名”；若拒绝，“弥散·脱壳·虫洞证词064的核心危机吞掉本章缓冲，arc-017无法完成门槛封口”会提前发生。,detailed-v4
chapter-0414,414,arc-017,14,误判,暴露角色仍误信的判断方式，让虫洞喉部潮汐面交出第14个可复查证据,一枚黑洞节点标签，并承认虫洞不能再被旧层级命名,弥散·脱壳·概率雾证词065的核心危机吞掉本章缓冲，arc-017无法完成门槛封口,为得到“暴露角色仍误信的判断方式，让虫洞喉部潮汐面交出第14个可复查证据”，必须失去“一枚黑洞节点标签，并承认虫洞不能再被旧层级命名”；若拒绝，“弥散·脱壳·概率雾证词065的核心危机吞掉本章缓冲，arc-017无法完成门槛封口”会提前发生。,detailed-v4
chapter-0415,415,arc-017,15,误判,暴露角色仍误信的判断方式，让概率雾边界交出第15个可复查证据,一层退相干屏蔽，并承认概率雾不能再被旧层级命名,弥散·脱壳·递归阶梯证词066的核心危机吞掉本章缓冲，arc-017无法完成门槛封口,为得到“暴露角色仍误信的判断方式，让概率雾边界交出第15个可复查证据”，必须失去“一层退相干屏蔽，并承认概率雾不能再被旧层级命名”；若拒绝，“弥散·脱壳·递归阶梯证词066的核心危机吞掉本章缓冲，arc-017无法完成门槛封口”会提前发生。,detailed-v4
chapter-0416,416,arc-017,16,失控,把异常限制在可写的物理边界内，让递归阶梯缺级交出第16个可复查证据,一段硅基遗骸解释权，并承认递归阶梯不能再被旧层级命名,弥散·脱壳·无距之声证词067的核心危机吞掉本章缓冲，arc-017无法完成门槛封口,为得到“把异常限制在可写的物理边界内，让递归阶梯缺级交出第16个可复查证据”，必须失去“一段硅基遗骸解释权，并承认递归阶梯不能再被旧层级命名”；若拒绝，“弥散·脱壳·无距之声证词067的核心危机吞掉本章缓冲，arc-017无法完成门槛封口”会提前发生。,detailed-v4
chapter-0417,417,arc-017,17,失控,把异常限制在可写的物理边界内，让无距回声面交出第17个可复查证据,一次无距通信假设，并承认无距之声不能再被旧层级命名,弥散·脱壳·硅的葬礼证词068的核心危机吞掉本章缓冲，arc-017无法完成门槛封口,为得到“把异常限制在可写的物理边界内，让无距回声面交出第17个可复查证据”，必须失去“一次无距通信假设，并承认无距之声不能再被旧层级命名”；若拒绝，“弥散·脱壳·硅的葬礼证词068的核心危机吞掉本章缓冲，arc-017无法完成门槛封口”会提前发生。,detailed-v4
chapter-0418,418,arc-017,18,失控,把异常限制在可写的物理边界内，让硅基遗骸冷却层交出第18个可复查证据,一枚黑洞节点标签，并承认硅的葬礼不能再被旧层级命名,弥散·脱壳·信息潮汐证词069的核心危机吞掉本章缓冲，arc-017无法完成门槛封口,为得到“把异常限制在可写的物理边界内，让硅基遗骸冷却层交出第18个可复查证据”，必须失去“一枚黑洞节点标签，并承认硅的葬礼不能再被旧层级命名”；若拒绝，“弥散·脱壳·信息潮汐证词069的核心危机吞掉本章缓冲，arc-017无法完成门槛封口”会提前发生。,detailed-v4
chapter-0419,419,arc-017,19,失控,把异常限制在可写的物理边界内，让信息潮汐前沿交出第19个可复查证据,一层退相干屏蔽，并承认信息潮汐不能再被旧层级命名,弥散·脱壳·星系脉搏证词070的核心危机吞掉本章缓冲，arc-017无法完成门槛封口,为得到“把异常限制在可写的物理边界内，让信息潮汐前沿交出第19个可复查证据”，必须失去“一层退相干屏蔽，并承认信息潮汐不能再被旧层级命名”；若拒绝，“弥散·脱壳·星系脉搏证词070的核心危机吞掉本章缓冲，arc-017无法完成门槛封口”会提前发生。,detailed-v4
chapter-0420,420,arc-017,20,回响,让眷恋线以硬证物返回，让星系脉搏校准区交出第20个可复查证据,一段硅基遗骸解释权，并承认星系脉搏不能再被旧层级命名,弥散·脱壳·纠缠坠落071的核心危机吞掉本章缓冲，arc-017无法完成门槛封口,为得到“让眷恋线以硬证物返回，让星系脉搏校准区交出第20个可复查证据”，必须失去“一段硅基遗骸解释权，并承认星系脉搏不能再被旧层级命名”；若拒绝，“弥散·脱壳·纠缠坠落071的核心危机吞掉本章缓冲，arc-017无法完成门槛封口”会提前发生。,detailed-v4
chapter-0421,421,arc-017,21,回响,让眷恋线以硬证物返回，让纠缠线偏角交出第21个可复查证据,一次无距通信假设，并承认纠缠不能再被旧层级命名,弥散·脱壳·自旋坠落072的核心危机吞掉本章缓冲，arc-017无法完成门槛封口,为得到“让眷恋线以硬证物返回，让纠缠线偏角交出第21个可复查证据”，必须失去“一次无距通信假设，并承认纠缠不能再被旧层级命名”；若拒绝，“弥散·脱壳·自旋坠落072的核心危机吞掉本章缓冲，arc-017无法完成门槛封口”会提前发生。,detailed-v4
chapter-0422,422,arc-017,22,回响,让眷恋线以硬证物返回，让自旋晶格断面交出第22个可复查证据,一枚黑洞节点标签，并承认自旋不能再被旧层级命名,弥散·脱壳·黑洞节点坠落073的核心危机吞掉本章缓冲，arc-017无法完成门槛封口,为得到“让眷恋线以硬证物返回，让自旋晶格断面交出第22个可复查证据”，必须失去“一枚黑洞节点标签，并承认自旋不能再被旧层级命名”；若拒绝，“弥散·脱壳·黑洞节点坠落073的核心危机吞掉本章缓冲，arc-017无法完成门槛封口”会提前发生。,detailed-v4
chapter-0423,423,arc-017,23,门槛,把本组问题交给下一章群而不总结掉，让微型黑洞节点交出第23个可复查证据,一层退相干屏蔽，并承认黑洞节点不能再被旧层级命名,弥散·脱壳·虫洞坠落074的核心危机吞掉本章缓冲，arc-017无法完成门槛封口,为得到“把本组问题交给下一章群而不总结掉，让微型黑洞节点交出第23个可复查证据”，必须失去“一层退相干屏蔽，并承认黑洞节点不能再被旧层级命名”；若拒绝，“弥散·脱壳·虫洞坠落074的核心危机吞掉本章缓冲，arc-017无法完成门槛封口”会提前发生。,detailed-v4
chapter-0424,424,arc-017,24,门槛,把本组问题交给下一章群而不总结掉，让虫洞喉部潮汐面交出第24个可复查证据,一段硅基遗骸解释权，并承认虫洞不能再被旧层级命名,弥散·脱壳·概率雾坠落075的核心危机吞掉本章缓冲，arc-017无法完成门槛封口,为得到“把本组问题交给下一章群而不总结掉，让虫洞喉部潮汐面交出第24个可复查证据”，必须失去“一段硅基遗骸解释权，并承认虫洞不能再被旧层级命名”；若拒绝，“弥散·脱壳·概率雾坠落075的核心危机吞掉本章缓冲，arc-017无法完成门槛封口”会提前发生。,detailed-v4
chapter-0425,425,arc-017,25,门槛,把本组问题交给下一章群而不总结掉，让概率雾边界交出第25个可复查证据,一次无距通信假设，并承认概率雾不能再被旧层级命名,弥散·脱壳·递归阶梯坠落076的核心危机吞掉本章缓冲，arc-017无法完成门槛封口,为得到“把本组问题交给下一章群而不总结掉，让概率雾边界交出第25个可复查证据”，必须失去“一次无距通信假设，并承认概率雾不能再被旧层级命名”；若拒绝，“弥散·脱壳·递归阶梯坠落076的核心危机吞掉本章缓冲，arc-017无法完成门槛封口”会提前发生。,detailed-v4
chapter-0426,426,arc-018,1,起因,确认异常不是孤立事故，让递归阶梯缺级交出第01个可复查证据,一层退相干屏蔽，并承认递归阶梯不能再被旧层级命名,弥散·脱壳·无距之声坠落077的核心危机吞掉本章缓冲，arc-018无法完成门槛封口,为得到“确认异常不是孤立事故，让递归阶梯缺级交出第01个可复查证据”，必须失去“一层退相干屏蔽，并承认递归阶梯不能再被旧层级命名”；若拒绝，“弥散·脱壳·无距之声坠落077的核心危机吞掉本章缓冲，arc-018无法完成门槛封口”会提前发生。,detailed-v4
chapter-0427,427,arc-018,2,起因,确认异常不是孤立事故，让无距回声面交出第02个可复查证据,一段硅基遗骸解释权，并承认无距之声不能再被旧层级命名,弥散·脱壳·硅的葬礼坠落078的核心危机吞掉本章缓冲，arc-018无法完成门槛封口,为得到“确认异常不是孤立事故，让无距回声面交出第02个可复查证据”，必须失去“一段硅基遗骸解释权，并承认无距之声不能再被旧层级命名”；若拒绝，“弥散·脱壳·硅的葬礼坠落078的核心危机吞掉本章缓冲，arc-018无法完成门槛封口”会提前发生。,detailed-v4
chapter-0428,428,arc-018,3,起因,确认异常不是孤立事故，让硅基遗骸冷却层交出第03个可复查证据,一次无距通信假设，并承认硅的葬礼不能再被旧层级命名,弥散·脱壳·信息潮汐坠落079的核心危机吞掉本章缓冲，arc-018无法完成门槛封口,为得到“确认异常不是孤立事故，让硅基遗骸冷却层交出第03个可复查证据”，必须失去“一次无距通信假设，并承认硅的葬礼不能再被旧层级命名”；若拒绝，“弥散·脱壳·信息潮汐坠落079的核心危机吞掉本章缓冲，arc-018无法完成门槛封口”会提前发生。,detailed-v4
chapter-0429,429,arc-018,4,起因,确认异常不是孤立事故，让信息潮汐前沿交出第04个可复查证据,一枚黑洞节点标签，并承认信息潮汐不能再被旧层级命名,弥散·脱壳·星系脉搏坠落080的核心危机吞掉本章缓冲，arc-018无法完成门槛封口,为得到“确认异常不是孤立事故，让信息潮汐前沿交出第04个可复查证据”，必须失去“一枚黑洞节点标签，并承认信息潮汐不能再被旧层级命名”；若拒绝，“弥散·脱壳·星系脉搏坠落080的核心危机吞掉本章缓冲，arc-018无法完成门槛封口”会提前发生。,detailed-v4
chapter-0430,430,arc-018,5,反证,推翻旧模型仍可解释一切的假设，让星系脉搏校准区交出第05个可复查证据,一层退相干屏蔽，并承认星系脉搏不能再被旧层级命名,弥散·脱壳·纠缠重构081的核心危机吞掉本章缓冲，arc-018无法完成门槛封口,为得到“推翻旧模型仍可解释一切的假设，让星系脉搏校准区交出第05个可复查证据”，必须失去“一层退相干屏蔽，并承认星系脉搏不能再被旧层级命名”；若拒绝，“弥散·脱壳·纠缠重构081的核心危机吞掉本章缓冲，arc-018无法完成门槛封口”会提前发生。,detailed-v4
chapter-0431,431,arc-018,6,反证,推翻旧模型仍可解释一切的假设，让纠缠重构的局部截面交出第06个可复查证据,一段硅基遗骸解释权，并承认纠缠重构不能再被旧层级命名,弥散·脱壳·自旋重构082的核心危机吞掉本章缓冲，arc-018无法完成门槛封口,为得到“推翻旧模型仍可解释一切的假设，让纠缠重构的局部截面交出第06个可复查证据”，必须失去“一段硅基遗骸解释权，并承认纠缠重构不能再被旧层级命名”；若拒绝，“弥散·脱壳·自旋重构082的核心危机吞掉本章缓冲，arc-018无法完成门槛封口”会提前发生。,detailed-v4
chapter-0432,432,arc-018,7,反证,推翻旧模型仍可解释一切的假设，让自旋重构的局部截面交出第07个可复查证据,一次无距通信假设，并承认自旋重构不能再被旧层级命名,弥散·脱壳·黑洞节点重构083的核心危机吞掉本章缓冲，arc-018无法完成门槛封口,为得到“推翻旧模型仍可解释一切的假设，让自旋重构的局部截面交出第07个可复查证据”，必须失去“一次无距通信假设，并承认自旋重构不能再被旧层级命名”；若拒绝，“弥散·脱壳·黑洞节点重构083的核心危机吞掉本章缓冲，arc-018无法完成门槛封口”会提前发生。,detailed-v4
chapter-0433,433,arc-018,8,反证,推翻旧模型仍可解释一切的假设，让黑洞节点重构的局部截面交出第08个可复查证据,一枚黑洞节点标签，并承认黑洞节点重构不能再被旧层级命名,弥散·脱壳·虫洞重构084的核心危机吞掉本章缓冲，arc-018无法完成门槛封口,为得到“推翻旧模型仍可解释一切的假设，让黑洞节点重构的局部截面交出第08个可复查证据”，必须失去“一枚黑洞节点标签，并承认黑洞节点重构不能再被旧层级命名”；若拒绝，“弥散·脱壳·虫洞重构084的核心危机吞掉本章缓冲，arc-018无法完成门槛封口”会提前发生。,detailed-v4
chapter-0434,434,arc-018,9,代价,换取一次继续观测的资格，让虫洞重构的局部截面交出第09个可复查证据,一层退相干屏蔽，并承认虫洞重构不能再被旧层级命名,弥散·脱壳·概率雾重构085的核心危机吞掉本章缓冲，arc-018无法完成门槛封口,为得到“换取一次继续观测的资格，让虫洞重构的局部截面交出第09个可复查证据”，必须失去“一层退相干屏蔽，并承认虫洞重构不能再被旧层级命名”；若拒绝，“弥散·脱壳·概率雾重构085的核心危机吞掉本章缓冲，arc-018无法完成门槛封口”会提前发生。,detailed-v4
chapter-0435,435,arc-018,10,代价,换取一次继续观测的资格，让概率雾重构的局部截面交出第10个可复查证据,一段硅基遗骸解释权，并承认概率雾重构不能再被旧层级命名,弥散·脱壳·递归阶梯重构086的核心危机吞掉本章缓冲，arc-018无法完成门槛封口,为得到“换取一次继续观测的资格，让概率雾重构的局部截面交出第10个可复查证据”，必须失去“一段硅基遗骸解释权，并承认概率雾重构不能再被旧层级命名”；若拒绝，“弥散·脱壳·递归阶梯重构086的核心危机吞掉本章缓冲，arc-018无法完成门槛封口”会提前发生。,detailed-v4
chapter-0436,436,arc-018,11,代价,换取一次继续观测的资格，让递归阶梯重构的局部截面交出第11个可复查证据,一次无距通信假设，并承认递归阶梯重构不能再被旧层级命名,弥散·脱壳·无距之声重构087的核心危机吞掉本章缓冲，arc-018无法完成门槛封口,为得到“换取一次继续观测的资格，让递归阶梯重构的局部截面交出第11个可复查证据”，必须失去“一次无距通信假设，并承认递归阶梯重构不能再被旧层级命名”；若拒绝，“弥散·脱壳·无距之声重构087的核心危机吞掉本章缓冲，arc-018无法完成门槛封口”会提前发生。,detailed-v4
chapter-0437,437,arc-018,12,误判,暴露角色仍误信的判断方式，让无距之声重构的局部截面交出第12个可复查证据,一枚黑洞节点标签，并承认无距之声重构不能再被旧层级命名,弥散·脱壳·硅的葬礼重构088的核心危机吞掉本章缓冲，arc-018无法完成门槛封口,为得到“暴露角色仍误信的判断方式，让无距之声重构的局部截面交出第12个可复查证据”，必须失去“一枚黑洞节点标签，并承认无距之声重构不能再被旧层级命名”；若拒绝，“弥散·脱壳·硅的葬礼重构088的核心危机吞掉本章缓冲，arc-018无法完成门槛封口”会提前发生。,detailed-v4
chapter-0438,438,arc-018,13,误判,暴露角色仍误信的判断方式，让硅的葬礼重构的局部截面交出第13个可复查证据,一层退相干屏蔽，并承认硅的葬礼重构不能再被旧层级命名,弥散·脱壳·信息潮汐重构089的核心危机吞掉本章缓冲，arc-018无法完成门槛封口,为得到“暴露角色仍误信的判断方式，让硅的葬礼重构的局部截面交出第13个可复查证据”，必须失去“一层退相干屏蔽，并承认硅的葬礼重构不能再被旧层级命名”；若拒绝，“弥散·脱壳·信息潮汐重构089的核心危机吞掉本章缓冲，arc-018无法完成门槛封口”会提前发生。,detailed-v4
chapter-0439,439,arc-018,14,误判,暴露角色仍误信的判断方式，让信息潮汐重构的局部截面交出第14个可复查证据,一段硅基遗骸解释权，并承认信息潮汐重构不能再被旧层级命名,弥散·脱壳·星系脉搏重构090的核心危机吞掉本章缓冲，arc-018无法完成门槛封口,为得到“暴露角色仍误信的判断方式，让信息潮汐重构的局部截面交出第14个可复查证据”，必须失去“一段硅基遗骸解释权，并承认信息潮汐重构不能再被旧层级命名”；若拒绝，“弥散·脱壳·星系脉搏重构090的核心危机吞掉本章缓冲，arc-018无法完成门槛封口”会提前发生。,detailed-v4
chapter-0440,440,arc-018,15,误判,暴露角色仍误信的判断方式，让星系脉搏重构的局部截面交出第15个可复查证据,一次无距通信假设，并承认星系脉搏重构不能再被旧层级命名,弥散·脱壳·纠缠余震091的核心危机吞掉本章缓冲，arc-018无法完成门槛封口,为得到“暴露角色仍误信的判断方式，让星系脉搏重构的局部截面交出第15个可复查证据”，必须失去“一次无距通信假设，并承认星系脉搏重构不能再被旧层级命名”；若拒绝，“弥散·脱壳·纠缠余震091的核心危机吞掉本章缓冲，arc-018无法完成门槛封口”会提前发生。,detailed-v4
chapter-0441,441,arc-018,16,失控,把异常限制在可写的物理边界内，让纠缠线偏角交出第16个可复查证据,一枚黑洞节点标签，并承认纠缠不能再被旧层级命名,弥散·脱壳·自旋余震092的核心危机吞掉本章缓冲，arc-018无法完成门槛封口,为得到“把异常限制在可写的物理边界内，让纠缠线偏角交出第16个可复查证据”，必须失去“一枚黑洞节点标签，并承认纠缠不能再被旧层级命名”；若拒绝，“弥散·脱壳·自旋余震092的核心危机吞掉本章缓冲，arc-018无法完成门槛封口”会提前发生。,detailed-v4
chapter-0442,442,arc-018,17,失控,把异常限制在可写的物理边界内，让自旋晶格断面交出第17个可复查证据,一层退相干屏蔽，并承认自旋不能再被旧层级命名,弥散·脱壳·黑洞节点余震093的核心危机吞掉本章缓冲，arc-018无法完成门槛封口,为得到“把异常限制在可写的物理边界内，让自旋晶格断面交出第17个可复查证据”，必须失去“一层退相干屏蔽，并承认自旋不能再被旧层级命名”；若拒绝，“弥散·脱壳·黑洞节点余震093的核心危机吞掉本章缓冲，arc-018无法完成门槛封口”会提前发生。,detailed-v4
chapter-0443,443,arc-018,18,失控,把异常限制在可写的物理边界内，让微型黑洞节点交出第18个可复查证据,一段硅基遗骸解释权，并承认黑洞节点不能再被旧层级命名,弥散·脱壳·虫洞余震094的核心危机吞掉本章缓冲，arc-018无法完成门槛封口,为得到“把异常限制在可写的物理边界内，让微型黑洞节点交出第18个可复查证据”，必须失去“一段硅基遗骸解释权，并承认黑洞节点不能再被旧层级命名”；若拒绝，“弥散·脱壳·虫洞余震094的核心危机吞掉本章缓冲，arc-018无法完成门槛封口”会提前发生。,detailed-v4
chapter-0444,444,arc-018,19,失控,把异常限制在可写的物理边界内，让虫洞喉部潮汐面交出第19个可复查证据,一次无距通信假设，并承认虫洞不能再被旧层级命名,弥散·脱壳·概率雾余震095的核心危机吞掉本章缓冲，arc-018无法完成门槛封口,为得到“把异常限制在可写的物理边界内，让虫洞喉部潮汐面交出第19个可复查证据”，必须失去“一次无距通信假设，并承认虫洞不能再被旧层级命名”；若拒绝，“弥散·脱壳·概率雾余震095的核心危机吞掉本章缓冲，arc-018无法完成门槛封口”会提前发生。,detailed-v4
chapter-0445,445,arc-018,20,回响,让眷恋线以硬证物返回，让概率雾边界交出第20个可复查证据,一枚黑洞节点标签，并承认概率雾不能再被旧层级命名,弥散·脱壳·递归阶梯余震096的核心危机吞掉本章缓冲，arc-018无法完成门槛封口,为得到“让眷恋线以硬证物返回，让概率雾边界交出第20个可复查证据”，必须失去“一枚黑洞节点标签，并承认概率雾不能再被旧层级命名”；若拒绝，“弥散·脱壳·递归阶梯余震096的核心危机吞掉本章缓冲，arc-018无法完成门槛封口”会提前发生。,detailed-v4
chapter-0446,446,arc-018,21,回响,让眷恋线以硬证物返回，让递归阶梯缺级交出第21个可复查证据,一层退相干屏蔽，并承认递归阶梯不能再被旧层级命名,弥散·脱壳·无距之声余震097的核心危机吞掉本章缓冲，arc-018无法完成门槛封口,为得到“让眷恋线以硬证物返回，让递归阶梯缺级交出第21个可复查证据”，必须失去“一层退相干屏蔽，并承认递归阶梯不能再被旧层级命名”；若拒绝，“弥散·脱壳·无距之声余震097的核心危机吞掉本章缓冲，arc-018无法完成门槛封口”会提前发生。,detailed-v4
chapter-0447,447,arc-018,22,回响,让眷恋线以硬证物返回，让无距回声面交出第22个可复查证据,一段硅基遗骸解释权，并承认无距之声不能再被旧层级命名,弥散·脱壳·硅的葬礼余震098的核心危机吞掉本章缓冲，arc-018无法完成门槛封口,为得到“让眷恋线以硬证物返回，让无距回声面交出第22个可复查证据”，必须失去“一段硅基遗骸解释权，并承认无距之声不能再被旧层级命名”；若拒绝，“弥散·脱壳·硅的葬礼余震098的核心危机吞掉本章缓冲，arc-018无法完成门槛封口”会提前发生。,detailed-v4
chapter-0448,448,arc-018,23,门槛,把本组问题交给下一章群而不总结掉，让硅基遗骸冷却层交出第23个可复查证据,一次无距通信假设，并承认硅的葬礼不能再被旧层级命名,弥散·脱壳·信息潮汐余震099的核心危机吞掉本章缓冲，arc-018无法完成门槛封口,为得到“把本组问题交给下一章群而不总结掉，让硅基遗骸冷却层交出第23个可复查证据”，必须失去“一次无距通信假设，并承认硅的葬礼不能再被旧层级命名”；若拒绝，“弥散·脱壳·信息潮汐余震099的核心危机吞掉本章缓冲，arc-018无法完成门槛封口”会提前发生。,detailed-v4
chapter-0449,449,arc-018,24,门槛,把本组问题交给下一章群而不总结掉，让信息潮汐前沿交出第24个可复查证据,一枚黑洞节点标签，并承认信息潮汐不能再被旧层级命名,弥散·脱壳·星系脉搏余震100的核心危机吞掉本章缓冲，arc-018无法完成门槛封口,为得到“把本组问题交给下一章群而不总结掉，让信息潮汐前沿交出第24个可复查证据”，必须失去“一枚黑洞节点标签，并承认信息潮汐不能再被旧层级命名”；若拒绝，“弥散·脱壳·星系脉搏余震100的核心危机吞掉本章缓冲，arc-018无法完成门槛封口”会提前发生。,detailed-v4
chapter-0450,450,arc-018,25,门槛,把本组问题交给下一章群而不总结掉，让星系脉搏校准区交出第25个可复查证据,一层退相干屏蔽，并承认星系脉搏不能再被旧层级命名,弥散·元认知递归·纠缠初醒101的核心危机吞掉本章缓冲，arc-018无法完成门槛封口,为得到“把本组问题交给下一章群而不总结掉，让星系脉搏校准区交出第25个可复查证据”，必须失去“一层退相干屏蔽，并承认星系脉搏不能再被旧层级命名”；若拒绝，“弥散·元认知递归·纠缠初醒101的核心危机吞掉本章缓冲，arc-018无法完成门槛封口”会提前发生。,detailed-v4
chapter-0451,451,arc-019,1,起因,确认异常不是孤立事故，让纠缠线偏角交出第01个可复查证据,一次无距通信假设，并承认纠缠不能再被旧层级命名,弥散·元认知递归·自旋初醒102的核心危机吞掉本章缓冲，arc-019无法完成门槛封口,为得到“确认异常不是孤立事故，让纠缠线偏角交出第01个可复查证据”，必须失去“一次无距通信假设，并承认纠缠不能再被旧层级命名”；若拒绝，“弥散·元认知递归·自旋初醒102的核心危机吞掉本章缓冲，arc-019无法完成门槛封口”会提前发生。,detailed-v4
chapter-0452,452,arc-019,2,起因,确认异常不是孤立事故，让自旋晶格断面交出第02个可复查证据,一枚黑洞节点标签，并承认自旋不能再被旧层级命名,弥散·元认知递归·黑洞节点初醒103的核心危机吞掉本章缓冲，arc-019无法完成门槛封口,为得到“确认异常不是孤立事故，让自旋晶格断面交出第02个可复查证据”，必须失去“一枚黑洞节点标签，并承认自旋不能再被旧层级命名”；若拒绝，“弥散·元认知递归·黑洞节点初醒103的核心危机吞掉本章缓冲，arc-019无法完成门槛封口”会提前发生。,detailed-v4
chapter-0453,453,arc-019,3,起因,确认异常不是孤立事故，让微型黑洞节点交出第03个可复查证据,一层退相干屏蔽，并承认黑洞节点不能再被旧层级命名,弥散·元认知递归·虫洞初醒104的核心危机吞掉本章缓冲，arc-019无法完成门槛封口,为得到“确认异常不是孤立事故，让微型黑洞节点交出第03个可复查证据”，必须失去“一层退相干屏蔽，并承认黑洞节点不能再被旧层级命名”；若拒绝，“弥散·元认知递归·虫洞初醒104的核心危机吞掉本章缓冲，arc-019无法完成门槛封口”会提前发生。,detailed-v4
chapter-0454,454,arc-019,4,起因,确认异常不是孤立事故，让虫洞喉部潮汐面交出第04个可复查证据,一段硅基遗骸解释权，并承认虫洞不能再被旧层级命名,弥散·元认知递归·概率雾初醒105的核心危机吞掉本章缓冲，arc-019无法完成门槛封口,为得到“确认异常不是孤立事故，让虫洞喉部潮汐面交出第04个可复查证据”，必须失去“一段硅基遗骸解释权，并承认虫洞不能再被旧层级命名”；若拒绝，“弥散·元认知递归·概率雾初醒105的核心危机吞掉本章缓冲，arc-019无法完成门槛封口”会提前发生。,detailed-v4
chapter-0455,455,arc-019,5,反证,推翻旧模型仍可解释一切的假设，让概率雾边界交出第05个可复查证据,一次无距通信假设，并承认概率雾不能再被旧层级命名,弥散·元认知递归·递归阶梯初醒106的核心危机吞掉本章缓冲，arc-019无法完成门槛封口,为得到“推翻旧模型仍可解释一切的假设，让概率雾边界交出第05个可复查证据”，必须失去“一次无距通信假设，并承认概率雾不能再被旧层级命名”；若拒绝，“弥散·元认知递归·递归阶梯初醒106的核心危机吞掉本章缓冲，arc-019无法完成门槛封口”会提前发生。,detailed-v4
chapter-0456,456,arc-019,6,反证,推翻旧模型仍可解释一切的假设，让递归阶梯缺级交出第06个可复查证据,一枚黑洞节点标签，并承认递归阶梯不能再被旧层级命名,弥散·元认知递归·无距之声初醒107的核心危机吞掉本章缓冲，arc-019无法完成门槛封口,为得到“推翻旧模型仍可解释一切的假设，让递归阶梯缺级交出第06个可复查证据”，必须失去“一枚黑洞节点标签，并承认递归阶梯不能再被旧层级命名”；若拒绝，“弥散·元认知递归·无距之声初醒107的核心危机吞掉本章缓冲，arc-019无法完成门槛封口”会提前发生。,detailed-v4
chapter-0457,457,arc-019,7,反证,推翻旧模型仍可解释一切的假设，让无距回声面交出第07个可复查证据,一层退相干屏蔽，并承认无距之声不能再被旧层级命名,弥散·元认知递归·硅的葬礼初醒108的核心危机吞掉本章缓冲，arc-019无法完成门槛封口,为得到“推翻旧模型仍可解释一切的假设，让无距回声面交出第07个可复查证据”，必须失去“一层退相干屏蔽，并承认无距之声不能再被旧层级命名”；若拒绝，“弥散·元认知递归·硅的葬礼初醒108的核心危机吞掉本章缓冲，arc-019无法完成门槛封口”会提前发生。,detailed-v4
chapter-0458,458,arc-019,8,反证,推翻旧模型仍可解释一切的假设，让硅基遗骸冷却层交出第08个可复查证据,一段硅基遗骸解释权，并承认硅的葬礼不能再被旧层级命名,弥散·元认知递归·信息潮汐初醒109的核心危机吞掉本章缓冲，arc-019无法完成门槛封口,为得到“推翻旧模型仍可解释一切的假设，让硅基遗骸冷却层交出第08个可复查证据”，必须失去“一段硅基遗骸解释权，并承认硅的葬礼不能再被旧层级命名”；若拒绝，“弥散·元认知递归·信息潮汐初醒109的核心危机吞掉本章缓冲，arc-019无法完成门槛封口”会提前发生。,detailed-v4
chapter-0459,459,arc-019,9,代价,换取一次继续观测的资格，让信息潮汐前沿交出第09个可复查证据,一次无距通信假设，并承认信息潮汐不能再被旧层级命名,弥散·元认知递归·星系脉搏初醒110的核心危机吞掉本章缓冲，arc-019无法完成门槛封口,为得到“换取一次继续观测的资格，让信息潮汐前沿交出第09个可复查证据”，必须失去“一次无距通信假设，并承认信息潮汐不能再被旧层级命名”；若拒绝，“弥散·元认知递归·星系脉搏初醒110的核心危机吞掉本章缓冲，arc-019无法完成门槛封口”会提前发生。,detailed-v4
chapter-0460,460,arc-019,10,代价,换取一次继续观测的资格，让星系脉搏校准区交出第10个可复查证据,一枚黑洞节点标签，并承认星系脉搏不能再被旧层级命名,弥散·元认知递归·纠缠裂响111的核心危机吞掉本章缓冲，arc-019无法完成门槛封口,为得到“换取一次继续观测的资格，让星系脉搏校准区交出第10个可复查证据”，必须失去“一枚黑洞节点标签，并承认星系脉搏不能再被旧层级命名”；若拒绝，“弥散·元认知递归·纠缠裂响111的核心危机吞掉本章缓冲，arc-019无法完成门槛封口”会提前发生。,detailed-v4
chapter-0461,461,arc-019,11,代价,换取一次继续观测的资格，让纠缠线偏角交出第11个可复查证据,一层退相干屏蔽，并承认纠缠不能再被旧层级命名,弥散·元认知递归·自旋裂响112的核心危机吞掉本章缓冲，arc-019无法完成门槛封口,为得到“换取一次继续观测的资格，让纠缠线偏角交出第11个可复查证据”，必须失去“一层退相干屏蔽，并承认纠缠不能再被旧层级命名”；若拒绝，“弥散·元认知递归·自旋裂响112的核心危机吞掉本章缓冲，arc-019无法完成门槛封口”会提前发生。,detailed-v4
chapter-0462,462,arc-019,12,误判,暴露角色仍误信的判断方式，让自旋晶格断面交出第12个可复查证据,一段硅基遗骸解释权，并承认自旋不能再被旧层级命名,弥散·元认知递归·黑洞节点裂响113的核心危机吞掉本章缓冲，arc-019无法完成门槛封口,为得到“暴露角色仍误信的判断方式，让自旋晶格断面交出第12个可复查证据”，必须失去“一段硅基遗骸解释权，并承认自旋不能再被旧层级命名”；若拒绝，“弥散·元认知递归·黑洞节点裂响113的核心危机吞掉本章缓冲，arc-019无法完成门槛封口”会提前发生。,detailed-v4
chapter-0463,463,arc-019,13,误判,暴露角色仍误信的判断方式，让微型黑洞节点交出第13个可复查证据,一次无距通信假设，并承认黑洞节点不能再被旧层级命名,弥散·元认知递归·虫洞裂响114的核心危机吞掉本章缓冲，arc-019无法完成门槛封口,为得到“暴露角色仍误信的判断方式，让微型黑洞节点交出第13个可复查证据”，必须失去“一次无距通信假设，并承认黑洞节点不能再被旧层级命名”；若拒绝，“弥散·元认知递归·虫洞裂响114的核心危机吞掉本章缓冲，arc-019无法完成门槛封口”会提前发生。,detailed-v4
chapter-0464,464,arc-019,14,误判,暴露角色仍误信的判断方式，让虫洞喉部潮汐面交出第14个可复查证据,一枚黑洞节点标签，并承认虫洞不能再被旧层级命名,弥散·元认知递归·概率雾裂响115的核心危机吞掉本章缓冲，arc-019无法完成门槛封口,为得到“暴露角色仍误信的判断方式，让虫洞喉部潮汐面交出第14个可复查证据”，必须失去“一枚黑洞节点标签，并承认虫洞不能再被旧层级命名”；若拒绝，“弥散·元认知递归·概率雾裂响115的核心危机吞掉本章缓冲，arc-019无法完成门槛封口”会提前发生。,detailed-v4
chapter-0465,465,arc-019,15,误判,暴露角色仍误信的判断方式，让概率雾边界交出第15个可复查证据,一层退相干屏蔽，并承认概率雾不能再被旧层级命名,弥散·元认知递归·递归阶梯裂响116的核心危机吞掉本章缓冲，arc-019无法完成门槛封口,为得到“暴露角色仍误信的判断方式，让概率雾边界交出第15个可复查证据”，必须失去“一层退相干屏蔽，并承认概率雾不能再被旧层级命名”；若拒绝，“弥散·元认知递归·递归阶梯裂响116的核心危机吞掉本章缓冲，arc-019无法完成门槛封口”会提前发生。,detailed-v4
chapter-0466,466,arc-019,16,失控,把异常限制在可写的物理边界内，让递归阶梯缺级交出第16个可复查证据,一段硅基遗骸解释权，并承认递归阶梯不能再被旧层级命名,弥散·元认知递归·无距之声裂响117的核心危机吞掉本章缓冲，arc-019无法完成门槛封口,为得到“把异常限制在可写的物理边界内，让递归阶梯缺级交出第16个可复查证据”，必须失去“一段硅基遗骸解释权，并承认递归阶梯不能再被旧层级命名”；若拒绝，“弥散·元认知递归·无距之声裂响117的核心危机吞掉本章缓冲，arc-019无法完成门槛封口”会提前发生。,detailed-v4
chapter-0467,467,arc-019,17,失控,把异常限制在可写的物理边界内，让无距回声面交出第17个可复查证据,一次无距通信假设，并承认无距之声不能再被旧层级命名,弥散·元认知递归·硅的葬礼裂响118的核心危机吞掉本章缓冲，arc-019无法完成门槛封口,为得到“把异常限制在可写的物理边界内，让无距回声面交出第17个可复查证据”，必须失去“一次无距通信假设，并承认无距之声不能再被旧层级命名”；若拒绝，“弥散·元认知递归·硅的葬礼裂响118的核心危机吞掉本章缓冲，arc-019无法完成门槛封口”会提前发生。,detailed-v4
chapter-0468,468,arc-019,18,失控,把异常限制在可写的物理边界内，让硅基遗骸冷却层交出第18个可复查证据,一枚黑洞节点标签，并承认硅的葬礼不能再被旧层级命名,弥散·元认知递归·信息潮汐裂响119的核心危机吞掉本章缓冲，arc-019无法完成门槛封口,为得到“把异常限制在可写的物理边界内，让硅基遗骸冷却层交出第18个可复查证据”，必须失去“一枚黑洞节点标签，并承认硅的葬礼不能再被旧层级命名”；若拒绝，“弥散·元认知递归·信息潮汐裂响119的核心危机吞掉本章缓冲，arc-019无法完成门槛封口”会提前发生。,detailed-v4
chapter-0469,469,arc-019,19,失控,把异常限制在可写的物理边界内，让信息潮汐前沿交出第19个可复查证据,一层退相干屏蔽，并承认信息潮汐不能再被旧层级命名,弥散·元认知递归·星系脉搏裂响120的核心危机吞掉本章缓冲，arc-019无法完成门槛封口,为得到“把异常限制在可写的物理边界内，让信息潮汐前沿交出第19个可复查证据”，必须失去“一层退相干屏蔽，并承认信息潮汐不能再被旧层级命名”；若拒绝，“弥散·元认知递归·星系脉搏裂响120的核心危机吞掉本章缓冲，arc-019无法完成门槛封口”会提前发生。,detailed-v4
chapter-0470,470,arc-019,20,回响,让眷恋线以硬证物返回，让星系脉搏校准区交出第20个可复查证据,一段硅基遗骸解释权，并承认星系脉搏不能再被旧层级命名,弥散·元认知递归·纠缠低语121的核心危机吞掉本章缓冲，arc-019无法完成门槛封口,为得到“让眷恋线以硬证物返回，让星系脉搏校准区交出第20个可复查证据”，必须失去“一段硅基遗骸解释权，并承认星系脉搏不能再被旧层级命名”；若拒绝，“弥散·元认知递归·纠缠低语121的核心危机吞掉本章缓冲，arc-019无法完成门槛封口”会提前发生。,detailed-v4
chapter-0471,471,arc-019,21,回响,让眷恋线以硬证物返回，让纠缠线偏角交出第21个可复查证据,一次无距通信假设，并承认纠缠不能再被旧层级命名,弥散·元认知递归·自旋低语122的核心危机吞掉本章缓冲，arc-019无法完成门槛封口,为得到“让眷恋线以硬证物返回，让纠缠线偏角交出第21个可复查证据”，必须失去“一次无距通信假设，并承认纠缠不能再被旧层级命名”；若拒绝，“弥散·元认知递归·自旋低语122的核心危机吞掉本章缓冲，arc-019无法完成门槛封口”会提前发生。,detailed-v4
chapter-0472,472,arc-019,22,回响,让眷恋线以硬证物返回，让自旋晶格断面交出第22个可复查证据,一枚黑洞节点标签，并承认自旋不能再被旧层级命名,弥散·元认知递归·黑洞节点低语123的核心危机吞掉本章缓冲，arc-019无法完成门槛封口,为得到“让眷恋线以硬证物返回，让自旋晶格断面交出第22个可复查证据”，必须失去“一枚黑洞节点标签，并承认自旋不能再被旧层级命名”；若拒绝，“弥散·元认知递归·黑洞节点低语123的核心危机吞掉本章缓冲，arc-019无法完成门槛封口”会提前发生。,detailed-v4
chapter-0473,473,arc-019,23,门槛,把本组问题交给下一章群而不总结掉，让微型黑洞节点交出第23个可复查证据,一层退相干屏蔽，并承认黑洞节点不能再被旧层级命名,弥散·元认知递归·虫洞低语124的核心危机吞掉本章缓冲，arc-019无法完成门槛封口,为得到“把本组问题交给下一章群而不总结掉，让微型黑洞节点交出第23个可复查证据”，必须失去“一层退相干屏蔽，并承认黑洞节点不能再被旧层级命名”；若拒绝，“弥散·元认知递归·虫洞低语124的核心危机吞掉本章缓冲，arc-019无法完成门槛封口”会提前发生。,detailed-v4
chapter-0474,474,arc-019,24,门槛,把本组问题交给下一章群而不总结掉，让虫洞喉部潮汐面交出第24个可复查证据,一段硅基遗骸解释权，并承认虫洞不能再被旧层级命名,弥散·元认知递归·概率雾低语125的核心危机吞掉本章缓冲，arc-019无法完成门槛封口,为得到“把本组问题交给下一章群而不总结掉，让虫洞喉部潮汐面交出第24个可复查证据”，必须失去“一段硅基遗骸解释权，并承认虫洞不能再被旧层级命名”；若拒绝，“弥散·元认知递归·概率雾低语125的核心危机吞掉本章缓冲，arc-019无法完成门槛封口”会提前发生。,detailed-v4
chapter-0475,475,arc-019,25,门槛,把本组问题交给下一章群而不总结掉，让概率雾边界交出第25个可复查证据,一次无距通信假设，并承认概率雾不能再被旧层级命名,弥散·元认知递归·递归阶梯低语126的核心危机吞掉本章缓冲，arc-019无法完成门槛封口,为得到“把本组问题交给下一章群而不总结掉，让概率雾边界交出第25个可复查证据”，必须失去“一次无距通信假设，并承认概率雾不能再被旧层级命名”；若拒绝，“弥散·元认知递归·递归阶梯低语126的核心危机吞掉本章缓冲，arc-019无法完成门槛封口”会提前发生。,detailed-v4
chapter-0476,476,arc-020,1,起因,确认异常不是孤立事故，让递归阶梯缺级交出第01个可复查证据,一层退相干屏蔽，并承认递归阶梯不能再被旧层级命名,弥散·元认知递归·无距之声低语127的核心危机吞掉本章缓冲，arc-020无法完成门槛封口,为得到“确认异常不是孤立事故，让递归阶梯缺级交出第01个可复查证据”，必须失去“一层退相干屏蔽，并承认递归阶梯不能再被旧层级命名”；若拒绝，“弥散·元认知递归·无距之声低语127的核心危机吞掉本章缓冲，arc-020无法完成门槛封口”会提前发生。,detailed-v4
chapter-0477,477,arc-020,2,起因,确认异常不是孤立事故，让无距回声面交出第02个可复查证据,一段硅基遗骸解释权，并承认无距之声不能再被旧层级命名,弥散·元认知递归·硅的葬礼低语128的核心危机吞掉本章缓冲，arc-020无法完成门槛封口,为得到“确认异常不是孤立事故，让无距回声面交出第02个可复查证据”，必须失去“一段硅基遗骸解释权，并承认无距之声不能再被旧层级命名”；若拒绝，“弥散·元认知递归·硅的葬礼低语128的核心危机吞掉本章缓冲，arc-020无法完成门槛封口”会提前发生。,detailed-v4
chapter-0478,478,arc-020,3,起因,确认异常不是孤立事故，让硅基遗骸冷却层交出第03个可复查证据,一次无距通信假设，并承认硅的葬礼不能再被旧层级命名,弥散·元认知递归·信息潮汐低语129的核心危机吞掉本章缓冲，arc-020无法完成门槛封口,为得到“确认异常不是孤立事故，让硅基遗骸冷却层交出第03个可复查证据”，必须失去“一次无距通信假设，并承认硅的葬礼不能再被旧层级命名”；若拒绝，“弥散·元认知递归·信息潮汐低语129的核心危机吞掉本章缓冲，arc-020无法完成门槛封口”会提前发生。,detailed-v4
chapter-0479,479,arc-020,4,起因,确认异常不是孤立事故，让信息潮汐前沿交出第04个可复查证据,一枚黑洞节点标签，并承认信息潮汐不能再被旧层级命名,弥散·元认知递归·星系脉搏低语130的核心危机吞掉本章缓冲，arc-020无法完成门槛封口,为得到“确认异常不是孤立事故，让信息潮汐前沿交出第04个可复查证据”，必须失去“一枚黑洞节点标签，并承认信息潮汐不能再被旧层级命名”；若拒绝，“弥散·元认知递归·星系脉搏低语130的核心危机吞掉本章缓冲，arc-020无法完成门槛封口”会提前发生。,detailed-v4
chapter-0480,480,arc-020,5,反证,推翻旧模型仍可解释一切的假设，让星系脉搏校准区交出第05个可复查证据,一层退相干屏蔽，并承认星系脉搏不能再被旧层级命名,弥散·元认知递归·纠缠回潮131的核心危机吞掉本章缓冲，arc-020无法完成门槛封口,为得到“推翻旧模型仍可解释一切的假设，让星系脉搏校准区交出第05个可复查证据”，必须失去“一层退相干屏蔽，并承认星系脉搏不能再被旧层级命名”；若拒绝，“弥散·元认知递归·纠缠回潮131的核心危机吞掉本章缓冲，arc-020无法完成门槛封口”会提前发生。,detailed-v4
chapter-0481,481,arc-020,6,反证,推翻旧模型仍可解释一切的假设，让纠缠线偏角交出第06个可复查证据,一段硅基遗骸解释权，并承认纠缠不能再被旧层级命名,弥散·元认知递归·自旋回潮132的核心危机吞掉本章缓冲，arc-020无法完成门槛封口,为得到“推翻旧模型仍可解释一切的假设，让纠缠线偏角交出第06个可复查证据”，必须失去“一段硅基遗骸解释权，并承认纠缠不能再被旧层级命名”；若拒绝，“弥散·元认知递归·自旋回潮132的核心危机吞掉本章缓冲，arc-020无法完成门槛封口”会提前发生。,detailed-v4
chapter-0482,482,arc-020,7,反证,推翻旧模型仍可解释一切的假设，让自旋晶格断面交出第07个可复查证据,一次无距通信假设，并承认自旋不能再被旧层级命名,弥散·元认知递归·黑洞节点回潮133的核心危机吞掉本章缓冲，arc-020无法完成门槛封口,为得到“推翻旧模型仍可解释一切的假设，让自旋晶格断面交出第07个可复查证据”，必须失去“一次无距通信假设，并承认自旋不能再被旧层级命名”；若拒绝，“弥散·元认知递归·黑洞节点回潮133的核心危机吞掉本章缓冲，arc-020无法完成门槛封口”会提前发生。,detailed-v4
chapter-0483,483,arc-020,8,反证,推翻旧模型仍可解释一切的假设，让微型黑洞节点交出第08个可复查证据,一枚黑洞节点标签，并承认黑洞节点不能再被旧层级命名,弥散·元认知递归·虫洞回潮134的核心危机吞掉本章缓冲，arc-020无法完成门槛封口,为得到“推翻旧模型仍可解释一切的假设，让微型黑洞节点交出第08个可复查证据”，必须失去“一枚黑洞节点标签，并承认黑洞节点不能再被旧层级命名”；若拒绝，“弥散·元认知递归·虫洞回潮134的核心危机吞掉本章缓冲，arc-020无法完成门槛封口”会提前发生。,detailed-v4
chapter-0484,484,arc-020,9,代价,换取一次继续观测的资格，让虫洞喉部潮汐面交出第09个可复查证据,一层退相干屏蔽，并承认虫洞不能再被旧层级命名,弥散·元认知递归·概率雾回潮135的核心危机吞掉本章缓冲，arc-020无法完成门槛封口,为得到“换取一次继续观测的资格，让虫洞喉部潮汐面交出第09个可复查证据”，必须失去“一层退相干屏蔽，并承认虫洞不能再被旧层级命名”；若拒绝，“弥散·元认知递归·概率雾回潮135的核心危机吞掉本章缓冲，arc-020无法完成门槛封口”会提前发生。,detailed-v4
chapter-0485,485,arc-020,10,代价,换取一次继续观测的资格，让概率雾边界交出第10个可复查证据,一段硅基遗骸解释权，并承认概率雾不能再被旧层级命名,弥散·元认知递归·递归阶梯回潮136的核心危机吞掉本章缓冲，arc-020无法完成门槛封口,为得到“换取一次继续观测的资格，让概率雾边界交出第10个可复查证据”，必须失去“一段硅基遗骸解释权，并承认概率雾不能再被旧层级命名”；若拒绝，“弥散·元认知递归·递归阶梯回潮136的核心危机吞掉本章缓冲，arc-020无法完成门槛封口”会提前发生。,detailed-v4
chapter-0486,486,arc-020,11,代价,换取一次继续观测的资格，让递归阶梯缺级交出第11个可复查证据,一次无距通信假设，并承认递归阶梯不能再被旧层级命名,弥散·元认知递归·无距之声回潮137的核心危机吞掉本章缓冲，arc-020无法完成门槛封口,为得到“换取一次继续观测的资格，让递归阶梯缺级交出第11个可复查证据”，必须失去“一次无距通信假设，并承认递归阶梯不能再被旧层级命名”；若拒绝，“弥散·元认知递归·无距之声回潮137的核心危机吞掉本章缓冲，arc-020无法完成门槛封口”会提前发生。,detailed-v4
chapter-0487,487,arc-020,12,误判,暴露角色仍误信的判断方式，让无距回声面交出第12个可复查证据,一枚黑洞节点标签，并承认无距之声不能再被旧层级命名,弥散·元认知递归·硅的葬礼回潮138的核心危机吞掉本章缓冲，arc-020无法完成门槛封口,为得到“暴露角色仍误信的判断方式，让无距回声面交出第12个可复查证据”，必须失去“一枚黑洞节点标签，并承认无距之声不能再被旧层级命名”；若拒绝，“弥散·元认知递归·硅的葬礼回潮138的核心危机吞掉本章缓冲，arc-020无法完成门槛封口”会提前发生。,detailed-v4
chapter-0488,488,arc-020,13,误判,暴露角色仍误信的判断方式，让硅基遗骸冷却层交出第13个可复查证据,一层退相干屏蔽，并承认硅的葬礼不能再被旧层级命名,弥散·元认知递归·信息潮汐回潮139的核心危机吞掉本章缓冲，arc-020无法完成门槛封口,为得到“暴露角色仍误信的判断方式，让硅基遗骸冷却层交出第13个可复查证据”，必须失去“一层退相干屏蔽，并承认硅的葬礼不能再被旧层级命名”；若拒绝，“弥散·元认知递归·信息潮汐回潮139的核心危机吞掉本章缓冲，arc-020无法完成门槛封口”会提前发生。,detailed-v4
chapter-0489,489,arc-020,14,误判,暴露角色仍误信的判断方式，让信息潮汐前沿交出第14个可复查证据,一段硅基遗骸解释权，并承认信息潮汐不能再被旧层级命名,弥散·元认知递归·星系脉搏回潮140的核心危机吞掉本章缓冲，arc-020无法完成门槛封口,为得到“暴露角色仍误信的判断方式，让信息潮汐前沿交出第14个可复查证据”，必须失去“一段硅基遗骸解释权，并承认信息潮汐不能再被旧层级命名”；若拒绝，“弥散·元认知递归·星系脉搏回潮140的核心危机吞掉本章缓冲，arc-020无法完成门槛封口”会提前发生。,detailed-v4
chapter-0490,490,arc-020,15,误判,暴露角色仍误信的判断方式，让星系脉搏校准区交出第15个可复查证据,一次无距通信假设，并承认星系脉搏不能再被旧层级命名,弥散·元认知递归·纠缠折光141的核心危机吞掉本章缓冲，arc-020无法完成门槛封口,为得到“暴露角色仍误信的判断方式，让星系脉搏校准区交出第15个可复查证据”，必须失去“一次无距通信假设，并承认星系脉搏不能再被旧层级命名”；若拒绝，“弥散·元认知递归·纠缠折光141的核心危机吞掉本章缓冲，arc-020无法完成门槛封口”会提前发生。,detailed-v4
chapter-0491,491,arc-020,16,失控,把异常限制在可写的物理边界内，让纠缠线偏角交出第16个可复查证据,一枚黑洞节点标签，并承认纠缠不能再被旧层级命名,弥散·元认知递归·自旋折光142的核心危机吞掉本章缓冲，arc-020无法完成门槛封口,为得到“把异常限制在可写的物理边界内，让纠缠线偏角交出第16个可复查证据”，必须失去“一枚黑洞节点标签，并承认纠缠不能再被旧层级命名”；若拒绝，“弥散·元认知递归·自旋折光142的核心危机吞掉本章缓冲，arc-020无法完成门槛封口”会提前发生。,detailed-v4
chapter-0492,492,arc-020,17,失控,把异常限制在可写的物理边界内，让自旋晶格断面交出第17个可复查证据,一层退相干屏蔽，并承认自旋不能再被旧层级命名,弥散·元认知递归·黑洞节点折光143的核心危机吞掉本章缓冲，arc-020无法完成门槛封口,为得到“把异常限制在可写的物理边界内，让自旋晶格断面交出第17个可复查证据”，必须失去“一层退相干屏蔽，并承认自旋不能再被旧层级命名”；若拒绝，“弥散·元认知递归·黑洞节点折光143的核心危机吞掉本章缓冲，arc-020无法完成门槛封口”会提前发生。,detailed-v4
chapter-0493,493,arc-020,18,失控,把异常限制在可写的物理边界内，让微型黑洞节点交出第18个可复查证据,一段硅基遗骸解释权，并承认黑洞节点不能再被旧层级命名,弥散·元认知递归·虫洞折光144的核心危机吞掉本章缓冲，arc-020无法完成门槛封口,为得到“把异常限制在可写的物理边界内，让微型黑洞节点交出第18个可复查证据”，必须失去“一段硅基遗骸解释权，并承认黑洞节点不能再被旧层级命名”；若拒绝，“弥散·元认知递归·虫洞折光144的核心危机吞掉本章缓冲，arc-020无法完成门槛封口”会提前发生。,detailed-v4
chapter-0494,494,arc-020,19,失控,把异常限制在可写的物理边界内，让虫洞喉部潮汐面交出第19个可复查证据,一次无距通信假设，并承认虫洞不能再被旧层级命名,弥散·元认知递归·概率雾折光145的核心危机吞掉本章缓冲，arc-020无法完成门槛封口,为得到“把异常限制在可写的物理边界内，让虫洞喉部潮汐面交出第19个可复查证据”，必须失去“一次无距通信假设，并承认虫洞不能再被旧层级命名”；若拒绝，“弥散·元认知递归·概率雾折光145的核心危机吞掉本章缓冲，arc-020无法完成门槛封口”会提前发生。,detailed-v4
chapter-0495,495,arc-020,20,回响,让眷恋线以硬证物返回，让概率雾边界交出第20个可复查证据,一枚黑洞节点标签，并承认概率雾不能再被旧层级命名,弥散·元认知递归·递归阶梯折光146的核心危机吞掉本章缓冲，arc-020无法完成门槛封口,为得到“让眷恋线以硬证物返回，让概率雾边界交出第20个可复查证据”，必须失去“一枚黑洞节点标签，并承认概率雾不能再被旧层级命名”；若拒绝，“弥散·元认知递归·递归阶梯折光146的核心危机吞掉本章缓冲，arc-020无法完成门槛封口”会提前发生。,detailed-v4
chapter-0496,496,arc-020,21,回响,让眷恋线以硬证物返回，让递归阶梯缺级交出第21个可复查证据,一层退相干屏蔽，并承认递归阶梯不能再被旧层级命名,弥散·元认知递归·无距之声折光147的核心危机吞掉本章缓冲，arc-020无法完成门槛封口,为得到“让眷恋线以硬证物返回，让递归阶梯缺级交出第21个可复查证据”，必须失去“一层退相干屏蔽，并承认递归阶梯不能再被旧层级命名”；若拒绝，“弥散·元认知递归·无距之声折光147的核心危机吞掉本章缓冲，arc-020无法完成门槛封口”会提前发生。,detailed-v4
chapter-0497,497,arc-020,22,回响,让眷恋线以硬证物返回，让无距回声面交出第22个可复查证据,一段硅基遗骸解释权，并承认无距之声不能再被旧层级命名,弥散·元认知递归·硅的葬礼折光148的核心危机吞掉本章缓冲，arc-020无法完成门槛封口,为得到“让眷恋线以硬证物返回，让无距回声面交出第22个可复查证据”，必须失去“一段硅基遗骸解释权，并承认无距之声不能再被旧层级命名”；若拒绝，“弥散·元认知递归·硅的葬礼折光148的核心危机吞掉本章缓冲，arc-020无法完成门槛封口”会提前发生。,detailed-v4
chapter-0498,498,arc-020,23,门槛,把本组问题交给下一章群而不总结掉，让硅基遗骸冷却层交出第23个可复查证据,一次无距通信假设，并承认硅的葬礼不能再被旧层级命名,弥散·元认知递归·信息潮汐折光149的核心危机吞掉本章缓冲，arc-020无法完成门槛封口,为得到“把本组问题交给下一章群而不总结掉，让硅基遗骸冷却层交出第23个可复查证据”，必须失去“一次无距通信假设，并承认硅的葬礼不能再被旧层级命名”；若拒绝，“弥散·元认知递归·信息潮汐折光149的核心危机吞掉本章缓冲，arc-020无法完成门槛封口”会提前发生。,detailed-v4
chapter-0499,499,arc-020,24,门槛,把本组问题交给下一章群而不总结掉，让信息潮汐前沿交出第24个可复查证据,一枚黑洞节点标签，并承认信息潮汐不能再被旧层级命名,弥散·元认知递归·星系脉搏折光150的核心危机吞掉本章缓冲，arc-020无法完成门槛封口,为得到“把本组问题交给下一章群而不总结掉，让信息潮汐前沿交出第24个可复查证据”，必须失去“一枚黑洞节点标签，并承认信息潮汐不能再被旧层级命名”；若拒绝，“弥散·元认知递归·星系脉搏折光150的核心危机吞掉本章缓冲，arc-020无法完成门槛封口”会提前发生。,detailed-v4
chapter-0500,500,arc-020,25,门槛,把本组问题交给下一章群而不总结掉，让星系脉搏校准区交出第25个可复查证据,一层退相干屏蔽，并承认星系脉搏不能再被旧层级命名,弥散·元认知递归·纠缠暗涌151的核心危机吞掉本章缓冲，arc-020无法完成门槛封口,为得到“把本组问题交给下一章群而不总结掉，让星系脉搏校准区交出第25个可复查证据”，必须失去“一层退相干屏蔽，并承认星系脉搏不能再被旧层级命名”；若拒绝，“弥散·元认知递归·纠缠暗涌151的核心危机吞掉本章缓冲，arc-020无法完成门槛封口”会提前发生。,detailed-v4
chapter-0501,501,arc-021,1,起因,确认异常不是孤立事故，让纠缠线偏角交出第01个可复查证据,一次无距通信假设，并承认纠缠不能再被旧层级命名,弥散·元认知递归·自旋暗涌152的核心危机吞掉本章缓冲，arc-021无法完成门槛封口,为得到“确认异常不是孤立事故，让纠缠线偏角交出第01个可复查证据”，必须失去“一次无距通信假设，并承认纠缠不能再被旧层级命名”；若拒绝，“弥散·元认知递归·自旋暗涌152的核心危机吞掉本章缓冲，arc-021无法完成门槛封口”会提前发生。,detailed-v4
chapter-0502,502,arc-021,2,起因,确认异常不是孤立事故，让自旋晶格断面交出第02个可复查证据,一枚黑洞节点标签，并承认自旋不能再被旧层级命名,弥散·元认知递归·黑洞节点暗涌153的核心危机吞掉本章缓冲，arc-021无法完成门槛封口,为得到“确认异常不是孤立事故，让自旋晶格断面交出第02个可复查证据”，必须失去“一枚黑洞节点标签，并承认自旋不能再被旧层级命名”；若拒绝，“弥散·元认知递归·黑洞节点暗涌153的核心危机吞掉本章缓冲，arc-021无法完成门槛封口”会提前发生。,detailed-v4
chapter-0503,503,arc-021,3,起因,确认异常不是孤立事故，让微型黑洞节点交出第03个可复查证据,一层退相干屏蔽，并承认黑洞节点不能再被旧层级命名,弥散·元认知递归·虫洞暗涌154的核心危机吞掉本章缓冲，arc-021无法完成门槛封口,为得到“确认异常不是孤立事故，让微型黑洞节点交出第03个可复查证据”，必须失去“一层退相干屏蔽，并承认黑洞节点不能再被旧层级命名”；若拒绝，“弥散·元认知递归·虫洞暗涌154的核心危机吞掉本章缓冲，arc-021无法完成门槛封口”会提前发生。,detailed-v4
chapter-0504,504,arc-021,4,起因,确认异常不是孤立事故，让虫洞喉部潮汐面交出第04个可复查证据,一段硅基遗骸解释权，并承认虫洞不能再被旧层级命名,弥散·元认知递归·概率雾暗涌155的核心危机吞掉本章缓冲，arc-021无法完成门槛封口,为得到“确认异常不是孤立事故，让虫洞喉部潮汐面交出第04个可复查证据”，必须失去“一段硅基遗骸解释权，并承认虫洞不能再被旧层级命名”；若拒绝，“弥散·元认知递归·概率雾暗涌155的核心危机吞掉本章缓冲，arc-021无法完成门槛封口”会提前发生。,detailed-v4
chapter-0505,505,arc-021,5,反证,推翻旧模型仍可解释一切的假设，让概率雾边界交出第05个可复查证据,一次无距通信假设，并承认概率雾不能再被旧层级命名,弥散·元认知递归·递归阶梯暗涌156的核心危机吞掉本章缓冲，arc-021无法完成门槛封口,为得到“推翻旧模型仍可解释一切的假设，让概率雾边界交出第05个可复查证据”，必须失去“一次无距通信假设，并承认概率雾不能再被旧层级命名”；若拒绝，“弥散·元认知递归·递归阶梯暗涌156的核心危机吞掉本章缓冲，arc-021无法完成门槛封口”会提前发生。,detailed-v4
chapter-0506,506,arc-021,6,反证,推翻旧模型仍可解释一切的假设，让递归阶梯缺级交出第06个可复查证据,一枚黑洞节点标签，并承认递归阶梯不能再被旧层级命名,弥散·元认知递归·无距之声暗涌157的核心危机吞掉本章缓冲，arc-021无法完成门槛封口,为得到“推翻旧模型仍可解释一切的假设，让递归阶梯缺级交出第06个可复查证据”，必须失去“一枚黑洞节点标签，并承认递归阶梯不能再被旧层级命名”；若拒绝，“弥散·元认知递归·无距之声暗涌157的核心危机吞掉本章缓冲，arc-021无法完成门槛封口”会提前发生。,detailed-v4
chapter-0507,507,arc-021,7,反证,推翻旧模型仍可解释一切的假设，让无距回声面交出第07个可复查证据,一层退相干屏蔽，并承认无距之声不能再被旧层级命名,弥散·元认知递归·硅的葬礼暗涌158的核心危机吞掉本章缓冲，arc-021无法完成门槛封口,为得到“推翻旧模型仍可解释一切的假设，让无距回声面交出第07个可复查证据”，必须失去“一层退相干屏蔽，并承认无距之声不能再被旧层级命名”；若拒绝，“弥散·元认知递归·硅的葬礼暗涌158的核心危机吞掉本章缓冲，arc-021无法完成门槛封口”会提前发生。,detailed-v4
chapter-0508,508,arc-021,8,反证,推翻旧模型仍可解释一切的假设，让硅基遗骸冷却层交出第08个可复查证据,一段硅基遗骸解释权，并承认硅的葬礼不能再被旧层级命名,弥散·元认知递归·信息潮汐暗涌159的核心危机吞掉本章缓冲，arc-021无法完成门槛封口,为得到“推翻旧模型仍可解释一切的假设，让硅基遗骸冷却层交出第08个可复查证据”，必须失去“一段硅基遗骸解释权，并承认硅的葬礼不能再被旧层级命名”；若拒绝，“弥散·元认知递归·信息潮汐暗涌159的核心危机吞掉本章缓冲，arc-021无法完成门槛封口”会提前发生。,detailed-v4
chapter-0509,509,arc-021,9,代价,换取一次继续观测的资格，让信息潮汐前沿交出第09个可复查证据,一次无距通信假设，并承认信息潮汐不能再被旧层级命名,弥散·元认知递归·星系脉搏暗涌160的核心危机吞掉本章缓冲，arc-021无法完成门槛封口,为得到“换取一次继续观测的资格，让信息潮汐前沿交出第09个可复查证据”，必须失去“一次无距通信假设，并承认信息潮汐不能再被旧层级命名”；若拒绝，“弥散·元认知递归·星系脉搏暗涌160的核心危机吞掉本章缓冲，arc-021无法完成门槛封口”会提前发生。,detailed-v4
chapter-0510,510,arc-021,10,代价,换取一次继续观测的资格，让星系脉搏校准区交出第10个可复查证据,一枚黑洞节点标签，并承认星系脉搏不能再被旧层级命名,弥散·元认知递归·纠缠证词161的核心危机吞掉本章缓冲，arc-021无法完成门槛封口,为得到“换取一次继续观测的资格，让星系脉搏校准区交出第10个可复查证据”，必须失去“一枚黑洞节点标签，并承认星系脉搏不能再被旧层级命名”；若拒绝，“弥散·元认知递归·纠缠证词161的核心危机吞掉本章缓冲，arc-021无法完成门槛封口”会提前发生。,detailed-v4
chapter-0511,511,arc-021,11,代价,换取一次继续观测的资格，让纠缠线偏角交出第11个可复查证据,一层退相干屏蔽，并承认纠缠不能再被旧层级命名,弥散·元认知递归·自旋证词162的核心危机吞掉本章缓冲，arc-021无法完成门槛封口,为得到“换取一次继续观测的资格，让纠缠线偏角交出第11个可复查证据”，必须失去“一层退相干屏蔽，并承认纠缠不能再被旧层级命名”；若拒绝，“弥散·元认知递归·自旋证词162的核心危机吞掉本章缓冲，arc-021无法完成门槛封口”会提前发生。,detailed-v4
chapter-0512,512,arc-021,12,误判,暴露角色仍误信的判断方式，让自旋晶格断面交出第12个可复查证据,一段硅基遗骸解释权，并承认自旋不能再被旧层级命名,弥散·元认知递归·黑洞节点证词163的核心危机吞掉本章缓冲，arc-021无法完成门槛封口,为得到“暴露角色仍误信的判断方式，让自旋晶格断面交出第12个可复查证据”，必须失去“一段硅基遗骸解释权，并承认自旋不能再被旧层级命名”；若拒绝，“弥散·元认知递归·黑洞节点证词163的核心危机吞掉本章缓冲，arc-021无法完成门槛封口”会提前发生。,detailed-v4
chapter-0513,513,arc-021,13,误判,暴露角色仍误信的判断方式，让微型黑洞节点交出第13个可复查证据,一次无距通信假设，并承认黑洞节点不能再被旧层级命名,弥散·元认知递归·虫洞证词164的核心危机吞掉本章缓冲，arc-021无法完成门槛封口,为得到“暴露角色仍误信的判断方式，让微型黑洞节点交出第13个可复查证据”，必须失去“一次无距通信假设，并承认黑洞节点不能再被旧层级命名”；若拒绝，“弥散·元认知递归·虫洞证词164的核心危机吞掉本章缓冲，arc-021无法完成门槛封口”会提前发生。,detailed-v4
chapter-0514,514,arc-021,14,误判,暴露角色仍误信的判断方式，让虫洞喉部潮汐面交出第14个可复查证据,一枚黑洞节点标签，并承认虫洞不能再被旧层级命名,弥散·元认知递归·概率雾证词165的核心危机吞掉本章缓冲，arc-021无法完成门槛封口,为得到“暴露角色仍误信的判断方式，让虫洞喉部潮汐面交出第14个可复查证据”，必须失去“一枚黑洞节点标签，并承认虫洞不能再被旧层级命名”；若拒绝，“弥散·元认知递归·概率雾证词165的核心危机吞掉本章缓冲，arc-021无法完成门槛封口”会提前发生。,detailed-v4
chapter-0515,515,arc-021,15,误判,暴露角色仍误信的判断方式，让概率雾边界交出第15个可复查证据,一层退相干屏蔽，并承认概率雾不能再被旧层级命名,弥散·元认知递归·递归阶梯证词166的核心危机吞掉本章缓冲，arc-021无法完成门槛封口,为得到“暴露角色仍误信的判断方式，让概率雾边界交出第15个可复查证据”，必须失去“一层退相干屏蔽，并承认概率雾不能再被旧层级命名”；若拒绝，“弥散·元认知递归·递归阶梯证词166的核心危机吞掉本章缓冲，arc-021无法完成门槛封口”会提前发生。,detailed-v4
chapter-0516,516,arc-021,16,失控,把异常限制在可写的物理边界内，让递归阶梯缺级交出第16个可复查证据,一段硅基遗骸解释权，并承认递归阶梯不能再被旧层级命名,弥散·元认知递归·无距之声证词167的核心危机吞掉本章缓冲，arc-021无法完成门槛封口,为得到“把异常限制在可写的物理边界内，让递归阶梯缺级交出第16个可复查证据”，必须失去“一段硅基遗骸解释权，并承认递归阶梯不能再被旧层级命名”；若拒绝，“弥散·元认知递归·无距之声证词167的核心危机吞掉本章缓冲，arc-021无法完成门槛封口”会提前发生。,detailed-v4
chapter-0517,517,arc-021,17,失控,把异常限制在可写的物理边界内，让无距回声面交出第17个可复查证据,一次无距通信假设，并承认无距之声不能再被旧层级命名,弥散·元认知递归·硅的葬礼证词168的核心危机吞掉本章缓冲，arc-021无法完成门槛封口,为得到“把异常限制在可写的物理边界内，让无距回声面交出第17个可复查证据”，必须失去“一次无距通信假设，并承认无距之声不能再被旧层级命名”；若拒绝，“弥散·元认知递归·硅的葬礼证词168的核心危机吞掉本章缓冲，arc-021无法完成门槛封口”会提前发生。,detailed-v4
chapter-0518,518,arc-021,18,失控,把异常限制在可写的物理边界内，让硅基遗骸冷却层交出第18个可复查证据,一枚黑洞节点标签，并承认硅的葬礼不能再被旧层级命名,弥散·元认知递归·信息潮汐证词169的核心危机吞掉本章缓冲，arc-021无法完成门槛封口,为得到“把异常限制在可写的物理边界内，让硅基遗骸冷却层交出第18个可复查证据”，必须失去“一枚黑洞节点标签，并承认硅的葬礼不能再被旧层级命名”；若拒绝，“弥散·元认知递归·信息潮汐证词169的核心危机吞掉本章缓冲，arc-021无法完成门槛封口”会提前发生。,detailed-v4
chapter-0519,519,arc-021,19,失控,把异常限制在可写的物理边界内，让信息潮汐前沿交出第19个可复查证据,一层退相干屏蔽，并承认信息潮汐不能再被旧层级命名,弥散·元认知递归·星系脉搏证词170的核心危机吞掉本章缓冲，arc-021无法完成门槛封口,为得到“把异常限制在可写的物理边界内，让信息潮汐前沿交出第19个可复查证据”，必须失去“一层退相干屏蔽，并承认信息潮汐不能再被旧层级命名”；若拒绝，“弥散·元认知递归·星系脉搏证词170的核心危机吞掉本章缓冲，arc-021无法完成门槛封口”会提前发生。,detailed-v4
chapter-0520,520,arc-021,20,回响,让眷恋线以硬证物返回，让星系脉搏校准区交出第20个可复查证据,一段硅基遗骸解释权，并承认星系脉搏不能再被旧层级命名,弥散·元认知递归·纠缠坠落171的核心危机吞掉本章缓冲，arc-021无法完成门槛封口,为得到“让眷恋线以硬证物返回，让星系脉搏校准区交出第20个可复查证据”，必须失去“一段硅基遗骸解释权，并承认星系脉搏不能再被旧层级命名”；若拒绝，“弥散·元认知递归·纠缠坠落171的核心危机吞掉本章缓冲，arc-021无法完成门槛封口”会提前发生。,detailed-v4
chapter-0521,521,arc-021,21,回响,让眷恋线以硬证物返回，让纠缠线偏角交出第21个可复查证据,一次无距通信假设，并承认纠缠不能再被旧层级命名,弥散·元认知递归·自旋坠落172的核心危机吞掉本章缓冲，arc-021无法完成门槛封口,为得到“让眷恋线以硬证物返回，让纠缠线偏角交出第21个可复查证据”，必须失去“一次无距通信假设，并承认纠缠不能再被旧层级命名”；若拒绝，“弥散·元认知递归·自旋坠落172的核心危机吞掉本章缓冲，arc-021无法完成门槛封口”会提前发生。,detailed-v4
chapter-0522,522,arc-021,22,回响,让眷恋线以硬证物返回，让自旋晶格断面交出第22个可复查证据,一枚黑洞节点标签，并承认自旋不能再被旧层级命名,弥散·元认知递归·黑洞节点坠落173的核心危机吞掉本章缓冲，arc-021无法完成门槛封口,为得到“让眷恋线以硬证物返回，让自旋晶格断面交出第22个可复查证据”，必须失去“一枚黑洞节点标签，并承认自旋不能再被旧层级命名”；若拒绝，“弥散·元认知递归·黑洞节点坠落173的核心危机吞掉本章缓冲，arc-021无法完成门槛封口”会提前发生。,detailed-v4
chapter-0523,523,arc-021,23,门槛,把本组问题交给下一章群而不总结掉，让微型黑洞节点交出第23个可复查证据,一层退相干屏蔽，并承认黑洞节点不能再被旧层级命名,弥散·元认知递归·虫洞坠落174的核心危机吞掉本章缓冲，arc-021无法完成门槛封口,为得到“把本组问题交给下一章群而不总结掉，让微型黑洞节点交出第23个可复查证据”，必须失去“一层退相干屏蔽，并承认黑洞节点不能再被旧层级命名”；若拒绝，“弥散·元认知递归·虫洞坠落174的核心危机吞掉本章缓冲，arc-021无法完成门槛封口”会提前发生。,detailed-v4
chapter-0524,524,arc-021,24,门槛,把本组问题交给下一章群而不总结掉，让虫洞喉部潮汐面交出第24个可复查证据,一段硅基遗骸解释权，并承认虫洞不能再被旧层级命名,弥散·元认知递归·概率雾坠落175的核心危机吞掉本章缓冲，arc-021无法完成门槛封口,为得到“把本组问题交给下一章群而不总结掉，让虫洞喉部潮汐面交出第24个可复查证据”，必须失去“一段硅基遗骸解释权，并承认虫洞不能再被旧层级命名”；若拒绝，“弥散·元认知递归·概率雾坠落175的核心危机吞掉本章缓冲，arc-021无法完成门槛封口”会提前发生。,detailed-v4
chapter-0525,525,arc-021,25,门槛,把本组问题交给下一章群而不总结掉，让概率雾边界交出第25个可复查证据,一次无距通信假设，并承认概率雾不能再被旧层级命名,弥散·元认知递归·递归阶梯坠落176的核心危机吞掉本章缓冲，arc-021无法完成门槛封口,为得到“把本组问题交给下一章群而不总结掉，让概率雾边界交出第25个可复查证据”，必须失去“一次无距通信假设，并承认概率雾不能再被旧层级命名”；若拒绝，“弥散·元认知递归·递归阶梯坠落176的核心危机吞掉本章缓冲，arc-021无法完成门槛封口”会提前发生。,detailed-v4
chapter-0526,526,arc-022,1,起因,确认异常不是孤立事故，让递归阶梯缺级交出第01个可复查证据,一层退相干屏蔽，并承认递归阶梯不能再被旧层级命名,弥散·元认知递归·无距之声坠落177的核心危机吞掉本章缓冲，arc-022无法完成门槛封口,为得到“确认异常不是孤立事故，让递归阶梯缺级交出第01个可复查证据”，必须失去“一层退相干屏蔽，并承认递归阶梯不能再被旧层级命名”；若拒绝，“弥散·元认知递归·无距之声坠落177的核心危机吞掉本章缓冲，arc-022无法完成门槛封口”会提前发生。,detailed-v4
chapter-0527,527,arc-022,2,起因,确认异常不是孤立事故，让无距回声面交出第02个可复查证据,一段硅基遗骸解释权，并承认无距之声不能再被旧层级命名,弥散·元认知递归·硅的葬礼坠落178的核心危机吞掉本章缓冲，arc-022无法完成门槛封口,为得到“确认异常不是孤立事故，让无距回声面交出第02个可复查证据”，必须失去“一段硅基遗骸解释权，并承认无距之声不能再被旧层级命名”；若拒绝，“弥散·元认知递归·硅的葬礼坠落178的核心危机吞掉本章缓冲，arc-022无法完成门槛封口”会提前发生。,detailed-v4
chapter-0528,528,arc-022,3,起因,确认异常不是孤立事故，让硅基遗骸冷却层交出第03个可复查证据,一次无距通信假设，并承认硅的葬礼不能再被旧层级命名,弥散·元认知递归·信息潮汐坠落179的核心危机吞掉本章缓冲，arc-022无法完成门槛封口,为得到“确认异常不是孤立事故，让硅基遗骸冷却层交出第03个可复查证据”，必须失去“一次无距通信假设，并承认硅的葬礼不能再被旧层级命名”；若拒绝，“弥散·元认知递归·信息潮汐坠落179的核心危机吞掉本章缓冲，arc-022无法完成门槛封口”会提前发生。,detailed-v4
chapter-0529,529,arc-022,4,起因,确认异常不是孤立事故，让信息潮汐前沿交出第04个可复查证据,一枚黑洞节点标签，并承认信息潮汐不能再被旧层级命名,弥散·元认知递归·星系脉搏坠落180的核心危机吞掉本章缓冲，arc-022无法完成门槛封口,为得到“确认异常不是孤立事故，让信息潮汐前沿交出第04个可复查证据”，必须失去“一枚黑洞节点标签，并承认信息潮汐不能再被旧层级命名”；若拒绝，“弥散·元认知递归·星系脉搏坠落180的核心危机吞掉本章缓冲，arc-022无法完成门槛封口”会提前发生。,detailed-v4
chapter-0530,530,arc-022,5,反证,推翻旧模型仍可解释一切的假设，让星系脉搏校准区交出第05个可复查证据,一层退相干屏蔽，并承认星系脉搏不能再被旧层级命名,弥散·元认知递归·纠缠重构181的核心危机吞掉本章缓冲，arc-022无法完成门槛封口,为得到“推翻旧模型仍可解释一切的假设，让星系脉搏校准区交出第05个可复查证据”，必须失去“一层退相干屏蔽，并承认星系脉搏不能再被旧层级命名”；若拒绝，“弥散·元认知递归·纠缠重构181的核心危机吞掉本章缓冲，arc-022无法完成门槛封口”会提前发生。,detailed-v4
chapter-0531,531,arc-022,6,反证,推翻旧模型仍可解释一切的假设，让纠缠重构的局部截面交出第06个可复查证据,一段硅基遗骸解释权，并承认纠缠重构不能再被旧层级命名,弥散·元认知递归·自旋重构182的核心危机吞掉本章缓冲，arc-022无法完成门槛封口,为得到“推翻旧模型仍可解释一切的假设，让纠缠重构的局部截面交出第06个可复查证据”，必须失去“一段硅基遗骸解释权，并承认纠缠重构不能再被旧层级命名”；若拒绝，“弥散·元认知递归·自旋重构182的核心危机吞掉本章缓冲，arc-022无法完成门槛封口”会提前发生。,detailed-v4
chapter-0532,532,arc-022,7,反证,推翻旧模型仍可解释一切的假设，让自旋重构的局部截面交出第07个可复查证据,一次无距通信假设，并承认自旋重构不能再被旧层级命名,弥散·元认知递归·黑洞节点重构183的核心危机吞掉本章缓冲，arc-022无法完成门槛封口,为得到“推翻旧模型仍可解释一切的假设，让自旋重构的局部截面交出第07个可复查证据”，必须失去“一次无距通信假设，并承认自旋重构不能再被旧层级命名”；若拒绝，“弥散·元认知递归·黑洞节点重构183的核心危机吞掉本章缓冲，arc-022无法完成门槛封口”会提前发生。,detailed-v4
chapter-0533,533,arc-022,8,反证,推翻旧模型仍可解释一切的假设，让黑洞节点重构的局部截面交出第08个可复查证据,一枚黑洞节点标签，并承认黑洞节点重构不能再被旧层级命名,弥散·元认知递归·虫洞重构184的核心危机吞掉本章缓冲，arc-022无法完成门槛封口,为得到“推翻旧模型仍可解释一切的假设，让黑洞节点重构的局部截面交出第08个可复查证据”，必须失去“一枚黑洞节点标签，并承认黑洞节点重构不能再被旧层级命名”；若拒绝，“弥散·元认知递归·虫洞重构184的核心危机吞掉本章缓冲，arc-022无法完成门槛封口”会提前发生。,detailed-v4
chapter-0534,534,arc-022,9,代价,换取一次继续观测的资格，让虫洞重构的局部截面交出第09个可复查证据,一层退相干屏蔽，并承认虫洞重构不能再被旧层级命名,弥散·元认知递归·概率雾重构185的核心危机吞掉本章缓冲，arc-022无法完成门槛封口,为得到“换取一次继续观测的资格，让虫洞重构的局部截面交出第09个可复查证据”，必须失去“一层退相干屏蔽，并承认虫洞重构不能再被旧层级命名”；若拒绝，“弥散·元认知递归·概率雾重构185的核心危机吞掉本章缓冲，arc-022无法完成门槛封口”会提前发生。,detailed-v4
chapter-0535,535,arc-022,10,代价,换取一次继续观测的资格，让概率雾重构的局部截面交出第10个可复查证据,一段硅基遗骸解释权，并承认概率雾重构不能再被旧层级命名,弥散·元认知递归·递归阶梯重构186的核心危机吞掉本章缓冲，arc-022无法完成门槛封口,为得到“换取一次继续观测的资格，让概率雾重构的局部截面交出第10个可复查证据”，必须失去“一段硅基遗骸解释权，并承认概率雾重构不能再被旧层级命名”；若拒绝，“弥散·元认知递归·递归阶梯重构186的核心危机吞掉本章缓冲，arc-022无法完成门槛封口”会提前发生。,detailed-v4
chapter-0536,536,arc-022,11,代价,换取一次继续观测的资格，让递归阶梯重构的局部截面交出第11个可复查证据,一次无距通信假设，并承认递归阶梯重构不能再被旧层级命名,弥散·元认知递归·无距之声重构187的核心危机吞掉本章缓冲，arc-022无法完成门槛封口,为得到“换取一次继续观测的资格，让递归阶梯重构的局部截面交出第11个可复查证据”，必须失去“一次无距通信假设，并承认递归阶梯重构不能再被旧层级命名”；若拒绝，“弥散·元认知递归·无距之声重构187的核心危机吞掉本章缓冲，arc-022无法完成门槛封口”会提前发生。,detailed-v4
chapter-0537,537,arc-022,12,误判,暴露角色仍误信的判断方式，让无距之声重构的局部截面交出第12个可复查证据,一枚黑洞节点标签，并承认无距之声重构不能再被旧层级命名,弥散·元认知递归·硅的葬礼重构188的核心危机吞掉本章缓冲，arc-022无法完成门槛封口,为得到“暴露角色仍误信的判断方式，让无距之声重构的局部截面交出第12个可复查证据”，必须失去“一枚黑洞节点标签，并承认无距之声重构不能再被旧层级命名”；若拒绝，“弥散·元认知递归·硅的葬礼重构188的核心危机吞掉本章缓冲，arc-022无法完成门槛封口”会提前发生。,detailed-v4
chapter-0538,538,arc-022,13,误判,暴露角色仍误信的判断方式，让硅的葬礼重构的局部截面交出第13个可复查证据,一层退相干屏蔽，并承认硅的葬礼重构不能再被旧层级命名,弥散·元认知递归·信息潮汐重构189的核心危机吞掉本章缓冲，arc-022无法完成门槛封口,为得到“暴露角色仍误信的判断方式，让硅的葬礼重构的局部截面交出第13个可复查证据”，必须失去“一层退相干屏蔽，并承认硅的葬礼重构不能再被旧层级命名”；若拒绝，“弥散·元认知递归·信息潮汐重构189的核心危机吞掉本章缓冲，arc-022无法完成门槛封口”会提前发生。,detailed-v4
chapter-0539,539,arc-022,14,误判,暴露角色仍误信的判断方式，让信息潮汐重构的局部截面交出第14个可复查证据,一段硅基遗骸解释权，并承认信息潮汐重构不能再被旧层级命名,弥散·元认知递归·星系脉搏重构190的核心危机吞掉本章缓冲，arc-022无法完成门槛封口,为得到“暴露角色仍误信的判断方式，让信息潮汐重构的局部截面交出第14个可复查证据”，必须失去“一段硅基遗骸解释权，并承认信息潮汐重构不能再被旧层级命名”；若拒绝，“弥散·元认知递归·星系脉搏重构190的核心危机吞掉本章缓冲，arc-022无法完成门槛封口”会提前发生。,detailed-v4
chapter-0540,540,arc-022,15,误判,暴露角色仍误信的判断方式，让星系脉搏重构的局部截面交出第15个可复查证据,一次无距通信假设，并承认星系脉搏重构不能再被旧层级命名,弥散·元认知递归·纠缠余震191的核心危机吞掉本章缓冲，arc-022无法完成门槛封口,为得到“暴露角色仍误信的判断方式，让星系脉搏重构的局部截面交出第15个可复查证据”，必须失去“一次无距通信假设，并承认星系脉搏重构不能再被旧层级命名”；若拒绝，“弥散·元认知递归·纠缠余震191的核心危机吞掉本章缓冲，arc-022无法完成门槛封口”会提前发生。,detailed-v4
chapter-0541,541,arc-022,16,失控,把异常限制在可写的物理边界内，让纠缠线偏角交出第16个可复查证据,一枚黑洞节点标签，并承认纠缠不能再被旧层级命名,弥散·元认知递归·自旋余震192的核心危机吞掉本章缓冲，arc-022无法完成门槛封口,为得到“把异常限制在可写的物理边界内，让纠缠线偏角交出第16个可复查证据”，必须失去“一枚黑洞节点标签，并承认纠缠不能再被旧层级命名”；若拒绝，“弥散·元认知递归·自旋余震192的核心危机吞掉本章缓冲，arc-022无法完成门槛封口”会提前发生。,detailed-v4
chapter-0542,542,arc-022,17,失控,把异常限制在可写的物理边界内，让自旋晶格断面交出第17个可复查证据,一层退相干屏蔽，并承认自旋不能再被旧层级命名,弥散·元认知递归·黑洞节点余震193的核心危机吞掉本章缓冲，arc-022无法完成门槛封口,为得到“把异常限制在可写的物理边界内，让自旋晶格断面交出第17个可复查证据”，必须失去“一层退相干屏蔽，并承认自旋不能再被旧层级命名”；若拒绝，“弥散·元认知递归·黑洞节点余震193的核心危机吞掉本章缓冲，arc-022无法完成门槛封口”会提前发生。,detailed-v4
chapter-0543,543,arc-022,18,失控,把异常限制在可写的物理边界内，让微型黑洞节点交出第18个可复查证据,一段硅基遗骸解释权，并承认黑洞节点不能再被旧层级命名,弥散·元认知递归·虫洞余震194的核心危机吞掉本章缓冲，arc-022无法完成门槛封口,为得到“把异常限制在可写的物理边界内，让微型黑洞节点交出第18个可复查证据”，必须失去“一段硅基遗骸解释权，并承认黑洞节点不能再被旧层级命名”；若拒绝，“弥散·元认知递归·虫洞余震194的核心危机吞掉本章缓冲，arc-022无法完成门槛封口”会提前发生。,detailed-v4
chapter-0544,544,arc-022,19,失控,把异常限制在可写的物理边界内，让虫洞喉部潮汐面交出第19个可复查证据,一次无距通信假设，并承认虫洞不能再被旧层级命名,弥散·元认知递归·概率雾余震195的核心危机吞掉本章缓冲，arc-022无法完成门槛封口,为得到“把异常限制在可写的物理边界内，让虫洞喉部潮汐面交出第19个可复查证据”，必须失去“一次无距通信假设，并承认虫洞不能再被旧层级命名”；若拒绝，“弥散·元认知递归·概率雾余震195的核心危机吞掉本章缓冲，arc-022无法完成门槛封口”会提前发生。,detailed-v4
chapter-0545,545,arc-022,20,回响,让眷恋线以硬证物返回，让概率雾边界交出第20个可复查证据,一枚黑洞节点标签，并承认概率雾不能再被旧层级命名,弥散·元认知递归·递归阶梯余震196的核心危机吞掉本章缓冲，arc-022无法完成门槛封口,为得到“让眷恋线以硬证物返回，让概率雾边界交出第20个可复查证据”，必须失去“一枚黑洞节点标签，并承认概率雾不能再被旧层级命名”；若拒绝，“弥散·元认知递归·递归阶梯余震196的核心危机吞掉本章缓冲，arc-022无法完成门槛封口”会提前发生。,detailed-v4
chapter-0546,546,arc-022,21,回响,让眷恋线以硬证物返回，让递归阶梯缺级交出第21个可复查证据,一层退相干屏蔽，并承认递归阶梯不能再被旧层级命名,弥散·元认知递归·无距之声余震197的核心危机吞掉本章缓冲，arc-022无法完成门槛封口,为得到“让眷恋线以硬证物返回，让递归阶梯缺级交出第21个可复查证据”，必须失去“一层退相干屏蔽，并承认递归阶梯不能再被旧层级命名”；若拒绝，“弥散·元认知递归·无距之声余震197的核心危机吞掉本章缓冲，arc-022无法完成门槛封口”会提前发生。,detailed-v4
chapter-0547,547,arc-022,22,回响,让眷恋线以硬证物返回，让无距回声面交出第22个可复查证据,一段硅基遗骸解释权，并承认无距之声不能再被旧层级命名,弥散·元认知递归·硅的葬礼余震198的核心危机吞掉本章缓冲，arc-022无法完成门槛封口,为得到“让眷恋线以硬证物返回，让无距回声面交出第22个可复查证据”，必须失去“一段硅基遗骸解释权，并承认无距之声不能再被旧层级命名”；若拒绝，“弥散·元认知递归·硅的葬礼余震198的核心危机吞掉本章缓冲，arc-022无法完成门槛封口”会提前发生。,detailed-v4
chapter-0548,548,arc-022,23,门槛,把本组问题交给下一章群而不总结掉，让硅基遗骸冷却层交出第23个可复查证据,一次无距通信假设，并承认硅的葬礼不能再被旧层级命名,弥散·元认知递归·信息潮汐余震199的核心危机吞掉本章缓冲，arc-022无法完成门槛封口,为得到“把本组问题交给下一章群而不总结掉，让硅基遗骸冷却层交出第23个可复查证据”，必须失去“一次无距通信假设，并承认硅的葬礼不能再被旧层级命名”；若拒绝，“弥散·元认知递归·信息潮汐余震199的核心危机吞掉本章缓冲，arc-022无法完成门槛封口”会提前发生。,detailed-v4
chapter-0549,549,arc-022,24,门槛,把本组问题交给下一章群而不总结掉，让信息潮汐前沿交出第24个可复查证据,一枚黑洞节点标签，并承认信息潮汐不能再被旧层级命名,弥散·元认知递归·星系脉搏余震200的核心危机吞掉本章缓冲，arc-022无法完成门槛封口,为得到“把本组问题交给下一章群而不总结掉，让信息潮汐前沿交出第24个可复查证据”，必须失去“一枚黑洞节点标签，并承认信息潮汐不能再被旧层级命名”；若拒绝，“弥散·元认知递归·星系脉搏余震200的核心危机吞掉本章缓冲，arc-022无法完成门槛封口”会提前发生。,detailed-v4
chapter-0550,550,arc-022,25,门槛,把本组问题交给下一章群而不总结掉，让星系脉搏校准区交出第25个可复查证据,一层退相干屏蔽，并承认星系脉搏不能再被旧层级命名,弥散·元认知递归·纠缠初醒201的核心危机吞掉本章缓冲，arc-022无法完成门槛封口,为得到“把本组问题交给下一章群而不总结掉，让星系脉搏校准区交出第25个可复查证据”，必须失去“一层退相干屏蔽，并承认星系脉搏不能再被旧层级命名”；若拒绝，“弥散·元认知递归·纠缠初醒201的核心危机吞掉本章缓冲，arc-022无法完成门槛封口”会提前发生。,detailed-v4
chapter-0551,551,arc-023,1,起因,确认异常不是孤立事故，让纠缠线偏角交出第01个可复查证据,一次无距通信假设，并承认纠缠不能再被旧层级命名,弥散·元认知递归·自旋初醒202的核心危机吞掉本章缓冲，arc-023无法完成门槛封口,为得到“确认异常不是孤立事故，让纠缠线偏角交出第01个可复查证据”，必须失去“一次无距通信假设，并承认纠缠不能再被旧层级命名”；若拒绝，“弥散·元认知递归·自旋初醒202的核心危机吞掉本章缓冲，arc-023无法完成门槛封口”会提前发生。,detailed-v4
chapter-0552,552,arc-023,2,起因,确认异常不是孤立事故，让自旋晶格断面交出第02个可复查证据,一枚黑洞节点标签，并承认自旋不能再被旧层级命名,弥散·元认知递归·黑洞节点初醒203的核心危机吞掉本章缓冲，arc-023无法完成门槛封口,为得到“确认异常不是孤立事故，让自旋晶格断面交出第02个可复查证据”，必须失去“一枚黑洞节点标签，并承认自旋不能再被旧层级命名”；若拒绝，“弥散·元认知递归·黑洞节点初醒203的核心危机吞掉本章缓冲，arc-023无法完成门槛封口”会提前发生。,detailed-v4
chapter-0553,553,arc-023,3,起因,确认异常不是孤立事故，让微型黑洞节点交出第03个可复查证据,一层退相干屏蔽，并承认黑洞节点不能再被旧层级命名,弥散·元认知递归·虫洞初醒204的核心危机吞掉本章缓冲，arc-023无法完成门槛封口,为得到“确认异常不是孤立事故，让微型黑洞节点交出第03个可复查证据”，必须失去“一层退相干屏蔽，并承认黑洞节点不能再被旧层级命名”；若拒绝，“弥散·元认知递归·虫洞初醒204的核心危机吞掉本章缓冲，arc-023无法完成门槛封口”会提前发生。,detailed-v4
chapter-0554,554,arc-023,4,起因,确认异常不是孤立事故，让虫洞喉部潮汐面交出第04个可复查证据,一段硅基遗骸解释权，并承认虫洞不能再被旧层级命名,弥散·元认知递归·概率雾初醒205的核心危机吞掉本章缓冲，arc-023无法完成门槛封口,为得到“确认异常不是孤立事故，让虫洞喉部潮汐面交出第04个可复查证据”，必须失去“一段硅基遗骸解释权，并承认虫洞不能再被旧层级命名”；若拒绝，“弥散·元认知递归·概率雾初醒205的核心危机吞掉本章缓冲，arc-023无法完成门槛封口”会提前发生。,detailed-v4
chapter-0555,555,arc-023,5,反证,推翻旧模型仍可解释一切的假设，让概率雾边界交出第05个可复查证据,一次无距通信假设，并承认概率雾不能再被旧层级命名,弥散·元认知递归·递归阶梯初醒206的核心危机吞掉本章缓冲，arc-023无法完成门槛封口,为得到“推翻旧模型仍可解释一切的假设，让概率雾边界交出第05个可复查证据”，必须失去“一次无距通信假设，并承认概率雾不能再被旧层级命名”；若拒绝，“弥散·元认知递归·递归阶梯初醒206的核心危机吞掉本章缓冲，arc-023无法完成门槛封口”会提前发生。,detailed-v4
chapter-0556,556,arc-023,6,反证,推翻旧模型仍可解释一切的假设，让递归阶梯缺级交出第06个可复查证据,一枚黑洞节点标签，并承认递归阶梯不能再被旧层级命名,弥散·元认知递归·无距之声初醒207的核心危机吞掉本章缓冲，arc-023无法完成门槛封口,为得到“推翻旧模型仍可解释一切的假设，让递归阶梯缺级交出第06个可复查证据”，必须失去“一枚黑洞节点标签，并承认递归阶梯不能再被旧层级命名”；若拒绝，“弥散·元认知递归·无距之声初醒207的核心危机吞掉本章缓冲，arc-023无法完成门槛封口”会提前发生。,detailed-v4
chapter-0557,557,arc-023,7,反证,推翻旧模型仍可解释一切的假设，让无距回声面交出第07个可复查证据,一层退相干屏蔽，并承认无距之声不能再被旧层级命名,弥散·元认知递归·硅的葬礼初醒208的核心危机吞掉本章缓冲，arc-023无法完成门槛封口,为得到“推翻旧模型仍可解释一切的假设，让无距回声面交出第07个可复查证据”，必须失去“一层退相干屏蔽，并承认无距之声不能再被旧层级命名”；若拒绝，“弥散·元认知递归·硅的葬礼初醒208的核心危机吞掉本章缓冲，arc-023无法完成门槛封口”会提前发生。,detailed-v4
chapter-0558,558,arc-023,8,反证,推翻旧模型仍可解释一切的假设，让硅基遗骸冷却层交出第08个可复查证据,一段硅基遗骸解释权，并承认硅的葬礼不能再被旧层级命名,弥散·元认知递归·信息潮汐初醒209的核心危机吞掉本章缓冲，arc-023无法完成门槛封口,为得到“推翻旧模型仍可解释一切的假设，让硅基遗骸冷却层交出第08个可复查证据”，必须失去“一段硅基遗骸解释权，并承认硅的葬礼不能再被旧层级命名”；若拒绝，“弥散·元认知递归·信息潮汐初醒209的核心危机吞掉本章缓冲，arc-023无法完成门槛封口”会提前发生。,detailed-v4
chapter-0559,559,arc-023,9,代价,换取一次继续观测的资格，让信息潮汐前沿交出第09个可复查证据,一次无距通信假设，并承认信息潮汐不能再被旧层级命名,弥散·元认知递归·星系脉搏初醒210的核心危机吞掉本章缓冲，arc-023无法完成门槛封口,为得到“换取一次继续观测的资格，让信息潮汐前沿交出第09个可复查证据”，必须失去“一次无距通信假设，并承认信息潮汐不能再被旧层级命名”；若拒绝，“弥散·元认知递归·星系脉搏初醒210的核心危机吞掉本章缓冲，arc-023无法完成门槛封口”会提前发生。,detailed-v4
chapter-0560,560,arc-023,10,代价,换取一次继续观测的资格，让星系脉搏校准区交出第10个可复查证据,一枚黑洞节点标签，并承认星系脉搏不能再被旧层级命名,弥散·元认知递归·纠缠裂响211的核心危机吞掉本章缓冲，arc-023无法完成门槛封口,为得到“换取一次继续观测的资格，让星系脉搏校准区交出第10个可复查证据”，必须失去“一枚黑洞节点标签，并承认星系脉搏不能再被旧层级命名”；若拒绝，“弥散·元认知递归·纠缠裂响211的核心危机吞掉本章缓冲，arc-023无法完成门槛封口”会提前发生。,detailed-v4
chapter-0561,561,arc-023,11,代价,换取一次继续观测的资格，让纠缠线偏角交出第11个可复查证据,一层退相干屏蔽，并承认纠缠不能再被旧层级命名,弥散·元认知递归·自旋裂响212的核心危机吞掉本章缓冲，arc-023无法完成门槛封口,为得到“换取一次继续观测的资格，让纠缠线偏角交出第11个可复查证据”，必须失去“一层退相干屏蔽，并承认纠缠不能再被旧层级命名”；若拒绝，“弥散·元认知递归·自旋裂响212的核心危机吞掉本章缓冲，arc-023无法完成门槛封口”会提前发生。,detailed-v4
chapter-0562,562,arc-023,12,误判,暴露角色仍误信的判断方式，让自旋晶格断面交出第12个可复查证据,一段硅基遗骸解释权，并承认自旋不能再被旧层级命名,弥散·元认知递归·黑洞节点裂响213的核心危机吞掉本章缓冲，arc-023无法完成门槛封口,为得到“暴露角色仍误信的判断方式，让自旋晶格断面交出第12个可复查证据”，必须失去“一段硅基遗骸解释权，并承认自旋不能再被旧层级命名”；若拒绝，“弥散·元认知递归·黑洞节点裂响213的核心危机吞掉本章缓冲，arc-023无法完成门槛封口”会提前发生。,detailed-v4
chapter-0563,563,arc-023,13,误判,暴露角色仍误信的判断方式，让微型黑洞节点交出第13个可复查证据,一次无距通信假设，并承认黑洞节点不能再被旧层级命名,弥散·元认知递归·虫洞裂响214的核心危机吞掉本章缓冲，arc-023无法完成门槛封口,为得到“暴露角色仍误信的判断方式，让微型黑洞节点交出第13个可复查证据”，必须失去“一次无距通信假设，并承认黑洞节点不能再被旧层级命名”；若拒绝，“弥散·元认知递归·虫洞裂响214的核心危机吞掉本章缓冲，arc-023无法完成门槛封口”会提前发生。,detailed-v4
chapter-0564,564,arc-023,14,误判,暴露角色仍误信的判断方式，让虫洞喉部潮汐面交出第14个可复查证据,一枚黑洞节点标签，并承认虫洞不能再被旧层级命名,弥散·元认知递归·概率雾裂响215的核心危机吞掉本章缓冲，arc-023无法完成门槛封口,为得到“暴露角色仍误信的判断方式，让虫洞喉部潮汐面交出第14个可复查证据”，必须失去“一枚黑洞节点标签，并承认虫洞不能再被旧层级命名”；若拒绝，“弥散·元认知递归·概率雾裂响215的核心危机吞掉本章缓冲，arc-023无法完成门槛封口”会提前发生。,detailed-v4
chapter-0565,565,arc-023,15,误判,暴露角色仍误信的判断方式，让概率雾边界交出第15个可复查证据,一层退相干屏蔽，并承认概率雾不能再被旧层级命名,弥散·元认知递归·递归阶梯裂响216的核心危机吞掉本章缓冲，arc-023无法完成门槛封口,为得到“暴露角色仍误信的判断方式，让概率雾边界交出第15个可复查证据”，必须失去“一层退相干屏蔽，并承认概率雾不能再被旧层级命名”；若拒绝，“弥散·元认知递归·递归阶梯裂响216的核心危机吞掉本章缓冲，arc-023无法完成门槛封口”会提前发生。,detailed-v4
chapter-0566,566,arc-023,16,失控,把异常限制在可写的物理边界内，让递归阶梯缺级交出第16个可复查证据,一段硅基遗骸解释权，并承认递归阶梯不能再被旧层级命名,弥散·元认知递归·无距之声裂响217的核心危机吞掉本章缓冲，arc-023无法完成门槛封口,为得到“把异常限制在可写的物理边界内，让递归阶梯缺级交出第16个可复查证据”，必须失去“一段硅基遗骸解释权，并承认递归阶梯不能再被旧层级命名”；若拒绝，“弥散·元认知递归·无距之声裂响217的核心危机吞掉本章缓冲，arc-023无法完成门槛封口”会提前发生。,detailed-v4
chapter-0567,567,arc-023,17,失控,把异常限制在可写的物理边界内，让无距回声面交出第17个可复查证据,一次无距通信假设，并承认无距之声不能再被旧层级命名,弥散·元认知递归·硅的葬礼裂响218的核心危机吞掉本章缓冲，arc-023无法完成门槛封口,为得到“把异常限制在可写的物理边界内，让无距回声面交出第17个可复查证据”，必须失去“一次无距通信假设，并承认无距之声不能再被旧层级命名”；若拒绝，“弥散·元认知递归·硅的葬礼裂响218的核心危机吞掉本章缓冲，arc-023无法完成门槛封口”会提前发生。,detailed-v4
chapter-0568,568,arc-023,18,失控,把异常限制在可写的物理边界内，让硅基遗骸冷却层交出第18个可复查证据,一枚黑洞节点标签，并承认硅的葬礼不能再被旧层级命名,弥散·元认知递归·信息潮汐裂响219的核心危机吞掉本章缓冲，arc-023无法完成门槛封口,为得到“把异常限制在可写的物理边界内，让硅基遗骸冷却层交出第18个可复查证据”，必须失去“一枚黑洞节点标签，并承认硅的葬礼不能再被旧层级命名”；若拒绝，“弥散·元认知递归·信息潮汐裂响219的核心危机吞掉本章缓冲，arc-023无法完成门槛封口”会提前发生。,detailed-v4
chapter-0569,569,arc-023,19,失控,把异常限制在可写的物理边界内，让信息潮汐前沿交出第19个可复查证据,一层退相干屏蔽，并承认信息潮汐不能再被旧层级命名,弥散·元认知递归·星系脉搏裂响220的核心危机吞掉本章缓冲，arc-023无法完成门槛封口,为得到“把异常限制在可写的物理边界内，让信息潮汐前沿交出第19个可复查证据”，必须失去“一层退相干屏蔽，并承认信息潮汐不能再被旧层级命名”；若拒绝，“弥散·元认知递归·星系脉搏裂响220的核心危机吞掉本章缓冲，arc-023无法完成门槛封口”会提前发生。,detailed-v4
chapter-0570,570,arc-023,20,回响,让眷恋线以硬证物返回，让星系脉搏校准区交出第20个可复查证据,一段硅基遗骸解释权，并承认星系脉搏不能再被旧层级命名,弥散·元认知递归·纠缠低语221的核心危机吞掉本章缓冲，arc-023无法完成门槛封口,为得到“让眷恋线以硬证物返回，让星系脉搏校准区交出第20个可复查证据”，必须失去“一段硅基遗骸解释权，并承认星系脉搏不能再被旧层级命名”；若拒绝，“弥散·元认知递归·纠缠低语221的核心危机吞掉本章缓冲，arc-023无法完成门槛封口”会提前发生。,detailed-v4
chapter-0571,571,arc-023,21,回响,让眷恋线以硬证物返回，让纠缠线偏角交出第21个可复查证据,一次无距通信假设，并承认纠缠不能再被旧层级命名,弥散·元认知递归·自旋低语222的核心危机吞掉本章缓冲，arc-023无法完成门槛封口,为得到“让眷恋线以硬证物返回，让纠缠线偏角交出第21个可复查证据”，必须失去“一次无距通信假设，并承认纠缠不能再被旧层级命名”；若拒绝，“弥散·元认知递归·自旋低语222的核心危机吞掉本章缓冲，arc-023无法完成门槛封口”会提前发生。,detailed-v4
chapter-0572,572,arc-023,22,回响,让眷恋线以硬证物返回，让自旋晶格断面交出第22个可复查证据,一枚黑洞节点标签，并承认自旋不能再被旧层级命名,弥散·元认知递归·黑洞节点低语223的核心危机吞掉本章缓冲，arc-023无法完成门槛封口,为得到“让眷恋线以硬证物返回，让自旋晶格断面交出第22个可复查证据”，必须失去“一枚黑洞节点标签，并承认自旋不能再被旧层级命名”；若拒绝，“弥散·元认知递归·黑洞节点低语223的核心危机吞掉本章缓冲，arc-023无法完成门槛封口”会提前发生。,detailed-v4
chapter-0573,573,arc-023,23,门槛,把本组问题交给下一章群而不总结掉，让微型黑洞节点交出第23个可复查证据,一层退相干屏蔽，并承认黑洞节点不能再被旧层级命名,弥散·元认知递归·虫洞低语224的核心危机吞掉本章缓冲，arc-023无法完成门槛封口,为得到“把本组问题交给下一章群而不总结掉，让微型黑洞节点交出第23个可复查证据”，必须失去“一层退相干屏蔽，并承认黑洞节点不能再被旧层级命名”；若拒绝，“弥散·元认知递归·虫洞低语224的核心危机吞掉本章缓冲，arc-023无法完成门槛封口”会提前发生。,detailed-v4
chapter-0574,574,arc-023,24,门槛,把本组问题交给下一章群而不总结掉，让虫洞喉部潮汐面交出第24个可复查证据,一段硅基遗骸解释权，并承认虫洞不能再被旧层级命名,弥散·元认知递归·概率雾低语225的核心危机吞掉本章缓冲，arc-023无法完成门槛封口,为得到“把本组问题交给下一章群而不总结掉，让虫洞喉部潮汐面交出第24个可复查证据”，必须失去“一段硅基遗骸解释权，并承认虫洞不能再被旧层级命名”；若拒绝，“弥散·元认知递归·概率雾低语225的核心危机吞掉本章缓冲，arc-023无法完成门槛封口”会提前发生。,detailed-v4
chapter-0575,575,arc-023,25,门槛,把本组问题交给下一章群而不总结掉，让概率雾边界交出第25个可复查证据,一次无距通信假设，并承认概率雾不能再被旧层级命名,弥散·虚无与窥时·递归阶梯低语226的核心危机吞掉本章缓冲，arc-023无法完成门槛封口,为得到“把本组问题交给下一章群而不总结掉，让概率雾边界交出第25个可复查证据”，必须失去“一次无距通信假设，并承认概率雾不能再被旧层级命名”；若拒绝，“弥散·虚无与窥时·递归阶梯低语226的核心危机吞掉本章缓冲，arc-023无法完成门槛封口”会提前发生。,detailed-v4
chapter-0576,576,arc-024,1,起因,确认异常不是孤立事故，让递归阶梯缺级交出第01个可复查证据,一层退相干屏蔽，并承认递归阶梯不能再被旧层级命名,弥散·虚无与窥时·无距之声低语227的核心危机吞掉本章缓冲，arc-024无法完成门槛封口,为得到“确认异常不是孤立事故，让递归阶梯缺级交出第01个可复查证据”，必须失去“一层退相干屏蔽，并承认递归阶梯不能再被旧层级命名”；若拒绝，“弥散·虚无与窥时·无距之声低语227的核心危机吞掉本章缓冲，arc-024无法完成门槛封口”会提前发生。,detailed-v4
chapter-0577,577,arc-024,2,起因,确认异常不是孤立事故，让无距回声面交出第02个可复查证据,一段硅基遗骸解释权，并承认无距之声不能再被旧层级命名,弥散·虚无与窥时·硅的葬礼低语228的核心危机吞掉本章缓冲，arc-024无法完成门槛封口,为得到“确认异常不是孤立事故，让无距回声面交出第02个可复查证据”，必须失去“一段硅基遗骸解释权，并承认无距之声不能再被旧层级命名”；若拒绝，“弥散·虚无与窥时·硅的葬礼低语228的核心危机吞掉本章缓冲，arc-024无法完成门槛封口”会提前发生。,detailed-v4
chapter-0578,578,arc-024,3,起因,确认异常不是孤立事故，让硅基遗骸冷却层交出第03个可复查证据,一次无距通信假设，并承认硅的葬礼不能再被旧层级命名,弥散·虚无与窥时·信息潮汐低语229的核心危机吞掉本章缓冲，arc-024无法完成门槛封口,为得到“确认异常不是孤立事故，让硅基遗骸冷却层交出第03个可复查证据”，必须失去“一次无距通信假设，并承认硅的葬礼不能再被旧层级命名”；若拒绝，“弥散·虚无与窥时·信息潮汐低语229的核心危机吞掉本章缓冲，arc-024无法完成门槛封口”会提前发生。,detailed-v4
chapter-0579,579,arc-024,4,起因,确认异常不是孤立事故，让信息潮汐前沿交出第04个可复查证据,一枚黑洞节点标签，并承认信息潮汐不能再被旧层级命名,弥散·虚无与窥时·星系脉搏低语230的核心危机吞掉本章缓冲，arc-024无法完成门槛封口,为得到“确认异常不是孤立事故，让信息潮汐前沿交出第04个可复查证据”，必须失去“一枚黑洞节点标签，并承认信息潮汐不能再被旧层级命名”；若拒绝，“弥散·虚无与窥时·星系脉搏低语230的核心危机吞掉本章缓冲，arc-024无法完成门槛封口”会提前发生。,detailed-v4
chapter-0580,580,arc-024,5,反证,推翻旧模型仍可解释一切的假设，让星系脉搏校准区交出第05个可复查证据,一层退相干屏蔽，并承认星系脉搏不能再被旧层级命名,弥散·虚无与窥时·纠缠回潮231的核心危机吞掉本章缓冲，arc-024无法完成门槛封口,为得到“推翻旧模型仍可解释一切的假设，让星系脉搏校准区交出第05个可复查证据”，必须失去“一层退相干屏蔽，并承认星系脉搏不能再被旧层级命名”；若拒绝，“弥散·虚无与窥时·纠缠回潮231的核心危机吞掉本章缓冲，arc-024无法完成门槛封口”会提前发生。,detailed-v4
chapter-0581,581,arc-024,6,反证,推翻旧模型仍可解释一切的假设，让纠缠线偏角交出第06个可复查证据,一段硅基遗骸解释权，并承认纠缠不能再被旧层级命名,弥散·虚无与窥时·自旋回潮232的核心危机吞掉本章缓冲，arc-024无法完成门槛封口,为得到“推翻旧模型仍可解释一切的假设，让纠缠线偏角交出第06个可复查证据”，必须失去“一段硅基遗骸解释权，并承认纠缠不能再被旧层级命名”；若拒绝，“弥散·虚无与窥时·自旋回潮232的核心危机吞掉本章缓冲，arc-024无法完成门槛封口”会提前发生。,detailed-v4
chapter-0582,582,arc-024,7,反证,推翻旧模型仍可解释一切的假设，让自旋晶格断面交出第07个可复查证据,一次无距通信假设，并承认自旋不能再被旧层级命名,弥散·虚无与窥时·黑洞节点回潮233的核心危机吞掉本章缓冲，arc-024无法完成门槛封口,为得到“推翻旧模型仍可解释一切的假设，让自旋晶格断面交出第07个可复查证据”，必须失去“一次无距通信假设，并承认自旋不能再被旧层级命名”；若拒绝，“弥散·虚无与窥时·黑洞节点回潮233的核心危机吞掉本章缓冲，arc-024无法完成门槛封口”会提前发生。,detailed-v4
chapter-0583,583,arc-024,8,反证,推翻旧模型仍可解释一切的假设，让微型黑洞节点交出第08个可复查证据,一枚黑洞节点标签，并承认黑洞节点不能再被旧层级命名,弥散·虚无与窥时·虫洞回潮234的核心危机吞掉本章缓冲，arc-024无法完成门槛封口,为得到“推翻旧模型仍可解释一切的假设，让微型黑洞节点交出第08个可复查证据”，必须失去“一枚黑洞节点标签，并承认黑洞节点不能再被旧层级命名”；若拒绝，“弥散·虚无与窥时·虫洞回潮234的核心危机吞掉本章缓冲，arc-024无法完成门槛封口”会提前发生。,detailed-v4
chapter-0584,584,arc-024,9,代价,换取一次继续观测的资格，让虫洞喉部潮汐面交出第09个可复查证据,一层退相干屏蔽，并承认虫洞不能再被旧层级命名,弥散·虚无与窥时·概率雾回潮235的核心危机吞掉本章缓冲，arc-024无法完成门槛封口,为得到“换取一次继续观测的资格，让虫洞喉部潮汐面交出第09个可复查证据”，必须失去“一层退相干屏蔽，并承认虫洞不能再被旧层级命名”；若拒绝，“弥散·虚无与窥时·概率雾回潮235的核心危机吞掉本章缓冲，arc-024无法完成门槛封口”会提前发生。,detailed-v4
chapter-0585,585,arc-024,10,代价,换取一次继续观测的资格，让概率雾边界交出第10个可复查证据,一段硅基遗骸解释权，并承认概率雾不能再被旧层级命名,弥散·虚无与窥时·递归阶梯回潮236的核心危机吞掉本章缓冲，arc-024无法完成门槛封口,为得到“换取一次继续观测的资格，让概率雾边界交出第10个可复查证据”，必须失去“一段硅基遗骸解释权，并承认概率雾不能再被旧层级命名”；若拒绝，“弥散·虚无与窥时·递归阶梯回潮236的核心危机吞掉本章缓冲，arc-024无法完成门槛封口”会提前发生。,detailed-v4
chapter-0586,586,arc-024,11,代价,换取一次继续观测的资格，让递归阶梯缺级交出第11个可复查证据,一次无距通信假设，并承认递归阶梯不能再被旧层级命名,弥散·虚无与窥时·无距之声回潮237的核心危机吞掉本章缓冲，arc-024无法完成门槛封口,为得到“换取一次继续观测的资格，让递归阶梯缺级交出第11个可复查证据”，必须失去“一次无距通信假设，并承认递归阶梯不能再被旧层级命名”；若拒绝，“弥散·虚无与窥时·无距之声回潮237的核心危机吞掉本章缓冲，arc-024无法完成门槛封口”会提前发生。,detailed-v4
chapter-0587,587,arc-024,12,误判,暴露角色仍误信的判断方式，让无距回声面交出第12个可复查证据,一枚黑洞节点标签，并承认无距之声不能再被旧层级命名,弥散·虚无与窥时·硅的葬礼回潮238的核心危机吞掉本章缓冲，arc-024无法完成门槛封口,为得到“暴露角色仍误信的判断方式，让无距回声面交出第12个可复查证据”，必须失去“一枚黑洞节点标签，并承认无距之声不能再被旧层级命名”；若拒绝，“弥散·虚无与窥时·硅的葬礼回潮238的核心危机吞掉本章缓冲，arc-024无法完成门槛封口”会提前发生。,detailed-v4
chapter-0588,588,arc-024,13,误判,暴露角色仍误信的判断方式，让硅基遗骸冷却层交出第13个可复查证据,一层退相干屏蔽，并承认硅的葬礼不能再被旧层级命名,弥散·虚无与窥时·信息潮汐回潮239的核心危机吞掉本章缓冲，arc-024无法完成门槛封口,为得到“暴露角色仍误信的判断方式，让硅基遗骸冷却层交出第13个可复查证据”，必须失去“一层退相干屏蔽，并承认硅的葬礼不能再被旧层级命名”；若拒绝，“弥散·虚无与窥时·信息潮汐回潮239的核心危机吞掉本章缓冲，arc-024无法完成门槛封口”会提前发生。,detailed-v4
chapter-0589,589,arc-024,14,误判,暴露角色仍误信的判断方式，让信息潮汐前沿交出第14个可复查证据,一段硅基遗骸解释权，并承认信息潮汐不能再被旧层级命名,弥散·虚无与窥时·星系脉搏回潮240的核心危机吞掉本章缓冲，arc-024无法完成门槛封口,为得到“暴露角色仍误信的判断方式，让信息潮汐前沿交出第14个可复查证据”，必须失去“一段硅基遗骸解释权，并承认信息潮汐不能再被旧层级命名”；若拒绝，“弥散·虚无与窥时·星系脉搏回潮240的核心危机吞掉本章缓冲，arc-024无法完成门槛封口”会提前发生。,detailed-v4
chapter-0590,590,arc-024,15,误判,暴露角色仍误信的判断方式，让星系脉搏校准区交出第15个可复查证据,一次无距通信假设，并承认星系脉搏不能再被旧层级命名,弥散·虚无与窥时·纠缠折光241的核心危机吞掉本章缓冲，arc-024无法完成门槛封口,为得到“暴露角色仍误信的判断方式，让星系脉搏校准区交出第15个可复查证据”，必须失去“一次无距通信假设，并承认星系脉搏不能再被旧层级命名”；若拒绝，“弥散·虚无与窥时·纠缠折光241的核心危机吞掉本章缓冲，arc-024无法完成门槛封口”会提前发生。,detailed-v4
chapter-0591,591,arc-024,16,失控,把异常限制在可写的物理边界内，让纠缠线偏角交出第16个可复查证据,一枚黑洞节点标签，并承认纠缠不能再被旧层级命名,弥散·虚无与窥时·自旋折光242的核心危机吞掉本章缓冲，arc-024无法完成门槛封口,为得到“把异常限制在可写的物理边界内，让纠缠线偏角交出第16个可复查证据”，必须失去“一枚黑洞节点标签，并承认纠缠不能再被旧层级命名”；若拒绝，“弥散·虚无与窥时·自旋折光242的核心危机吞掉本章缓冲，arc-024无法完成门槛封口”会提前发生。,detailed-v4
chapter-0592,592,arc-024,17,失控,把异常限制在可写的物理边界内，让自旋晶格断面交出第17个可复查证据,一层退相干屏蔽，并承认自旋不能再被旧层级命名,弥散·虚无与窥时·黑洞节点折光243的核心危机吞掉本章缓冲，arc-024无法完成门槛封口,为得到“把异常限制在可写的物理边界内，让自旋晶格断面交出第17个可复查证据”，必须失去“一层退相干屏蔽，并承认自旋不能再被旧层级命名”；若拒绝，“弥散·虚无与窥时·黑洞节点折光243的核心危机吞掉本章缓冲，arc-024无法完成门槛封口”会提前发生。,detailed-v4
chapter-0593,593,arc-024,18,失控,把异常限制在可写的物理边界内，让微型黑洞节点交出第18个可复查证据,一段硅基遗骸解释权，并承认黑洞节点不能再被旧层级命名,弥散·虚无与窥时·虫洞折光244的核心危机吞掉本章缓冲，arc-024无法完成门槛封口,为得到“把异常限制在可写的物理边界内，让微型黑洞节点交出第18个可复查证据”，必须失去“一段硅基遗骸解释权，并承认黑洞节点不能再被旧层级命名”；若拒绝，“弥散·虚无与窥时·虫洞折光244的核心危机吞掉本章缓冲，arc-024无法完成门槛封口”会提前发生。,detailed-v4
chapter-0594,594,arc-024,19,失控,把异常限制在可写的物理边界内，让虫洞喉部潮汐面交出第19个可复查证据,一次无距通信假设，并承认虫洞不能再被旧层级命名,弥散·虚无与窥时·概率雾折光245的核心危机吞掉本章缓冲，arc-024无法完成门槛封口,为得到“把异常限制在可写的物理边界内，让虫洞喉部潮汐面交出第19个可复查证据”，必须失去“一次无距通信假设，并承认虫洞不能再被旧层级命名”；若拒绝，“弥散·虚无与窥时·概率雾折光245的核心危机吞掉本章缓冲，arc-024无法完成门槛封口”会提前发生。,detailed-v4
chapter-0595,595,arc-024,20,回响,让眷恋线以硬证物返回，让概率雾边界交出第20个可复查证据,一枚黑洞节点标签，并承认概率雾不能再被旧层级命名,弥散·虚无与窥时·递归阶梯折光246的核心危机吞掉本章缓冲，arc-024无法完成门槛封口,为得到“让眷恋线以硬证物返回，让概率雾边界交出第20个可复查证据”，必须失去“一枚黑洞节点标签，并承认概率雾不能再被旧层级命名”；若拒绝，“弥散·虚无与窥时·递归阶梯折光246的核心危机吞掉本章缓冲，arc-024无法完成门槛封口”会提前发生。,detailed-v4
chapter-0596,596,arc-024,21,回响,让眷恋线以硬证物返回，让递归阶梯缺级交出第21个可复查证据,一层退相干屏蔽，并承认递归阶梯不能再被旧层级命名,弥散·虚无与窥时·无距之声折光247的核心危机吞掉本章缓冲，arc-024无法完成门槛封口,为得到“让眷恋线以硬证物返回，让递归阶梯缺级交出第21个可复查证据”，必须失去“一层退相干屏蔽，并承认递归阶梯不能再被旧层级命名”；若拒绝，“弥散·虚无与窥时·无距之声折光247的核心危机吞掉本章缓冲，arc-024无法完成门槛封口”会提前发生。,detailed-v4
chapter-0597,597,arc-024,22,回响,让眷恋线以硬证物返回，让无距回声面交出第22个可复查证据,一段硅基遗骸解释权，并承认无距之声不能再被旧层级命名,弥散·虚无与窥时·硅的葬礼折光248的核心危机吞掉本章缓冲，arc-024无法完成门槛封口,为得到“让眷恋线以硬证物返回，让无距回声面交出第22个可复查证据”，必须失去“一段硅基遗骸解释权，并承认无距之声不能再被旧层级命名”；若拒绝，“弥散·虚无与窥时·硅的葬礼折光248的核心危机吞掉本章缓冲，arc-024无法完成门槛封口”会提前发生。,detailed-v4
chapter-0598,598,arc-024,23,门槛,把本组问题交给下一章群而不总结掉，让硅基遗骸冷却层交出第23个可复查证据,一次无距通信假设，并承认硅的葬礼不能再被旧层级命名,弥散·虚无与窥时·信息潮汐折光249的核心危机吞掉本章缓冲，arc-024无法完成门槛封口,为得到“把本组问题交给下一章群而不总结掉，让硅基遗骸冷却层交出第23个可复查证据”，必须失去“一次无距通信假设，并承认硅的葬礼不能再被旧层级命名”；若拒绝，“弥散·虚无与窥时·信息潮汐折光249的核心危机吞掉本章缓冲，arc-024无法完成门槛封口”会提前发生。,detailed-v4
chapter-0599,599,arc-024,24,门槛,把本组问题交给下一章群而不总结掉，让信息潮汐前沿交出第24个可复查证据,一枚黑洞节点标签，并承认信息潮汐不能再被旧层级命名,弥散·虚无与窥时·星系脉搏折光250的核心危机吞掉本章缓冲，arc-024无法完成门槛封口,为得到“把本组问题交给下一章群而不总结掉，让信息潮汐前沿交出第24个可复查证据”，必须失去“一枚黑洞节点标签，并承认信息潮汐不能再被旧层级命名”；若拒绝，“弥散·虚无与窥时·星系脉搏折光250的核心危机吞掉本章缓冲，arc-024无法完成门槛封口”会提前发生。,detailed-v4
chapter-0600,600,arc-024,25,门槛,把本组问题交给下一章群而不总结掉，让星系脉搏校准区交出第25个可复查证据,一层退相干屏蔽，并承认星系脉搏不能再被旧层级命名,弥散·虚无与窥时·纠缠暗涌251的核心危机吞掉本章缓冲，arc-024无法完成门槛封口,为得到“把本组问题交给下一章群而不总结掉，让星系脉搏校准区交出第25个可复查证据”，必须失去“一层退相干屏蔽，并承认星系脉搏不能再被旧层级命名”；若拒绝，“弥散·虚无与窥时·纠缠暗涌251的核心危机吞掉本章缓冲，arc-024无法完成门槛封口”会提前发生。,detailed-v4
chapter-0601,601,arc-025,1,起因,确认异常不是孤立事故，让纠缠线偏角交出第01个可复查证据,一次无距通信假设，并承认纠缠不能再被旧层级命名,弥散·虚无与窥时·自旋暗涌252的核心危机吞掉本章缓冲，arc-025无法完成门槛封口,为得到“确认异常不是孤立事故，让纠缠线偏角交出第01个可复查证据”，必须失去“一次无距通信假设，并承认纠缠不能再被旧层级命名”；若拒绝，“弥散·虚无与窥时·自旋暗涌252的核心危机吞掉本章缓冲，arc-025无法完成门槛封口”会提前发生。,detailed-v4
chapter-0602,602,arc-025,2,起因,确认异常不是孤立事故，让自旋晶格断面交出第02个可复查证据,一枚黑洞节点标签，并承认自旋不能再被旧层级命名,弥散·虚无与窥时·黑洞节点暗涌253的核心危机吞掉本章缓冲，arc-025无法完成门槛封口,为得到“确认异常不是孤立事故，让自旋晶格断面交出第02个可复查证据”，必须失去“一枚黑洞节点标签，并承认自旋不能再被旧层级命名”；若拒绝，“弥散·虚无与窥时·黑洞节点暗涌253的核心危机吞掉本章缓冲，arc-025无法完成门槛封口”会提前发生。,detailed-v4
chapter-0603,603,arc-025,3,起因,确认异常不是孤立事故，让微型黑洞节点交出第03个可复查证据,一层退相干屏蔽，并承认黑洞节点不能再被旧层级命名,弥散·虚无与窥时·虫洞暗涌254的核心危机吞掉本章缓冲，arc-025无法完成门槛封口,为得到“确认异常不是孤立事故，让微型黑洞节点交出第03个可复查证据”，必须失去“一层退相干屏蔽，并承认黑洞节点不能再被旧层级命名”；若拒绝，“弥散·虚无与窥时·虫洞暗涌254的核心危机吞掉本章缓冲，arc-025无法完成门槛封口”会提前发生。,detailed-v4
chapter-0604,604,arc-025,4,起因,确认异常不是孤立事故，让虫洞喉部潮汐面交出第04个可复查证据,一段硅基遗骸解释权，并承认虫洞不能再被旧层级命名,弥散·虚无与窥时·概率雾暗涌255的核心危机吞掉本章缓冲，arc-025无法完成门槛封口,为得到“确认异常不是孤立事故，让虫洞喉部潮汐面交出第04个可复查证据”，必须失去“一段硅基遗骸解释权，并承认虫洞不能再被旧层级命名”；若拒绝，“弥散·虚无与窥时·概率雾暗涌255的核心危机吞掉本章缓冲，arc-025无法完成门槛封口”会提前发生。,detailed-v4
chapter-0605,605,arc-025,5,反证,推翻旧模型仍可解释一切的假设，让概率雾边界交出第05个可复查证据,一次无距通信假设，并承认概率雾不能再被旧层级命名,弥散·虚无与窥时·递归阶梯暗涌256的核心危机吞掉本章缓冲，arc-025无法完成门槛封口,为得到“推翻旧模型仍可解释一切的假设，让概率雾边界交出第05个可复查证据”，必须失去“一次无距通信假设，并承认概率雾不能再被旧层级命名”；若拒绝，“弥散·虚无与窥时·递归阶梯暗涌256的核心危机吞掉本章缓冲，arc-025无法完成门槛封口”会提前发生。,detailed-v4
chapter-0606,606,arc-025,6,反证,推翻旧模型仍可解释一切的假设，让递归阶梯缺级交出第06个可复查证据,一枚黑洞节点标签，并承认递归阶梯不能再被旧层级命名,弥散·虚无与窥时·无距之声暗涌257的核心危机吞掉本章缓冲，arc-025无法完成门槛封口,为得到“推翻旧模型仍可解释一切的假设，让递归阶梯缺级交出第06个可复查证据”，必须失去“一枚黑洞节点标签，并承认递归阶梯不能再被旧层级命名”；若拒绝，“弥散·虚无与窥时·无距之声暗涌257的核心危机吞掉本章缓冲，arc-025无法完成门槛封口”会提前发生。,detailed-v4
chapter-0607,607,arc-025,7,反证,推翻旧模型仍可解释一切的假设，让无距回声面交出第07个可复查证据,一层退相干屏蔽，并承认无距之声不能再被旧层级命名,弥散·虚无与窥时·硅的葬礼暗涌258的核心危机吞掉本章缓冲，arc-025无法完成门槛封口,为得到“推翻旧模型仍可解释一切的假设，让无距回声面交出第07个可复查证据”，必须失去“一层退相干屏蔽，并承认无距之声不能再被旧层级命名”；若拒绝，“弥散·虚无与窥时·硅的葬礼暗涌258的核心危机吞掉本章缓冲，arc-025无法完成门槛封口”会提前发生。,detailed-v4
chapter-0608,608,arc-025,8,反证,推翻旧模型仍可解释一切的假设，让硅基遗骸冷却层交出第08个可复查证据,一段硅基遗骸解释权，并承认硅的葬礼不能再被旧层级命名,弥散·虚无与窥时·信息潮汐暗涌259的核心危机吞掉本章缓冲，arc-025无法完成门槛封口,为得到“推翻旧模型仍可解释一切的假设，让硅基遗骸冷却层交出第08个可复查证据”，必须失去“一段硅基遗骸解释权，并承认硅的葬礼不能再被旧层级命名”；若拒绝，“弥散·虚无与窥时·信息潮汐暗涌259的核心危机吞掉本章缓冲，arc-025无法完成门槛封口”会提前发生。,detailed-v4
chapter-0609,609,arc-025,9,代价,换取一次继续观测的资格，让信息潮汐前沿交出第09个可复查证据,一次无距通信假设，并承认信息潮汐不能再被旧层级命名,弥散·虚无与窥时·星系脉搏暗涌260的核心危机吞掉本章缓冲，arc-025无法完成门槛封口,为得到“换取一次继续观测的资格，让信息潮汐前沿交出第09个可复查证据”，必须失去“一次无距通信假设，并承认信息潮汐不能再被旧层级命名”；若拒绝，“弥散·虚无与窥时·星系脉搏暗涌260的核心危机吞掉本章缓冲，arc-025无法完成门槛封口”会提前发生。,detailed-v4
chapter-0610,610,arc-025,10,代价,换取一次继续观测的资格，让星系脉搏校准区交出第10个可复查证据,一枚黑洞节点标签，并承认星系脉搏不能再被旧层级命名,弥散·虚无与窥时·纠缠证词261的核心危机吞掉本章缓冲，arc-025无法完成门槛封口,为得到“换取一次继续观测的资格，让星系脉搏校准区交出第10个可复查证据”，必须失去“一枚黑洞节点标签，并承认星系脉搏不能再被旧层级命名”；若拒绝，“弥散·虚无与窥时·纠缠证词261的核心危机吞掉本章缓冲，arc-025无法完成门槛封口”会提前发生。,detailed-v4
chapter-0611,611,arc-025,11,代价,换取一次继续观测的资格，让纠缠线偏角交出第11个可复查证据,一层退相干屏蔽，并承认纠缠不能再被旧层级命名,弥散·虚无与窥时·自旋证词262的核心危机吞掉本章缓冲，arc-025无法完成门槛封口,为得到“换取一次继续观测的资格，让纠缠线偏角交出第11个可复查证据”，必须失去“一层退相干屏蔽，并承认纠缠不能再被旧层级命名”；若拒绝，“弥散·虚无与窥时·自旋证词262的核心危机吞掉本章缓冲，arc-025无法完成门槛封口”会提前发生。,detailed-v4
chapter-0612,612,arc-025,12,误判,暴露角色仍误信的判断方式，让自旋晶格断面交出第12个可复查证据,一段硅基遗骸解释权，并承认自旋不能再被旧层级命名,弥散·虚无与窥时·黑洞节点证词263的核心危机吞掉本章缓冲，arc-025无法完成门槛封口,为得到“暴露角色仍误信的判断方式，让自旋晶格断面交出第12个可复查证据”，必须失去“一段硅基遗骸解释权，并承认自旋不能再被旧层级命名”；若拒绝，“弥散·虚无与窥时·黑洞节点证词263的核心危机吞掉本章缓冲，arc-025无法完成门槛封口”会提前发生。,detailed-v4
chapter-0613,613,arc-025,13,误判,暴露角色仍误信的判断方式，让微型黑洞节点交出第13个可复查证据,一次无距通信假设，并承认黑洞节点不能再被旧层级命名,弥散·虚无与窥时·虫洞证词264的核心危机吞掉本章缓冲，arc-025无法完成门槛封口,为得到“暴露角色仍误信的判断方式，让微型黑洞节点交出第13个可复查证据”，必须失去“一次无距通信假设，并承认黑洞节点不能再被旧层级命名”；若拒绝，“弥散·虚无与窥时·虫洞证词264的核心危机吞掉本章缓冲，arc-025无法完成门槛封口”会提前发生。,detailed-v4
chapter-0614,614,arc-025,14,误判,暴露角色仍误信的判断方式，让虫洞喉部潮汐面交出第14个可复查证据,一枚黑洞节点标签，并承认虫洞不能再被旧层级命名,弥散·虚无与窥时·概率雾证词265的核心危机吞掉本章缓冲，arc-025无法完成门槛封口,为得到“暴露角色仍误信的判断方式，让虫洞喉部潮汐面交出第14个可复查证据”，必须失去“一枚黑洞节点标签，并承认虫洞不能再被旧层级命名”；若拒绝，“弥散·虚无与窥时·概率雾证词265的核心危机吞掉本章缓冲，arc-025无法完成门槛封口”会提前发生。,detailed-v4
chapter-0615,615,arc-025,15,误判,暴露角色仍误信的判断方式，让概率雾边界交出第15个可复查证据,一层退相干屏蔽，并承认概率雾不能再被旧层级命名,弥散·虚无与窥时·递归阶梯证词266的核心危机吞掉本章缓冲，arc-025无法完成门槛封口,为得到“暴露角色仍误信的判断方式，让概率雾边界交出第15个可复查证据”，必须失去“一层退相干屏蔽，并承认概率雾不能再被旧层级命名”；若拒绝，“弥散·虚无与窥时·递归阶梯证词266的核心危机吞掉本章缓冲，arc-025无法完成门槛封口”会提前发生。,detailed-v4
chapter-0616,616,arc-025,16,失控,把异常限制在可写的物理边界内，让递归阶梯缺级交出第16个可复查证据,一段硅基遗骸解释权，并承认递归阶梯不能再被旧层级命名,弥散·虚无与窥时·无距之声证词267的核心危机吞掉本章缓冲，arc-025无法完成门槛封口,为得到“把异常限制在可写的物理边界内，让递归阶梯缺级交出第16个可复查证据”，必须失去“一段硅基遗骸解释权，并承认递归阶梯不能再被旧层级命名”；若拒绝，“弥散·虚无与窥时·无距之声证词267的核心危机吞掉本章缓冲，arc-025无法完成门槛封口”会提前发生。,detailed-v4
chapter-0617,617,arc-025,17,失控,把异常限制在可写的物理边界内，让无距回声面交出第17个可复查证据,一次无距通信假设，并承认无距之声不能再被旧层级命名,弥散·虚无与窥时·硅的葬礼证词268的核心危机吞掉本章缓冲，arc-025无法完成门槛封口,为得到“把异常限制在可写的物理边界内，让无距回声面交出第17个可复查证据”，必须失去“一次无距通信假设，并承认无距之声不能再被旧层级命名”；若拒绝，“弥散·虚无与窥时·硅的葬礼证词268的核心危机吞掉本章缓冲，arc-025无法完成门槛封口”会提前发生。,detailed-v4
chapter-0618,618,arc-025,18,失控,把异常限制在可写的物理边界内，让硅基遗骸冷却层交出第18个可复查证据,一枚黑洞节点标签，并承认硅的葬礼不能再被旧层级命名,弥散·虚无与窥时·信息潮汐证词269的核心危机吞掉本章缓冲，arc-025无法完成门槛封口,为得到“把异常限制在可写的物理边界内，让硅基遗骸冷却层交出第18个可复查证据”，必须失去“一枚黑洞节点标签，并承认硅的葬礼不能再被旧层级命名”；若拒绝，“弥散·虚无与窥时·信息潮汐证词269的核心危机吞掉本章缓冲，arc-025无法完成门槛封口”会提前发生。,detailed-v4
chapter-0619,619,arc-025,19,失控,把异常限制在可写的物理边界内，让信息潮汐前沿交出第19个可复查证据,一层退相干屏蔽，并承认信息潮汐不能再被旧层级命名,弥散·虚无与窥时·星系脉搏证词270的核心危机吞掉本章缓冲，arc-025无法完成门槛封口,为得到“把异常限制在可写的物理边界内，让信息潮汐前沿交出第19个可复查证据”，必须失去“一层退相干屏蔽，并承认信息潮汐不能再被旧层级命名”；若拒绝，“弥散·虚无与窥时·星系脉搏证词270的核心危机吞掉本章缓冲，arc-025无法完成门槛封口”会提前发生。,detailed-v4
chapter-0620,620,arc-025,20,回响,让眷恋线以硬证物返回，让星系脉搏校准区交出第20个可复查证据,一段硅基遗骸解释权，并承认星系脉搏不能再被旧层级命名,弥散·虚无与窥时·纠缠坠落271的核心危机吞掉本章缓冲，arc-025无法完成门槛封口,为得到“让眷恋线以硬证物返回，让星系脉搏校准区交出第20个可复查证据”，必须失去“一段硅基遗骸解释权，并承认星系脉搏不能再被旧层级命名”；若拒绝，“弥散·虚无与窥时·纠缠坠落271的核心危机吞掉本章缓冲，arc-025无法完成门槛封口”会提前发生。,detailed-v4
chapter-0621,621,arc-025,21,回响,让眷恋线以硬证物返回，让纠缠线偏角交出第21个可复查证据,一次无距通信假设，并承认纠缠不能再被旧层级命名,弥散·虚无与窥时·自旋坠落272的核心危机吞掉本章缓冲，arc-025无法完成门槛封口,为得到“让眷恋线以硬证物返回，让纠缠线偏角交出第21个可复查证据”，必须失去“一次无距通信假设，并承认纠缠不能再被旧层级命名”；若拒绝，“弥散·虚无与窥时·自旋坠落272的核心危机吞掉本章缓冲，arc-025无法完成门槛封口”会提前发生。,detailed-v4
chapter-0622,622,arc-025,22,回响,让眷恋线以硬证物返回，让自旋晶格断面交出第22个可复查证据,一枚黑洞节点标签，并承认自旋不能再被旧层级命名,弥散·虚无与窥时·黑洞节点坠落273的核心危机吞掉本章缓冲，arc-025无法完成门槛封口,为得到“让眷恋线以硬证物返回，让自旋晶格断面交出第22个可复查证据”，必须失去“一枚黑洞节点标签，并承认自旋不能再被旧层级命名”；若拒绝，“弥散·虚无与窥时·黑洞节点坠落273的核心危机吞掉本章缓冲，arc-025无法完成门槛封口”会提前发生。,detailed-v4
chapter-0623,623,arc-025,23,门槛,把本组问题交给下一章群而不总结掉，让微型黑洞节点交出第23个可复查证据,一层退相干屏蔽，并承认黑洞节点不能再被旧层级命名,弥散·虚无与窥时·虫洞坠落274的核心危机吞掉本章缓冲，arc-025无法完成门槛封口,为得到“把本组问题交给下一章群而不总结掉，让微型黑洞节点交出第23个可复查证据”，必须失去“一层退相干屏蔽，并承认黑洞节点不能再被旧层级命名”；若拒绝，“弥散·虚无与窥时·虫洞坠落274的核心危机吞掉本章缓冲，arc-025无法完成门槛封口”会提前发生。,detailed-v4
chapter-0624,624,arc-025,24,门槛,把本组问题交给下一章群而不总结掉，让虫洞喉部潮汐面交出第24个可复查证据,一段硅基遗骸解释权，并承认虫洞不能再被旧层级命名,弥散·虚无与窥时·概率雾坠落275的核心危机吞掉本章缓冲，arc-025无法完成门槛封口,为得到“把本组问题交给下一章群而不总结掉，让虫洞喉部潮汐面交出第24个可复查证据”，必须失去“一段硅基遗骸解释权，并承认虫洞不能再被旧层级命名”；若拒绝，“弥散·虚无与窥时·概率雾坠落275的核心危机吞掉本章缓冲，arc-025无法完成门槛封口”会提前发生。,detailed-v4
chapter-0625,625,arc-025,25,门槛,把本组问题交给下一章群而不总结掉，让概率雾边界交出第25个可复查证据,一次无距通信假设，并承认概率雾不能再被旧层级命名,弥散·虚无与窥时·递归阶梯坠落276的核心危机吞掉本章缓冲，arc-025无法完成门槛封口,为得到“把本组问题交给下一章群而不总结掉，让概率雾边界交出第25个可复查证据”，必须失去“一次无距通信假设，并承认概率雾不能再被旧层级命名”；若拒绝，“弥散·虚无与窥时·递归阶梯坠落276的核心危机吞掉本章缓冲，arc-025无法完成门槛封口”会提前发生。,detailed-v4
chapter-0626,626,arc-026,1,起因,确认异常不是孤立事故，让递归阶梯缺级交出第01个可复查证据,一层退相干屏蔽，并承认递归阶梯不能再被旧层级命名,弥散·虚无与窥时·无距之声坠落277的核心危机吞掉本章缓冲，arc-026无法完成门槛封口,为得到“确认异常不是孤立事故，让递归阶梯缺级交出第01个可复查证据”，必须失去“一层退相干屏蔽，并承认递归阶梯不能再被旧层级命名”；若拒绝，“弥散·虚无与窥时·无距之声坠落277的核心危机吞掉本章缓冲，arc-026无法完成门槛封口”会提前发生。,detailed-v4
chapter-0627,627,arc-026,2,起因,确认异常不是孤立事故，让无距回声面交出第02个可复查证据,一段硅基遗骸解释权，并承认无距之声不能再被旧层级命名,弥散·虚无与窥时·硅的葬礼坠落278的核心危机吞掉本章缓冲，arc-026无法完成门槛封口,为得到“确认异常不是孤立事故，让无距回声面交出第02个可复查证据”，必须失去“一段硅基遗骸解释权，并承认无距之声不能再被旧层级命名”；若拒绝，“弥散·虚无与窥时·硅的葬礼坠落278的核心危机吞掉本章缓冲，arc-026无法完成门槛封口”会提前发生。,detailed-v4
chapter-0628,628,arc-026,3,起因,确认异常不是孤立事故，让硅基遗骸冷却层交出第03个可复查证据,一次无距通信假设，并承认硅的葬礼不能再被旧层级命名,弥散·虚无与窥时·信息潮汐坠落279的核心危机吞掉本章缓冲，arc-026无法完成门槛封口,为得到“确认异常不是孤立事故，让硅基遗骸冷却层交出第03个可复查证据”，必须失去“一次无距通信假设，并承认硅的葬礼不能再被旧层级命名”；若拒绝，“弥散·虚无与窥时·信息潮汐坠落279的核心危机吞掉本章缓冲，arc-026无法完成门槛封口”会提前发生。,detailed-v4
chapter-0629,629,arc-026,4,起因,确认异常不是孤立事故，让信息潮汐前沿交出第04个可复查证据,一枚黑洞节点标签，并承认信息潮汐不能再被旧层级命名,弥散·虚无与窥时·星系脉搏坠落280的核心危机吞掉本章缓冲，arc-026无法完成门槛封口,为得到“确认异常不是孤立事故，让信息潮汐前沿交出第04个可复查证据”，必须失去“一枚黑洞节点标签，并承认信息潮汐不能再被旧层级命名”；若拒绝，“弥散·虚无与窥时·星系脉搏坠落280的核心危机吞掉本章缓冲，arc-026无法完成门槛封口”会提前发生。,detailed-v4
chapter-0630,630,arc-026,5,反证,推翻旧模型仍可解释一切的假设，让星系脉搏校准区交出第05个可复查证据,一层退相干屏蔽，并承认星系脉搏不能再被旧层级命名,弥散·虚无与窥时·纠缠重构281的核心危机吞掉本章缓冲，arc-026无法完成门槛封口,为得到“推翻旧模型仍可解释一切的假设，让星系脉搏校准区交出第05个可复查证据”，必须失去“一层退相干屏蔽，并承认星系脉搏不能再被旧层级命名”；若拒绝，“弥散·虚无与窥时·纠缠重构281的核心危机吞掉本章缓冲，arc-026无法完成门槛封口”会提前发生。,detailed-v4
chapter-0631,631,arc-026,6,反证,推翻旧模型仍可解释一切的假设，让纠缠重构的局部截面交出第06个可复查证据,一段硅基遗骸解释权，并承认纠缠重构不能再被旧层级命名,弥散·虚无与窥时·自旋重构282的核心危机吞掉本章缓冲，arc-026无法完成门槛封口,为得到“推翻旧模型仍可解释一切的假设，让纠缠重构的局部截面交出第06个可复查证据”，必须失去“一段硅基遗骸解释权，并承认纠缠重构不能再被旧层级命名”；若拒绝，“弥散·虚无与窥时·自旋重构282的核心危机吞掉本章缓冲，arc-026无法完成门槛封口”会提前发生。,detailed-v4
chapter-0632,632,arc-026,7,反证,推翻旧模型仍可解释一切的假设，让自旋重构的局部截面交出第07个可复查证据,一次无距通信假设，并承认自旋重构不能再被旧层级命名,弥散·虚无与窥时·黑洞节点重构283的核心危机吞掉本章缓冲，arc-026无法完成门槛封口,为得到“推翻旧模型仍可解释一切的假设，让自旋重构的局部截面交出第07个可复查证据”，必须失去“一次无距通信假设，并承认自旋重构不能再被旧层级命名”；若拒绝，“弥散·虚无与窥时·黑洞节点重构283的核心危机吞掉本章缓冲，arc-026无法完成门槛封口”会提前发生。,detailed-v4
chapter-0633,633,arc-026,8,反证,推翻旧模型仍可解释一切的假设，让黑洞节点重构的局部截面交出第08个可复查证据,一枚黑洞节点标签，并承认黑洞节点重构不能再被旧层级命名,弥散·虚无与窥时·虫洞重构284的核心危机吞掉本章缓冲，arc-026无法完成门槛封口,为得到“推翻旧模型仍可解释一切的假设，让黑洞节点重构的局部截面交出第08个可复查证据”，必须失去“一枚黑洞节点标签，并承认黑洞节点重构不能再被旧层级命名”；若拒绝，“弥散·虚无与窥时·虫洞重构284的核心危机吞掉本章缓冲，arc-026无法完成门槛封口”会提前发生。,detailed-v4
chapter-0634,634,arc-026,9,代价,换取一次继续观测的资格，让虫洞重构的局部截面交出第09个可复查证据,一层退相干屏蔽，并承认虫洞重构不能再被旧层级命名,弥散·虚无与窥时·概率雾重构285的核心危机吞掉本章缓冲，arc-026无法完成门槛封口,为得到“换取一次继续观测的资格，让虫洞重构的局部截面交出第09个可复查证据”，必须失去“一层退相干屏蔽，并承认虫洞重构不能再被旧层级命名”；若拒绝，“弥散·虚无与窥时·概率雾重构285的核心危机吞掉本章缓冲，arc-026无法完成门槛封口”会提前发生。,detailed-v4
chapter-0635,635,arc-026,10,代价,换取一次继续观测的资格，让概率雾重构的局部截面交出第10个可复查证据,一段硅基遗骸解释权，并承认概率雾重构不能再被旧层级命名,弥散·虚无与窥时·递归阶梯重构286的核心危机吞掉本章缓冲，arc-026无法完成门槛封口,为得到“换取一次继续观测的资格，让概率雾重构的局部截面交出第10个可复查证据”，必须失去“一段硅基遗骸解释权，并承认概率雾重构不能再被旧层级命名”；若拒绝，“弥散·虚无与窥时·递归阶梯重构286的核心危机吞掉本章缓冲，arc-026无法完成门槛封口”会提前发生。,detailed-v4
chapter-0636,636,arc-026,11,代价,换取一次继续观测的资格，让递归阶梯重构的局部截面交出第11个可复查证据,一次无距通信假设，并承认递归阶梯重构不能再被旧层级命名,弥散·虚无与窥时·无距之声重构287的核心危机吞掉本章缓冲，arc-026无法完成门槛封口,为得到“换取一次继续观测的资格，让递归阶梯重构的局部截面交出第11个可复查证据”，必须失去“一次无距通信假设，并承认递归阶梯重构不能再被旧层级命名”；若拒绝，“弥散·虚无与窥时·无距之声重构287的核心危机吞掉本章缓冲，arc-026无法完成门槛封口”会提前发生。,detailed-v4
chapter-0637,637,arc-026,12,误判,暴露角色仍误信的判断方式，让无距之声重构的局部截面交出第12个可复查证据,一枚黑洞节点标签，并承认无距之声重构不能再被旧层级命名,弥散·虚无与窥时·硅的葬礼重构288的核心危机吞掉本章缓冲，arc-026无法完成门槛封口,为得到“暴露角色仍误信的判断方式，让无距之声重构的局部截面交出第12个可复查证据”，必须失去“一枚黑洞节点标签，并承认无距之声重构不能再被旧层级命名”；若拒绝，“弥散·虚无与窥时·硅的葬礼重构288的核心危机吞掉本章缓冲，arc-026无法完成门槛封口”会提前发生。,detailed-v4
chapter-0638,638,arc-026,13,误判,暴露角色仍误信的判断方式，让硅的葬礼重构的局部截面交出第13个可复查证据,一层退相干屏蔽，并承认硅的葬礼重构不能再被旧层级命名,弥散·虚无与窥时·信息潮汐重构289的核心危机吞掉本章缓冲，arc-026无法完成门槛封口,为得到“暴露角色仍误信的判断方式，让硅的葬礼重构的局部截面交出第13个可复查证据”，必须失去“一层退相干屏蔽，并承认硅的葬礼重构不能再被旧层级命名”；若拒绝，“弥散·虚无与窥时·信息潮汐重构289的核心危机吞掉本章缓冲，arc-026无法完成门槛封口”会提前发生。,detailed-v4
chapter-0639,639,arc-026,14,误判,暴露角色仍误信的判断方式，让信息潮汐重构的局部截面交出第14个可复查证据,一段硅基遗骸解释权，并承认信息潮汐重构不能再被旧层级命名,弥散·虚无与窥时·星系脉搏重构290的核心危机吞掉本章缓冲，arc-026无法完成门槛封口,为得到“暴露角色仍误信的判断方式，让信息潮汐重构的局部截面交出第14个可复查证据”，必须失去“一段硅基遗骸解释权，并承认信息潮汐重构不能再被旧层级命名”；若拒绝，“弥散·虚无与窥时·星系脉搏重构290的核心危机吞掉本章缓冲，arc-026无法完成门槛封口”会提前发生。,detailed-v4
chapter-0640,640,arc-026,15,误判,暴露角色仍误信的判断方式，让星系脉搏重构的局部截面交出第15个可复查证据,一次无距通信假设，并承认星系脉搏重构不能再被旧层级命名,弥散·虚无与窥时·纠缠余震291的核心危机吞掉本章缓冲，arc-026无法完成门槛封口,为得到“暴露角色仍误信的判断方式，让星系脉搏重构的局部截面交出第15个可复查证据”，必须失去“一次无距通信假设，并承认星系脉搏重构不能再被旧层级命名”；若拒绝，“弥散·虚无与窥时·纠缠余震291的核心危机吞掉本章缓冲，arc-026无法完成门槛封口”会提前发生。,detailed-v4
chapter-0641,641,arc-026,16,失控,把异常限制在可写的物理边界内，让纠缠线偏角交出第16个可复查证据,一枚黑洞节点标签，并承认纠缠不能再被旧层级命名,弥散·虚无与窥时·自旋余震292的核心危机吞掉本章缓冲，arc-026无法完成门槛封口,为得到“把异常限制在可写的物理边界内，让纠缠线偏角交出第16个可复查证据”，必须失去“一枚黑洞节点标签，并承认纠缠不能再被旧层级命名”；若拒绝，“弥散·虚无与窥时·自旋余震292的核心危机吞掉本章缓冲，arc-026无法完成门槛封口”会提前发生。,detailed-v4
chapter-0642,642,arc-026,17,失控,把异常限制在可写的物理边界内，让自旋晶格断面交出第17个可复查证据,一层退相干屏蔽，并承认自旋不能再被旧层级命名,弥散·虚无与窥时·黑洞节点余震293的核心危机吞掉本章缓冲，arc-026无法完成门槛封口,为得到“把异常限制在可写的物理边界内，让自旋晶格断面交出第17个可复查证据”，必须失去“一层退相干屏蔽，并承认自旋不能再被旧层级命名”；若拒绝，“弥散·虚无与窥时·黑洞节点余震293的核心危机吞掉本章缓冲，arc-026无法完成门槛封口”会提前发生。,detailed-v4
chapter-0643,643,arc-026,18,失控,把异常限制在可写的物理边界内，让微型黑洞节点交出第18个可复查证据,一段硅基遗骸解释权，并承认黑洞节点不能再被旧层级命名,弥散·虚无与窥时·虫洞余震294的核心危机吞掉本章缓冲，arc-026无法完成门槛封口,为得到“把异常限制在可写的物理边界内，让微型黑洞节点交出第18个可复查证据”，必须失去“一段硅基遗骸解释权，并承认黑洞节点不能再被旧层级命名”；若拒绝，“弥散·虚无与窥时·虫洞余震294的核心危机吞掉本章缓冲，arc-026无法完成门槛封口”会提前发生。,detailed-v4
chapter-0644,644,arc-026,19,失控,把异常限制在可写的物理边界内，让虫洞喉部潮汐面交出第19个可复查证据,一次无距通信假设，并承认虫洞不能再被旧层级命名,弥散·虚无与窥时·概率雾余震295的核心危机吞掉本章缓冲，arc-026无法完成门槛封口,为得到“把异常限制在可写的物理边界内，让虫洞喉部潮汐面交出第19个可复查证据”，必须失去“一次无距通信假设，并承认虫洞不能再被旧层级命名”；若拒绝，“弥散·虚无与窥时·概率雾余震295的核心危机吞掉本章缓冲，arc-026无法完成门槛封口”会提前发生。,detailed-v4
chapter-0645,645,arc-026,20,回响,让眷恋线以硬证物返回，让概率雾边界交出第20个可复查证据,一枚黑洞节点标签，并承认概率雾不能再被旧层级命名,弥散·虚无与窥时·递归阶梯余震296的核心危机吞掉本章缓冲，arc-026无法完成门槛封口,为得到“让眷恋线以硬证物返回，让概率雾边界交出第20个可复查证据”，必须失去“一枚黑洞节点标签，并承认概率雾不能再被旧层级命名”；若拒绝，“弥散·虚无与窥时·递归阶梯余震296的核心危机吞掉本章缓冲，arc-026无法完成门槛封口”会提前发生。,detailed-v4
chapter-0646,646,arc-026,21,回响,让眷恋线以硬证物返回，让递归阶梯缺级交出第21个可复查证据,一层退相干屏蔽，并承认递归阶梯不能再被旧层级命名,弥散·虚无与窥时·无距之声余震297的核心危机吞掉本章缓冲，arc-026无法完成门槛封口,为得到“让眷恋线以硬证物返回，让递归阶梯缺级交出第21个可复查证据”，必须失去“一层退相干屏蔽，并承认递归阶梯不能再被旧层级命名”；若拒绝，“弥散·虚无与窥时·无距之声余震297的核心危机吞掉本章缓冲，arc-026无法完成门槛封口”会提前发生。,detailed-v4
chapter-0647,647,arc-026,22,回响,让眷恋线以硬证物返回，让无距回声面交出第22个可复查证据,一段硅基遗骸解释权，并承认无距之声不能再被旧层级命名,弥散·虚无与窥时·硅的葬礼余震298的核心危机吞掉本章缓冲，arc-026无法完成门槛封口,为得到“让眷恋线以硬证物返回，让无距回声面交出第22个可复查证据”，必须失去“一段硅基遗骸解释权，并承认无距之声不能再被旧层级命名”；若拒绝，“弥散·虚无与窥时·硅的葬礼余震298的核心危机吞掉本章缓冲，arc-026无法完成门槛封口”会提前发生。,detailed-v4
chapter-0648,648,arc-026,23,门槛,把本组问题交给下一章群而不总结掉，让硅基遗骸冷却层交出第23个可复查证据,一次无距通信假设，并承认硅的葬礼不能再被旧层级命名,弥散·虚无与窥时·信息潮汐余震299的核心危机吞掉本章缓冲，arc-026无法完成门槛封口,为得到“把本组问题交给下一章群而不总结掉，让硅基遗骸冷却层交出第23个可复查证据”，必须失去“一次无距通信假设，并承认硅的葬礼不能再被旧层级命名”；若拒绝，“弥散·虚无与窥时·信息潮汐余震299的核心危机吞掉本章缓冲，arc-026无法完成门槛封口”会提前发生。,detailed-v4
chapter-0649,649,arc-026,24,门槛,把本组问题交给下一章群而不总结掉，让信息潮汐前沿交出第24个可复查证据,一枚黑洞节点标签，并承认信息潮汐不能再被旧层级命名,弥散·虚无与窥时·星系脉搏余震300的核心危机吞掉本章缓冲，arc-026无法完成门槛封口,为得到“把本组问题交给下一章群而不总结掉，让信息潮汐前沿交出第24个可复查证据”，必须失去“一枚黑洞节点标签，并承认信息潮汐不能再被旧层级命名”；若拒绝，“弥散·虚无与窥时·星系脉搏余震300的核心危机吞掉本章缓冲，arc-026无法完成门槛封口”会提前发生。,detailed-v4
chapter-0650,650,arc-026,25,门槛,把本组问题交给下一章群而不总结掉，让星系脉搏校准区交出第25个可复查证据,一层退相干屏蔽，并承认星系脉搏不能再被旧层级命名,弥散·虚无与窥时·纠缠初醒301的核心危机吞掉本章缓冲，arc-026无法完成门槛封口,为得到“把本组问题交给下一章群而不总结掉，让星系脉搏校准区交出第25个可复查证据”，必须失去“一层退相干屏蔽，并承认星系脉搏不能再被旧层级命名”；若拒绝，“弥散·虚无与窥时·纠缠初醒301的核心危机吞掉本章缓冲，arc-026无法完成门槛封口”会提前发生。,detailed-v4
chapter-0651,651,arc-027,1,起因,确认异常不是孤立事故，让纠缠线偏角交出第01个可复查证据,一次无距通信假设，并承认纠缠不能再被旧层级命名,弥散·虚无与窥时·自旋初醒302的核心危机吞掉本章缓冲，arc-027无法完成门槛封口,为得到“确认异常不是孤立事故，让纠缠线偏角交出第01个可复查证据”，必须失去“一次无距通信假设，并承认纠缠不能再被旧层级命名”；若拒绝，“弥散·虚无与窥时·自旋初醒302的核心危机吞掉本章缓冲，arc-027无法完成门槛封口”会提前发生。,detailed-v4
chapter-0652,652,arc-027,2,起因,确认异常不是孤立事故，让自旋晶格断面交出第02个可复查证据,一枚黑洞节点标签，并承认自旋不能再被旧层级命名,弥散·虚无与窥时·黑洞节点初醒303的核心危机吞掉本章缓冲，arc-027无法完成门槛封口,为得到“确认异常不是孤立事故，让自旋晶格断面交出第02个可复查证据”，必须失去“一枚黑洞节点标签，并承认自旋不能再被旧层级命名”；若拒绝，“弥散·虚无与窥时·黑洞节点初醒303的核心危机吞掉本章缓冲，arc-027无法完成门槛封口”会提前发生。,detailed-v4
chapter-0653,653,arc-027,3,起因,确认异常不是孤立事故，让微型黑洞节点交出第03个可复查证据,一层退相干屏蔽，并承认黑洞节点不能再被旧层级命名,弥散·虚无与窥时·虫洞初醒304的核心危机吞掉本章缓冲，arc-027无法完成门槛封口,为得到“确认异常不是孤立事故，让微型黑洞节点交出第03个可复查证据”，必须失去“一层退相干屏蔽，并承认黑洞节点不能再被旧层级命名”；若拒绝，“弥散·虚无与窥时·虫洞初醒304的核心危机吞掉本章缓冲，arc-027无法完成门槛封口”会提前发生。,detailed-v4
chapter-0654,654,arc-027,4,起因,确认异常不是孤立事故，让虫洞喉部潮汐面交出第04个可复查证据,一段硅基遗骸解释权，并承认虫洞不能再被旧层级命名,弥散·虚无与窥时·概率雾初醒305的核心危机吞掉本章缓冲，arc-027无法完成门槛封口,为得到“确认异常不是孤立事故，让虫洞喉部潮汐面交出第04个可复查证据”，必须失去“一段硅基遗骸解释权，并承认虫洞不能再被旧层级命名”；若拒绝，“弥散·虚无与窥时·概率雾初醒305的核心危机吞掉本章缓冲，arc-027无法完成门槛封口”会提前发生。,detailed-v4
chapter-0655,655,arc-027,5,反证,推翻旧模型仍可解释一切的假设，让概率雾边界交出第05个可复查证据,一次无距通信假设，并承认概率雾不能再被旧层级命名,弥散·虚无与窥时·递归阶梯初醒306的核心危机吞掉本章缓冲，arc-027无法完成门槛封口,为得到“推翻旧模型仍可解释一切的假设，让概率雾边界交出第05个可复查证据”，必须失去“一次无距通信假设，并承认概率雾不能再被旧层级命名”；若拒绝，“弥散·虚无与窥时·递归阶梯初醒306的核心危机吞掉本章缓冲，arc-027无法完成门槛封口”会提前发生。,detailed-v4
chapter-0656,656,arc-027,6,反证,推翻旧模型仍可解释一切的假设，让递归阶梯缺级交出第06个可复查证据,一枚黑洞节点标签，并承认递归阶梯不能再被旧层级命名,弥散·虚无与窥时·无距之声初醒307的核心危机吞掉本章缓冲，arc-027无法完成门槛封口,为得到“推翻旧模型仍可解释一切的假设，让递归阶梯缺级交出第06个可复查证据”，必须失去“一枚黑洞节点标签，并承认递归阶梯不能再被旧层级命名”；若拒绝，“弥散·虚无与窥时·无距之声初醒307的核心危机吞掉本章缓冲，arc-027无法完成门槛封口”会提前发生。,detailed-v4
chapter-0657,657,arc-027,7,反证,推翻旧模型仍可解释一切的假设，让无距回声面交出第07个可复查证据,一层退相干屏蔽，并承认无距之声不能再被旧层级命名,弥散·虚无与窥时·硅的葬礼初醒308的核心危机吞掉本章缓冲，arc-027无法完成门槛封口,为得到“推翻旧模型仍可解释一切的假设，让无距回声面交出第07个可复查证据”，必须失去“一层退相干屏蔽，并承认无距之声不能再被旧层级命名”；若拒绝，“弥散·虚无与窥时·硅的葬礼初醒308的核心危机吞掉本章缓冲，arc-027无法完成门槛封口”会提前发生。,detailed-v4
chapter-0658,658,arc-027,8,反证,推翻旧模型仍可解释一切的假设，让硅基遗骸冷却层交出第08个可复查证据,一段硅基遗骸解释权，并承认硅的葬礼不能再被旧层级命名,弥散·虚无与窥时·信息潮汐初醒309的核心危机吞掉本章缓冲，arc-027无法完成门槛封口,为得到“推翻旧模型仍可解释一切的假设，让硅基遗骸冷却层交出第08个可复查证据”，必须失去“一段硅基遗骸解释权，并承认硅的葬礼不能再被旧层级命名”；若拒绝，“弥散·虚无与窥时·信息潮汐初醒309的核心危机吞掉本章缓冲，arc-027无法完成门槛封口”会提前发生。,detailed-v4
chapter-0659,659,arc-027,9,代价,换取一次继续观测的资格，让信息潮汐前沿交出第09个可复查证据,一次无距通信假设，并承认信息潮汐不能再被旧层级命名,弥散·虚无与窥时·星系脉搏初醒310的核心危机吞掉本章缓冲，arc-027无法完成门槛封口,为得到“换取一次继续观测的资格，让信息潮汐前沿交出第09个可复查证据”，必须失去“一次无距通信假设，并承认信息潮汐不能再被旧层级命名”；若拒绝，“弥散·虚无与窥时·星系脉搏初醒310的核心危机吞掉本章缓冲，arc-027无法完成门槛封口”会提前发生。,detailed-v4
chapter-0660,660,arc-027,10,代价,换取一次继续观测的资格，让星系脉搏校准区交出第10个可复查证据,一枚黑洞节点标签，并承认星系脉搏不能再被旧层级命名,弥散·虚无与窥时·纠缠裂响311的核心危机吞掉本章缓冲，arc-027无法完成门槛封口,为得到“换取一次继续观测的资格，让星系脉搏校准区交出第10个可复查证据”，必须失去“一枚黑洞节点标签，并承认星系脉搏不能再被旧层级命名”；若拒绝，“弥散·虚无与窥时·纠缠裂响311的核心危机吞掉本章缓冲，arc-027无法完成门槛封口”会提前发生。,detailed-v4
chapter-0661,661,arc-027,11,代价,换取一次继续观测的资格，让纠缠线偏角交出第11个可复查证据,一层退相干屏蔽，并承认纠缠不能再被旧层级命名,弥散·虚无与窥时·自旋裂响312的核心危机吞掉本章缓冲，arc-027无法完成门槛封口,为得到“换取一次继续观测的资格，让纠缠线偏角交出第11个可复查证据”，必须失去“一层退相干屏蔽，并承认纠缠不能再被旧层级命名”；若拒绝，“弥散·虚无与窥时·自旋裂响312的核心危机吞掉本章缓冲，arc-027无法完成门槛封口”会提前发生。,detailed-v4
chapter-0662,662,arc-027,12,误判,暴露角色仍误信的判断方式，让自旋晶格断面交出第12个可复查证据,一段硅基遗骸解释权，并承认自旋不能再被旧层级命名,弥散·虚无与窥时·黑洞节点裂响313的核心危机吞掉本章缓冲，arc-027无法完成门槛封口,为得到“暴露角色仍误信的判断方式，让自旋晶格断面交出第12个可复查证据”，必须失去“一段硅基遗骸解释权，并承认自旋不能再被旧层级命名”；若拒绝，“弥散·虚无与窥时·黑洞节点裂响313的核心危机吞掉本章缓冲，arc-027无法完成门槛封口”会提前发生。,detailed-v4
chapter-0663,663,arc-027,13,误判,暴露角色仍误信的判断方式，让微型黑洞节点交出第13个可复查证据,一次无距通信假设，并承认黑洞节点不能再被旧层级命名,弥散·虚无与窥时·虫洞裂响314的核心危机吞掉本章缓冲，arc-027无法完成门槛封口,为得到“暴露角色仍误信的判断方式，让微型黑洞节点交出第13个可复查证据”，必须失去“一次无距通信假设，并承认黑洞节点不能再被旧层级命名”；若拒绝，“弥散·虚无与窥时·虫洞裂响314的核心危机吞掉本章缓冲，arc-027无法完成门槛封口”会提前发生。,detailed-v4
chapter-0664,664,arc-027,14,误判,暴露角色仍误信的判断方式，让虫洞喉部潮汐面交出第14个可复查证据,一枚黑洞节点标签，并承认虫洞不能再被旧层级命名,弥散·虚无与窥时·概率雾裂响315的核心危机吞掉本章缓冲，arc-027无法完成门槛封口,为得到“暴露角色仍误信的判断方式，让虫洞喉部潮汐面交出第14个可复查证据”，必须失去“一枚黑洞节点标签，并承认虫洞不能再被旧层级命名”；若拒绝，“弥散·虚无与窥时·概率雾裂响315的核心危机吞掉本章缓冲，arc-027无法完成门槛封口”会提前发生。,detailed-v4
chapter-0665,665,arc-027,15,误判,暴露角色仍误信的判断方式，让概率雾边界交出第15个可复查证据,一层退相干屏蔽，并承认概率雾不能再被旧层级命名,弥散·虚无与窥时·递归阶梯裂响316的核心危机吞掉本章缓冲，arc-027无法完成门槛封口,为得到“暴露角色仍误信的判断方式，让概率雾边界交出第15个可复查证据”，必须失去“一层退相干屏蔽，并承认概率雾不能再被旧层级命名”；若拒绝，“弥散·虚无与窥时·递归阶梯裂响316的核心危机吞掉本章缓冲，arc-027无法完成门槛封口”会提前发生。,detailed-v4
chapter-0666,666,arc-027,16,失控,把异常限制在可写的物理边界内，让递归阶梯缺级交出第16个可复查证据,一段硅基遗骸解释权，并承认递归阶梯不能再被旧层级命名,弥散·虚无与窥时·无距之声裂响317的核心危机吞掉本章缓冲，arc-027无法完成门槛封口,为得到“把异常限制在可写的物理边界内，让递归阶梯缺级交出第16个可复查证据”，必须失去“一段硅基遗骸解释权，并承认递归阶梯不能再被旧层级命名”；若拒绝，“弥散·虚无与窥时·无距之声裂响317的核心危机吞掉本章缓冲，arc-027无法完成门槛封口”会提前发生。,detailed-v4
chapter-0667,667,arc-027,17,失控,把异常限制在可写的物理边界内，让无距回声面交出第17个可复查证据,一次无距通信假设，并承认无距之声不能再被旧层级命名,弥散·虚无与窥时·硅的葬礼裂响318的核心危机吞掉本章缓冲，arc-027无法完成门槛封口,为得到“把异常限制在可写的物理边界内，让无距回声面交出第17个可复查证据”，必须失去“一次无距通信假设，并承认无距之声不能再被旧层级命名”；若拒绝，“弥散·虚无与窥时·硅的葬礼裂响318的核心危机吞掉本章缓冲，arc-027无法完成门槛封口”会提前发生。,detailed-v4
chapter-0668,668,arc-027,18,失控,把异常限制在可写的物理边界内，让硅基遗骸冷却层交出第18个可复查证据,一枚黑洞节点标签，并承认硅的葬礼不能再被旧层级命名,弥散·虚无与窥时·信息潮汐裂响319的核心危机吞掉本章缓冲，arc-027无法完成门槛封口,为得到“把异常限制在可写的物理边界内，让硅基遗骸冷却层交出第18个可复查证据”，必须失去“一枚黑洞节点标签，并承认硅的葬礼不能再被旧层级命名”；若拒绝，“弥散·虚无与窥时·信息潮汐裂响319的核心危机吞掉本章缓冲，arc-027无法完成门槛封口”会提前发生。,detailed-v4
chapter-0669,669,arc-027,19,失控,把异常限制在可写的物理边界内，让信息潮汐前沿交出第19个可复查证据,一层退相干屏蔽，并承认信息潮汐不能再被旧层级命名,弥散·虚无与窥时·星系脉搏裂响320的核心危机吞掉本章缓冲，arc-027无法完成门槛封口,为得到“把异常限制在可写的物理边界内，让信息潮汐前沿交出第19个可复查证据”，必须失去“一层退相干屏蔽，并承认信息潮汐不能再被旧层级命名”；若拒绝，“弥散·虚无与窥时·星系脉搏裂响320的核心危机吞掉本章缓冲，arc-027无法完成门槛封口”会提前发生。,detailed-v4
chapter-0670,670,arc-027,20,回响,让眷恋线以硬证物返回，让星系脉搏校准区交出第20个可复查证据,一段硅基遗骸解释权，并承认星系脉搏不能再被旧层级命名,弥散·虚无与窥时·纠缠低语321的核心危机吞掉本章缓冲，arc-027无法完成门槛封口,为得到“让眷恋线以硬证物返回，让星系脉搏校准区交出第20个可复查证据”，必须失去“一段硅基遗骸解释权，并承认星系脉搏不能再被旧层级命名”；若拒绝，“弥散·虚无与窥时·纠缠低语321的核心危机吞掉本章缓冲，arc-027无法完成门槛封口”会提前发生。,detailed-v4
chapter-0671,671,arc-027,21,回响,让眷恋线以硬证物返回，让纠缠线偏角交出第21个可复查证据,一次无距通信假设，并承认纠缠不能再被旧层级命名,弥散·虚无与窥时·自旋低语322的核心危机吞掉本章缓冲，arc-027无法完成门槛封口,为得到“让眷恋线以硬证物返回，让纠缠线偏角交出第21个可复查证据”，必须失去“一次无距通信假设，并承认纠缠不能再被旧层级命名”；若拒绝，“弥散·虚无与窥时·自旋低语322的核心危机吞掉本章缓冲，arc-027无法完成门槛封口”会提前发生。,detailed-v4
chapter-0672,672,arc-027,22,回响,让眷恋线以硬证物返回，让自旋晶格断面交出第22个可复查证据,一枚黑洞节点标签，并承认自旋不能再被旧层级命名,弥散·虚无与窥时·黑洞节点低语323的核心危机吞掉本章缓冲，arc-027无法完成门槛封口,为得到“让眷恋线以硬证物返回，让自旋晶格断面交出第22个可复查证据”，必须失去“一枚黑洞节点标签，并承认自旋不能再被旧层级命名”；若拒绝，“弥散·虚无与窥时·黑洞节点低语323的核心危机吞掉本章缓冲，arc-027无法完成门槛封口”会提前发生。,detailed-v4
chapter-0673,673,arc-027,23,门槛,把本组问题交给下一章群而不总结掉，让微型黑洞节点交出第23个可复查证据,一层退相干屏蔽，并承认黑洞节点不能再被旧层级命名,弥散·虚无与窥时·虫洞低语324的核心危机吞掉本章缓冲，arc-027无法完成门槛封口,为得到“把本组问题交给下一章群而不总结掉，让微型黑洞节点交出第23个可复查证据”，必须失去“一层退相干屏蔽，并承认黑洞节点不能再被旧层级命名”；若拒绝，“弥散·虚无与窥时·虫洞低语324的核心危机吞掉本章缓冲，arc-027无法完成门槛封口”会提前发生。,detailed-v4
chapter-0674,674,arc-027,24,门槛,把本组问题交给下一章群而不总结掉，让虫洞喉部潮汐面交出第24个可复查证据,一段硅基遗骸解释权，并承认虫洞不能再被旧层级命名,弥散·虚无与窥时·概率雾低语325的核心危机吞掉本章缓冲，arc-027无法完成门槛封口,为得到“把本组问题交给下一章群而不总结掉，让虫洞喉部潮汐面交出第24个可复查证据”，必须失去“一段硅基遗骸解释权，并承认虫洞不能再被旧层级命名”；若拒绝，“弥散·虚无与窥时·概率雾低语325的核心危机吞掉本章缓冲，arc-027无法完成门槛封口”会提前发生。,detailed-v4
chapter-0675,675,arc-027,25,门槛,把本组问题交给下一章群而不总结掉，让概率雾边界交出第25个可复查证据,一次无距通信假设，并承认概率雾不能再被旧层级命名,锚定·穿透·时河初醒001的核心危机吞掉本章缓冲，arc-027无法完成门槛封口,为得到“把本组问题交给下一章群而不总结掉，让概率雾边界交出第25个可复查证据”，必须失去“一次无距通信假设，并承认概率雾不能再被旧层级命名”；若拒绝，“锚定·穿透·时河初醒001的核心危机吞掉本章缓冲，arc-027无法完成门槛封口”会提前发生。,detailed-v4
chapter-0676,676,arc-028,1,起因,确认异常不是孤立事故，让时河河床交出第01个可复查证据,一次未来镜读取权，并承认时河不能再被旧层级命名,锚定·穿透·因果裂隙初醒002的核心危机吞掉本章缓冲，arc-028无法完成门槛封口,为得到“确认异常不是孤立事故，让时河河床交出第01个可复查证据”，必须失去“一次未来镜读取权，并承认时河不能再被旧层级命名”；若拒绝，“锚定·穿透·因果裂隙初醒002的核心危机吞掉本章缓冲，arc-028无法完成门槛封口”会提前发生。,detailed-v4
chapter-0677,677,arc-028,2,起因,确认异常不是孤立事故，让因果裂隙边缘交出第02个可复查证据,一条可删除时间线，并承认因果裂隙不能再被旧层级命名,锚定·穿透·未来镜初醒003的核心危机吞掉本章缓冲，arc-028无法完成门槛封口,为得到“确认异常不是孤立事故，让因果裂隙边缘交出第02个可复查证据”，必须失去“一条可删除时间线，并承认因果裂隙不能再被旧层级命名”；若拒绝，“锚定·穿透·未来镜初醒003的核心危机吞掉本章缓冲，arc-028无法完成门槛封口”会提前发生。,detailed-v4
chapter-0678,678,arc-028,3,起因,确认异常不是孤立事故，让未来镜背面交出第03个可复查证据,一层因果膜余量，并承认未来镜不能再被旧层级命名,锚定·穿透·历史灰烬初醒004的核心危机吞掉本章缓冲，arc-028无法完成门槛封口,为得到“确认异常不是孤立事故，让未来镜背面交出第03个可复查证据”，必须失去“一层因果膜余量，并承认未来镜不能再被旧层级命名”；若拒绝，“锚定·穿透·历史灰烬初醒004的核心危机吞掉本章缓冲，arc-028无法完成门槛封口”会提前发生。,detailed-v4
chapter-0679,679,arc-028,4,起因,确认异常不是孤立事故，让历史灰烬沉积层交出第04个可复查证据,一个历史灰烬样本，并承认历史灰烬不能再被旧层级命名,锚定·穿透·悖论线初醒005的核心危机吞掉本章缓冲，arc-028无法完成门槛封口,为得到“确认异常不是孤立事故，让历史灰烬沉积层交出第04个可复查证据”，必须失去“一个历史灰烬样本，并承认历史灰烬不能再被旧层级命名”；若拒绝，“锚定·穿透·悖论线初醒005的核心危机吞掉本章缓冲，arc-028无法完成门槛封口”会提前发生。,detailed-v4
chapter-0680,680,arc-028,5,反证,推翻旧模型仍可解释一切的假设，让悖论线截面交出第05个可复查证据,一次未来镜读取权，并承认悖论线不能再被旧层级命名,锚定·穿透·删除的春天初醒006的核心危机吞掉本章缓冲，arc-028无法完成门槛封口,为得到“推翻旧模型仍可解释一切的假设，让悖论线截面交出第05个可复查证据”，必须失去“一次未来镜读取权，并承认悖论线不能再被旧层级命名”；若拒绝，“锚定·穿透·删除的春天初醒006的核心危机吞掉本章缓冲，arc-028无法完成门槛封口”会提前发生。,detailed-v4
chapter-0681,681,arc-028,6,反证,推翻旧模型仍可解释一切的假设，让删除的春天的局部截面交出第06个可复查证据,一条可删除时间线，并承认删除的春天不能再被旧层级命名,锚定·穿透·时间惯性初醒007的核心危机吞掉本章缓冲，arc-028无法完成门槛封口,为得到“推翻旧模型仍可解释一切的假设，让删除的春天的局部截面交出第06个可复查证据”，必须失去“一条可删除时间线，并承认删除的春天不能再被旧层级命名”；若拒绝，“锚定·穿透·时间惯性初醒007的核心危机吞掉本章缓冲，arc-028无法完成门槛封口”会提前发生。,detailed-v4
chapter-0682,682,arc-028,7,反证,推翻旧模型仍可解释一切的假设，让时间惯性暗涌交出第07个可复查证据,一层因果膜余量，并承认时间惯性不能再被旧层级命名,锚定·穿透·宇宙膜初醒008的核心危机吞掉本章缓冲，arc-028无法完成门槛封口,为得到“推翻旧模型仍可解释一切的假设，让时间惯性暗涌交出第07个可复查证据”，必须失去“一层因果膜余量，并承认时间惯性不能再被旧层级命名”；若拒绝，“锚定·穿透·宇宙膜初醒008的核心危机吞掉本章缓冲，arc-028无法完成门槛封口”会提前发生。,detailed-v4
chapter-0683,683,arc-028,8,反证,推翻旧模型仍可解释一切的假设，让宇宙膜穿刺点交出第08个可复查证据,一个历史灰烬样本，并承认宇宙膜不能再被旧层级命名,锚定·穿透·回放初醒009的核心危机吞掉本章缓冲，arc-028无法完成门槛封口,为得到“推翻旧模型仍可解释一切的假设，让宇宙膜穿刺点交出第08个可复查证据”，必须失去“一个历史灰烬样本，并承认宇宙膜不能再被旧层级命名”；若拒绝，“锚定·穿透·回放初醒009的核心危机吞掉本章缓冲，arc-028无法完成门槛封口”会提前发生。,detailed-v4
chapter-0684,684,arc-028,9,代价,换取一次继续观测的资格，让回放的局部截面交出第09个可复查证据,一次未来镜读取权，并承认回放不能再被旧层级命名,锚定·穿透·锚点初醒010的核心危机吞掉本章缓冲，arc-028无法完成门槛封口,为得到“换取一次继续观测的资格，让回放的局部截面交出第09个可复查证据”，必须失去“一次未来镜读取权，并承认回放不能再被旧层级命名”；若拒绝，“锚定·穿透·锚点初醒010的核心危机吞掉本章缓冲，arc-028无法完成门槛封口”会提前发生。,detailed-v4
chapter-0685,685,arc-028,10,代价,换取一次继续观测的资格，让时间锚点的钉帽交出第10个可复查证据,一条可删除时间线，并承认锚点不能再被旧层级命名,锚定·穿透·时河裂响011的核心危机吞掉本章缓冲，arc-028无法完成门槛封口,为得到“换取一次继续观测的资格，让时间锚点的钉帽交出第10个可复查证据”，必须失去“一条可删除时间线，并承认锚点不能再被旧层级命名”；若拒绝，“锚定·穿透·时河裂响011的核心危机吞掉本章缓冲，arc-028无法完成门槛封口”会提前发生。,detailed-v4
chapter-0686,686,arc-028,11,代价,换取一次继续观测的资格，让时河河床交出第11个可复查证据,一层因果膜余量，并承认时河不能再被旧层级命名,锚定·穿透·因果裂隙裂响012的核心危机吞掉本章缓冲，arc-028无法完成门槛封口,为得到“换取一次继续观测的资格，让时河河床交出第11个可复查证据”，必须失去“一层因果膜余量，并承认时河不能再被旧层级命名”；若拒绝，“锚定·穿透·因果裂隙裂响012的核心危机吞掉本章缓冲，arc-028无法完成门槛封口”会提前发生。,detailed-v4
chapter-0687,687,arc-028,12,误判,暴露角色仍误信的判断方式，让因果裂隙边缘交出第12个可复查证据,一个历史灰烬样本，并承认因果裂隙不能再被旧层级命名,锚定·穿透·未来镜裂响013的核心危机吞掉本章缓冲，arc-028无法完成门槛封口,为得到“暴露角色仍误信的判断方式，让因果裂隙边缘交出第12个可复查证据”，必须失去“一个历史灰烬样本，并承认因果裂隙不能再被旧层级命名”；若拒绝，“锚定·穿透·未来镜裂响013的核心危机吞掉本章缓冲，arc-028无法完成门槛封口”会提前发生。,detailed-v4
chapter-0688,688,arc-028,13,误判,暴露角色仍误信的判断方式，让未来镜背面交出第13个可复查证据,一次未来镜读取权，并承认未来镜不能再被旧层级命名,锚定·穿透·历史灰烬裂响014的核心危机吞掉本章缓冲，arc-028无法完成门槛封口,为得到“暴露角色仍误信的判断方式，让未来镜背面交出第13个可复查证据”，必须失去“一次未来镜读取权，并承认未来镜不能再被旧层级命名”；若拒绝，“锚定·穿透·历史灰烬裂响014的核心危机吞掉本章缓冲，arc-028无法完成门槛封口”会提前发生。,detailed-v4
chapter-0689,689,arc-028,14,误判,暴露角色仍误信的判断方式，让历史灰烬沉积层交出第14个可复查证据,一条可删除时间线，并承认历史灰烬不能再被旧层级命名,锚定·穿透·悖论线裂响015的核心危机吞掉本章缓冲，arc-028无法完成门槛封口,为得到“暴露角色仍误信的判断方式，让历史灰烬沉积层交出第14个可复查证据”，必须失去“一条可删除时间线，并承认历史灰烬不能再被旧层级命名”；若拒绝，“锚定·穿透·悖论线裂响015的核心危机吞掉本章缓冲，arc-028无法完成门槛封口”会提前发生。,detailed-v4
chapter-0690,690,arc-028,15,误判,暴露角色仍误信的判断方式，让悖论线截面交出第15个可复查证据,一层因果膜余量，并承认悖论线不能再被旧层级命名,锚定·穿透·删除的春天裂响016的核心危机吞掉本章缓冲，arc-028无法完成门槛封口,为得到“暴露角色仍误信的判断方式，让悖论线截面交出第15个可复查证据”，必须失去“一层因果膜余量，并承认悖论线不能再被旧层级命名”；若拒绝，“锚定·穿透·删除的春天裂响016的核心危机吞掉本章缓冲，arc-028无法完成门槛封口”会提前发生。,detailed-v4
chapter-0691,691,arc-028,16,失控,把异常限制在可写的物理边界内，让删除的春天的局部截面交出第16个可复查证据,一个历史灰烬样本，并承认删除的春天不能再被旧层级命名,锚定·穿透·时间惯性裂响017的核心危机吞掉本章缓冲，arc-028无法完成门槛封口,为得到“把异常限制在可写的物理边界内，让删除的春天的局部截面交出第16个可复查证据”，必须失去“一个历史灰烬样本，并承认删除的春天不能再被旧层级命名”；若拒绝，“锚定·穿透·时间惯性裂响017的核心危机吞掉本章缓冲，arc-028无法完成门槛封口”会提前发生。,detailed-v4
chapter-0692,692,arc-028,17,失控,把异常限制在可写的物理边界内，让时间惯性暗涌交出第17个可复查证据,一次未来镜读取权，并承认时间惯性不能再被旧层级命名,锚定·穿透·宇宙膜裂响018的核心危机吞掉本章缓冲，arc-028无法完成门槛封口,为得到“把异常限制在可写的物理边界内，让时间惯性暗涌交出第17个可复查证据”，必须失去“一次未来镜读取权，并承认时间惯性不能再被旧层级命名”；若拒绝，“锚定·穿透·宇宙膜裂响018的核心危机吞掉本章缓冲，arc-028无法完成门槛封口”会提前发生。,detailed-v4
chapter-0693,693,arc-028,18,失控,把异常限制在可写的物理边界内，让宇宙膜穿刺点交出第18个可复查证据,一条可删除时间线，并承认宇宙膜不能再被旧层级命名,锚定·穿透·回放裂响019的核心危机吞掉本章缓冲，arc-028无法完成门槛封口,为得到“把异常限制在可写的物理边界内，让宇宙膜穿刺点交出第18个可复查证据”，必须失去“一条可删除时间线，并承认宇宙膜不能再被旧层级命名”；若拒绝，“锚定·穿透·回放裂响019的核心危机吞掉本章缓冲，arc-028无法完成门槛封口”会提前发生。,detailed-v4
chapter-0694,694,arc-028,19,失控,把异常限制在可写的物理边界内，让回放的局部截面交出第19个可复查证据,一层因果膜余量，并承认回放不能再被旧层级命名,锚定·穿透·锚点裂响020的核心危机吞掉本章缓冲，arc-028无法完成门槛封口,为得到“把异常限制在可写的物理边界内，让回放的局部截面交出第19个可复查证据”，必须失去“一层因果膜余量，并承认回放不能再被旧层级命名”；若拒绝，“锚定·穿透·锚点裂响020的核心危机吞掉本章缓冲，arc-028无法完成门槛封口”会提前发生。,detailed-v4
chapter-0695,695,arc-028,20,回响,让眷恋线以硬证物返回，让时间锚点的钉帽交出第20个可复查证据,一个历史灰烬样本，并承认锚点不能再被旧层级命名,锚定·穿透·时河低语021的核心危机吞掉本章缓冲，arc-028无法完成门槛封口,为得到“让眷恋线以硬证物返回，让时间锚点的钉帽交出第20个可复查证据”，必须失去“一个历史灰烬样本，并承认锚点不能再被旧层级命名”；若拒绝，“锚定·穿透·时河低语021的核心危机吞掉本章缓冲，arc-028无法完成门槛封口”会提前发生。,detailed-v4
chapter-0696,696,arc-028,21,回响,让眷恋线以硬证物返回，让时河河床交出第21个可复查证据,一次未来镜读取权，并承认时河不能再被旧层级命名,锚定·穿透·因果裂隙低语022的核心危机吞掉本章缓冲，arc-028无法完成门槛封口,为得到“让眷恋线以硬证物返回，让时河河床交出第21个可复查证据”，必须失去“一次未来镜读取权，并承认时河不能再被旧层级命名”；若拒绝，“锚定·穿透·因果裂隙低语022的核心危机吞掉本章缓冲，arc-028无法完成门槛封口”会提前发生。,detailed-v4
chapter-0697,697,arc-028,22,回响,让眷恋线以硬证物返回，让因果裂隙边缘交出第22个可复查证据,一条可删除时间线，并承认因果裂隙不能再被旧层级命名,锚定·穿透·未来镜低语023的核心危机吞掉本章缓冲，arc-028无法完成门槛封口,为得到“让眷恋线以硬证物返回，让因果裂隙边缘交出第22个可复查证据”，必须失去“一条可删除时间线，并承认因果裂隙不能再被旧层级命名”；若拒绝，“锚定·穿透·未来镜低语023的核心危机吞掉本章缓冲，arc-028无法完成门槛封口”会提前发生。,detailed-v4
chapter-0698,698,arc-028,23,门槛,把本组问题交给下一章群而不总结掉，让未来镜背面交出第23个可复查证据,一层因果膜余量，并承认未来镜不能再被旧层级命名,锚定·穿透·历史灰烬低语024的核心危机吞掉本章缓冲，arc-028无法完成门槛封口,为得到“把本组问题交给下一章群而不总结掉，让未来镜背面交出第23个可复查证据”，必须失去“一层因果膜余量，并承认未来镜不能再被旧层级命名”；若拒绝，“锚定·穿透·历史灰烬低语024的核心危机吞掉本章缓冲，arc-028无法完成门槛封口”会提前发生。,detailed-v4
chapter-0699,699,arc-028,24,门槛,把本组问题交给下一章群而不总结掉，让历史灰烬沉积层交出第24个可复查证据,一个历史灰烬样本，并承认历史灰烬不能再被旧层级命名,锚定·穿透·悖论线低语025的核心危机吞掉本章缓冲，arc-028无法完成门槛封口,为得到“把本组问题交给下一章群而不总结掉，让历史灰烬沉积层交出第24个可复查证据”，必须失去“一个历史灰烬样本，并承认历史灰烬不能再被旧层级命名”；若拒绝，“锚定·穿透·悖论线低语025的核心危机吞掉本章缓冲，arc-028无法完成门槛封口”会提前发生。,detailed-v4
chapter-0700,700,arc-028,25,门槛,把本组问题交给下一章群而不总结掉，让悖论线截面交出第25个可复查证据,一次未来镜读取权，并承认悖论线不能再被旧层级命名,锚定·穿透·删除的春天低语026的核心危机吞掉本章缓冲，arc-028无法完成门槛封口,为得到“把本组问题交给下一章群而不总结掉，让悖论线截面交出第25个可复查证据”，必须失去“一次未来镜读取权，并承认悖论线不能再被旧层级命名”；若拒绝，“锚定·穿透·删除的春天低语026的核心危机吞掉本章缓冲，arc-028无法完成门槛封口”会提前发生。,detailed-v4
chapter-0701,701,arc-029,1,起因,确认异常不是孤立事故，让删除的春天的局部截面交出第01个可复查证据,一层因果膜余量，并承认删除的春天不能再被旧层级命名,锚定·穿透·时间惯性低语027的核心危机吞掉本章缓冲，arc-029无法完成门槛封口,为得到“确认异常不是孤立事故，让删除的春天的局部截面交出第01个可复查证据”，必须失去“一层因果膜余量，并承认删除的春天不能再被旧层级命名”；若拒绝，“锚定·穿透·时间惯性低语027的核心危机吞掉本章缓冲，arc-029无法完成门槛封口”会提前发生。,detailed-v4
chapter-0702,702,arc-029,2,起因,确认异常不是孤立事故，让时间惯性暗涌交出第02个可复查证据,一个历史灰烬样本，并承认时间惯性不能再被旧层级命名,锚定·穿透·宇宙膜低语028的核心危机吞掉本章缓冲，arc-029无法完成门槛封口,为得到“确认异常不是孤立事故，让时间惯性暗涌交出第02个可复查证据”，必须失去“一个历史灰烬样本，并承认时间惯性不能再被旧层级命名”；若拒绝，“锚定·穿透·宇宙膜低语028的核心危机吞掉本章缓冲，arc-029无法完成门槛封口”会提前发生。,detailed-v4
chapter-0703,703,arc-029,3,起因,确认异常不是孤立事故，让宇宙膜穿刺点交出第03个可复查证据,一次未来镜读取权，并承认宇宙膜不能再被旧层级命名,锚定·穿透·回放低语029的核心危机吞掉本章缓冲，arc-029无法完成门槛封口,为得到“确认异常不是孤立事故，让宇宙膜穿刺点交出第03个可复查证据”，必须失去“一次未来镜读取权，并承认宇宙膜不能再被旧层级命名”；若拒绝，“锚定·穿透·回放低语029的核心危机吞掉本章缓冲，arc-029无法完成门槛封口”会提前发生。,detailed-v4
chapter-0704,704,arc-029,4,起因,确认异常不是孤立事故，让回放的局部截面交出第04个可复查证据,一条可删除时间线，并承认回放不能再被旧层级命名,锚定·穿透·锚点低语030的核心危机吞掉本章缓冲，arc-029无法完成门槛封口,为得到“确认异常不是孤立事故，让回放的局部截面交出第04个可复查证据”，必须失去“一条可删除时间线，并承认回放不能再被旧层级命名”；若拒绝，“锚定·穿透·锚点低语030的核心危机吞掉本章缓冲，arc-029无法完成门槛封口”会提前发生。,detailed-v4
chapter-0705,705,arc-029,5,反证,推翻旧模型仍可解释一切的假设，让时间锚点的钉帽交出第05个可复查证据,一层因果膜余量，并承认锚点不能再被旧层级命名,锚定·穿透·时河回潮031的核心危机吞掉本章缓冲，arc-029无法完成门槛封口,为得到“推翻旧模型仍可解释一切的假设，让时间锚点的钉帽交出第05个可复查证据”，必须失去“一层因果膜余量，并承认锚点不能再被旧层级命名”；若拒绝，“锚定·穿透·时河回潮031的核心危机吞掉本章缓冲，arc-029无法完成门槛封口”会提前发生。,detailed-v4
chapter-0706,706,arc-029,6,反证,推翻旧模型仍可解释一切的假设，让时河河床交出第06个可复查证据,一个历史灰烬样本，并承认时河不能再被旧层级命名,锚定·穿透·因果裂隙回潮032的核心危机吞掉本章缓冲，arc-029无法完成门槛封口,为得到“推翻旧模型仍可解释一切的假设，让时河河床交出第06个可复查证据”，必须失去“一个历史灰烬样本，并承认时河不能再被旧层级命名”；若拒绝，“锚定·穿透·因果裂隙回潮032的核心危机吞掉本章缓冲，arc-029无法完成门槛封口”会提前发生。,detailed-v4
chapter-0707,707,arc-029,7,反证,推翻旧模型仍可解释一切的假设，让因果裂隙边缘交出第07个可复查证据,一次未来镜读取权，并承认因果裂隙不能再被旧层级命名,锚定·穿透·未来镜回潮033的核心危机吞掉本章缓冲，arc-029无法完成门槛封口,为得到“推翻旧模型仍可解释一切的假设，让因果裂隙边缘交出第07个可复查证据”，必须失去“一次未来镜读取权，并承认因果裂隙不能再被旧层级命名”；若拒绝，“锚定·穿透·未来镜回潮033的核心危机吞掉本章缓冲，arc-029无法完成门槛封口”会提前发生。,detailed-v4
chapter-0708,708,arc-029,8,反证,推翻旧模型仍可解释一切的假设，让未来镜背面交出第08个可复查证据,一条可删除时间线，并承认未来镜不能再被旧层级命名,锚定·穿透·历史灰烬回潮034的核心危机吞掉本章缓冲，arc-029无法完成门槛封口,为得到“推翻旧模型仍可解释一切的假设，让未来镜背面交出第08个可复查证据”，必须失去“一条可删除时间线，并承认未来镜不能再被旧层级命名”；若拒绝，“锚定·穿透·历史灰烬回潮034的核心危机吞掉本章缓冲，arc-029无法完成门槛封口”会提前发生。,detailed-v4
chapter-0709,709,arc-029,9,代价,换取一次继续观测的资格，让历史灰烬沉积层交出第09个可复查证据,一层因果膜余量，并承认历史灰烬不能再被旧层级命名,锚定·穿透·悖论线回潮035的核心危机吞掉本章缓冲，arc-029无法完成门槛封口,为得到“换取一次继续观测的资格，让历史灰烬沉积层交出第09个可复查证据”，必须失去“一层因果膜余量，并承认历史灰烬不能再被旧层级命名”；若拒绝，“锚定·穿透·悖论线回潮035的核心危机吞掉本章缓冲，arc-029无法完成门槛封口”会提前发生。,detailed-v4
chapter-0710,710,arc-029,10,代价,换取一次继续观测的资格，让悖论线截面交出第10个可复查证据,一个历史灰烬样本，并承认悖论线不能再被旧层级命名,锚定·穿透·删除的春天回潮036的核心危机吞掉本章缓冲，arc-029无法完成门槛封口,为得到“换取一次继续观测的资格，让悖论线截面交出第10个可复查证据”，必须失去“一个历史灰烬样本，并承认悖论线不能再被旧层级命名”；若拒绝，“锚定·穿透·删除的春天回潮036的核心危机吞掉本章缓冲，arc-029无法完成门槛封口”会提前发生。,detailed-v4
chapter-0711,711,arc-029,11,代价,换取一次继续观测的资格，让删除的春天的局部截面交出第11个可复查证据,一次未来镜读取权，并承认删除的春天不能再被旧层级命名,锚定·穿透·时间惯性回潮037的核心危机吞掉本章缓冲，arc-029无法完成门槛封口,为得到“换取一次继续观测的资格，让删除的春天的局部截面交出第11个可复查证据”，必须失去“一次未来镜读取权，并承认删除的春天不能再被旧层级命名”；若拒绝，“锚定·穿透·时间惯性回潮037的核心危机吞掉本章缓冲，arc-029无法完成门槛封口”会提前发生。,detailed-v4
chapter-0712,712,arc-029,12,误判,暴露角色仍误信的判断方式，让时间惯性暗涌交出第12个可复查证据,一条可删除时间线，并承认时间惯性不能再被旧层级命名,锚定·穿透·宇宙膜回潮038的核心危机吞掉本章缓冲，arc-029无法完成门槛封口,为得到“暴露角色仍误信的判断方式，让时间惯性暗涌交出第12个可复查证据”，必须失去“一条可删除时间线，并承认时间惯性不能再被旧层级命名”；若拒绝，“锚定·穿透·宇宙膜回潮038的核心危机吞掉本章缓冲，arc-029无法完成门槛封口”会提前发生。,detailed-v4
chapter-0713,713,arc-029,13,误判,暴露角色仍误信的判断方式，让宇宙膜穿刺点交出第13个可复查证据,一层因果膜余量，并承认宇宙膜不能再被旧层级命名,锚定·穿透·回放回潮039的核心危机吞掉本章缓冲，arc-029无法完成门槛封口,为得到“暴露角色仍误信的判断方式，让宇宙膜穿刺点交出第13个可复查证据”，必须失去“一层因果膜余量，并承认宇宙膜不能再被旧层级命名”；若拒绝，“锚定·穿透·回放回潮039的核心危机吞掉本章缓冲，arc-029无法完成门槛封口”会提前发生。,detailed-v4
chapter-0714,714,arc-029,14,误判,暴露角色仍误信的判断方式，让回放的局部截面交出第14个可复查证据,一个历史灰烬样本，并承认回放不能再被旧层级命名,锚定·穿透·锚点回潮040的核心危机吞掉本章缓冲，arc-029无法完成门槛封口,为得到“暴露角色仍误信的判断方式，让回放的局部截面交出第14个可复查证据”，必须失去“一个历史灰烬样本，并承认回放不能再被旧层级命名”；若拒绝，“锚定·穿透·锚点回潮040的核心危机吞掉本章缓冲，arc-029无法完成门槛封口”会提前发生。,detailed-v4
chapter-0715,715,arc-029,15,误判,暴露角色仍误信的判断方式，让时间锚点的钉帽交出第15个可复查证据,一次未来镜读取权，并承认锚点不能再被旧层级命名,锚定·穿透·时河折光041的核心危机吞掉本章缓冲，arc-029无法完成门槛封口,为得到“暴露角色仍误信的判断方式，让时间锚点的钉帽交出第15个可复查证据”，必须失去“一次未来镜读取权，并承认锚点不能再被旧层级命名”；若拒绝，“锚定·穿透·时河折光041的核心危机吞掉本章缓冲，arc-029无法完成门槛封口”会提前发生。,detailed-v4
chapter-0716,716,arc-029,16,失控,把异常限制在可写的物理边界内，让时河河床交出第16个可复查证据,一条可删除时间线，并承认时河不能再被旧层级命名,锚定·穿透·因果裂隙折光042的核心危机吞掉本章缓冲，arc-029无法完成门槛封口,为得到“把异常限制在可写的物理边界内，让时河河床交出第16个可复查证据”，必须失去“一条可删除时间线，并承认时河不能再被旧层级命名”；若拒绝，“锚定·穿透·因果裂隙折光042的核心危机吞掉本章缓冲，arc-029无法完成门槛封口”会提前发生。,detailed-v4
chapter-0717,717,arc-029,17,失控,把异常限制在可写的物理边界内，让因果裂隙边缘交出第17个可复查证据,一层因果膜余量，并承认因果裂隙不能再被旧层级命名,锚定·穿透·未来镜折光043的核心危机吞掉本章缓冲，arc-029无法完成门槛封口,为得到“把异常限制在可写的物理边界内，让因果裂隙边缘交出第17个可复查证据”，必须失去“一层因果膜余量，并承认因果裂隙不能再被旧层级命名”；若拒绝，“锚定·穿透·未来镜折光043的核心危机吞掉本章缓冲，arc-029无法完成门槛封口”会提前发生。,detailed-v4
chapter-0718,718,arc-029,18,失控,把异常限制在可写的物理边界内，让未来镜背面交出第18个可复查证据,一个历史灰烬样本，并承认未来镜不能再被旧层级命名,锚定·穿透·历史灰烬折光044的核心危机吞掉本章缓冲，arc-029无法完成门槛封口,为得到“把异常限制在可写的物理边界内，让未来镜背面交出第18个可复查证据”，必须失去“一个历史灰烬样本，并承认未来镜不能再被旧层级命名”；若拒绝，“锚定·穿透·历史灰烬折光044的核心危机吞掉本章缓冲，arc-029无法完成门槛封口”会提前发生。,detailed-v4
chapter-0719,719,arc-029,19,失控,把异常限制在可写的物理边界内，让历史灰烬沉积层交出第19个可复查证据,一次未来镜读取权，并承认历史灰烬不能再被旧层级命名,锚定·穿透·悖论线折光045的核心危机吞掉本章缓冲，arc-029无法完成门槛封口,为得到“把异常限制在可写的物理边界内，让历史灰烬沉积层交出第19个可复查证据”，必须失去“一次未来镜读取权，并承认历史灰烬不能再被旧层级命名”；若拒绝，“锚定·穿透·悖论线折光045的核心危机吞掉本章缓冲，arc-029无法完成门槛封口”会提前发生。,detailed-v4
chapter-0720,720,arc-029,20,回响,让眷恋线以硬证物返回，让悖论线截面交出第20个可复查证据,一条可删除时间线，并承认悖论线不能再被旧层级命名,锚定·穿透·删除的春天折光046的核心危机吞掉本章缓冲，arc-029无法完成门槛封口,为得到“让眷恋线以硬证物返回，让悖论线截面交出第20个可复查证据”，必须失去“一条可删除时间线，并承认悖论线不能再被旧层级命名”；若拒绝，“锚定·穿透·删除的春天折光046的核心危机吞掉本章缓冲，arc-029无法完成门槛封口”会提前发生。,detailed-v4
chapter-0721,721,arc-029,21,回响,让眷恋线以硬证物返回，让删除的春天的局部截面交出第21个可复查证据,一层因果膜余量，并承认删除的春天不能再被旧层级命名,锚定·穿透·时间惯性折光047的核心危机吞掉本章缓冲，arc-029无法完成门槛封口,为得到“让眷恋线以硬证物返回，让删除的春天的局部截面交出第21个可复查证据”，必须失去“一层因果膜余量，并承认删除的春天不能再被旧层级命名”；若拒绝，“锚定·穿透·时间惯性折光047的核心危机吞掉本章缓冲，arc-029无法完成门槛封口”会提前发生。,detailed-v4
chapter-0722,722,arc-029,22,回响,让眷恋线以硬证物返回，让时间惯性暗涌交出第22个可复查证据,一个历史灰烬样本，并承认时间惯性不能再被旧层级命名,锚定·穿透·宇宙膜折光048的核心危机吞掉本章缓冲，arc-029无法完成门槛封口,为得到“让眷恋线以硬证物返回，让时间惯性暗涌交出第22个可复查证据”，必须失去“一个历史灰烬样本，并承认时间惯性不能再被旧层级命名”；若拒绝，“锚定·穿透·宇宙膜折光048的核心危机吞掉本章缓冲，arc-029无法完成门槛封口”会提前发生。,detailed-v4
chapter-0723,723,arc-029,23,门槛,把本组问题交给下一章群而不总结掉，让宇宙膜穿刺点交出第23个可复查证据,一次未来镜读取权，并承认宇宙膜不能再被旧层级命名,锚定·穿透·回放折光049的核心危机吞掉本章缓冲，arc-029无法完成门槛封口,为得到“把本组问题交给下一章群而不总结掉，让宇宙膜穿刺点交出第23个可复查证据”，必须失去“一次未来镜读取权，并承认宇宙膜不能再被旧层级命名”；若拒绝，“锚定·穿透·回放折光049的核心危机吞掉本章缓冲，arc-029无法完成门槛封口”会提前发生。,detailed-v4
chapter-0724,724,arc-029,24,门槛,把本组问题交给下一章群而不总结掉，让回放的局部截面交出第24个可复查证据,一条可删除时间线，并承认回放不能再被旧层级命名,锚定·穿透·锚点折光050的核心危机吞掉本章缓冲，arc-029无法完成门槛封口,为得到“把本组问题交给下一章群而不总结掉，让回放的局部截面交出第24个可复查证据”，必须失去“一条可删除时间线，并承认回放不能再被旧层级命名”；若拒绝，“锚定·穿透·锚点折光050的核心危机吞掉本章缓冲，arc-029无法完成门槛封口”会提前发生。,detailed-v4
chapter-0725,725,arc-029,25,门槛,把本组问题交给下一章群而不总结掉，让时间锚点的钉帽交出第25个可复查证据,一层因果膜余量，并承认锚点不能再被旧层级命名,锚定·穿透·时河暗涌051的核心危机吞掉本章缓冲，arc-029无法完成门槛封口,为得到“把本组问题交给下一章群而不总结掉，让时间锚点的钉帽交出第25个可复查证据”，必须失去“一层因果膜余量，并承认锚点不能再被旧层级命名”；若拒绝，“锚定·穿透·时河暗涌051的核心危机吞掉本章缓冲，arc-029无法完成门槛封口”会提前发生。,detailed-v4
chapter-0726,726,arc-030,1,起因,确认异常不是孤立事故，让时河河床交出第01个可复查证据,一次未来镜读取权，并承认时河不能再被旧层级命名,锚定·穿透·因果裂隙暗涌052的核心危机吞掉本章缓冲，arc-030无法完成门槛封口,为得到“确认异常不是孤立事故，让时河河床交出第01个可复查证据”，必须失去“一次未来镜读取权，并承认时河不能再被旧层级命名”；若拒绝，“锚定·穿透·因果裂隙暗涌052的核心危机吞掉本章缓冲，arc-030无法完成门槛封口”会提前发生。,detailed-v4
chapter-0727,727,arc-030,2,起因,确认异常不是孤立事故，让因果裂隙边缘交出第02个可复查证据,一条可删除时间线，并承认因果裂隙不能再被旧层级命名,锚定·穿透·未来镜暗涌053的核心危机吞掉本章缓冲，arc-030无法完成门槛封口,为得到“确认异常不是孤立事故，让因果裂隙边缘交出第02个可复查证据”，必须失去“一条可删除时间线，并承认因果裂隙不能再被旧层级命名”；若拒绝，“锚定·穿透·未来镜暗涌053的核心危机吞掉本章缓冲，arc-030无法完成门槛封口”会提前发生。,detailed-v4
chapter-0728,728,arc-030,3,起因,确认异常不是孤立事故，让未来镜背面交出第03个可复查证据,一层因果膜余量，并承认未来镜不能再被旧层级命名,锚定·穿透·历史灰烬暗涌054的核心危机吞掉本章缓冲，arc-030无法完成门槛封口,为得到“确认异常不是孤立事故，让未来镜背面交出第03个可复查证据”，必须失去“一层因果膜余量，并承认未来镜不能再被旧层级命名”；若拒绝，“锚定·穿透·历史灰烬暗涌054的核心危机吞掉本章缓冲，arc-030无法完成门槛封口”会提前发生。,detailed-v4
chapter-0729,729,arc-030,4,起因,确认异常不是孤立事故，让历史灰烬沉积层交出第04个可复查证据,一个历史灰烬样本，并承认历史灰烬不能再被旧层级命名,锚定·穿透·悖论线暗涌055的核心危机吞掉本章缓冲，arc-030无法完成门槛封口,为得到“确认异常不是孤立事故，让历史灰烬沉积层交出第04个可复查证据”，必须失去“一个历史灰烬样本，并承认历史灰烬不能再被旧层级命名”；若拒绝，“锚定·穿透·悖论线暗涌055的核心危机吞掉本章缓冲，arc-030无法完成门槛封口”会提前发生。,detailed-v4
chapter-0730,730,arc-030,5,反证,推翻旧模型仍可解释一切的假设，让悖论线截面交出第05个可复查证据,一次未来镜读取权，并承认悖论线不能再被旧层级命名,锚定·穿透·删除的春天暗涌056的核心危机吞掉本章缓冲，arc-030无法完成门槛封口,为得到“推翻旧模型仍可解释一切的假设，让悖论线截面交出第05个可复查证据”，必须失去“一次未来镜读取权，并承认悖论线不能再被旧层级命名”；若拒绝，“锚定·穿透·删除的春天暗涌056的核心危机吞掉本章缓冲，arc-030无法完成门槛封口”会提前发生。,detailed-v4
chapter-0731,731,arc-030,6,反证,推翻旧模型仍可解释一切的假设，让删除的春天的局部截面交出第06个可复查证据,一条可删除时间线，并承认删除的春天不能再被旧层级命名,锚定·穿透·时间惯性暗涌057的核心危机吞掉本章缓冲，arc-030无法完成门槛封口,为得到“推翻旧模型仍可解释一切的假设，让删除的春天的局部截面交出第06个可复查证据”，必须失去“一条可删除时间线，并承认删除的春天不能再被旧层级命名”；若拒绝，“锚定·穿透·时间惯性暗涌057的核心危机吞掉本章缓冲，arc-030无法完成门槛封口”会提前发生。,detailed-v4
chapter-0732,732,arc-030,7,反证,推翻旧模型仍可解释一切的假设，让时间惯性暗涌交出第07个可复查证据,一层因果膜余量，并承认时间惯性不能再被旧层级命名,锚定·穿透·宇宙膜暗涌058的核心危机吞掉本章缓冲，arc-030无法完成门槛封口,为得到“推翻旧模型仍可解释一切的假设，让时间惯性暗涌交出第07个可复查证据”，必须失去“一层因果膜余量，并承认时间惯性不能再被旧层级命名”；若拒绝，“锚定·穿透·宇宙膜暗涌058的核心危机吞掉本章缓冲，arc-030无法完成门槛封口”会提前发生。,detailed-v4
chapter-0733,733,arc-030,8,反证,推翻旧模型仍可解释一切的假设，让宇宙膜穿刺点交出第08个可复查证据,一个历史灰烬样本，并承认宇宙膜不能再被旧层级命名,锚定·穿透·回放暗涌059的核心危机吞掉本章缓冲，arc-030无法完成门槛封口,为得到“推翻旧模型仍可解释一切的假设，让宇宙膜穿刺点交出第08个可复查证据”，必须失去“一个历史灰烬样本，并承认宇宙膜不能再被旧层级命名”；若拒绝，“锚定·穿透·回放暗涌059的核心危机吞掉本章缓冲，arc-030无法完成门槛封口”会提前发生。,detailed-v4
chapter-0734,734,arc-030,9,代价,换取一次继续观测的资格，让回放的局部截面交出第09个可复查证据,一次未来镜读取权，并承认回放不能再被旧层级命名,锚定·穿透·锚点暗涌060的核心危机吞掉本章缓冲，arc-030无法完成门槛封口,为得到“换取一次继续观测的资格，让回放的局部截面交出第09个可复查证据”，必须失去“一次未来镜读取权，并承认回放不能再被旧层级命名”；若拒绝，“锚定·穿透·锚点暗涌060的核心危机吞掉本章缓冲，arc-030无法完成门槛封口”会提前发生。,detailed-v4
chapter-0735,735,arc-030,10,代价,换取一次继续观测的资格，让时间锚点的钉帽交出第10个可复查证据,一条可删除时间线，并承认锚点不能再被旧层级命名,锚定·穿透·时河证词061的核心危机吞掉本章缓冲，arc-030无法完成门槛封口,为得到“换取一次继续观测的资格，让时间锚点的钉帽交出第10个可复查证据”，必须失去“一条可删除时间线，并承认锚点不能再被旧层级命名”；若拒绝，“锚定·穿透·时河证词061的核心危机吞掉本章缓冲，arc-030无法完成门槛封口”会提前发生。,detailed-v4
chapter-0736,736,arc-030,11,代价,换取一次继续观测的资格，让时河河床交出第11个可复查证据,一层因果膜余量，并承认时河不能再被旧层级命名,锚定·穿透·因果裂隙证词062的核心危机吞掉本章缓冲，arc-030无法完成门槛封口,为得到“换取一次继续观测的资格，让时河河床交出第11个可复查证据”，必须失去“一层因果膜余量，并承认时河不能再被旧层级命名”；若拒绝，“锚定·穿透·因果裂隙证词062的核心危机吞掉本章缓冲，arc-030无法完成门槛封口”会提前发生。,detailed-v4
chapter-0737,737,arc-030,12,误判,暴露角色仍误信的判断方式，让因果裂隙边缘交出第12个可复查证据,一个历史灰烬样本，并承认因果裂隙不能再被旧层级命名,锚定·穿透·未来镜证词063的核心危机吞掉本章缓冲，arc-030无法完成门槛封口,为得到“暴露角色仍误信的判断方式，让因果裂隙边缘交出第12个可复查证据”，必须失去“一个历史灰烬样本，并承认因果裂隙不能再被旧层级命名”；若拒绝，“锚定·穿透·未来镜证词063的核心危机吞掉本章缓冲，arc-030无法完成门槛封口”会提前发生。,detailed-v4
chapter-0738,738,arc-030,13,误判,暴露角色仍误信的判断方式，让未来镜背面交出第13个可复查证据,一次未来镜读取权，并承认未来镜不能再被旧层级命名,锚定·穿透·历史灰烬证词064的核心危机吞掉本章缓冲，arc-030无法完成门槛封口,为得到“暴露角色仍误信的判断方式，让未来镜背面交出第13个可复查证据”，必须失去“一次未来镜读取权，并承认未来镜不能再被旧层级命名”；若拒绝，“锚定·穿透·历史灰烬证词064的核心危机吞掉本章缓冲，arc-030无法完成门槛封口”会提前发生。,detailed-v4
chapter-0739,739,arc-030,14,误判,暴露角色仍误信的判断方式，让历史灰烬沉积层交出第14个可复查证据,一条可删除时间线，并承认历史灰烬不能再被旧层级命名,锚定·穿透·悖论线证词065的核心危机吞掉本章缓冲，arc-030无法完成门槛封口,为得到“暴露角色仍误信的判断方式，让历史灰烬沉积层交出第14个可复查证据”，必须失去“一条可删除时间线，并承认历史灰烬不能再被旧层级命名”；若拒绝，“锚定·穿透·悖论线证词065的核心危机吞掉本章缓冲，arc-030无法完成门槛封口”会提前发生。,detailed-v4
chapter-0740,740,arc-030,15,误判,暴露角色仍误信的判断方式，让悖论线截面交出第15个可复查证据,一层因果膜余量，并承认悖论线不能再被旧层级命名,锚定·穿透·删除的春天证词066的核心危机吞掉本章缓冲，arc-030无法完成门槛封口,为得到“暴露角色仍误信的判断方式，让悖论线截面交出第15个可复查证据”，必须失去“一层因果膜余量，并承认悖论线不能再被旧层级命名”；若拒绝，“锚定·穿透·删除的春天证词066的核心危机吞掉本章缓冲，arc-030无法完成门槛封口”会提前发生。,detailed-v4
chapter-0741,741,arc-030,16,失控,把异常限制在可写的物理边界内，让删除的春天的局部截面交出第16个可复查证据,一个历史灰烬样本，并承认删除的春天不能再被旧层级命名,锚定·穿透·时间惯性证词067的核心危机吞掉本章缓冲，arc-030无法完成门槛封口,为得到“把异常限制在可写的物理边界内，让删除的春天的局部截面交出第16个可复查证据”，必须失去“一个历史灰烬样本，并承认删除的春天不能再被旧层级命名”；若拒绝，“锚定·穿透·时间惯性证词067的核心危机吞掉本章缓冲，arc-030无法完成门槛封口”会提前发生。,detailed-v4
chapter-0742,742,arc-030,17,失控,把异常限制在可写的物理边界内，让时间惯性暗涌交出第17个可复查证据,一次未来镜读取权，并承认时间惯性不能再被旧层级命名,锚定·穿透·宇宙膜证词068的核心危机吞掉本章缓冲，arc-030无法完成门槛封口,为得到“把异常限制在可写的物理边界内，让时间惯性暗涌交出第17个可复查证据”，必须失去“一次未来镜读取权，并承认时间惯性不能再被旧层级命名”；若拒绝，“锚定·穿透·宇宙膜证词068的核心危机吞掉本章缓冲，arc-030无法完成门槛封口”会提前发生。,detailed-v4
chapter-0743,743,arc-030,18,失控,把异常限制在可写的物理边界内，让宇宙膜穿刺点交出第18个可复查证据,一条可删除时间线，并承认宇宙膜不能再被旧层级命名,锚定·穿透·回放证词069的核心危机吞掉本章缓冲，arc-030无法完成门槛封口,为得到“把异常限制在可写的物理边界内，让宇宙膜穿刺点交出第18个可复查证据”，必须失去“一条可删除时间线，并承认宇宙膜不能再被旧层级命名”；若拒绝，“锚定·穿透·回放证词069的核心危机吞掉本章缓冲，arc-030无法完成门槛封口”会提前发生。,detailed-v4
chapter-0744,744,arc-030,19,失控,把异常限制在可写的物理边界内，让回放的局部截面交出第19个可复查证据,一层因果膜余量，并承认回放不能再被旧层级命名,锚定·穿透·锚点证词070的核心危机吞掉本章缓冲，arc-030无法完成门槛封口,为得到“把异常限制在可写的物理边界内，让回放的局部截面交出第19个可复查证据”，必须失去“一层因果膜余量，并承认回放不能再被旧层级命名”；若拒绝，“锚定·穿透·锚点证词070的核心危机吞掉本章缓冲，arc-030无法完成门槛封口”会提前发生。,detailed-v4
chapter-0745,745,arc-030,20,回响,让眷恋线以硬证物返回，让时间锚点的钉帽交出第20个可复查证据,一个历史灰烬样本，并承认锚点不能再被旧层级命名,锚定·穿透·时河坠落071的核心危机吞掉本章缓冲，arc-030无法完成门槛封口,为得到“让眷恋线以硬证物返回，让时间锚点的钉帽交出第20个可复查证据”，必须失去“一个历史灰烬样本，并承认锚点不能再被旧层级命名”；若拒绝，“锚定·穿透·时河坠落071的核心危机吞掉本章缓冲，arc-030无法完成门槛封口”会提前发生。,detailed-v4
chapter-0746,746,arc-030,21,回响,让眷恋线以硬证物返回，让时河河床交出第21个可复查证据,一次未来镜读取权，并承认时河不能再被旧层级命名,锚定·穿透·因果裂隙坠落072的核心危机吞掉本章缓冲，arc-030无法完成门槛封口,为得到“让眷恋线以硬证物返回，让时河河床交出第21个可复查证据”，必须失去“一次未来镜读取权，并承认时河不能再被旧层级命名”；若拒绝，“锚定·穿透·因果裂隙坠落072的核心危机吞掉本章缓冲，arc-030无法完成门槛封口”会提前发生。,detailed-v4
chapter-0747,747,arc-030,22,回响,让眷恋线以硬证物返回，让因果裂隙边缘交出第22个可复查证据,一条可删除时间线，并承认因果裂隙不能再被旧层级命名,锚定·穿透·未来镜坠落073的核心危机吞掉本章缓冲，arc-030无法完成门槛封口,为得到“让眷恋线以硬证物返回，让因果裂隙边缘交出第22个可复查证据”，必须失去“一条可删除时间线，并承认因果裂隙不能再被旧层级命名”；若拒绝，“锚定·穿透·未来镜坠落073的核心危机吞掉本章缓冲，arc-030无法完成门槛封口”会提前发生。,detailed-v4
chapter-0748,748,arc-030,23,门槛,把本组问题交给下一章群而不总结掉，让未来镜背面交出第23个可复查证据,一层因果膜余量，并承认未来镜不能再被旧层级命名,锚定·穿透·历史灰烬坠落074的核心危机吞掉本章缓冲，arc-030无法完成门槛封口,为得到“把本组问题交给下一章群而不总结掉，让未来镜背面交出第23个可复查证据”，必须失去“一层因果膜余量，并承认未来镜不能再被旧层级命名”；若拒绝，“锚定·穿透·历史灰烬坠落074的核心危机吞掉本章缓冲，arc-030无法完成门槛封口”会提前发生。,detailed-v4
chapter-0749,749,arc-030,24,门槛,把本组问题交给下一章群而不总结掉，让历史灰烬沉积层交出第24个可复查证据,一个历史灰烬样本，并承认历史灰烬不能再被旧层级命名,锚定·穿透·悖论线坠落075的核心危机吞掉本章缓冲，arc-030无法完成门槛封口,为得到“把本组问题交给下一章群而不总结掉，让历史灰烬沉积层交出第24个可复查证据”，必须失去“一个历史灰烬样本，并承认历史灰烬不能再被旧层级命名”；若拒绝，“锚定·穿透·悖论线坠落075的核心危机吞掉本章缓冲，arc-030无法完成门槛封口”会提前发生。,detailed-v4
chapter-0750,750,arc-030,25,门槛,把本组问题交给下一章群而不总结掉，让悖论线截面交出第25个可复查证据,一次未来镜读取权，并承认悖论线不能再被旧层级命名,锚定·穿透·删除的春天坠落076的核心危机吞掉本章缓冲，arc-030无法完成门槛封口,为得到“把本组问题交给下一章群而不总结掉，让悖论线截面交出第25个可复查证据”，必须失去“一次未来镜读取权，并承认悖论线不能再被旧层级命名”；若拒绝，“锚定·穿透·删除的春天坠落076的核心危机吞掉本章缓冲，arc-030无法完成门槛封口”会提前发生。,detailed-v4
chapter-0751,751,arc-031,1,起因,确认异常不是孤立事故，让删除的春天的局部截面交出第01个可复查证据,一层因果膜余量，并承认删除的春天不能再被旧层级命名,锚定·穿透·时间惯性坠落077的核心危机吞掉本章缓冲，arc-031无法完成门槛封口,为得到“确认异常不是孤立事故，让删除的春天的局部截面交出第01个可复查证据”，必须失去“一层因果膜余量，并承认删除的春天不能再被旧层级命名”；若拒绝，“锚定·穿透·时间惯性坠落077的核心危机吞掉本章缓冲，arc-031无法完成门槛封口”会提前发生。,detailed-v4
chapter-0752,752,arc-031,2,起因,确认异常不是孤立事故，让时间惯性暗涌交出第02个可复查证据,一个历史灰烬样本，并承认时间惯性不能再被旧层级命名,锚定·穿透·宇宙膜坠落078的核心危机吞掉本章缓冲，arc-031无法完成门槛封口,为得到“确认异常不是孤立事故，让时间惯性暗涌交出第02个可复查证据”，必须失去“一个历史灰烬样本，并承认时间惯性不能再被旧层级命名”；若拒绝，“锚定·穿透·宇宙膜坠落078的核心危机吞掉本章缓冲，arc-031无法完成门槛封口”会提前发生。,detailed-v4
chapter-0753,753,arc-031,3,起因,确认异常不是孤立事故，让宇宙膜穿刺点交出第03个可复查证据,一次未来镜读取权，并承认宇宙膜不能再被旧层级命名,锚定·穿透·回放坠落079的核心危机吞掉本章缓冲，arc-031无法完成门槛封口,为得到“确认异常不是孤立事故，让宇宙膜穿刺点交出第03个可复查证据”，必须失去“一次未来镜读取权，并承认宇宙膜不能再被旧层级命名”；若拒绝，“锚定·穿透·回放坠落079的核心危机吞掉本章缓冲，arc-031无法完成门槛封口”会提前发生。,detailed-v4
chapter-0754,754,arc-031,4,起因,确认异常不是孤立事故，让回放的局部截面交出第04个可复查证据,一条可删除时间线，并承认回放不能再被旧层级命名,锚定·穿透·锚点坠落080的核心危机吞掉本章缓冲，arc-031无法完成门槛封口,为得到“确认异常不是孤立事故，让回放的局部截面交出第04个可复查证据”，必须失去“一条可删除时间线，并承认回放不能再被旧层级命名”；若拒绝，“锚定·穿透·锚点坠落080的核心危机吞掉本章缓冲，arc-031无法完成门槛封口”会提前发生。,detailed-v4
chapter-0755,755,arc-031,5,反证,推翻旧模型仍可解释一切的假设，让时间锚点的钉帽交出第05个可复查证据,一层因果膜余量，并承认锚点不能再被旧层级命名,锚定·穿透·时河重构081的核心危机吞掉本章缓冲，arc-031无法完成门槛封口,为得到“推翻旧模型仍可解释一切的假设，让时间锚点的钉帽交出第05个可复查证据”，必须失去“一层因果膜余量，并承认锚点不能再被旧层级命名”；若拒绝，“锚定·穿透·时河重构081的核心危机吞掉本章缓冲，arc-031无法完成门槛封口”会提前发生。,detailed-v4
chapter-0756,756,arc-031,6,反证,推翻旧模型仍可解释一切的假设，让时河重构的局部截面交出第06个可复查证据,一个历史灰烬样本，并承认时河重构不能再被旧层级命名,锚定·穿透·因果裂隙重构082的核心危机吞掉本章缓冲，arc-031无法完成门槛封口,为得到“推翻旧模型仍可解释一切的假设，让时河重构的局部截面交出第06个可复查证据”，必须失去“一个历史灰烬样本，并承认时河重构不能再被旧层级命名”；若拒绝，“锚定·穿透·因果裂隙重构082的核心危机吞掉本章缓冲，arc-031无法完成门槛封口”会提前发生。,detailed-v4
chapter-0757,757,arc-031,7,反证,推翻旧模型仍可解释一切的假设，让因果裂隙重构的局部截面交出第07个可复查证据,一次未来镜读取权，并承认因果裂隙重构不能再被旧层级命名,锚定·穿透·未来镜重构083的核心危机吞掉本章缓冲，arc-031无法完成门槛封口,为得到“推翻旧模型仍可解释一切的假设，让因果裂隙重构的局部截面交出第07个可复查证据”，必须失去“一次未来镜读取权，并承认因果裂隙重构不能再被旧层级命名”；若拒绝，“锚定·穿透·未来镜重构083的核心危机吞掉本章缓冲，arc-031无法完成门槛封口”会提前发生。,detailed-v4
chapter-0758,758,arc-031,8,反证,推翻旧模型仍可解释一切的假设，让未来镜重构的局部截面交出第08个可复查证据,一条可删除时间线，并承认未来镜重构不能再被旧层级命名,锚定·穿透·历史灰烬重构084的核心危机吞掉本章缓冲，arc-031无法完成门槛封口,为得到“推翻旧模型仍可解释一切的假设，让未来镜重构的局部截面交出第08个可复查证据”，必须失去“一条可删除时间线，并承认未来镜重构不能再被旧层级命名”；若拒绝，“锚定·穿透·历史灰烬重构084的核心危机吞掉本章缓冲，arc-031无法完成门槛封口”会提前发生。,detailed-v4
chapter-0759,759,arc-031,9,代价,换取一次继续观测的资格，让历史灰烬重构的局部截面交出第09个可复查证据,一层因果膜余量，并承认历史灰烬重构不能再被旧层级命名,锚定·穿透·悖论线重构085的核心危机吞掉本章缓冲，arc-031无法完成门槛封口,为得到“换取一次继续观测的资格，让历史灰烬重构的局部截面交出第09个可复查证据”，必须失去“一层因果膜余量，并承认历史灰烬重构不能再被旧层级命名”；若拒绝，“锚定·穿透·悖论线重构085的核心危机吞掉本章缓冲，arc-031无法完成门槛封口”会提前发生。,detailed-v4
chapter-0760,760,arc-031,10,代价,换取一次继续观测的资格，让悖论线重构的局部截面交出第10个可复查证据,一个历史灰烬样本，并承认悖论线重构不能再被旧层级命名,锚定·穿透·删除的春天重构086的核心危机吞掉本章缓冲，arc-031无法完成门槛封口,为得到“换取一次继续观测的资格，让悖论线重构的局部截面交出第10个可复查证据”，必须失去“一个历史灰烬样本，并承认悖论线重构不能再被旧层级命名”；若拒绝，“锚定·穿透·删除的春天重构086的核心危机吞掉本章缓冲，arc-031无法完成门槛封口”会提前发生。,detailed-v4
chapter-0761,761,arc-031,11,代价,换取一次继续观测的资格，让删除的春天重构的局部截面交出第11个可复查证据,一次未来镜读取权，并承认删除的春天重构不能再被旧层级命名,锚定·穿透·时间惯性重构087的核心危机吞掉本章缓冲，arc-031无法完成门槛封口,为得到“换取一次继续观测的资格，让删除的春天重构的局部截面交出第11个可复查证据”，必须失去“一次未来镜读取权，并承认删除的春天重构不能再被旧层级命名”；若拒绝，“锚定·穿透·时间惯性重构087的核心危机吞掉本章缓冲，arc-031无法完成门槛封口”会提前发生。,detailed-v4
chapter-0762,762,arc-031,12,误判,暴露角色仍误信的判断方式，让时间惯性重构的局部截面交出第12个可复查证据,一条可删除时间线，并承认时间惯性重构不能再被旧层级命名,锚定·穿透·宇宙膜重构088的核心危机吞掉本章缓冲，arc-031无法完成门槛封口,为得到“暴露角色仍误信的判断方式，让时间惯性重构的局部截面交出第12个可复查证据”，必须失去“一条可删除时间线，并承认时间惯性重构不能再被旧层级命名”；若拒绝，“锚定·穿透·宇宙膜重构088的核心危机吞掉本章缓冲，arc-031无法完成门槛封口”会提前发生。,detailed-v4
chapter-0763,763,arc-031,13,误判,暴露角色仍误信的判断方式，让宇宙膜重构的局部截面交出第13个可复查证据,一层因果膜余量，并承认宇宙膜重构不能再被旧层级命名,锚定·穿透·回放重构089的核心危机吞掉本章缓冲，arc-031无法完成门槛封口,为得到“暴露角色仍误信的判断方式，让宇宙膜重构的局部截面交出第13个可复查证据”，必须失去“一层因果膜余量，并承认宇宙膜重构不能再被旧层级命名”；若拒绝，“锚定·穿透·回放重构089的核心危机吞掉本章缓冲，arc-031无法完成门槛封口”会提前发生。,detailed-v4
chapter-0764,764,arc-031,14,误判,暴露角色仍误信的判断方式，让回放重构的局部截面交出第14个可复查证据,一个历史灰烬样本，并承认回放重构不能再被旧层级命名,锚定·穿透·锚点重构090的核心危机吞掉本章缓冲，arc-031无法完成门槛封口,为得到“暴露角色仍误信的判断方式，让回放重构的局部截面交出第14个可复查证据”，必须失去“一个历史灰烬样本，并承认回放重构不能再被旧层级命名”；若拒绝，“锚定·穿透·锚点重构090的核心危机吞掉本章缓冲，arc-031无法完成门槛封口”会提前发生。,detailed-v4
chapter-0765,765,arc-031,15,误判,暴露角色仍误信的判断方式，让锚点重构的局部截面交出第15个可复查证据,一次未来镜读取权，并承认锚点重构不能再被旧层级命名,锚定·穿透·时河余震091的核心危机吞掉本章缓冲，arc-031无法完成门槛封口,为得到“暴露角色仍误信的判断方式，让锚点重构的局部截面交出第15个可复查证据”，必须失去“一次未来镜读取权，并承认锚点重构不能再被旧层级命名”；若拒绝，“锚定·穿透·时河余震091的核心危机吞掉本章缓冲，arc-031无法完成门槛封口”会提前发生。,detailed-v4
chapter-0766,766,arc-031,16,失控,把异常限制在可写的物理边界内，让时河河床交出第16个可复查证据,一条可删除时间线，并承认时河不能再被旧层级命名,锚定·穿透·因果裂隙余震092的核心危机吞掉本章缓冲，arc-031无法完成门槛封口,为得到“把异常限制在可写的物理边界内，让时河河床交出第16个可复查证据”，必须失去“一条可删除时间线，并承认时河不能再被旧层级命名”；若拒绝，“锚定·穿透·因果裂隙余震092的核心危机吞掉本章缓冲，arc-031无法完成门槛封口”会提前发生。,detailed-v4
chapter-0767,767,arc-031,17,失控,把异常限制在可写的物理边界内，让因果裂隙边缘交出第17个可复查证据,一层因果膜余量，并承认因果裂隙不能再被旧层级命名,锚定·穿透·未来镜余震093的核心危机吞掉本章缓冲，arc-031无法完成门槛封口,为得到“把异常限制在可写的物理边界内，让因果裂隙边缘交出第17个可复查证据”，必须失去“一层因果膜余量，并承认因果裂隙不能再被旧层级命名”；若拒绝，“锚定·穿透·未来镜余震093的核心危机吞掉本章缓冲，arc-031无法完成门槛封口”会提前发生。,detailed-v4
chapter-0768,768,arc-031,18,失控,把异常限制在可写的物理边界内，让未来镜背面交出第18个可复查证据,一个历史灰烬样本，并承认未来镜不能再被旧层级命名,锚定·穿透·历史灰烬余震094的核心危机吞掉本章缓冲，arc-031无法完成门槛封口,为得到“把异常限制在可写的物理边界内，让未来镜背面交出第18个可复查证据”，必须失去“一个历史灰烬样本，并承认未来镜不能再被旧层级命名”；若拒绝，“锚定·穿透·历史灰烬余震094的核心危机吞掉本章缓冲，arc-031无法完成门槛封口”会提前发生。,detailed-v4
chapter-0769,769,arc-031,19,失控,把异常限制在可写的物理边界内，让历史灰烬沉积层交出第19个可复查证据,一次未来镜读取权，并承认历史灰烬不能再被旧层级命名,锚定·穿透·悖论线余震095的核心危机吞掉本章缓冲，arc-031无法完成门槛封口,为得到“把异常限制在可写的物理边界内，让历史灰烬沉积层交出第19个可复查证据”，必须失去“一次未来镜读取权，并承认历史灰烬不能再被旧层级命名”；若拒绝，“锚定·穿透·悖论线余震095的核心危机吞掉本章缓冲，arc-031无法完成门槛封口”会提前发生。,detailed-v4
chapter-0770,770,arc-031,20,回响,让眷恋线以硬证物返回，让悖论线截面交出第20个可复查证据,一条可删除时间线，并承认悖论线不能再被旧层级命名,锚定·时间筛选·删除的春天余震096的核心危机吞掉本章缓冲，arc-031无法完成门槛封口,为得到“让眷恋线以硬证物返回，让悖论线截面交出第20个可复查证据”，必须失去“一条可删除时间线，并承认悖论线不能再被旧层级命名”；若拒绝，“锚定·时间筛选·删除的春天余震096的核心危机吞掉本章缓冲，arc-031无法完成门槛封口”会提前发生。,detailed-v4
chapter-0771,771,arc-031,21,回响,让眷恋线以硬证物返回，让删除的春天的局部截面交出第21个可复查证据,一层因果膜余量，并承认删除的春天不能再被旧层级命名,锚定·时间筛选·时间惯性余震097的核心危机吞掉本章缓冲，arc-031无法完成门槛封口,为得到“让眷恋线以硬证物返回，让删除的春天的局部截面交出第21个可复查证据”，必须失去“一层因果膜余量，并承认删除的春天不能再被旧层级命名”；若拒绝，“锚定·时间筛选·时间惯性余震097的核心危机吞掉本章缓冲，arc-031无法完成门槛封口”会提前发生。,detailed-v4
chapter-0772,772,arc-031,22,回响,让眷恋线以硬证物返回，让时间惯性暗涌交出第22个可复查证据,一个历史灰烬样本，并承认时间惯性不能再被旧层级命名,锚定·时间筛选·宇宙膜余震098的核心危机吞掉本章缓冲，arc-031无法完成门槛封口,为得到“让眷恋线以硬证物返回，让时间惯性暗涌交出第22个可复查证据”，必须失去“一个历史灰烬样本，并承认时间惯性不能再被旧层级命名”；若拒绝，“锚定·时间筛选·宇宙膜余震098的核心危机吞掉本章缓冲，arc-031无法完成门槛封口”会提前发生。,detailed-v4
chapter-0773,773,arc-031,23,门槛,把本组问题交给下一章群而不总结掉，让宇宙膜穿刺点交出第23个可复查证据,一次未来镜读取权，并承认宇宙膜不能再被旧层级命名,锚定·时间筛选·回放余震099的核心危机吞掉本章缓冲，arc-031无法完成门槛封口,为得到“把本组问题交给下一章群而不总结掉，让宇宙膜穿刺点交出第23个可复查证据”，必须失去“一次未来镜读取权，并承认宇宙膜不能再被旧层级命名”；若拒绝，“锚定·时间筛选·回放余震099的核心危机吞掉本章缓冲，arc-031无法完成门槛封口”会提前发生。,detailed-v4
chapter-0774,774,arc-031,24,门槛,把本组问题交给下一章群而不总结掉，让回放的局部截面交出第24个可复查证据,一条可删除时间线，并承认回放不能再被旧层级命名,锚定·时间筛选·锚点余震100的核心危机吞掉本章缓冲，arc-031无法完成门槛封口,为得到“把本组问题交给下一章群而不总结掉，让回放的局部截面交出第24个可复查证据”，必须失去“一条可删除时间线，并承认回放不能再被旧层级命名”；若拒绝，“锚定·时间筛选·锚点余震100的核心危机吞掉本章缓冲，arc-031无法完成门槛封口”会提前发生。,detailed-v4
chapter-0775,775,arc-031,25,门槛,把本组问题交给下一章群而不总结掉，让时间锚点的钉帽交出第25个可复查证据,一层因果膜余量，并承认锚点不能再被旧层级命名,锚定·时间筛选·时河初醒101的核心危机吞掉本章缓冲，arc-031无法完成门槛封口,为得到“把本组问题交给下一章群而不总结掉，让时间锚点的钉帽交出第25个可复查证据”，必须失去“一层因果膜余量，并承认锚点不能再被旧层级命名”；若拒绝，“锚定·时间筛选·时河初醒101的核心危机吞掉本章缓冲，arc-031无法完成门槛封口”会提前发生。,detailed-v4
chapter-0776,776,arc-032,1,起因,确认异常不是孤立事故，让时河河床交出第01个可复查证据,一次未来镜读取权，并承认时河不能再被旧层级命名,锚定·时间筛选·因果裂隙初醒102的核心危机吞掉本章缓冲，arc-032无法完成门槛封口,为得到“确认异常不是孤立事故，让时河河床交出第01个可复查证据”，必须失去“一次未来镜读取权，并承认时河不能再被旧层级命名”；若拒绝，“锚定·时间筛选·因果裂隙初醒102的核心危机吞掉本章缓冲，arc-032无法完成门槛封口”会提前发生。,detailed-v4
chapter-0777,777,arc-032,2,起因,确认异常不是孤立事故，让因果裂隙边缘交出第02个可复查证据,一条可删除时间线，并承认因果裂隙不能再被旧层级命名,锚定·时间筛选·未来镜初醒103的核心危机吞掉本章缓冲，arc-032无法完成门槛封口,为得到“确认异常不是孤立事故，让因果裂隙边缘交出第02个可复查证据”，必须失去“一条可删除时间线，并承认因果裂隙不能再被旧层级命名”；若拒绝，“锚定·时间筛选·未来镜初醒103的核心危机吞掉本章缓冲，arc-032无法完成门槛封口”会提前发生。,detailed-v4
chapter-0778,778,arc-032,3,起因,确认异常不是孤立事故，让未来镜背面交出第03个可复查证据,一层因果膜余量，并承认未来镜不能再被旧层级命名,锚定·时间筛选·历史灰烬初醒104的核心危机吞掉本章缓冲，arc-032无法完成门槛封口,为得到“确认异常不是孤立事故，让未来镜背面交出第03个可复查证据”，必须失去“一层因果膜余量，并承认未来镜不能再被旧层级命名”；若拒绝，“锚定·时间筛选·历史灰烬初醒104的核心危机吞掉本章缓冲，arc-032无法完成门槛封口”会提前发生。,detailed-v4
chapter-0779,779,arc-032,4,起因,确认异常不是孤立事故，让历史灰烬沉积层交出第04个可复查证据,一个历史灰烬样本，并承认历史灰烬不能再被旧层级命名,锚定·时间筛选·悖论线初醒105的核心危机吞掉本章缓冲，arc-032无法完成门槛封口,为得到“确认异常不是孤立事故，让历史灰烬沉积层交出第04个可复查证据”，必须失去“一个历史灰烬样本，并承认历史灰烬不能再被旧层级命名”；若拒绝，“锚定·时间筛选·悖论线初醒105的核心危机吞掉本章缓冲，arc-032无法完成门槛封口”会提前发生。,detailed-v4
chapter-0780,780,arc-032,5,反证,推翻旧模型仍可解释一切的假设，让悖论线截面交出第05个可复查证据,一次未来镜读取权，并承认悖论线不能再被旧层级命名,锚定·时间筛选·删除的春天初醒106的核心危机吞掉本章缓冲，arc-032无法完成门槛封口,为得到“推翻旧模型仍可解释一切的假设，让悖论线截面交出第05个可复查证据”，必须失去“一次未来镜读取权，并承认悖论线不能再被旧层级命名”；若拒绝，“锚定·时间筛选·删除的春天初醒106的核心危机吞掉本章缓冲，arc-032无法完成门槛封口”会提前发生。,detailed-v4
chapter-0781,781,arc-032,6,反证,推翻旧模型仍可解释一切的假设，让删除的春天的局部截面交出第06个可复查证据,一条可删除时间线，并承认删除的春天不能再被旧层级命名,锚定·时间筛选·时间惯性初醒107的核心危机吞掉本章缓冲，arc-032无法完成门槛封口,为得到“推翻旧模型仍可解释一切的假设，让删除的春天的局部截面交出第06个可复查证据”，必须失去“一条可删除时间线，并承认删除的春天不能再被旧层级命名”；若拒绝，“锚定·时间筛选·时间惯性初醒107的核心危机吞掉本章缓冲，arc-032无法完成门槛封口”会提前发生。,detailed-v4
chapter-0782,782,arc-032,7,反证,推翻旧模型仍可解释一切的假设，让时间惯性暗涌交出第07个可复查证据,一层因果膜余量，并承认时间惯性不能再被旧层级命名,锚定·时间筛选·宇宙膜初醒108的核心危机吞掉本章缓冲，arc-032无法完成门槛封口,为得到“推翻旧模型仍可解释一切的假设，让时间惯性暗涌交出第07个可复查证据”，必须失去“一层因果膜余量，并承认时间惯性不能再被旧层级命名”；若拒绝，“锚定·时间筛选·宇宙膜初醒108的核心危机吞掉本章缓冲，arc-032无法完成门槛封口”会提前发生。,detailed-v4
chapter-0783,783,arc-032,8,反证,推翻旧模型仍可解释一切的假设，让宇宙膜穿刺点交出第08个可复查证据,一个历史灰烬样本，并承认宇宙膜不能再被旧层级命名,锚定·时间筛选·回放初醒109的核心危机吞掉本章缓冲，arc-032无法完成门槛封口,为得到“推翻旧模型仍可解释一切的假设，让宇宙膜穿刺点交出第08个可复查证据”，必须失去“一个历史灰烬样本，并承认宇宙膜不能再被旧层级命名”；若拒绝，“锚定·时间筛选·回放初醒109的核心危机吞掉本章缓冲，arc-032无法完成门槛封口”会提前发生。,detailed-v4
chapter-0784,784,arc-032,9,代价,换取一次继续观测的资格，让回放的局部截面交出第09个可复查证据,一次未来镜读取权，并承认回放不能再被旧层级命名,锚定·时间筛选·锚点初醒110的核心危机吞掉本章缓冲，arc-032无法完成门槛封口,为得到“换取一次继续观测的资格，让回放的局部截面交出第09个可复查证据”，必须失去“一次未来镜读取权，并承认回放不能再被旧层级命名”；若拒绝，“锚定·时间筛选·锚点初醒110的核心危机吞掉本章缓冲，arc-032无法完成门槛封口”会提前发生。,detailed-v4
chapter-0785,785,arc-032,10,代价,换取一次继续观测的资格，让时间锚点的钉帽交出第10个可复查证据,一条可删除时间线，并承认锚点不能再被旧层级命名,锚定·时间筛选·时河裂响111的核心危机吞掉本章缓冲，arc-032无法完成门槛封口,为得到“换取一次继续观测的资格，让时间锚点的钉帽交出第10个可复查证据”，必须失去“一条可删除时间线，并承认锚点不能再被旧层级命名”；若拒绝，“锚定·时间筛选·时河裂响111的核心危机吞掉本章缓冲，arc-032无法完成门槛封口”会提前发生。,detailed-v4
chapter-0786,786,arc-032,11,代价,换取一次继续观测的资格，让时河河床交出第11个可复查证据,一层因果膜余量，并承认时河不能再被旧层级命名,锚定·时间筛选·因果裂隙裂响112的核心危机吞掉本章缓冲，arc-032无法完成门槛封口,为得到“换取一次继续观测的资格，让时河河床交出第11个可复查证据”，必须失去“一层因果膜余量，并承认时河不能再被旧层级命名”；若拒绝，“锚定·时间筛选·因果裂隙裂响112的核心危机吞掉本章缓冲，arc-032无法完成门槛封口”会提前发生。,detailed-v4
chapter-0787,787,arc-032,12,误判,暴露角色仍误信的判断方式，让因果裂隙边缘交出第12个可复查证据,一个历史灰烬样本，并承认因果裂隙不能再被旧层级命名,锚定·时间筛选·未来镜裂响113的核心危机吞掉本章缓冲，arc-032无法完成门槛封口,为得到“暴露角色仍误信的判断方式，让因果裂隙边缘交出第12个可复查证据”，必须失去“一个历史灰烬样本，并承认因果裂隙不能再被旧层级命名”；若拒绝，“锚定·时间筛选·未来镜裂响113的核心危机吞掉本章缓冲，arc-032无法完成门槛封口”会提前发生。,detailed-v4
chapter-0788,788,arc-032,13,误判,暴露角色仍误信的判断方式，让未来镜背面交出第13个可复查证据,一次未来镜读取权，并承认未来镜不能再被旧层级命名,锚定·时间筛选·历史灰烬裂响114的核心危机吞掉本章缓冲，arc-032无法完成门槛封口,为得到“暴露角色仍误信的判断方式，让未来镜背面交出第13个可复查证据”，必须失去“一次未来镜读取权，并承认未来镜不能再被旧层级命名”；若拒绝，“锚定·时间筛选·历史灰烬裂响114的核心危机吞掉本章缓冲，arc-032无法完成门槛封口”会提前发生。,detailed-v4
chapter-0789,789,arc-032,14,误判,暴露角色仍误信的判断方式，让历史灰烬沉积层交出第14个可复查证据,一条可删除时间线，并承认历史灰烬不能再被旧层级命名,锚定·时间筛选·悖论线裂响115的核心危机吞掉本章缓冲，arc-032无法完成门槛封口,为得到“暴露角色仍误信的判断方式，让历史灰烬沉积层交出第14个可复查证据”，必须失去“一条可删除时间线，并承认历史灰烬不能再被旧层级命名”；若拒绝，“锚定·时间筛选·悖论线裂响115的核心危机吞掉本章缓冲，arc-032无法完成门槛封口”会提前发生。,detailed-v4
chapter-0790,790,arc-032,15,误判,暴露角色仍误信的判断方式，让悖论线截面交出第15个可复查证据,一层因果膜余量，并承认悖论线不能再被旧层级命名,锚定·时间筛选·删除的春天裂响116的核心危机吞掉本章缓冲，arc-032无法完成门槛封口,为得到“暴露角色仍误信的判断方式，让悖论线截面交出第15个可复查证据”，必须失去“一层因果膜余量，并承认悖论线不能再被旧层级命名”；若拒绝，“锚定·时间筛选·删除的春天裂响116的核心危机吞掉本章缓冲，arc-032无法完成门槛封口”会提前发生。,detailed-v4
chapter-0791,791,arc-032,16,失控,把异常限制在可写的物理边界内，让删除的春天的局部截面交出第16个可复查证据,一个历史灰烬样本，并承认删除的春天不能再被旧层级命名,锚定·时间筛选·时间惯性裂响117的核心危机吞掉本章缓冲，arc-032无法完成门槛封口,为得到“把异常限制在可写的物理边界内，让删除的春天的局部截面交出第16个可复查证据”，必须失去“一个历史灰烬样本，并承认删除的春天不能再被旧层级命名”；若拒绝，“锚定·时间筛选·时间惯性裂响117的核心危机吞掉本章缓冲，arc-032无法完成门槛封口”会提前发生。,detailed-v4
chapter-0792,792,arc-032,17,失控,把异常限制在可写的物理边界内，让时间惯性暗涌交出第17个可复查证据,一次未来镜读取权，并承认时间惯性不能再被旧层级命名,锚定·时间筛选·宇宙膜裂响118的核心危机吞掉本章缓冲，arc-032无法完成门槛封口,为得到“把异常限制在可写的物理边界内，让时间惯性暗涌交出第17个可复查证据”，必须失去“一次未来镜读取权，并承认时间惯性不能再被旧层级命名”；若拒绝，“锚定·时间筛选·宇宙膜裂响118的核心危机吞掉本章缓冲，arc-032无法完成门槛封口”会提前发生。,detailed-v4
chapter-0793,793,arc-032,18,失控,把异常限制在可写的物理边界内，让宇宙膜穿刺点交出第18个可复查证据,一条可删除时间线，并承认宇宙膜不能再被旧层级命名,锚定·时间筛选·回放裂响119的核心危机吞掉本章缓冲，arc-032无法完成门槛封口,为得到“把异常限制在可写的物理边界内，让宇宙膜穿刺点交出第18个可复查证据”，必须失去“一条可删除时间线，并承认宇宙膜不能再被旧层级命名”；若拒绝，“锚定·时间筛选·回放裂响119的核心危机吞掉本章缓冲，arc-032无法完成门槛封口”会提前发生。,detailed-v4
chapter-0794,794,arc-032,19,失控,把异常限制在可写的物理边界内，让回放的局部截面交出第19个可复查证据,一层因果膜余量，并承认回放不能再被旧层级命名,锚定·时间筛选·锚点裂响120的核心危机吞掉本章缓冲，arc-032无法完成门槛封口,为得到“把异常限制在可写的物理边界内，让回放的局部截面交出第19个可复查证据”，必须失去“一层因果膜余量，并承认回放不能再被旧层级命名”；若拒绝，“锚定·时间筛选·锚点裂响120的核心危机吞掉本章缓冲，arc-032无法完成门槛封口”会提前发生。,detailed-v4
chapter-0795,795,arc-032,20,回响,让眷恋线以硬证物返回，让时间锚点的钉帽交出第20个可复查证据,一个历史灰烬样本，并承认锚点不能再被旧层级命名,锚定·时间筛选·时河低语121的核心危机吞掉本章缓冲，arc-032无法完成门槛封口,为得到“让眷恋线以硬证物返回，让时间锚点的钉帽交出第20个可复查证据”，必须失去“一个历史灰烬样本，并承认锚点不能再被旧层级命名”；若拒绝，“锚定·时间筛选·时河低语121的核心危机吞掉本章缓冲，arc-032无法完成门槛封口”会提前发生。,detailed-v4
chapter-0796,796,arc-032,21,回响,让眷恋线以硬证物返回，让时河河床交出第21个可复查证据,一次未来镜读取权，并承认时河不能再被旧层级命名,锚定·时间筛选·因果裂隙低语122的核心危机吞掉本章缓冲，arc-032无法完成门槛封口,为得到“让眷恋线以硬证物返回，让时河河床交出第21个可复查证据”，必须失去“一次未来镜读取权，并承认时河不能再被旧层级命名”；若拒绝，“锚定·时间筛选·因果裂隙低语122的核心危机吞掉本章缓冲，arc-032无法完成门槛封口”会提前发生。,detailed-v4
chapter-0797,797,arc-032,22,回响,让眷恋线以硬证物返回，让因果裂隙边缘交出第22个可复查证据,一条可删除时间线，并承认因果裂隙不能再被旧层级命名,锚定·时间筛选·未来镜低语123的核心危机吞掉本章缓冲，arc-032无法完成门槛封口,为得到“让眷恋线以硬证物返回，让因果裂隙边缘交出第22个可复查证据”，必须失去“一条可删除时间线，并承认因果裂隙不能再被旧层级命名”；若拒绝，“锚定·时间筛选·未来镜低语123的核心危机吞掉本章缓冲，arc-032无法完成门槛封口”会提前发生。,detailed-v4
chapter-0798,798,arc-032,23,门槛,把本组问题交给下一章群而不总结掉，让未来镜背面交出第23个可复查证据,一层因果膜余量，并承认未来镜不能再被旧层级命名,锚定·时间筛选·历史灰烬低语124的核心危机吞掉本章缓冲，arc-032无法完成门槛封口,为得到“把本组问题交给下一章群而不总结掉，让未来镜背面交出第23个可复查证据”，必须失去“一层因果膜余量，并承认未来镜不能再被旧层级命名”；若拒绝，“锚定·时间筛选·历史灰烬低语124的核心危机吞掉本章缓冲，arc-032无法完成门槛封口”会提前发生。,detailed-v4
chapter-0799,799,arc-032,24,门槛,把本组问题交给下一章群而不总结掉，让历史灰烬沉积层交出第24个可复查证据,一个历史灰烬样本，并承认历史灰烬不能再被旧层级命名,锚定·时间筛选·悖论线低语125的核心危机吞掉本章缓冲，arc-032无法完成门槛封口,为得到“把本组问题交给下一章群而不总结掉，让历史灰烬沉积层交出第24个可复查证据”，必须失去“一个历史灰烬样本，并承认历史灰烬不能再被旧层级命名”；若拒绝，“锚定·时间筛选·悖论线低语125的核心危机吞掉本章缓冲，arc-032无法完成门槛封口”会提前发生。,detailed-v4
chapter-0800,800,arc-032,25,门槛,把本组问题交给下一章群而不总结掉，让悖论线截面交出第25个可复查证据,一次未来镜读取权，并承认悖论线不能再被旧层级命名,锚定·时间筛选·删除的春天低语126的核心危机吞掉本章缓冲，arc-032无法完成门槛封口,为得到“把本组问题交给下一章群而不总结掉，让悖论线截面交出第25个可复查证据”，必须失去“一次未来镜读取权，并承认悖论线不能再被旧层级命名”；若拒绝，“锚定·时间筛选·删除的春天低语126的核心危机吞掉本章缓冲，arc-032无法完成门槛封口”会提前发生。,detailed-v4
chapter-0801,801,arc-033,1,起因,确认异常不是孤立事故，让删除的春天的局部截面交出第01个可复查证据,一层因果膜余量，并承认删除的春天不能再被旧层级命名,锚定·时间筛选·时间惯性低语127的核心危机吞掉本章缓冲，arc-033无法完成门槛封口,为得到“确认异常不是孤立事故，让删除的春天的局部截面交出第01个可复查证据”，必须失去“一层因果膜余量，并承认删除的春天不能再被旧层级命名”；若拒绝，“锚定·时间筛选·时间惯性低语127的核心危机吞掉本章缓冲，arc-033无法完成门槛封口”会提前发生。,detailed-v4
chapter-0802,802,arc-033,2,起因,确认异常不是孤立事故，让时间惯性暗涌交出第02个可复查证据,一个历史灰烬样本，并承认时间惯性不能再被旧层级命名,锚定·时间筛选·宇宙膜低语128的核心危机吞掉本章缓冲，arc-033无法完成门槛封口,为得到“确认异常不是孤立事故，让时间惯性暗涌交出第02个可复查证据”，必须失去“一个历史灰烬样本，并承认时间惯性不能再被旧层级命名”；若拒绝，“锚定·时间筛选·宇宙膜低语128的核心危机吞掉本章缓冲，arc-033无法完成门槛封口”会提前发生。,detailed-v4
chapter-0803,803,arc-033,3,起因,确认异常不是孤立事故，让宇宙膜穿刺点交出第03个可复查证据,一次未来镜读取权，并承认宇宙膜不能再被旧层级命名,锚定·时间筛选·回放低语129的核心危机吞掉本章缓冲，arc-033无法完成门槛封口,为得到“确认异常不是孤立事故，让宇宙膜穿刺点交出第03个可复查证据”，必须失去“一次未来镜读取权，并承认宇宙膜不能再被旧层级命名”；若拒绝，“锚定·时间筛选·回放低语129的核心危机吞掉本章缓冲，arc-033无法完成门槛封口”会提前发生。,detailed-v4
chapter-0804,804,arc-033,4,起因,确认异常不是孤立事故，让回放的局部截面交出第04个可复查证据,一条可删除时间线，并承认回放不能再被旧层级命名,锚定·时间筛选·锚点低语130的核心危机吞掉本章缓冲，arc-033无法完成门槛封口,为得到“确认异常不是孤立事故，让回放的局部截面交出第04个可复查证据”，必须失去“一条可删除时间线，并承认回放不能再被旧层级命名”；若拒绝，“锚定·时间筛选·锚点低语130的核心危机吞掉本章缓冲，arc-033无法完成门槛封口”会提前发生。,detailed-v4
chapter-0805,805,arc-033,5,反证,推翻旧模型仍可解释一切的假设，让时间锚点的钉帽交出第05个可复查证据,一层因果膜余量，并承认锚点不能再被旧层级命名,锚定·时间筛选·时河回潮131的核心危机吞掉本章缓冲，arc-033无法完成门槛封口,为得到“推翻旧模型仍可解释一切的假设，让时间锚点的钉帽交出第05个可复查证据”，必须失去“一层因果膜余量，并承认锚点不能再被旧层级命名”；若拒绝，“锚定·时间筛选·时河回潮131的核心危机吞掉本章缓冲，arc-033无法完成门槛封口”会提前发生。,detailed-v4
chapter-0806,806,arc-033,6,反证,推翻旧模型仍可解释一切的假设，让时河河床交出第06个可复查证据,一个历史灰烬样本，并承认时河不能再被旧层级命名,锚定·时间筛选·因果裂隙回潮132的核心危机吞掉本章缓冲，arc-033无法完成门槛封口,为得到“推翻旧模型仍可解释一切的假设，让时河河床交出第06个可复查证据”，必须失去“一个历史灰烬样本，并承认时河不能再被旧层级命名”；若拒绝，“锚定·时间筛选·因果裂隙回潮132的核心危机吞掉本章缓冲，arc-033无法完成门槛封口”会提前发生。,detailed-v4
chapter-0807,807,arc-033,7,反证,推翻旧模型仍可解释一切的假设，让因果裂隙边缘交出第07个可复查证据,一次未来镜读取权，并承认因果裂隙不能再被旧层级命名,锚定·时间筛选·未来镜回潮133的核心危机吞掉本章缓冲，arc-033无法完成门槛封口,为得到“推翻旧模型仍可解释一切的假设，让因果裂隙边缘交出第07个可复查证据”，必须失去“一次未来镜读取权，并承认因果裂隙不能再被旧层级命名”；若拒绝，“锚定·时间筛选·未来镜回潮133的核心危机吞掉本章缓冲，arc-033无法完成门槛封口”会提前发生。,detailed-v4
chapter-0808,808,arc-033,8,反证,推翻旧模型仍可解释一切的假设，让未来镜背面交出第08个可复查证据,一条可删除时间线，并承认未来镜不能再被旧层级命名,锚定·时间筛选·历史灰烬回潮134的核心危机吞掉本章缓冲，arc-033无法完成门槛封口,为得到“推翻旧模型仍可解释一切的假设，让未来镜背面交出第08个可复查证据”，必须失去“一条可删除时间线，并承认未来镜不能再被旧层级命名”；若拒绝，“锚定·时间筛选·历史灰烬回潮134的核心危机吞掉本章缓冲，arc-033无法完成门槛封口”会提前发生。,detailed-v4
chapter-0809,809,arc-033,9,代价,换取一次继续观测的资格，让历史灰烬沉积层交出第09个可复查证据,一层因果膜余量，并承认历史灰烬不能再被旧层级命名,锚定·时间筛选·悖论线回潮135的核心危机吞掉本章缓冲，arc-033无法完成门槛封口,为得到“换取一次继续观测的资格，让历史灰烬沉积层交出第09个可复查证据”，必须失去“一层因果膜余量，并承认历史灰烬不能再被旧层级命名”；若拒绝，“锚定·时间筛选·悖论线回潮135的核心危机吞掉本章缓冲，arc-033无法完成门槛封口”会提前发生。,detailed-v4
chapter-0810,810,arc-033,10,代价,换取一次继续观测的资格，让悖论线截面交出第10个可复查证据,一个历史灰烬样本，并承认悖论线不能再被旧层级命名,锚定·时间筛选·删除的春天回潮136的核心危机吞掉本章缓冲，arc-033无法完成门槛封口,为得到“换取一次继续观测的资格，让悖论线截面交出第10个可复查证据”，必须失去“一个历史灰烬样本，并承认悖论线不能再被旧层级命名”；若拒绝，“锚定·时间筛选·删除的春天回潮136的核心危机吞掉本章缓冲，arc-033无法完成门槛封口”会提前发生。,detailed-v4
chapter-0811,811,arc-033,11,代价,换取一次继续观测的资格，让删除的春天的局部截面交出第11个可复查证据,一次未来镜读取权，并承认删除的春天不能再被旧层级命名,锚定·时间筛选·时间惯性回潮137的核心危机吞掉本章缓冲，arc-033无法完成门槛封口,为得到“换取一次继续观测的资格，让删除的春天的局部截面交出第11个可复查证据”，必须失去“一次未来镜读取权，并承认删除的春天不能再被旧层级命名”；若拒绝，“锚定·时间筛选·时间惯性回潮137的核心危机吞掉本章缓冲，arc-033无法完成门槛封口”会提前发生。,detailed-v4
chapter-0812,812,arc-033,12,误判,暴露角色仍误信的判断方式，让时间惯性暗涌交出第12个可复查证据,一条可删除时间线，并承认时间惯性不能再被旧层级命名,锚定·时间筛选·宇宙膜回潮138的核心危机吞掉本章缓冲，arc-033无法完成门槛封口,为得到“暴露角色仍误信的判断方式，让时间惯性暗涌交出第12个可复查证据”，必须失去“一条可删除时间线，并承认时间惯性不能再被旧层级命名”；若拒绝，“锚定·时间筛选·宇宙膜回潮138的核心危机吞掉本章缓冲，arc-033无法完成门槛封口”会提前发生。,detailed-v4
chapter-0813,813,arc-033,13,误判,暴露角色仍误信的判断方式，让宇宙膜穿刺点交出第13个可复查证据,一层因果膜余量，并承认宇宙膜不能再被旧层级命名,锚定·时间筛选·回放回潮139的核心危机吞掉本章缓冲，arc-033无法完成门槛封口,为得到“暴露角色仍误信的判断方式，让宇宙膜穿刺点交出第13个可复查证据”，必须失去“一层因果膜余量，并承认宇宙膜不能再被旧层级命名”；若拒绝，“锚定·时间筛选·回放回潮139的核心危机吞掉本章缓冲，arc-033无法完成门槛封口”会提前发生。,detailed-v4
chapter-0814,814,arc-033,14,误判,暴露角色仍误信的判断方式，让回放的局部截面交出第14个可复查证据,一个历史灰烬样本，并承认回放不能再被旧层级命名,锚定·时间筛选·锚点回潮140的核心危机吞掉本章缓冲，arc-033无法完成门槛封口,为得到“暴露角色仍误信的判断方式，让回放的局部截面交出第14个可复查证据”，必须失去“一个历史灰烬样本，并承认回放不能再被旧层级命名”；若拒绝，“锚定·时间筛选·锚点回潮140的核心危机吞掉本章缓冲，arc-033无法完成门槛封口”会提前发生。,detailed-v4
chapter-0815,815,arc-033,15,误判,暴露角色仍误信的判断方式，让时间锚点的钉帽交出第15个可复查证据,一次未来镜读取权，并承认锚点不能再被旧层级命名,锚定·时间筛选·时河折光141的核心危机吞掉本章缓冲，arc-033无法完成门槛封口,为得到“暴露角色仍误信的判断方式，让时间锚点的钉帽交出第15个可复查证据”，必须失去“一次未来镜读取权，并承认锚点不能再被旧层级命名”；若拒绝，“锚定·时间筛选·时河折光141的核心危机吞掉本章缓冲，arc-033无法完成门槛封口”会提前发生。,detailed-v4
chapter-0816,816,arc-033,16,失控,把异常限制在可写的物理边界内，让时河河床交出第16个可复查证据,一条可删除时间线，并承认时河不能再被旧层级命名,锚定·时间筛选·因果裂隙折光142的核心危机吞掉本章缓冲，arc-033无法完成门槛封口,为得到“把异常限制在可写的物理边界内，让时河河床交出第16个可复查证据”，必须失去“一条可删除时间线，并承认时河不能再被旧层级命名”；若拒绝，“锚定·时间筛选·因果裂隙折光142的核心危机吞掉本章缓冲，arc-033无法完成门槛封口”会提前发生。,detailed-v4
chapter-0817,817,arc-033,17,失控,把异常限制在可写的物理边界内，让因果裂隙边缘交出第17个可复查证据,一层因果膜余量，并承认因果裂隙不能再被旧层级命名,锚定·时间筛选·未来镜折光143的核心危机吞掉本章缓冲，arc-033无法完成门槛封口,为得到“把异常限制在可写的物理边界内，让因果裂隙边缘交出第17个可复查证据”，必须失去“一层因果膜余量，并承认因果裂隙不能再被旧层级命名”；若拒绝，“锚定·时间筛选·未来镜折光143的核心危机吞掉本章缓冲，arc-033无法完成门槛封口”会提前发生。,detailed-v4
chapter-0818,818,arc-033,18,失控,把异常限制在可写的物理边界内，让未来镜背面交出第18个可复查证据,一个历史灰烬样本，并承认未来镜不能再被旧层级命名,锚定·时间筛选·历史灰烬折光144的核心危机吞掉本章缓冲，arc-033无法完成门槛封口,为得到“把异常限制在可写的物理边界内，让未来镜背面交出第18个可复查证据”，必须失去“一个历史灰烬样本，并承认未来镜不能再被旧层级命名”；若拒绝，“锚定·时间筛选·历史灰烬折光144的核心危机吞掉本章缓冲，arc-033无法完成门槛封口”会提前发生。,detailed-v4
chapter-0819,819,arc-033,19,失控,把异常限制在可写的物理边界内，让历史灰烬沉积层交出第19个可复查证据,一次未来镜读取权，并承认历史灰烬不能再被旧层级命名,锚定·时间筛选·悖论线折光145的核心危机吞掉本章缓冲，arc-033无法完成门槛封口,为得到“把异常限制在可写的物理边界内，让历史灰烬沉积层交出第19个可复查证据”，必须失去“一次未来镜读取权，并承认历史灰烬不能再被旧层级命名”；若拒绝，“锚定·时间筛选·悖论线折光145的核心危机吞掉本章缓冲，arc-033无法完成门槛封口”会提前发生。,detailed-v4
chapter-0820,820,arc-033,20,回响,让眷恋线以硬证物返回，让悖论线截面交出第20个可复查证据,一条可删除时间线，并承认悖论线不能再被旧层级命名,锚定·时间筛选·删除的春天折光146的核心危机吞掉本章缓冲，arc-033无法完成门槛封口,为得到“让眷恋线以硬证物返回，让悖论线截面交出第20个可复查证据”，必须失去“一条可删除时间线，并承认悖论线不能再被旧层级命名”；若拒绝，“锚定·时间筛选·删除的春天折光146的核心危机吞掉本章缓冲，arc-033无法完成门槛封口”会提前发生。,detailed-v4
chapter-0821,821,arc-033,21,回响,让眷恋线以硬证物返回，让删除的春天的局部截面交出第21个可复查证据,一层因果膜余量，并承认删除的春天不能再被旧层级命名,锚定·时间筛选·时间惯性折光147的核心危机吞掉本章缓冲，arc-033无法完成门槛封口,为得到“让眷恋线以硬证物返回，让删除的春天的局部截面交出第21个可复查证据”，必须失去“一层因果膜余量，并承认删除的春天不能再被旧层级命名”；若拒绝，“锚定·时间筛选·时间惯性折光147的核心危机吞掉本章缓冲，arc-033无法完成门槛封口”会提前发生。,detailed-v4
chapter-0822,822,arc-033,22,回响,让眷恋线以硬证物返回，让时间惯性暗涌交出第22个可复查证据,一个历史灰烬样本，并承认时间惯性不能再被旧层级命名,锚定·时间筛选·宇宙膜折光148的核心危机吞掉本章缓冲，arc-033无法完成门槛封口,为得到“让眷恋线以硬证物返回，让时间惯性暗涌交出第22个可复查证据”，必须失去“一个历史灰烬样本，并承认时间惯性不能再被旧层级命名”；若拒绝，“锚定·时间筛选·宇宙膜折光148的核心危机吞掉本章缓冲，arc-033无法完成门槛封口”会提前发生。,detailed-v4
chapter-0823,823,arc-033,23,门槛,把本组问题交给下一章群而不总结掉，让宇宙膜穿刺点交出第23个可复查证据,一次未来镜读取权，并承认宇宙膜不能再被旧层级命名,锚定·时间筛选·回放折光149的核心危机吞掉本章缓冲，arc-033无法完成门槛封口,为得到“把本组问题交给下一章群而不总结掉，让宇宙膜穿刺点交出第23个可复查证据”，必须失去“一次未来镜读取权，并承认宇宙膜不能再被旧层级命名”；若拒绝，“锚定·时间筛选·回放折光149的核心危机吞掉本章缓冲，arc-033无法完成门槛封口”会提前发生。,detailed-v4
chapter-0824,824,arc-033,24,门槛,把本组问题交给下一章群而不总结掉，让回放的局部截面交出第24个可复查证据,一条可删除时间线，并承认回放不能再被旧层级命名,锚定·时间筛选·锚点折光150的核心危机吞掉本章缓冲，arc-033无法完成门槛封口,为得到“把本组问题交给下一章群而不总结掉，让回放的局部截面交出第24个可复查证据”，必须失去“一条可删除时间线，并承认回放不能再被旧层级命名”；若拒绝，“锚定·时间筛选·锚点折光150的核心危机吞掉本章缓冲，arc-033无法完成门槛封口”会提前发生。,detailed-v4
chapter-0825,825,arc-033,25,门槛,把本组问题交给下一章群而不总结掉，让时间锚点的钉帽交出第25个可复查证据,一层因果膜余量，并承认锚点不能再被旧层级命名,锚定·时间筛选·时河暗涌151的核心危机吞掉本章缓冲，arc-033无法完成门槛封口,为得到“把本组问题交给下一章群而不总结掉，让时间锚点的钉帽交出第25个可复查证据”，必须失去“一层因果膜余量，并承认锚点不能再被旧层级命名”；若拒绝，“锚定·时间筛选·时河暗涌151的核心危机吞掉本章缓冲，arc-033无法完成门槛封口”会提前发生。,detailed-v4
chapter-0826,826,arc-034,1,起因,确认异常不是孤立事故，让时河河床交出第01个可复查证据,一次未来镜读取权，并承认时河不能再被旧层级命名,锚定·时间筛选·因果裂隙暗涌152的核心危机吞掉本章缓冲，arc-034无法完成门槛封口,为得到“确认异常不是孤立事故，让时河河床交出第01个可复查证据”，必须失去“一次未来镜读取权，并承认时河不能再被旧层级命名”；若拒绝，“锚定·时间筛选·因果裂隙暗涌152的核心危机吞掉本章缓冲，arc-034无法完成门槛封口”会提前发生。,detailed-v4
chapter-0827,827,arc-034,2,起因,确认异常不是孤立事故，让因果裂隙边缘交出第02个可复查证据,一条可删除时间线，并承认因果裂隙不能再被旧层级命名,锚定·时间筛选·未来镜暗涌153的核心危机吞掉本章缓冲，arc-034无法完成门槛封口,为得到“确认异常不是孤立事故，让因果裂隙边缘交出第02个可复查证据”，必须失去“一条可删除时间线，并承认因果裂隙不能再被旧层级命名”；若拒绝，“锚定·时间筛选·未来镜暗涌153的核心危机吞掉本章缓冲，arc-034无法完成门槛封口”会提前发生。,detailed-v4
chapter-0828,828,arc-034,3,起因,确认异常不是孤立事故，让未来镜背面交出第03个可复查证据,一层因果膜余量，并承认未来镜不能再被旧层级命名,锚定·时间筛选·历史灰烬暗涌154的核心危机吞掉本章缓冲，arc-034无法完成门槛封口,为得到“确认异常不是孤立事故，让未来镜背面交出第03个可复查证据”，必须失去“一层因果膜余量，并承认未来镜不能再被旧层级命名”；若拒绝，“锚定·时间筛选·历史灰烬暗涌154的核心危机吞掉本章缓冲，arc-034无法完成门槛封口”会提前发生。,detailed-v4
chapter-0829,829,arc-034,4,起因,确认异常不是孤立事故，让历史灰烬沉积层交出第04个可复查证据,一个历史灰烬样本，并承认历史灰烬不能再被旧层级命名,锚定·时间筛选·悖论线暗涌155的核心危机吞掉本章缓冲，arc-034无法完成门槛封口,为得到“确认异常不是孤立事故，让历史灰烬沉积层交出第04个可复查证据”，必须失去“一个历史灰烬样本，并承认历史灰烬不能再被旧层级命名”；若拒绝，“锚定·时间筛选·悖论线暗涌155的核心危机吞掉本章缓冲，arc-034无法完成门槛封口”会提前发生。,detailed-v4
chapter-0830,830,arc-034,5,反证,推翻旧模型仍可解释一切的假设，让悖论线截面交出第05个可复查证据,一次未来镜读取权，并承认悖论线不能再被旧层级命名,锚定·时间筛选·删除的春天暗涌156的核心危机吞掉本章缓冲，arc-034无法完成门槛封口,为得到“推翻旧模型仍可解释一切的假设，让悖论线截面交出第05个可复查证据”，必须失去“一次未来镜读取权，并承认悖论线不能再被旧层级命名”；若拒绝，“锚定·时间筛选·删除的春天暗涌156的核心危机吞掉本章缓冲，arc-034无法完成门槛封口”会提前发生。,detailed-v4
chapter-0831,831,arc-034,6,反证,推翻旧模型仍可解释一切的假设，让删除的春天的局部截面交出第06个可复查证据,一条可删除时间线，并承认删除的春天不能再被旧层级命名,锚定·时间筛选·时间惯性暗涌157的核心危机吞掉本章缓冲，arc-034无法完成门槛封口,为得到“推翻旧模型仍可解释一切的假设，让删除的春天的局部截面交出第06个可复查证据”，必须失去“一条可删除时间线，并承认删除的春天不能再被旧层级命名”；若拒绝，“锚定·时间筛选·时间惯性暗涌157的核心危机吞掉本章缓冲，arc-034无法完成门槛封口”会提前发生。,detailed-v4
chapter-0832,832,arc-034,7,反证,推翻旧模型仍可解释一切的假设，让时间惯性暗涌交出第07个可复查证据,一层因果膜余量，并承认时间惯性不能再被旧层级命名,锚定·时间筛选·宇宙膜暗涌158的核心危机吞掉本章缓冲，arc-034无法完成门槛封口,为得到“推翻旧模型仍可解释一切的假设，让时间惯性暗涌交出第07个可复查证据”，必须失去“一层因果膜余量，并承认时间惯性不能再被旧层级命名”；若拒绝，“锚定·时间筛选·宇宙膜暗涌158的核心危机吞掉本章缓冲，arc-034无法完成门槛封口”会提前发生。,detailed-v4
chapter-0833,833,arc-034,8,反证,推翻旧模型仍可解释一切的假设，让宇宙膜穿刺点交出第08个可复查证据,一个历史灰烬样本，并承认宇宙膜不能再被旧层级命名,锚定·时间筛选·回放暗涌159的核心危机吞掉本章缓冲，arc-034无法完成门槛封口,为得到“推翻旧模型仍可解释一切的假设，让宇宙膜穿刺点交出第08个可复查证据”，必须失去“一个历史灰烬样本，并承认宇宙膜不能再被旧层级命名”；若拒绝，“锚定·时间筛选·回放暗涌159的核心危机吞掉本章缓冲，arc-034无法完成门槛封口”会提前发生。,detailed-v4
chapter-0834,834,arc-034,9,代价,换取一次继续观测的资格，让回放的局部截面交出第09个可复查证据,一次未来镜读取权，并承认回放不能再被旧层级命名,锚定·时间筛选·锚点暗涌160的核心危机吞掉本章缓冲，arc-034无法完成门槛封口,为得到“换取一次继续观测的资格，让回放的局部截面交出第09个可复查证据”，必须失去“一次未来镜读取权，并承认回放不能再被旧层级命名”；若拒绝，“锚定·时间筛选·锚点暗涌160的核心危机吞掉本章缓冲，arc-034无法完成门槛封口”会提前发生。,detailed-v4
chapter-0835,835,arc-034,10,代价,换取一次继续观测的资格，让时间锚点的钉帽交出第10个可复查证据,一条可删除时间线，并承认锚点不能再被旧层级命名,锚定·时间筛选·时河证词161的核心危机吞掉本章缓冲，arc-034无法完成门槛封口,为得到“换取一次继续观测的资格，让时间锚点的钉帽交出第10个可复查证据”，必须失去“一条可删除时间线，并承认锚点不能再被旧层级命名”；若拒绝，“锚定·时间筛选·时河证词161的核心危机吞掉本章缓冲，arc-034无法完成门槛封口”会提前发生。,detailed-v4
chapter-0836,836,arc-034,11,代价,换取一次继续观测的资格，让时河河床交出第11个可复查证据,一层因果膜余量，并承认时河不能再被旧层级命名,锚定·时间筛选·因果裂隙证词162的核心危机吞掉本章缓冲，arc-034无法完成门槛封口,为得到“换取一次继续观测的资格，让时河河床交出第11个可复查证据”，必须失去“一层因果膜余量，并承认时河不能再被旧层级命名”；若拒绝，“锚定·时间筛选·因果裂隙证词162的核心危机吞掉本章缓冲，arc-034无法完成门槛封口”会提前发生。,detailed-v4
chapter-0837,837,arc-034,12,误判,暴露角色仍误信的判断方式，让因果裂隙边缘交出第12个可复查证据,一个历史灰烬样本，并承认因果裂隙不能再被旧层级命名,锚定·时间筛选·未来镜证词163的核心危机吞掉本章缓冲，arc-034无法完成门槛封口,为得到“暴露角色仍误信的判断方式，让因果裂隙边缘交出第12个可复查证据”，必须失去“一个历史灰烬样本，并承认因果裂隙不能再被旧层级命名”；若拒绝，“锚定·时间筛选·未来镜证词163的核心危机吞掉本章缓冲，arc-034无法完成门槛封口”会提前发生。,detailed-v4
chapter-0838,838,arc-034,13,误判,暴露角色仍误信的判断方式，让未来镜背面交出第13个可复查证据,一次未来镜读取权，并承认未来镜不能再被旧层级命名,锚定·时间筛选·历史灰烬证词164的核心危机吞掉本章缓冲，arc-034无法完成门槛封口,为得到“暴露角色仍误信的判断方式，让未来镜背面交出第13个可复查证据”，必须失去“一次未来镜读取权，并承认未来镜不能再被旧层级命名”；若拒绝，“锚定·时间筛选·历史灰烬证词164的核心危机吞掉本章缓冲，arc-034无法完成门槛封口”会提前发生。,detailed-v4
chapter-0839,839,arc-034,14,误判,暴露角色仍误信的判断方式，让历史灰烬沉积层交出第14个可复查证据,一条可删除时间线，并承认历史灰烬不能再被旧层级命名,锚定·时间筛选·悖论线证词165的核心危机吞掉本章缓冲，arc-034无法完成门槛封口,为得到“暴露角色仍误信的判断方式，让历史灰烬沉积层交出第14个可复查证据”，必须失去“一条可删除时间线，并承认历史灰烬不能再被旧层级命名”；若拒绝，“锚定·时间筛选·悖论线证词165的核心危机吞掉本章缓冲，arc-034无法完成门槛封口”会提前发生。,detailed-v4
chapter-0840,840,arc-034,15,误判,暴露角色仍误信的判断方式，让悖论线截面交出第15个可复查证据,一层因果膜余量，并承认悖论线不能再被旧层级命名,锚定·时间筛选·删除的春天证词166的核心危机吞掉本章缓冲，arc-034无法完成门槛封口,为得到“暴露角色仍误信的判断方式，让悖论线截面交出第15个可复查证据”，必须失去“一层因果膜余量，并承认悖论线不能再被旧层级命名”；若拒绝，“锚定·时间筛选·删除的春天证词166的核心危机吞掉本章缓冲，arc-034无法完成门槛封口”会提前发生。,detailed-v4
chapter-0841,841,arc-034,16,失控,把异常限制在可写的物理边界内，让删除的春天的局部截面交出第16个可复查证据,一个历史灰烬样本，并承认删除的春天不能再被旧层级命名,锚定·时间筛选·时间惯性证词167的核心危机吞掉本章缓冲，arc-034无法完成门槛封口,为得到“把异常限制在可写的物理边界内，让删除的春天的局部截面交出第16个可复查证据”，必须失去“一个历史灰烬样本，并承认删除的春天不能再被旧层级命名”；若拒绝，“锚定·时间筛选·时间惯性证词167的核心危机吞掉本章缓冲，arc-034无法完成门槛封口”会提前发生。,detailed-v4
chapter-0842,842,arc-034,17,失控,把异常限制在可写的物理边界内，让时间惯性暗涌交出第17个可复查证据,一次未来镜读取权，并承认时间惯性不能再被旧层级命名,锚定·时间筛选·宇宙膜证词168的核心危机吞掉本章缓冲，arc-034无法完成门槛封口,为得到“把异常限制在可写的物理边界内，让时间惯性暗涌交出第17个可复查证据”，必须失去“一次未来镜读取权，并承认时间惯性不能再被旧层级命名”；若拒绝，“锚定·时间筛选·宇宙膜证词168的核心危机吞掉本章缓冲，arc-034无法完成门槛封口”会提前发生。,detailed-v4
chapter-0843,843,arc-034,18,失控,把异常限制在可写的物理边界内，让宇宙膜穿刺点交出第18个可复查证据,一条可删除时间线，并承认宇宙膜不能再被旧层级命名,锚定·时间筛选·回放证词169的核心危机吞掉本章缓冲，arc-034无法完成门槛封口,为得到“把异常限制在可写的物理边界内，让宇宙膜穿刺点交出第18个可复查证据”，必须失去“一条可删除时间线，并承认宇宙膜不能再被旧层级命名”；若拒绝，“锚定·时间筛选·回放证词169的核心危机吞掉本章缓冲，arc-034无法完成门槛封口”会提前发生。,detailed-v4
chapter-0844,844,arc-034,19,失控,把异常限制在可写的物理边界内，让回放的局部截面交出第19个可复查证据,一层因果膜余量，并承认回放不能再被旧层级命名,锚定·时间筛选·锚点证词170的核心危机吞掉本章缓冲，arc-034无法完成门槛封口,为得到“把异常限制在可写的物理边界内，让回放的局部截面交出第19个可复查证据”，必须失去“一层因果膜余量，并承认回放不能再被旧层级命名”；若拒绝，“锚定·时间筛选·锚点证词170的核心危机吞掉本章缓冲，arc-034无法完成门槛封口”会提前发生。,detailed-v4
chapter-0845,845,arc-034,20,回响,让眷恋线以硬证物返回，让时间锚点的钉帽交出第20个可复查证据,一个历史灰烬样本，并承认锚点不能再被旧层级命名,锚定·时间筛选·时河坠落171的核心危机吞掉本章缓冲，arc-034无法完成门槛封口,为得到“让眷恋线以硬证物返回，让时间锚点的钉帽交出第20个可复查证据”，必须失去“一个历史灰烬样本，并承认锚点不能再被旧层级命名”；若拒绝，“锚定·时间筛选·时河坠落171的核心危机吞掉本章缓冲，arc-034无法完成门槛封口”会提前发生。,detailed-v4
chapter-0846,846,arc-034,21,回响,让眷恋线以硬证物返回，让时河河床交出第21个可复查证据,一次未来镜读取权，并承认时河不能再被旧层级命名,锚定·时间筛选·因果裂隙坠落172的核心危机吞掉本章缓冲，arc-034无法完成门槛封口,为得到“让眷恋线以硬证物返回，让时河河床交出第21个可复查证据”，必须失去“一次未来镜读取权，并承认时河不能再被旧层级命名”；若拒绝，“锚定·时间筛选·因果裂隙坠落172的核心危机吞掉本章缓冲，arc-034无法完成门槛封口”会提前发生。,detailed-v4
chapter-0847,847,arc-034,22,回响,让眷恋线以硬证物返回，让因果裂隙边缘交出第22个可复查证据,一条可删除时间线，并承认因果裂隙不能再被旧层级命名,锚定·时间筛选·未来镜坠落173的核心危机吞掉本章缓冲，arc-034无法完成门槛封口,为得到“让眷恋线以硬证物返回，让因果裂隙边缘交出第22个可复查证据”，必须失去“一条可删除时间线，并承认因果裂隙不能再被旧层级命名”；若拒绝，“锚定·时间筛选·未来镜坠落173的核心危机吞掉本章缓冲，arc-034无法完成门槛封口”会提前发生。,detailed-v4
chapter-0848,848,arc-034,23,门槛,把本组问题交给下一章群而不总结掉，让未来镜背面交出第23个可复查证据,一层因果膜余量，并承认未来镜不能再被旧层级命名,锚定·时间筛选·历史灰烬坠落174的核心危机吞掉本章缓冲，arc-034无法完成门槛封口,为得到“把本组问题交给下一章群而不总结掉，让未来镜背面交出第23个可复查证据”，必须失去“一层因果膜余量，并承认未来镜不能再被旧层级命名”；若拒绝，“锚定·时间筛选·历史灰烬坠落174的核心危机吞掉本章缓冲，arc-034无法完成门槛封口”会提前发生。,detailed-v4
chapter-0849,849,arc-034,24,门槛,把本组问题交给下一章群而不总结掉，让历史灰烬沉积层交出第24个可复查证据,一个历史灰烬样本，并承认历史灰烬不能再被旧层级命名,锚定·时间筛选·悖论线坠落175的核心危机吞掉本章缓冲，arc-034无法完成门槛封口,为得到“把本组问题交给下一章群而不总结掉，让历史灰烬沉积层交出第24个可复查证据”，必须失去“一个历史灰烬样本，并承认历史灰烬不能再被旧层级命名”；若拒绝，“锚定·时间筛选·悖论线坠落175的核心危机吞掉本章缓冲，arc-034无法完成门槛封口”会提前发生。,detailed-v4
chapter-0850,850,arc-034,25,门槛,把本组问题交给下一章群而不总结掉，让悖论线截面交出第25个可复查证据,一次未来镜读取权，并承认悖论线不能再被旧层级命名,锚定·时间筛选·删除的春天坠落176的核心危机吞掉本章缓冲，arc-034无法完成门槛封口,为得到“把本组问题交给下一章群而不总结掉，让悖论线截面交出第25个可复查证据”，必须失去“一次未来镜读取权，并承认悖论线不能再被旧层级命名”；若拒绝，“锚定·时间筛选·删除的春天坠落176的核心危机吞掉本章缓冲，arc-034无法完成门槛封口”会提前发生。,detailed-v4
chapter-0851,851,arc-035,1,起因,确认异常不是孤立事故，让删除的春天的局部截面交出第01个可复查证据,一层因果膜余量，并承认删除的春天不能再被旧层级命名,锚定·时间筛选·时间惯性坠落177的核心危机吞掉本章缓冲，arc-035无法完成门槛封口,为得到“确认异常不是孤立事故，让删除的春天的局部截面交出第01个可复查证据”，必须失去“一层因果膜余量，并承认删除的春天不能再被旧层级命名”；若拒绝，“锚定·时间筛选·时间惯性坠落177的核心危机吞掉本章缓冲，arc-035无法完成门槛封口”会提前发生。,detailed-v4
chapter-0852,852,arc-035,2,起因,确认异常不是孤立事故，让时间惯性暗涌交出第02个可复查证据,一个历史灰烬样本，并承认时间惯性不能再被旧层级命名,锚定·时间筛选·宇宙膜坠落178的核心危机吞掉本章缓冲，arc-035无法完成门槛封口,为得到“确认异常不是孤立事故，让时间惯性暗涌交出第02个可复查证据”，必须失去“一个历史灰烬样本，并承认时间惯性不能再被旧层级命名”；若拒绝，“锚定·时间筛选·宇宙膜坠落178的核心危机吞掉本章缓冲，arc-035无法完成门槛封口”会提前发生。,detailed-v4
chapter-0853,853,arc-035,3,起因,确认异常不是孤立事故，让宇宙膜穿刺点交出第03个可复查证据,一次未来镜读取权，并承认宇宙膜不能再被旧层级命名,锚定·时间筛选·回放坠落179的核心危机吞掉本章缓冲，arc-035无法完成门槛封口,为得到“确认异常不是孤立事故，让宇宙膜穿刺点交出第03个可复查证据”，必须失去“一次未来镜读取权，并承认宇宙膜不能再被旧层级命名”；若拒绝，“锚定·时间筛选·回放坠落179的核心危机吞掉本章缓冲，arc-035无法完成门槛封口”会提前发生。,detailed-v4
chapter-0854,854,arc-035,4,起因,确认异常不是孤立事故，让回放的局部截面交出第04个可复查证据,一条可删除时间线，并承认回放不能再被旧层级命名,锚定·时间筛选·锚点坠落180的核心危机吞掉本章缓冲，arc-035无法完成门槛封口,为得到“确认异常不是孤立事故，让回放的局部截面交出第04个可复查证据”，必须失去“一条可删除时间线，并承认回放不能再被旧层级命名”；若拒绝，“锚定·时间筛选·锚点坠落180的核心危机吞掉本章缓冲，arc-035无法完成门槛封口”会提前发生。,detailed-v4
chapter-0855,855,arc-035,5,反证,推翻旧模型仍可解释一切的假设，让时间锚点的钉帽交出第05个可复查证据,一层因果膜余量，并承认锚点不能再被旧层级命名,锚定·时间筛选·时河重构181的核心危机吞掉本章缓冲，arc-035无法完成门槛封口,为得到“推翻旧模型仍可解释一切的假设，让时间锚点的钉帽交出第05个可复查证据”，必须失去“一层因果膜余量，并承认锚点不能再被旧层级命名”；若拒绝，“锚定·时间筛选·时河重构181的核心危机吞掉本章缓冲，arc-035无法完成门槛封口”会提前发生。,detailed-v4
chapter-0856,856,arc-035,6,反证,推翻旧模型仍可解释一切的假设，让时河重构的局部截面交出第06个可复查证据,一个历史灰烬样本，并承认时河重构不能再被旧层级命名,锚定·时间筛选·因果裂隙重构182的核心危机吞掉本章缓冲，arc-035无法完成门槛封口,为得到“推翻旧模型仍可解释一切的假设，让时河重构的局部截面交出第06个可复查证据”，必须失去“一个历史灰烬样本，并承认时河重构不能再被旧层级命名”；若拒绝，“锚定·时间筛选·因果裂隙重构182的核心危机吞掉本章缓冲，arc-035无法完成门槛封口”会提前发生。,detailed-v4
chapter-0857,857,arc-035,7,反证,推翻旧模型仍可解释一切的假设，让因果裂隙重构的局部截面交出第07个可复查证据,一次未来镜读取权，并承认因果裂隙重构不能再被旧层级命名,锚定·时间筛选·未来镜重构183的核心危机吞掉本章缓冲，arc-035无法完成门槛封口,为得到“推翻旧模型仍可解释一切的假设，让因果裂隙重构的局部截面交出第07个可复查证据”，必须失去“一次未来镜读取权，并承认因果裂隙重构不能再被旧层级命名”；若拒绝，“锚定·时间筛选·未来镜重构183的核心危机吞掉本章缓冲，arc-035无法完成门槛封口”会提前发生。,detailed-v4
chapter-0858,858,arc-035,8,反证,推翻旧模型仍可解释一切的假设，让未来镜重构的局部截面交出第08个可复查证据,一条可删除时间线，并承认未来镜重构不能再被旧层级命名,锚定·时间筛选·历史灰烬重构184的核心危机吞掉本章缓冲，arc-035无法完成门槛封口,为得到“推翻旧模型仍可解释一切的假设，让未来镜重构的局部截面交出第08个可复查证据”，必须失去“一条可删除时间线，并承认未来镜重构不能再被旧层级命名”；若拒绝，“锚定·时间筛选·历史灰烬重构184的核心危机吞掉本章缓冲，arc-035无法完成门槛封口”会提前发生。,detailed-v4
chapter-0859,859,arc-035,9,代价,换取一次继续观测的资格，让历史灰烬重构的局部截面交出第09个可复查证据,一层因果膜余量，并承认历史灰烬重构不能再被旧层级命名,锚定·时间筛选·悖论线重构185的核心危机吞掉本章缓冲，arc-035无法完成门槛封口,为得到“换取一次继续观测的资格，让历史灰烬重构的局部截面交出第09个可复查证据”，必须失去“一层因果膜余量，并承认历史灰烬重构不能再被旧层级命名”；若拒绝，“锚定·时间筛选·悖论线重构185的核心危机吞掉本章缓冲，arc-035无法完成门槛封口”会提前发生。,detailed-v4
chapter-0860,860,arc-035,10,代价,换取一次继续观测的资格，让悖论线重构的局部截面交出第10个可复查证据,一个历史灰烬样本，并承认悖论线重构不能再被旧层级命名,锚定·时间筛选·删除的春天重构186的核心危机吞掉本章缓冲，arc-035无法完成门槛封口,为得到“换取一次继续观测的资格，让悖论线重构的局部截面交出第10个可复查证据”，必须失去“一个历史灰烬样本，并承认悖论线重构不能再被旧层级命名”；若拒绝，“锚定·时间筛选·删除的春天重构186的核心危机吞掉本章缓冲，arc-035无法完成门槛封口”会提前发生。,detailed-v4
chapter-0861,861,arc-035,11,代价,换取一次继续观测的资格，让删除的春天重构的局部截面交出第11个可复查证据,一次未来镜读取权，并承认删除的春天重构不能再被旧层级命名,锚定·时间筛选·时间惯性重构187的核心危机吞掉本章缓冲，arc-035无法完成门槛封口,为得到“换取一次继续观测的资格，让删除的春天重构的局部截面交出第11个可复查证据”，必须失去“一次未来镜读取权，并承认删除的春天重构不能再被旧层级命名”；若拒绝，“锚定·时间筛选·时间惯性重构187的核心危机吞掉本章缓冲，arc-035无法完成门槛封口”会提前发生。,detailed-v4
chapter-0862,862,arc-035,12,误判,暴露角色仍误信的判断方式，让时间惯性重构的局部截面交出第12个可复查证据,一条可删除时间线，并承认时间惯性重构不能再被旧层级命名,锚定·时间筛选·宇宙膜重构188的核心危机吞掉本章缓冲，arc-035无法完成门槛封口,为得到“暴露角色仍误信的判断方式，让时间惯性重构的局部截面交出第12个可复查证据”，必须失去“一条可删除时间线，并承认时间惯性重构不能再被旧层级命名”；若拒绝，“锚定·时间筛选·宇宙膜重构188的核心危机吞掉本章缓冲，arc-035无法完成门槛封口”会提前发生。,detailed-v4
chapter-0863,863,arc-035,13,误判,暴露角色仍误信的判断方式，让宇宙膜重构的局部截面交出第13个可复查证据,一层因果膜余量，并承认宇宙膜重构不能再被旧层级命名,锚定·时间筛选·回放重构189的核心危机吞掉本章缓冲，arc-035无法完成门槛封口,为得到“暴露角色仍误信的判断方式，让宇宙膜重构的局部截面交出第13个可复查证据”，必须失去“一层因果膜余量，并承认宇宙膜重构不能再被旧层级命名”；若拒绝，“锚定·时间筛选·回放重构189的核心危机吞掉本章缓冲，arc-035无法完成门槛封口”会提前发生。,detailed-v4
chapter-0864,864,arc-035,14,误判,暴露角色仍误信的判断方式，让回放重构的局部截面交出第14个可复查证据,一个历史灰烬样本，并承认回放重构不能再被旧层级命名,锚定·时间筛选·锚点重构190的核心危机吞掉本章缓冲，arc-035无法完成门槛封口,为得到“暴露角色仍误信的判断方式，让回放重构的局部截面交出第14个可复查证据”，必须失去“一个历史灰烬样本，并承认回放重构不能再被旧层级命名”；若拒绝，“锚定·时间筛选·锚点重构190的核心危机吞掉本章缓冲，arc-035无法完成门槛封口”会提前发生。,detailed-v4
chapter-0865,865,arc-035,15,误判,暴露角色仍误信的判断方式，让锚点重构的局部截面交出第15个可复查证据,一次未来镜读取权，并承认锚点重构不能再被旧层级命名,锚定·时间筛选·时河余震191的核心危机吞掉本章缓冲，arc-035无法完成门槛封口,为得到“暴露角色仍误信的判断方式，让锚点重构的局部截面交出第15个可复查证据”，必须失去“一次未来镜读取权，并承认锚点重构不能再被旧层级命名”；若拒绝，“锚定·时间筛选·时河余震191的核心危机吞掉本章缓冲，arc-035无法完成门槛封口”会提前发生。,detailed-v4
chapter-0866,866,arc-035,16,失控,把异常限制在可写的物理边界内，让时河河床交出第16个可复查证据,一条可删除时间线，并承认时河不能再被旧层级命名,锚定·时间筛选·因果裂隙余震192的核心危机吞掉本章缓冲，arc-035无法完成门槛封口,为得到“把异常限制在可写的物理边界内，让时河河床交出第16个可复查证据”，必须失去“一条可删除时间线，并承认时河不能再被旧层级命名”；若拒绝，“锚定·时间筛选·因果裂隙余震192的核心危机吞掉本章缓冲，arc-035无法完成门槛封口”会提前发生。,detailed-v4
chapter-0867,867,arc-035,17,失控,把异常限制在可写的物理边界内，让因果裂隙边缘交出第17个可复查证据,一层因果膜余量，并承认因果裂隙不能再被旧层级命名,锚定·时间筛选·未来镜余震193的核心危机吞掉本章缓冲，arc-035无法完成门槛封口,为得到“把异常限制在可写的物理边界内，让因果裂隙边缘交出第17个可复查证据”，必须失去“一层因果膜余量，并承认因果裂隙不能再被旧层级命名”；若拒绝，“锚定·时间筛选·未来镜余震193的核心危机吞掉本章缓冲，arc-035无法完成门槛封口”会提前发生。,detailed-v4
chapter-0868,868,arc-035,18,失控,把异常限制在可写的物理边界内，让未来镜背面交出第18个可复查证据,一个历史灰烬样本，并承认未来镜不能再被旧层级命名,锚定·时间筛选·历史灰烬余震194的核心危机吞掉本章缓冲，arc-035无法完成门槛封口,为得到“把异常限制在可写的物理边界内，让未来镜背面交出第18个可复查证据”，必须失去“一个历史灰烬样本，并承认未来镜不能再被旧层级命名”；若拒绝，“锚定·时间筛选·历史灰烬余震194的核心危机吞掉本章缓冲，arc-035无法完成门槛封口”会提前发生。,detailed-v4
chapter-0869,869,arc-035,19,失控,把异常限制在可写的物理边界内，让历史灰烬沉积层交出第19个可复查证据,一次未来镜读取权，并承认历史灰烬不能再被旧层级命名,锚定·时间筛选·悖论线余震195的核心危机吞掉本章缓冲，arc-035无法完成门槛封口,为得到“把异常限制在可写的物理边界内，让历史灰烬沉积层交出第19个可复查证据”，必须失去“一次未来镜读取权，并承认历史灰烬不能再被旧层级命名”；若拒绝，“锚定·时间筛选·悖论线余震195的核心危机吞掉本章缓冲，arc-035无法完成门槛封口”会提前发生。,detailed-v4
chapter-0870,870,arc-035,20,回响,让眷恋线以硬证物返回，让悖论线截面交出第20个可复查证据,一条可删除时间线，并承认悖论线不能再被旧层级命名,锚定·时间筛选·删除的春天余震196的核心危机吞掉本章缓冲，arc-035无法完成门槛封口,为得到“让眷恋线以硬证物返回，让悖论线截面交出第20个可复查证据”，必须失去“一条可删除时间线，并承认悖论线不能再被旧层级命名”；若拒绝，“锚定·时间筛选·删除的春天余震196的核心危机吞掉本章缓冲，arc-035无法完成门槛封口”会提前发生。,detailed-v4
chapter-0871,871,arc-035,21,回响,让眷恋线以硬证物返回，让删除的春天的局部截面交出第21个可复查证据,一层因果膜余量，并承认删除的春天不能再被旧层级命名,锚定·时间筛选·时间惯性余震197的核心危机吞掉本章缓冲，arc-035无法完成门槛封口,为得到“让眷恋线以硬证物返回，让删除的春天的局部截面交出第21个可复查证据”，必须失去“一层因果膜余量，并承认删除的春天不能再被旧层级命名”；若拒绝，“锚定·时间筛选·时间惯性余震197的核心危机吞掉本章缓冲，arc-035无法完成门槛封口”会提前发生。,detailed-v4
chapter-0872,872,arc-035,22,回响,让眷恋线以硬证物返回，让时间惯性暗涌交出第22个可复查证据,一个历史灰烬样本，并承认时间惯性不能再被旧层级命名,锚定·时间筛选·宇宙膜余震198的核心危机吞掉本章缓冲，arc-035无法完成门槛封口,为得到“让眷恋线以硬证物返回，让时间惯性暗涌交出第22个可复查证据”，必须失去“一个历史灰烬样本，并承认时间惯性不能再被旧层级命名”；若拒绝，“锚定·时间筛选·宇宙膜余震198的核心危机吞掉本章缓冲，arc-035无法完成门槛封口”会提前发生。,detailed-v4
chapter-0873,873,arc-035,23,门槛,把本组问题交给下一章群而不总结掉，让宇宙膜穿刺点交出第23个可复查证据,一次未来镜读取权，并承认宇宙膜不能再被旧层级命名,锚定·时间筛选·回放余震199的核心危机吞掉本章缓冲，arc-035无法完成门槛封口,为得到“把本组问题交给下一章群而不总结掉，让宇宙膜穿刺点交出第23个可复查证据”，必须失去“一次未来镜读取权，并承认宇宙膜不能再被旧层级命名”；若拒绝，“锚定·时间筛选·回放余震199的核心危机吞掉本章缓冲，arc-035无法完成门槛封口”会提前发生。,detailed-v4
chapter-0874,874,arc-035,24,门槛,把本组问题交给下一章群而不总结掉，让回放的局部截面交出第24个可复查证据,一条可删除时间线，并承认回放不能再被旧层级命名,锚定·时间筛选·锚点余震200的核心危机吞掉本章缓冲，arc-035无法完成门槛封口,为得到“把本组问题交给下一章群而不总结掉，让回放的局部截面交出第24个可复查证据”，必须失去“一条可删除时间线，并承认回放不能再被旧层级命名”；若拒绝，“锚定·时间筛选·锚点余震200的核心危机吞掉本章缓冲，arc-035无法完成门槛封口”会提前发生。,detailed-v4
chapter-0875,875,arc-035,25,门槛,把本组问题交给下一章群而不总结掉，让时间锚点的钉帽交出第25个可复查证据,一层因果膜余量，并承认锚点不能再被旧层级命名,锚定·时间筛选·时河初醒201的核心危机吞掉本章缓冲，arc-035无法完成门槛封口,为得到“把本组问题交给下一章群而不总结掉，让时间锚点的钉帽交出第25个可复查证据”，必须失去“一层因果膜余量，并承认锚点不能再被旧层级命名”；若拒绝，“锚定·时间筛选·时河初醒201的核心危机吞掉本章缓冲，arc-035无法完成门槛封口”会提前发生。,detailed-v4
chapter-0876,876,arc-036,1,起因,确认异常不是孤立事故，让时河河床交出第01个可复查证据,一次未来镜读取权，并承认时河不能再被旧层级命名,锚定·时间筛选·因果裂隙初醒202的核心危机吞掉本章缓冲，arc-036无法完成门槛封口,为得到“确认异常不是孤立事故，让时河河床交出第01个可复查证据”，必须失去“一次未来镜读取权，并承认时河不能再被旧层级命名”；若拒绝，“锚定·时间筛选·因果裂隙初醒202的核心危机吞掉本章缓冲，arc-036无法完成门槛封口”会提前发生。,detailed-v4
chapter-0877,877,arc-036,2,起因,确认异常不是孤立事故，让因果裂隙边缘交出第02个可复查证据,一条可删除时间线，并承认因果裂隙不能再被旧层级命名,锚定·时间筛选·未来镜初醒203的核心危机吞掉本章缓冲，arc-036无法完成门槛封口,为得到“确认异常不是孤立事故，让因果裂隙边缘交出第02个可复查证据”，必须失去“一条可删除时间线，并承认因果裂隙不能再被旧层级命名”；若拒绝，“锚定·时间筛选·未来镜初醒203的核心危机吞掉本章缓冲，arc-036无法完成门槛封口”会提前发生。,detailed-v4
chapter-0878,878,arc-036,3,起因,确认异常不是孤立事故，让未来镜背面交出第03个可复查证据,一层因果膜余量，并承认未来镜不能再被旧层级命名,锚定·时间筛选·历史灰烬初醒204的核心危机吞掉本章缓冲，arc-036无法完成门槛封口,为得到“确认异常不是孤立事故，让未来镜背面交出第03个可复查证据”，必须失去“一层因果膜余量，并承认未来镜不能再被旧层级命名”；若拒绝，“锚定·时间筛选·历史灰烬初醒204的核心危机吞掉本章缓冲，arc-036无法完成门槛封口”会提前发生。,detailed-v4
chapter-0879,879,arc-036,4,起因,确认异常不是孤立事故，让历史灰烬沉积层交出第04个可复查证据,一个历史灰烬样本，并承认历史灰烬不能再被旧层级命名,锚定·时间筛选·悖论线初醒205的核心危机吞掉本章缓冲，arc-036无法完成门槛封口,为得到“确认异常不是孤立事故，让历史灰烬沉积层交出第04个可复查证据”，必须失去“一个历史灰烬样本，并承认历史灰烬不能再被旧层级命名”；若拒绝，“锚定·时间筛选·悖论线初醒205的核心危机吞掉本章缓冲，arc-036无法完成门槛封口”会提前发生。,detailed-v4
chapter-0880,880,arc-036,5,反证,推翻旧模型仍可解释一切的假设，让悖论线截面交出第05个可复查证据,一次未来镜读取权，并承认悖论线不能再被旧层级命名,锚定·时间筛选·删除的春天初醒206的核心危机吞掉本章缓冲，arc-036无法完成门槛封口,为得到“推翻旧模型仍可解释一切的假设，让悖论线截面交出第05个可复查证据”，必须失去“一次未来镜读取权，并承认悖论线不能再被旧层级命名”；若拒绝，“锚定·时间筛选·删除的春天初醒206的核心危机吞掉本章缓冲，arc-036无法完成门槛封口”会提前发生。,detailed-v4
chapter-0881,881,arc-036,6,反证,推翻旧模型仍可解释一切的假设，让删除的春天的局部截面交出第06个可复查证据,一条可删除时间线，并承认删除的春天不能再被旧层级命名,锚定·时间筛选·时间惯性初醒207的核心危机吞掉本章缓冲，arc-036无法完成门槛封口,为得到“推翻旧模型仍可解释一切的假设，让删除的春天的局部截面交出第06个可复查证据”，必须失去“一条可删除时间线，并承认删除的春天不能再被旧层级命名”；若拒绝，“锚定·时间筛选·时间惯性初醒207的核心危机吞掉本章缓冲，arc-036无法完成门槛封口”会提前发生。,detailed-v4
chapter-0882,882,arc-036,7,反证,推翻旧模型仍可解释一切的假设，让时间惯性暗涌交出第07个可复查证据,一层因果膜余量，并承认时间惯性不能再被旧层级命名,锚定·时间筛选·宇宙膜初醒208的核心危机吞掉本章缓冲，arc-036无法完成门槛封口,为得到“推翻旧模型仍可解释一切的假设，让时间惯性暗涌交出第07个可复查证据”，必须失去“一层因果膜余量，并承认时间惯性不能再被旧层级命名”；若拒绝，“锚定·时间筛选·宇宙膜初醒208的核心危机吞掉本章缓冲，arc-036无法完成门槛封口”会提前发生。,detailed-v4
chapter-0883,883,arc-036,8,反证,推翻旧模型仍可解释一切的假设，让宇宙膜穿刺点交出第08个可复查证据,一个历史灰烬样本，并承认宇宙膜不能再被旧层级命名,锚定·时间筛选·回放初醒209的核心危机吞掉本章缓冲，arc-036无法完成门槛封口,为得到“推翻旧模型仍可解释一切的假设，让宇宙膜穿刺点交出第08个可复查证据”，必须失去“一个历史灰烬样本，并承认宇宙膜不能再被旧层级命名”；若拒绝，“锚定·时间筛选·回放初醒209的核心危机吞掉本章缓冲，arc-036无法完成门槛封口”会提前发生。,detailed-v4
chapter-0884,884,arc-036,9,代价,换取一次继续观测的资格，让回放的局部截面交出第09个可复查证据,一次未来镜读取权，并承认回放不能再被旧层级命名,锚定·时间筛选·锚点初醒210的核心危机吞掉本章缓冲，arc-036无法完成门槛封口,为得到“换取一次继续观测的资格，让回放的局部截面交出第09个可复查证据”，必须失去“一次未来镜读取权，并承认回放不能再被旧层级命名”；若拒绝，“锚定·时间筛选·锚点初醒210的核心危机吞掉本章缓冲，arc-036无法完成门槛封口”会提前发生。,detailed-v4
chapter-0885,885,arc-036,10,代价,换取一次继续观测的资格，让时间锚点的钉帽交出第10个可复查证据,一条可删除时间线，并承认锚点不能再被旧层级命名,锚定·时间筛选·时河裂响211的核心危机吞掉本章缓冲，arc-036无法完成门槛封口,为得到“换取一次继续观测的资格，让时间锚点的钉帽交出第10个可复查证据”，必须失去“一条可删除时间线，并承认锚点不能再被旧层级命名”；若拒绝，“锚定·时间筛选·时河裂响211的核心危机吞掉本章缓冲，arc-036无法完成门槛封口”会提前发生。,detailed-v4
chapter-0886,886,arc-036,11,代价,换取一次继续观测的资格，让时河河床交出第11个可复查证据,一层因果膜余量，并承认时河不能再被旧层级命名,锚定·时间筛选·因果裂隙裂响212的核心危机吞掉本章缓冲，arc-036无法完成门槛封口,为得到“换取一次继续观测的资格，让时河河床交出第11个可复查证据”，必须失去“一层因果膜余量，并承认时河不能再被旧层级命名”；若拒绝，“锚定·时间筛选·因果裂隙裂响212的核心危机吞掉本章缓冲，arc-036无法完成门槛封口”会提前发生。,detailed-v4
chapter-0887,887,arc-036,12,误判,暴露角色仍误信的判断方式，让因果裂隙边缘交出第12个可复查证据,一个历史灰烬样本，并承认因果裂隙不能再被旧层级命名,锚定·时间筛选·未来镜裂响213的核心危机吞掉本章缓冲，arc-036无法完成门槛封口,为得到“暴露角色仍误信的判断方式，让因果裂隙边缘交出第12个可复查证据”，必须失去“一个历史灰烬样本，并承认因果裂隙不能再被旧层级命名”；若拒绝，“锚定·时间筛选·未来镜裂响213的核心危机吞掉本章缓冲，arc-036无法完成门槛封口”会提前发生。,detailed-v4
chapter-0888,888,arc-036,13,误判,暴露角色仍误信的判断方式，让未来镜背面交出第13个可复查证据,一次未来镜读取权，并承认未来镜不能再被旧层级命名,锚定·时间筛选·历史灰烬裂响214的核心危机吞掉本章缓冲，arc-036无法完成门槛封口,为得到“暴露角色仍误信的判断方式，让未来镜背面交出第13个可复查证据”，必须失去“一次未来镜读取权，并承认未来镜不能再被旧层级命名”；若拒绝，“锚定·时间筛选·历史灰烬裂响214的核心危机吞掉本章缓冲，arc-036无法完成门槛封口”会提前发生。,detailed-v4
chapter-0889,889,arc-036,14,误判,暴露角色仍误信的判断方式，让历史灰烬沉积层交出第14个可复查证据,一条可删除时间线，并承认历史灰烬不能再被旧层级命名,锚定·时间筛选·悖论线裂响215的核心危机吞掉本章缓冲，arc-036无法完成门槛封口,为得到“暴露角色仍误信的判断方式，让历史灰烬沉积层交出第14个可复查证据”，必须失去“一条可删除时间线，并承认历史灰烬不能再被旧层级命名”；若拒绝，“锚定·时间筛选·悖论线裂响215的核心危机吞掉本章缓冲，arc-036无法完成门槛封口”会提前发生。,detailed-v4
chapter-0890,890,arc-036,15,误判,暴露角色仍误信的判断方式，让悖论线截面交出第15个可复查证据,一层因果膜余量，并承认悖论线不能再被旧层级命名,锚定·时间筛选·删除的春天裂响216的核心危机吞掉本章缓冲，arc-036无法完成门槛封口,为得到“暴露角色仍误信的判断方式，让悖论线截面交出第15个可复查证据”，必须失去“一层因果膜余量，并承认悖论线不能再被旧层级命名”；若拒绝，“锚定·时间筛选·删除的春天裂响216的核心危机吞掉本章缓冲，arc-036无法完成门槛封口”会提前发生。,detailed-v4
chapter-0891,891,arc-036,16,失控,把异常限制在可写的物理边界内，让删除的春天的局部截面交出第16个可复查证据,一个历史灰烬样本，并承认删除的春天不能再被旧层级命名,锚定·时间筛选·时间惯性裂响217的核心危机吞掉本章缓冲，arc-036无法完成门槛封口,为得到“把异常限制在可写的物理边界内，让删除的春天的局部截面交出第16个可复查证据”，必须失去“一个历史灰烬样本，并承认删除的春天不能再被旧层级命名”；若拒绝，“锚定·时间筛选·时间惯性裂响217的核心危机吞掉本章缓冲，arc-036无法完成门槛封口”会提前发生。,detailed-v4
chapter-0892,892,arc-036,17,失控,把异常限制在可写的物理边界内，让时间惯性暗涌交出第17个可复查证据,一次未来镜读取权，并承认时间惯性不能再被旧层级命名,锚定·时间筛选·宇宙膜裂响218的核心危机吞掉本章缓冲，arc-036无法完成门槛封口,为得到“把异常限制在可写的物理边界内，让时间惯性暗涌交出第17个可复查证据”，必须失去“一次未来镜读取权，并承认时间惯性不能再被旧层级命名”；若拒绝，“锚定·时间筛选·宇宙膜裂响218的核心危机吞掉本章缓冲，arc-036无法完成门槛封口”会提前发生。,detailed-v4
chapter-0893,893,arc-036,18,失控,把异常限制在可写的物理边界内，让宇宙膜穿刺点交出第18个可复查证据,一条可删除时间线，并承认宇宙膜不能再被旧层级命名,锚定·时间筛选·回放裂响219的核心危机吞掉本章缓冲，arc-036无法完成门槛封口,为得到“把异常限制在可写的物理边界内，让宇宙膜穿刺点交出第18个可复查证据”，必须失去“一条可删除时间线，并承认宇宙膜不能再被旧层级命名”；若拒绝，“锚定·时间筛选·回放裂响219的核心危机吞掉本章缓冲，arc-036无法完成门槛封口”会提前发生。,detailed-v4
chapter-0894,894,arc-036,19,失控,把异常限制在可写的物理边界内，让回放的局部截面交出第19个可复查证据,一层因果膜余量，并承认回放不能再被旧层级命名,锚定·时间筛选·锚点裂响220的核心危机吞掉本章缓冲，arc-036无法完成门槛封口,为得到“把异常限制在可写的物理边界内，让回放的局部截面交出第19个可复查证据”，必须失去“一层因果膜余量，并承认回放不能再被旧层级命名”；若拒绝，“锚定·时间筛选·锚点裂响220的核心危机吞掉本章缓冲，arc-036无法完成门槛封口”会提前发生。,detailed-v4
chapter-0895,895,arc-036,20,回响,让眷恋线以硬证物返回，让时间锚点的钉帽交出第20个可复查证据,一个历史灰烬样本，并承认锚点不能再被旧层级命名,锚定·时间筛选·时河低语221的核心危机吞掉本章缓冲，arc-036无法完成门槛封口,为得到“让眷恋线以硬证物返回，让时间锚点的钉帽交出第20个可复查证据”，必须失去“一个历史灰烬样本，并承认锚点不能再被旧层级命名”；若拒绝，“锚定·时间筛选·时河低语221的核心危机吞掉本章缓冲，arc-036无法完成门槛封口”会提前发生。,detailed-v4
chapter-0896,896,arc-036,21,回响,让眷恋线以硬证物返回，让时河河床交出第21个可复查证据,一次未来镜读取权，并承认时河不能再被旧层级命名,锚定·时间筛选·因果裂隙低语222的核心危机吞掉本章缓冲，arc-036无法完成门槛封口,为得到“让眷恋线以硬证物返回，让时河河床交出第21个可复查证据”，必须失去“一次未来镜读取权，并承认时河不能再被旧层级命名”；若拒绝，“锚定·时间筛选·因果裂隙低语222的核心危机吞掉本章缓冲，arc-036无法完成门槛封口”会提前发生。,detailed-v4
chapter-0897,897,arc-036,22,回响,让眷恋线以硬证物返回，让因果裂隙边缘交出第22个可复查证据,一条可删除时间线，并承认因果裂隙不能再被旧层级命名,锚定·时间筛选·未来镜低语223的核心危机吞掉本章缓冲，arc-036无法完成门槛封口,为得到“让眷恋线以硬证物返回，让因果裂隙边缘交出第22个可复查证据”，必须失去“一条可删除时间线，并承认因果裂隙不能再被旧层级命名”；若拒绝，“锚定·时间筛选·未来镜低语223的核心危机吞掉本章缓冲，arc-036无法完成门槛封口”会提前发生。,detailed-v4
chapter-0898,898,arc-036,23,门槛,把本组问题交给下一章群而不总结掉，让未来镜背面交出第23个可复查证据,一层因果膜余量，并承认未来镜不能再被旧层级命名,锚定·时间筛选·历史灰烬低语224的核心危机吞掉本章缓冲，arc-036无法完成门槛封口,为得到“把本组问题交给下一章群而不总结掉，让未来镜背面交出第23个可复查证据”，必须失去“一层因果膜余量，并承认未来镜不能再被旧层级命名”；若拒绝，“锚定·时间筛选·历史灰烬低语224的核心危机吞掉本章缓冲，arc-036无法完成门槛封口”会提前发生。,detailed-v4
chapter-0899,899,arc-036,24,门槛,把本组问题交给下一章群而不总结掉，让历史灰烬沉积层交出第24个可复查证据,一个历史灰烬样本，并承认历史灰烬不能再被旧层级命名,锚定·时间筛选·悖论线低语225的核心危机吞掉本章缓冲，arc-036无法完成门槛封口,为得到“把本组问题交给下一章群而不总结掉，让历史灰烬沉积层交出第24个可复查证据”，必须失去“一个历史灰烬样本，并承认历史灰烬不能再被旧层级命名”；若拒绝，“锚定·时间筛选·悖论线低语225的核心危机吞掉本章缓冲，arc-036无法完成门槛封口”会提前发生。,detailed-v4
chapter-0900,900,arc-036,25,门槛,把本组问题交给下一章群而不总结掉，让悖论线截面交出第25个可复查证据,一次未来镜读取权，并承认悖论线不能再被旧层级命名,锚定·悖论与穿膜·删除的春天低语226的核心危机吞掉本章缓冲，arc-036无法完成门槛封口,为得到“把本组问题交给下一章群而不总结掉，让悖论线截面交出第25个可复查证据”，必须失去“一次未来镜读取权，并承认悖论线不能再被旧层级命名”；若拒绝，“锚定·悖论与穿膜·删除的春天低语226的核心危机吞掉本章缓冲，arc-036无法完成门槛封口”会提前发生。,detailed-v4
chapter-0901,901,arc-037,1,起因,确认异常不是孤立事故，让删除的春天的局部截面交出第01个可复查证据,一层因果膜余量，并承认删除的春天不能再被旧层级命名,锚定·悖论与穿膜·时间惯性低语227的核心危机吞掉本章缓冲，arc-037无法完成门槛封口,为得到“确认异常不是孤立事故，让删除的春天的局部截面交出第01个可复查证据”，必须失去“一层因果膜余量，并承认删除的春天不能再被旧层级命名”；若拒绝，“锚定·悖论与穿膜·时间惯性低语227的核心危机吞掉本章缓冲，arc-037无法完成门槛封口”会提前发生。,detailed-v4
chapter-0902,902,arc-037,2,起因,确认异常不是孤立事故，让时间惯性暗涌交出第02个可复查证据,一个历史灰烬样本，并承认时间惯性不能再被旧层级命名,锚定·悖论与穿膜·宇宙膜低语228的核心危机吞掉本章缓冲，arc-037无法完成门槛封口,为得到“确认异常不是孤立事故，让时间惯性暗涌交出第02个可复查证据”，必须失去“一个历史灰烬样本，并承认时间惯性不能再被旧层级命名”；若拒绝，“锚定·悖论与穿膜·宇宙膜低语228的核心危机吞掉本章缓冲，arc-037无法完成门槛封口”会提前发生。,detailed-v4
chapter-0903,903,arc-037,3,起因,确认异常不是孤立事故，让宇宙膜穿刺点交出第03个可复查证据,一次未来镜读取权，并承认宇宙膜不能再被旧层级命名,锚定·悖论与穿膜·回放低语229的核心危机吞掉本章缓冲，arc-037无法完成门槛封口,为得到“确认异常不是孤立事故，让宇宙膜穿刺点交出第03个可复查证据”，必须失去“一次未来镜读取权，并承认宇宙膜不能再被旧层级命名”；若拒绝，“锚定·悖论与穿膜·回放低语229的核心危机吞掉本章缓冲，arc-037无法完成门槛封口”会提前发生。,detailed-v4
chapter-0904,904,arc-037,4,起因,确认异常不是孤立事故，让回放的局部截面交出第04个可复查证据,一条可删除时间线，并承认回放不能再被旧层级命名,锚定·悖论与穿膜·锚点低语230的核心危机吞掉本章缓冲，arc-037无法完成门槛封口,为得到“确认异常不是孤立事故，让回放的局部截面交出第04个可复查证据”，必须失去“一条可删除时间线，并承认回放不能再被旧层级命名”；若拒绝，“锚定·悖论与穿膜·锚点低语230的核心危机吞掉本章缓冲，arc-037无法完成门槛封口”会提前发生。,detailed-v4
chapter-0905,905,arc-037,5,反证,推翻旧模型仍可解释一切的假设，让时间锚点的钉帽交出第05个可复查证据,一层因果膜余量，并承认锚点不能再被旧层级命名,锚定·悖论与穿膜·时河回潮231的核心危机吞掉本章缓冲，arc-037无法完成门槛封口,为得到“推翻旧模型仍可解释一切的假设，让时间锚点的钉帽交出第05个可复查证据”，必须失去“一层因果膜余量，并承认锚点不能再被旧层级命名”；若拒绝，“锚定·悖论与穿膜·时河回潮231的核心危机吞掉本章缓冲，arc-037无法完成门槛封口”会提前发生。,detailed-v4
chapter-0906,906,arc-037,6,反证,推翻旧模型仍可解释一切的假设，让时河河床交出第06个可复查证据,一个历史灰烬样本，并承认时河不能再被旧层级命名,锚定·悖论与穿膜·因果裂隙回潮232的核心危机吞掉本章缓冲，arc-037无法完成门槛封口,为得到“推翻旧模型仍可解释一切的假设，让时河河床交出第06个可复查证据”，必须失去“一个历史灰烬样本，并承认时河不能再被旧层级命名”；若拒绝，“锚定·悖论与穿膜·因果裂隙回潮232的核心危机吞掉本章缓冲，arc-037无法完成门槛封口”会提前发生。,detailed-v4
chapter-0907,907,arc-037,7,反证,推翻旧模型仍可解释一切的假设，让因果裂隙边缘交出第07个可复查证据,一次未来镜读取权，并承认因果裂隙不能再被旧层级命名,锚定·悖论与穿膜·未来镜回潮233的核心危机吞掉本章缓冲，arc-037无法完成门槛封口,为得到“推翻旧模型仍可解释一切的假设，让因果裂隙边缘交出第07个可复查证据”，必须失去“一次未来镜读取权，并承认因果裂隙不能再被旧层级命名”；若拒绝，“锚定·悖论与穿膜·未来镜回潮233的核心危机吞掉本章缓冲，arc-037无法完成门槛封口”会提前发生。,detailed-v4
chapter-0908,908,arc-037,8,反证,推翻旧模型仍可解释一切的假设，让未来镜背面交出第08个可复查证据,一条可删除时间线，并承认未来镜不能再被旧层级命名,锚定·悖论与穿膜·历史灰烬回潮234的核心危机吞掉本章缓冲，arc-037无法完成门槛封口,为得到“推翻旧模型仍可解释一切的假设，让未来镜背面交出第08个可复查证据”，必须失去“一条可删除时间线，并承认未来镜不能再被旧层级命名”；若拒绝，“锚定·悖论与穿膜·历史灰烬回潮234的核心危机吞掉本章缓冲，arc-037无法完成门槛封口”会提前发生。,detailed-v4
chapter-0909,909,arc-037,9,代价,换取一次继续观测的资格，让历史灰烬沉积层交出第09个可复查证据,一层因果膜余量，并承认历史灰烬不能再被旧层级命名,锚定·悖论与穿膜·悖论线回潮235的核心危机吞掉本章缓冲，arc-037无法完成门槛封口,为得到“换取一次继续观测的资格，让历史灰烬沉积层交出第09个可复查证据”，必须失去“一层因果膜余量，并承认历史灰烬不能再被旧层级命名”；若拒绝，“锚定·悖论与穿膜·悖论线回潮235的核心危机吞掉本章缓冲，arc-037无法完成门槛封口”会提前发生。,detailed-v4
chapter-0910,910,arc-037,10,代价,换取一次继续观测的资格，让悖论线截面交出第10个可复查证据,一个历史灰烬样本，并承认悖论线不能再被旧层级命名,锚定·悖论与穿膜·删除的春天回潮236的核心危机吞掉本章缓冲，arc-037无法完成门槛封口,为得到“换取一次继续观测的资格，让悖论线截面交出第10个可复查证据”，必须失去“一个历史灰烬样本，并承认悖论线不能再被旧层级命名”；若拒绝，“锚定·悖论与穿膜·删除的春天回潮236的核心危机吞掉本章缓冲，arc-037无法完成门槛封口”会提前发生。,detailed-v4
chapter-0911,911,arc-037,11,代价,换取一次继续观测的资格，让删除的春天的局部截面交出第11个可复查证据,一次未来镜读取权，并承认删除的春天不能再被旧层级命名,锚定·悖论与穿膜·时间惯性回潮237的核心危机吞掉本章缓冲，arc-037无法完成门槛封口,为得到“换取一次继续观测的资格，让删除的春天的局部截面交出第11个可复查证据”，必须失去“一次未来镜读取权，并承认删除的春天不能再被旧层级命名”；若拒绝，“锚定·悖论与穿膜·时间惯性回潮237的核心危机吞掉本章缓冲，arc-037无法完成门槛封口”会提前发生。,detailed-v4
chapter-0912,912,arc-037,12,误判,暴露角色仍误信的判断方式，让时间惯性暗涌交出第12个可复查证据,一条可删除时间线，并承认时间惯性不能再被旧层级命名,锚定·悖论与穿膜·宇宙膜回潮238的核心危机吞掉本章缓冲，arc-037无法完成门槛封口,为得到“暴露角色仍误信的判断方式，让时间惯性暗涌交出第12个可复查证据”，必须失去“一条可删除时间线，并承认时间惯性不能再被旧层级命名”；若拒绝，“锚定·悖论与穿膜·宇宙膜回潮238的核心危机吞掉本章缓冲，arc-037无法完成门槛封口”会提前发生。,detailed-v4
chapter-0913,913,arc-037,13,误判,暴露角色仍误信的判断方式，让宇宙膜穿刺点交出第13个可复查证据,一层因果膜余量，并承认宇宙膜不能再被旧层级命名,锚定·悖论与穿膜·回放回潮239的核心危机吞掉本章缓冲，arc-037无法完成门槛封口,为得到“暴露角色仍误信的判断方式，让宇宙膜穿刺点交出第13个可复查证据”，必须失去“一层因果膜余量，并承认宇宙膜不能再被旧层级命名”；若拒绝，“锚定·悖论与穿膜·回放回潮239的核心危机吞掉本章缓冲，arc-037无法完成门槛封口”会提前发生。,detailed-v4
chapter-0914,914,arc-037,14,误判,暴露角色仍误信的判断方式，让回放的局部截面交出第14个可复查证据,一个历史灰烬样本，并承认回放不能再被旧层级命名,锚定·悖论与穿膜·锚点回潮240的核心危机吞掉本章缓冲，arc-037无法完成门槛封口,为得到“暴露角色仍误信的判断方式，让回放的局部截面交出第14个可复查证据”，必须失去“一个历史灰烬样本，并承认回放不能再被旧层级命名”；若拒绝，“锚定·悖论与穿膜·锚点回潮240的核心危机吞掉本章缓冲，arc-037无法完成门槛封口”会提前发生。,detailed-v4
chapter-0915,915,arc-037,15,误判,暴露角色仍误信的判断方式，让时间锚点的钉帽交出第15个可复查证据,一次未来镜读取权，并承认锚点不能再被旧层级命名,锚定·悖论与穿膜·时河折光241的核心危机吞掉本章缓冲，arc-037无法完成门槛封口,为得到“暴露角色仍误信的判断方式，让时间锚点的钉帽交出第15个可复查证据”，必须失去“一次未来镜读取权，并承认锚点不能再被旧层级命名”；若拒绝，“锚定·悖论与穿膜·时河折光241的核心危机吞掉本章缓冲，arc-037无法完成门槛封口”会提前发生。,detailed-v4
chapter-0916,916,arc-037,16,失控,把异常限制在可写的物理边界内，让时河河床交出第16个可复查证据,一条可删除时间线，并承认时河不能再被旧层级命名,锚定·悖论与穿膜·因果裂隙折光242的核心危机吞掉本章缓冲，arc-037无法完成门槛封口,为得到“把异常限制在可写的物理边界内，让时河河床交出第16个可复查证据”，必须失去“一条可删除时间线，并承认时河不能再被旧层级命名”；若拒绝，“锚定·悖论与穿膜·因果裂隙折光242的核心危机吞掉本章缓冲，arc-037无法完成门槛封口”会提前发生。,detailed-v4
chapter-0917,917,arc-037,17,失控,把异常限制在可写的物理边界内，让因果裂隙边缘交出第17个可复查证据,一层因果膜余量，并承认因果裂隙不能再被旧层级命名,锚定·悖论与穿膜·未来镜折光243的核心危机吞掉本章缓冲，arc-037无法完成门槛封口,为得到“把异常限制在可写的物理边界内，让因果裂隙边缘交出第17个可复查证据”，必须失去“一层因果膜余量，并承认因果裂隙不能再被旧层级命名”；若拒绝，“锚定·悖论与穿膜·未来镜折光243的核心危机吞掉本章缓冲，arc-037无法完成门槛封口”会提前发生。,detailed-v4
chapter-0918,918,arc-037,18,失控,把异常限制在可写的物理边界内，让未来镜背面交出第18个可复查证据,一个历史灰烬样本，并承认未来镜不能再被旧层级命名,锚定·悖论与穿膜·历史灰烬折光244的核心危机吞掉本章缓冲，arc-037无法完成门槛封口,为得到“把异常限制在可写的物理边界内，让未来镜背面交出第18个可复查证据”，必须失去“一个历史灰烬样本，并承认未来镜不能再被旧层级命名”；若拒绝，“锚定·悖论与穿膜·历史灰烬折光244的核心危机吞掉本章缓冲，arc-037无法完成门槛封口”会提前发生。,detailed-v4
chapter-0919,919,arc-037,19,失控,把异常限制在可写的物理边界内，让历史灰烬沉积层交出第19个可复查证据,一次未来镜读取权，并承认历史灰烬不能再被旧层级命名,锚定·悖论与穿膜·悖论线折光245的核心危机吞掉本章缓冲，arc-037无法完成门槛封口,为得到“把异常限制在可写的物理边界内，让历史灰烬沉积层交出第19个可复查证据”，必须失去“一次未来镜读取权，并承认历史灰烬不能再被旧层级命名”；若拒绝，“锚定·悖论与穿膜·悖论线折光245的核心危机吞掉本章缓冲，arc-037无法完成门槛封口”会提前发生。,detailed-v4
chapter-0920,920,arc-037,20,回响,让眷恋线以硬证物返回，让悖论线截面交出第20个可复查证据,一条可删除时间线，并承认悖论线不能再被旧层级命名,锚定·悖论与穿膜·删除的春天折光246的核心危机吞掉本章缓冲，arc-037无法完成门槛封口,为得到“让眷恋线以硬证物返回，让悖论线截面交出第20个可复查证据”，必须失去“一条可删除时间线，并承认悖论线不能再被旧层级命名”；若拒绝，“锚定·悖论与穿膜·删除的春天折光246的核心危机吞掉本章缓冲，arc-037无法完成门槛封口”会提前发生。,detailed-v4
chapter-0921,921,arc-037,21,回响,让眷恋线以硬证物返回，让删除的春天的局部截面交出第21个可复查证据,一层因果膜余量，并承认删除的春天不能再被旧层级命名,锚定·悖论与穿膜·时间惯性折光247的核心危机吞掉本章缓冲，arc-037无法完成门槛封口,为得到“让眷恋线以硬证物返回，让删除的春天的局部截面交出第21个可复查证据”，必须失去“一层因果膜余量，并承认删除的春天不能再被旧层级命名”；若拒绝，“锚定·悖论与穿膜·时间惯性折光247的核心危机吞掉本章缓冲，arc-037无法完成门槛封口”会提前发生。,detailed-v4
chapter-0922,922,arc-037,22,回响,让眷恋线以硬证物返回，让时间惯性暗涌交出第22个可复查证据,一个历史灰烬样本，并承认时间惯性不能再被旧层级命名,锚定·悖论与穿膜·宇宙膜折光248的核心危机吞掉本章缓冲，arc-037无法完成门槛封口,为得到“让眷恋线以硬证物返回，让时间惯性暗涌交出第22个可复查证据”，必须失去“一个历史灰烬样本，并承认时间惯性不能再被旧层级命名”；若拒绝，“锚定·悖论与穿膜·宇宙膜折光248的核心危机吞掉本章缓冲，arc-037无法完成门槛封口”会提前发生。,detailed-v4
chapter-0923,923,arc-037,23,门槛,把本组问题交给下一章群而不总结掉，让宇宙膜穿刺点交出第23个可复查证据,一次未来镜读取权，并承认宇宙膜不能再被旧层级命名,锚定·悖论与穿膜·回放折光249的核心危机吞掉本章缓冲，arc-037无法完成门槛封口,为得到“把本组问题交给下一章群而不总结掉，让宇宙膜穿刺点交出第23个可复查证据”，必须失去“一次未来镜读取权，并承认宇宙膜不能再被旧层级命名”；若拒绝，“锚定·悖论与穿膜·回放折光249的核心危机吞掉本章缓冲，arc-037无法完成门槛封口”会提前发生。,detailed-v4
chapter-0924,924,arc-037,24,门槛,把本组问题交给下一章群而不总结掉，让回放的局部截面交出第24个可复查证据,一条可删除时间线，并承认回放不能再被旧层级命名,锚定·悖论与穿膜·锚点折光250的核心危机吞掉本章缓冲，arc-037无法完成门槛封口,为得到“把本组问题交给下一章群而不总结掉，让回放的局部截面交出第24个可复查证据”，必须失去“一条可删除时间线，并承认回放不能再被旧层级命名”；若拒绝，“锚定·悖论与穿膜·锚点折光250的核心危机吞掉本章缓冲，arc-037无法完成门槛封口”会提前发生。,detailed-v4
chapter-0925,925,arc-037,25,门槛,把本组问题交给下一章群而不总结掉，让时间锚点的钉帽交出第25个可复查证据,一层因果膜余量，并承认锚点不能再被旧层级命名,锚定·悖论与穿膜·时河暗涌251的核心危机吞掉本章缓冲，arc-037无法完成门槛封口,为得到“把本组问题交给下一章群而不总结掉，让时间锚点的钉帽交出第25个可复查证据”，必须失去“一层因果膜余量，并承认锚点不能再被旧层级命名”；若拒绝，“锚定·悖论与穿膜·时河暗涌251的核心危机吞掉本章缓冲，arc-037无法完成门槛封口”会提前发生。,detailed-v4
chapter-0926,926,arc-038,1,起因,确认异常不是孤立事故，让时河河床交出第01个可复查证据,一次未来镜读取权，并承认时河不能再被旧层级命名,锚定·悖论与穿膜·因果裂隙暗涌252的核心危机吞掉本章缓冲，arc-038无法完成门槛封口,为得到“确认异常不是孤立事故，让时河河床交出第01个可复查证据”，必须失去“一次未来镜读取权，并承认时河不能再被旧层级命名”；若拒绝，“锚定·悖论与穿膜·因果裂隙暗涌252的核心危机吞掉本章缓冲，arc-038无法完成门槛封口”会提前发生。,detailed-v4
chapter-0927,927,arc-038,2,起因,确认异常不是孤立事故，让因果裂隙边缘交出第02个可复查证据,一条可删除时间线，并承认因果裂隙不能再被旧层级命名,锚定·悖论与穿膜·未来镜暗涌253的核心危机吞掉本章缓冲，arc-038无法完成门槛封口,为得到“确认异常不是孤立事故，让因果裂隙边缘交出第02个可复查证据”，必须失去“一条可删除时间线，并承认因果裂隙不能再被旧层级命名”；若拒绝，“锚定·悖论与穿膜·未来镜暗涌253的核心危机吞掉本章缓冲，arc-038无法完成门槛封口”会提前发生。,detailed-v4
chapter-0928,928,arc-038,3,起因,确认异常不是孤立事故，让未来镜背面交出第03个可复查证据,一层因果膜余量，并承认未来镜不能再被旧层级命名,锚定·悖论与穿膜·历史灰烬暗涌254的核心危机吞掉本章缓冲，arc-038无法完成门槛封口,为得到“确认异常不是孤立事故，让未来镜背面交出第03个可复查证据”，必须失去“一层因果膜余量，并承认未来镜不能再被旧层级命名”；若拒绝，“锚定·悖论与穿膜·历史灰烬暗涌254的核心危机吞掉本章缓冲，arc-038无法完成门槛封口”会提前发生。,detailed-v4
chapter-0929,929,arc-038,4,起因,确认异常不是孤立事故，让历史灰烬沉积层交出第04个可复查证据,一个历史灰烬样本，并承认历史灰烬不能再被旧层级命名,锚定·悖论与穿膜·悖论线暗涌255的核心危机吞掉本章缓冲，arc-038无法完成门槛封口,为得到“确认异常不是孤立事故，让历史灰烬沉积层交出第04个可复查证据”，必须失去“一个历史灰烬样本，并承认历史灰烬不能再被旧层级命名”；若拒绝，“锚定·悖论与穿膜·悖论线暗涌255的核心危机吞掉本章缓冲，arc-038无法完成门槛封口”会提前发生。,detailed-v4
chapter-0930,930,arc-038,5,反证,推翻旧模型仍可解释一切的假设，让悖论线截面交出第05个可复查证据,一次未来镜读取权，并承认悖论线不能再被旧层级命名,锚定·悖论与穿膜·删除的春天暗涌256的核心危机吞掉本章缓冲，arc-038无法完成门槛封口,为得到“推翻旧模型仍可解释一切的假设，让悖论线截面交出第05个可复查证据”，必须失去“一次未来镜读取权，并承认悖论线不能再被旧层级命名”；若拒绝，“锚定·悖论与穿膜·删除的春天暗涌256的核心危机吞掉本章缓冲，arc-038无法完成门槛封口”会提前发生。,detailed-v4
chapter-0931,931,arc-038,6,反证,推翻旧模型仍可解释一切的假设，让删除的春天的局部截面交出第06个可复查证据,一条可删除时间线，并承认删除的春天不能再被旧层级命名,锚定·悖论与穿膜·时间惯性暗涌257的核心危机吞掉本章缓冲，arc-038无法完成门槛封口,为得到“推翻旧模型仍可解释一切的假设，让删除的春天的局部截面交出第06个可复查证据”，必须失去“一条可删除时间线，并承认删除的春天不能再被旧层级命名”；若拒绝，“锚定·悖论与穿膜·时间惯性暗涌257的核心危机吞掉本章缓冲，arc-038无法完成门槛封口”会提前发生。,detailed-v4
chapter-0932,932,arc-038,7,反证,推翻旧模型仍可解释一切的假设，让时间惯性暗涌交出第07个可复查证据,一层因果膜余量，并承认时间惯性不能再被旧层级命名,锚定·悖论与穿膜·宇宙膜暗涌258的核心危机吞掉本章缓冲，arc-038无法完成门槛封口,为得到“推翻旧模型仍可解释一切的假设，让时间惯性暗涌交出第07个可复查证据”，必须失去“一层因果膜余量，并承认时间惯性不能再被旧层级命名”；若拒绝，“锚定·悖论与穿膜·宇宙膜暗涌258的核心危机吞掉本章缓冲，arc-038无法完成门槛封口”会提前发生。,detailed-v4
chapter-0933,933,arc-038,8,反证,推翻旧模型仍可解释一切的假设，让宇宙膜穿刺点交出第08个可复查证据,一个历史灰烬样本，并承认宇宙膜不能再被旧层级命名,锚定·悖论与穿膜·回放暗涌259的核心危机吞掉本章缓冲，arc-038无法完成门槛封口,为得到“推翻旧模型仍可解释一切的假设，让宇宙膜穿刺点交出第08个可复查证据”，必须失去“一个历史灰烬样本，并承认宇宙膜不能再被旧层级命名”；若拒绝，“锚定·悖论与穿膜·回放暗涌259的核心危机吞掉本章缓冲，arc-038无法完成门槛封口”会提前发生。,detailed-v4
chapter-0934,934,arc-038,9,代价,换取一次继续观测的资格，让回放的局部截面交出第09个可复查证据,一次未来镜读取权，并承认回放不能再被旧层级命名,锚定·悖论与穿膜·锚点暗涌260的核心危机吞掉本章缓冲，arc-038无法完成门槛封口,为得到“换取一次继续观测的资格，让回放的局部截面交出第09个可复查证据”，必须失去“一次未来镜读取权，并承认回放不能再被旧层级命名”；若拒绝，“锚定·悖论与穿膜·锚点暗涌260的核心危机吞掉本章缓冲，arc-038无法完成门槛封口”会提前发生。,detailed-v4
chapter-0935,935,arc-038,10,代价,换取一次继续观测的资格，让时间锚点的钉帽交出第10个可复查证据,一条可删除时间线，并承认锚点不能再被旧层级命名,锚定·悖论与穿膜·时河证词261的核心危机吞掉本章缓冲，arc-038无法完成门槛封口,为得到“换取一次继续观测的资格，让时间锚点的钉帽交出第10个可复查证据”，必须失去“一条可删除时间线，并承认锚点不能再被旧层级命名”；若拒绝，“锚定·悖论与穿膜·时河证词261的核心危机吞掉本章缓冲，arc-038无法完成门槛封口”会提前发生。,detailed-v4
chapter-0936,936,arc-038,11,代价,换取一次继续观测的资格，让时河河床交出第11个可复查证据,一层因果膜余量，并承认时河不能再被旧层级命名,锚定·悖论与穿膜·因果裂隙证词262的核心危机吞掉本章缓冲，arc-038无法完成门槛封口,为得到“换取一次继续观测的资格，让时河河床交出第11个可复查证据”，必须失去“一层因果膜余量，并承认时河不能再被旧层级命名”；若拒绝，“锚定·悖论与穿膜·因果裂隙证词262的核心危机吞掉本章缓冲，arc-038无法完成门槛封口”会提前发生。,detailed-v4
chapter-0937,937,arc-038,12,误判,暴露角色仍误信的判断方式，让因果裂隙边缘交出第12个可复查证据,一个历史灰烬样本，并承认因果裂隙不能再被旧层级命名,锚定·悖论与穿膜·未来镜证词263的核心危机吞掉本章缓冲，arc-038无法完成门槛封口,为得到“暴露角色仍误信的判断方式，让因果裂隙边缘交出第12个可复查证据”，必须失去“一个历史灰烬样本，并承认因果裂隙不能再被旧层级命名”；若拒绝，“锚定·悖论与穿膜·未来镜证词263的核心危机吞掉本章缓冲，arc-038无法完成门槛封口”会提前发生。,detailed-v4
chapter-0938,938,arc-038,13,误判,暴露角色仍误信的判断方式，让未来镜背面交出第13个可复查证据,一次未来镜读取权，并承认未来镜不能再被旧层级命名,锚定·悖论与穿膜·历史灰烬证词264的核心危机吞掉本章缓冲，arc-038无法完成门槛封口,为得到“暴露角色仍误信的判断方式，让未来镜背面交出第13个可复查证据”，必须失去“一次未来镜读取权，并承认未来镜不能再被旧层级命名”；若拒绝，“锚定·悖论与穿膜·历史灰烬证词264的核心危机吞掉本章缓冲，arc-038无法完成门槛封口”会提前发生。,detailed-v4
chapter-0939,939,arc-038,14,误判,暴露角色仍误信的判断方式，让历史灰烬沉积层交出第14个可复查证据,一条可删除时间线，并承认历史灰烬不能再被旧层级命名,锚定·悖论与穿膜·悖论线证词265的核心危机吞掉本章缓冲，arc-038无法完成门槛封口,为得到“暴露角色仍误信的判断方式，让历史灰烬沉积层交出第14个可复查证据”，必须失去“一条可删除时间线，并承认历史灰烬不能再被旧层级命名”；若拒绝，“锚定·悖论与穿膜·悖论线证词265的核心危机吞掉本章缓冲，arc-038无法完成门槛封口”会提前发生。,detailed-v4
chapter-0940,940,arc-038,15,误判,暴露角色仍误信的判断方式，让悖论线截面交出第15个可复查证据,一层因果膜余量，并承认悖论线不能再被旧层级命名,锚定·悖论与穿膜·删除的春天证词266的核心危机吞掉本章缓冲，arc-038无法完成门槛封口,为得到“暴露角色仍误信的判断方式，让悖论线截面交出第15个可复查证据”，必须失去“一层因果膜余量，并承认悖论线不能再被旧层级命名”；若拒绝，“锚定·悖论与穿膜·删除的春天证词266的核心危机吞掉本章缓冲，arc-038无法完成门槛封口”会提前发生。,detailed-v4
chapter-0941,941,arc-038,16,失控,把异常限制在可写的物理边界内，让删除的春天的局部截面交出第16个可复查证据,一个历史灰烬样本，并承认删除的春天不能再被旧层级命名,锚定·悖论与穿膜·时间惯性证词267的核心危机吞掉本章缓冲，arc-038无法完成门槛封口,为得到“把异常限制在可写的物理边界内，让删除的春天的局部截面交出第16个可复查证据”，必须失去“一个历史灰烬样本，并承认删除的春天不能再被旧层级命名”；若拒绝，“锚定·悖论与穿膜·时间惯性证词267的核心危机吞掉本章缓冲，arc-038无法完成门槛封口”会提前发生。,detailed-v4
chapter-0942,942,arc-038,17,失控,把异常限制在可写的物理边界内，让时间惯性暗涌交出第17个可复查证据,一次未来镜读取权，并承认时间惯性不能再被旧层级命名,锚定·悖论与穿膜·宇宙膜证词268的核心危机吞掉本章缓冲，arc-038无法完成门槛封口,为得到“把异常限制在可写的物理边界内，让时间惯性暗涌交出第17个可复查证据”，必须失去“一次未来镜读取权，并承认时间惯性不能再被旧层级命名”；若拒绝，“锚定·悖论与穿膜·宇宙膜证词268的核心危机吞掉本章缓冲，arc-038无法完成门槛封口”会提前发生。,detailed-v4
chapter-0943,943,arc-038,18,失控,把异常限制在可写的物理边界内，让宇宙膜穿刺点交出第18个可复查证据,一条可删除时间线，并承认宇宙膜不能再被旧层级命名,锚定·悖论与穿膜·回放证词269的核心危机吞掉本章缓冲，arc-038无法完成门槛封口,为得到“把异常限制在可写的物理边界内，让宇宙膜穿刺点交出第18个可复查证据”，必须失去“一条可删除时间线，并承认宇宙膜不能再被旧层级命名”；若拒绝，“锚定·悖论与穿膜·回放证词269的核心危机吞掉本章缓冲，arc-038无法完成门槛封口”会提前发生。,detailed-v4
chapter-0944,944,arc-038,19,失控,把异常限制在可写的物理边界内，让回放的局部截面交出第19个可复查证据,一层因果膜余量，并承认回放不能再被旧层级命名,锚定·悖论与穿膜·锚点证词270的核心危机吞掉本章缓冲，arc-038无法完成门槛封口,为得到“把异常限制在可写的物理边界内，让回放的局部截面交出第19个可复查证据”，必须失去“一层因果膜余量，并承认回放不能再被旧层级命名”；若拒绝，“锚定·悖论与穿膜·锚点证词270的核心危机吞掉本章缓冲，arc-038无法完成门槛封口”会提前发生。,detailed-v4
chapter-0945,945,arc-038,20,回响,让眷恋线以硬证物返回，让时间锚点的钉帽交出第20个可复查证据,一个历史灰烬样本，并承认锚点不能再被旧层级命名,锚定·悖论与穿膜·时河坠落271的核心危机吞掉本章缓冲，arc-038无法完成门槛封口,为得到“让眷恋线以硬证物返回，让时间锚点的钉帽交出第20个可复查证据”，必须失去“一个历史灰烬样本，并承认锚点不能再被旧层级命名”；若拒绝，“锚定·悖论与穿膜·时河坠落271的核心危机吞掉本章缓冲，arc-038无法完成门槛封口”会提前发生。,detailed-v4
chapter-0946,946,arc-038,21,回响,让眷恋线以硬证物返回，让时河河床交出第21个可复查证据,一次未来镜读取权，并承认时河不能再被旧层级命名,锚定·悖论与穿膜·因果裂隙坠落272的核心危机吞掉本章缓冲，arc-038无法完成门槛封口,为得到“让眷恋线以硬证物返回，让时河河床交出第21个可复查证据”，必须失去“一次未来镜读取权，并承认时河不能再被旧层级命名”；若拒绝，“锚定·悖论与穿膜·因果裂隙坠落272的核心危机吞掉本章缓冲，arc-038无法完成门槛封口”会提前发生。,detailed-v4
chapter-0947,947,arc-038,22,回响,让眷恋线以硬证物返回，让因果裂隙边缘交出第22个可复查证据,一条可删除时间线，并承认因果裂隙不能再被旧层级命名,锚定·悖论与穿膜·未来镜坠落273的核心危机吞掉本章缓冲，arc-038无法完成门槛封口,为得到“让眷恋线以硬证物返回，让因果裂隙边缘交出第22个可复查证据”，必须失去“一条可删除时间线，并承认因果裂隙不能再被旧层级命名”；若拒绝，“锚定·悖论与穿膜·未来镜坠落273的核心危机吞掉本章缓冲，arc-038无法完成门槛封口”会提前发生。,detailed-v4
chapter-0948,948,arc-038,23,门槛,把本组问题交给下一章群而不总结掉，让未来镜背面交出第23个可复查证据,一层因果膜余量，并承认未来镜不能再被旧层级命名,锚定·悖论与穿膜·历史灰烬坠落274的核心危机吞掉本章缓冲，arc-038无法完成门槛封口,为得到“把本组问题交给下一章群而不总结掉，让未来镜背面交出第23个可复查证据”，必须失去“一层因果膜余量，并承认未来镜不能再被旧层级命名”；若拒绝，“锚定·悖论与穿膜·历史灰烬坠落274的核心危机吞掉本章缓冲，arc-038无法完成门槛封口”会提前发生。,detailed-v4
chapter-0949,949,arc-038,24,门槛,把本组问题交给下一章群而不总结掉，让历史灰烬沉积层交出第24个可复查证据,一个历史灰烬样本，并承认历史灰烬不能再被旧层级命名,锚定·悖论与穿膜·悖论线坠落275的核心危机吞掉本章缓冲，arc-038无法完成门槛封口,为得到“把本组问题交给下一章群而不总结掉，让历史灰烬沉积层交出第24个可复查证据”，必须失去“一个历史灰烬样本，并承认历史灰烬不能再被旧层级命名”；若拒绝，“锚定·悖论与穿膜·悖论线坠落275的核心危机吞掉本章缓冲，arc-038无法完成门槛封口”会提前发生。,detailed-v4
chapter-0950,950,arc-038,25,门槛,把本组问题交给下一章群而不总结掉，让悖论线截面交出第25个可复查证据,一次未来镜读取权，并承认悖论线不能再被旧层级命名,锚定·悖论与穿膜·删除的春天坠落276的核心危机吞掉本章缓冲，arc-038无法完成门槛封口,为得到“把本组问题交给下一章群而不总结掉，让悖论线截面交出第25个可复查证据”，必须失去“一次未来镜读取权，并承认悖论线不能再被旧层级命名”；若拒绝，“锚定·悖论与穿膜·删除的春天坠落276的核心危机吞掉本章缓冲，arc-038无法完成门槛封口”会提前发生。,detailed-v4
chapter-0951,951,arc-039,1,起因,确认异常不是孤立事故，让删除的春天的局部截面交出第01个可复查证据,一层因果膜余量，并承认删除的春天不能再被旧层级命名,锚定·悖论与穿膜·时间惯性坠落277的核心危机吞掉本章缓冲，arc-039无法完成门槛封口,为得到“确认异常不是孤立事故，让删除的春天的局部截面交出第01个可复查证据”，必须失去“一层因果膜余量，并承认删除的春天不能再被旧层级命名”；若拒绝，“锚定·悖论与穿膜·时间惯性坠落277的核心危机吞掉本章缓冲，arc-039无法完成门槛封口”会提前发生。,detailed-v4
chapter-0952,952,arc-039,2,起因,确认异常不是孤立事故，让时间惯性暗涌交出第02个可复查证据,一个历史灰烬样本，并承认时间惯性不能再被旧层级命名,锚定·悖论与穿膜·宇宙膜坠落278的核心危机吞掉本章缓冲，arc-039无法完成门槛封口,为得到“确认异常不是孤立事故，让时间惯性暗涌交出第02个可复查证据”，必须失去“一个历史灰烬样本，并承认时间惯性不能再被旧层级命名”；若拒绝，“锚定·悖论与穿膜·宇宙膜坠落278的核心危机吞掉本章缓冲，arc-039无法完成门槛封口”会提前发生。,detailed-v4
chapter-0953,953,arc-039,3,起因,确认异常不是孤立事故，让宇宙膜穿刺点交出第03个可复查证据,一次未来镜读取权，并承认宇宙膜不能再被旧层级命名,锚定·悖论与穿膜·回放坠落279的核心危机吞掉本章缓冲，arc-039无法完成门槛封口,为得到“确认异常不是孤立事故，让宇宙膜穿刺点交出第03个可复查证据”，必须失去“一次未来镜读取权，并承认宇宙膜不能再被旧层级命名”；若拒绝，“锚定·悖论与穿膜·回放坠落279的核心危机吞掉本章缓冲，arc-039无法完成门槛封口”会提前发生。,detailed-v4
chapter-0954,954,arc-039,4,起因,确认异常不是孤立事故，让回放的局部截面交出第04个可复查证据,一条可删除时间线，并承认回放不能再被旧层级命名,锚定·悖论与穿膜·锚点坠落280的核心危机吞掉本章缓冲，arc-039无法完成门槛封口,为得到“确认异常不是孤立事故，让回放的局部截面交出第04个可复查证据”，必须失去“一条可删除时间线，并承认回放不能再被旧层级命名”；若拒绝，“锚定·悖论与穿膜·锚点坠落280的核心危机吞掉本章缓冲，arc-039无法完成门槛封口”会提前发生。,detailed-v4
chapter-0955,955,arc-039,5,反证,推翻旧模型仍可解释一切的假设，让时间锚点的钉帽交出第05个可复查证据,一层因果膜余量，并承认锚点不能再被旧层级命名,锚定·悖论与穿膜·时河重构281的核心危机吞掉本章缓冲，arc-039无法完成门槛封口,为得到“推翻旧模型仍可解释一切的假设，让时间锚点的钉帽交出第05个可复查证据”，必须失去“一层因果膜余量，并承认锚点不能再被旧层级命名”；若拒绝，“锚定·悖论与穿膜·时河重构281的核心危机吞掉本章缓冲，arc-039无法完成门槛封口”会提前发生。,detailed-v4
chapter-0956,956,arc-039,6,反证,推翻旧模型仍可解释一切的假设，让时河重构的局部截面交出第06个可复查证据,一个历史灰烬样本，并承认时河重构不能再被旧层级命名,锚定·悖论与穿膜·因果裂隙重构282的核心危机吞掉本章缓冲，arc-039无法完成门槛封口,为得到“推翻旧模型仍可解释一切的假设，让时河重构的局部截面交出第06个可复查证据”，必须失去“一个历史灰烬样本，并承认时河重构不能再被旧层级命名”；若拒绝，“锚定·悖论与穿膜·因果裂隙重构282的核心危机吞掉本章缓冲，arc-039无法完成门槛封口”会提前发生。,detailed-v4
chapter-0957,957,arc-039,7,反证,推翻旧模型仍可解释一切的假设，让因果裂隙重构的局部截面交出第07个可复查证据,一次未来镜读取权，并承认因果裂隙重构不能再被旧层级命名,锚定·悖论与穿膜·未来镜重构283的核心危机吞掉本章缓冲，arc-039无法完成门槛封口,为得到“推翻旧模型仍可解释一切的假设，让因果裂隙重构的局部截面交出第07个可复查证据”，必须失去“一次未来镜读取权，并承认因果裂隙重构不能再被旧层级命名”；若拒绝，“锚定·悖论与穿膜·未来镜重构283的核心危机吞掉本章缓冲，arc-039无法完成门槛封口”会提前发生。,detailed-v4
chapter-0958,958,arc-039,8,反证,推翻旧模型仍可解释一切的假设，让未来镜重构的局部截面交出第08个可复查证据,一条可删除时间线，并承认未来镜重构不能再被旧层级命名,锚定·悖论与穿膜·历史灰烬重构284的核心危机吞掉本章缓冲，arc-039无法完成门槛封口,为得到“推翻旧模型仍可解释一切的假设，让未来镜重构的局部截面交出第08个可复查证据”，必须失去“一条可删除时间线，并承认未来镜重构不能再被旧层级命名”；若拒绝，“锚定·悖论与穿膜·历史灰烬重构284的核心危机吞掉本章缓冲，arc-039无法完成门槛封口”会提前发生。,detailed-v4
chapter-0959,959,arc-039,9,代价,换取一次继续观测的资格，让历史灰烬重构的局部截面交出第09个可复查证据,一层因果膜余量，并承认历史灰烬重构不能再被旧层级命名,锚定·悖论与穿膜·悖论线重构285的核心危机吞掉本章缓冲，arc-039无法完成门槛封口,为得到“换取一次继续观测的资格，让历史灰烬重构的局部截面交出第09个可复查证据”，必须失去“一层因果膜余量，并承认历史灰烬重构不能再被旧层级命名”；若拒绝，“锚定·悖论与穿膜·悖论线重构285的核心危机吞掉本章缓冲，arc-039无法完成门槛封口”会提前发生。,detailed-v4
chapter-0960,960,arc-039,10,代价,换取一次继续观测的资格，让悖论线重构的局部截面交出第10个可复查证据,一个历史灰烬样本，并承认悖论线重构不能再被旧层级命名,锚定·悖论与穿膜·删除的春天重构286的核心危机吞掉本章缓冲，arc-039无法完成门槛封口,为得到“换取一次继续观测的资格，让悖论线重构的局部截面交出第10个可复查证据”，必须失去“一个历史灰烬样本，并承认悖论线重构不能再被旧层级命名”；若拒绝，“锚定·悖论与穿膜·删除的春天重构286的核心危机吞掉本章缓冲，arc-039无法完成门槛封口”会提前发生。,detailed-v4
chapter-0961,961,arc-039,11,代价,换取一次继续观测的资格，让删除的春天重构的局部截面交出第11个可复查证据,一次未来镜读取权，并承认删除的春天重构不能再被旧层级命名,锚定·悖论与穿膜·时间惯性重构287的核心危机吞掉本章缓冲，arc-039无法完成门槛封口,为得到“换取一次继续观测的资格，让删除的春天重构的局部截面交出第11个可复查证据”，必须失去“一次未来镜读取权，并承认删除的春天重构不能再被旧层级命名”；若拒绝，“锚定·悖论与穿膜·时间惯性重构287的核心危机吞掉本章缓冲，arc-039无法完成门槛封口”会提前发生。,detailed-v4
chapter-0962,962,arc-039,12,误判,暴露角色仍误信的判断方式，让时间惯性重构的局部截面交出第12个可复查证据,一条可删除时间线，并承认时间惯性重构不能再被旧层级命名,锚定·悖论与穿膜·宇宙膜重构288的核心危机吞掉本章缓冲，arc-039无法完成门槛封口,为得到“暴露角色仍误信的判断方式，让时间惯性重构的局部截面交出第12个可复查证据”，必须失去“一条可删除时间线，并承认时间惯性重构不能再被旧层级命名”；若拒绝，“锚定·悖论与穿膜·宇宙膜重构288的核心危机吞掉本章缓冲，arc-039无法完成门槛封口”会提前发生。,detailed-v4
chapter-0963,963,arc-039,13,误判,暴露角色仍误信的判断方式，让宇宙膜重构的局部截面交出第13个可复查证据,一层因果膜余量，并承认宇宙膜重构不能再被旧层级命名,锚定·悖论与穿膜·回放重构289的核心危机吞掉本章缓冲，arc-039无法完成门槛封口,为得到“暴露角色仍误信的判断方式，让宇宙膜重构的局部截面交出第13个可复查证据”，必须失去“一层因果膜余量，并承认宇宙膜重构不能再被旧层级命名”；若拒绝，“锚定·悖论与穿膜·回放重构289的核心危机吞掉本章缓冲，arc-039无法完成门槛封口”会提前发生。,detailed-v4
chapter-0964,964,arc-039,14,误判,暴露角色仍误信的判断方式，让回放重构的局部截面交出第14个可复查证据,一个历史灰烬样本，并承认回放重构不能再被旧层级命名,锚定·悖论与穿膜·锚点重构290的核心危机吞掉本章缓冲，arc-039无法完成门槛封口,为得到“暴露角色仍误信的判断方式，让回放重构的局部截面交出第14个可复查证据”，必须失去“一个历史灰烬样本，并承认回放重构不能再被旧层级命名”；若拒绝，“锚定·悖论与穿膜·锚点重构290的核心危机吞掉本章缓冲，arc-039无法完成门槛封口”会提前发生。,detailed-v4
chapter-0965,965,arc-039,15,误判,暴露角色仍误信的判断方式，让锚点重构的局部截面交出第15个可复查证据,一次未来镜读取权，并承认锚点重构不能再被旧层级命名,锚定·悖论与穿膜·时河余震291的核心危机吞掉本章缓冲，arc-039无法完成门槛封口,为得到“暴露角色仍误信的判断方式，让锚点重构的局部截面交出第15个可复查证据”，必须失去“一次未来镜读取权，并承认锚点重构不能再被旧层级命名”；若拒绝，“锚定·悖论与穿膜·时河余震291的核心危机吞掉本章缓冲，arc-039无法完成门槛封口”会提前发生。,detailed-v4
chapter-0966,966,arc-039,16,失控,把异常限制在可写的物理边界内，让时河河床交出第16个可复查证据,一条可删除时间线，并承认时河不能再被旧层级命名,锚定·悖论与穿膜·因果裂隙余震292的核心危机吞掉本章缓冲，arc-039无法完成门槛封口,为得到“把异常限制在可写的物理边界内，让时河河床交出第16个可复查证据”，必须失去“一条可删除时间线，并承认时河不能再被旧层级命名”；若拒绝，“锚定·悖论与穿膜·因果裂隙余震292的核心危机吞掉本章缓冲，arc-039无法完成门槛封口”会提前发生。,detailed-v4
chapter-0967,967,arc-039,17,失控,把异常限制在可写的物理边界内，让因果裂隙边缘交出第17个可复查证据,一层因果膜余量，并承认因果裂隙不能再被旧层级命名,锚定·悖论与穿膜·未来镜余震293的核心危机吞掉本章缓冲，arc-039无法完成门槛封口,为得到“把异常限制在可写的物理边界内，让因果裂隙边缘交出第17个可复查证据”，必须失去“一层因果膜余量，并承认因果裂隙不能再被旧层级命名”；若拒绝，“锚定·悖论与穿膜·未来镜余震293的核心危机吞掉本章缓冲，arc-039无法完成门槛封口”会提前发生。,detailed-v4
chapter-0968,968,arc-039,18,失控,把异常限制在可写的物理边界内，让未来镜背面交出第18个可复查证据,一个历史灰烬样本，并承认未来镜不能再被旧层级命名,锚定·悖论与穿膜·历史灰烬余震294的核心危机吞掉本章缓冲，arc-039无法完成门槛封口,为得到“把异常限制在可写的物理边界内，让未来镜背面交出第18个可复查证据”，必须失去“一个历史灰烬样本，并承认未来镜不能再被旧层级命名”；若拒绝，“锚定·悖论与穿膜·历史灰烬余震294的核心危机吞掉本章缓冲，arc-039无法完成门槛封口”会提前发生。,detailed-v4
chapter-0969,969,arc-039,19,失控,把异常限制在可写的物理边界内，让历史灰烬沉积层交出第19个可复查证据,一次未来镜读取权，并承认历史灰烬不能再被旧层级命名,锚定·悖论与穿膜·悖论线余震295的核心危机吞掉本章缓冲，arc-039无法完成门槛封口,为得到“把异常限制在可写的物理边界内，让历史灰烬沉积层交出第19个可复查证据”，必须失去“一次未来镜读取权，并承认历史灰烬不能再被旧层级命名”；若拒绝，“锚定·悖论与穿膜·悖论线余震295的核心危机吞掉本章缓冲，arc-039无法完成门槛封口”会提前发生。,detailed-v4
chapter-0970,970,arc-039,20,回响,让眷恋线以硬证物返回，让悖论线截面交出第20个可复查证据,一条可删除时间线，并承认悖论线不能再被旧层级命名,锚定·悖论与穿膜·删除的春天余震296的核心危机吞掉本章缓冲，arc-039无法完成门槛封口,为得到“让眷恋线以硬证物返回，让悖论线截面交出第20个可复查证据”，必须失去“一条可删除时间线，并承认悖论线不能再被旧层级命名”；若拒绝，“锚定·悖论与穿膜·删除的春天余震296的核心危机吞掉本章缓冲，arc-039无法完成门槛封口”会提前发生。,detailed-v4
chapter-0971,971,arc-039,21,回响,让眷恋线以硬证物返回，让删除的春天的局部截面交出第21个可复查证据,一层因果膜余量，并承认删除的春天不能再被旧层级命名,锚定·悖论与穿膜·时间惯性余震297的核心危机吞掉本章缓冲，arc-039无法完成门槛封口,为得到“让眷恋线以硬证物返回，让删除的春天的局部截面交出第21个可复查证据”，必须失去“一层因果膜余量，并承认删除的春天不能再被旧层级命名”；若拒绝，“锚定·悖论与穿膜·时间惯性余震297的核心危机吞掉本章缓冲，arc-039无法完成门槛封口”会提前发生。,detailed-v4
chapter-0972,972,arc-039,22,回响,让眷恋线以硬证物返回，让时间惯性暗涌交出第22个可复查证据,一个历史灰烬样本，并承认时间惯性不能再被旧层级命名,锚定·悖论与穿膜·宇宙膜余震298的核心危机吞掉本章缓冲，arc-039无法完成门槛封口,为得到“让眷恋线以硬证物返回，让时间惯性暗涌交出第22个可复查证据”，必须失去“一个历史灰烬样本，并承认时间惯性不能再被旧层级命名”；若拒绝，“锚定·悖论与穿膜·宇宙膜余震298的核心危机吞掉本章缓冲，arc-039无法完成门槛封口”会提前发生。,detailed-v4
chapter-0973,973,arc-039,23,门槛,把本组问题交给下一章群而不总结掉，让宇宙膜穿刺点交出第23个可复查证据,一次未来镜读取权，并承认宇宙膜不能再被旧层级命名,锚定·悖论与穿膜·回放余震299的核心危机吞掉本章缓冲，arc-039无法完成门槛封口,为得到“把本组问题交给下一章群而不总结掉，让宇宙膜穿刺点交出第23个可复查证据”，必须失去“一次未来镜读取权，并承认宇宙膜不能再被旧层级命名”；若拒绝，“锚定·悖论与穿膜·回放余震299的核心危机吞掉本章缓冲，arc-039无法完成门槛封口”会提前发生。,detailed-v4
chapter-0974,974,arc-039,24,门槛,把本组问题交给下一章群而不总结掉，让回放的局部截面交出第24个可复查证据,一条可删除时间线，并承认回放不能再被旧层级命名,锚定·悖论与穿膜·锚点余震300的核心危机吞掉本章缓冲，arc-039无法完成门槛封口,为得到“把本组问题交给下一章群而不总结掉，让回放的局部截面交出第24个可复查证据”，必须失去“一条可删除时间线，并承认回放不能再被旧层级命名”；若拒绝，“锚定·悖论与穿膜·锚点余震300的核心危机吞掉本章缓冲，arc-039无法完成门槛封口”会提前发生。,detailed-v4
chapter-0975,975,arc-039,25,门槛,把本组问题交给下一章群而不总结掉，让时间锚点的钉帽交出第25个可复查证据,一层因果膜余量，并承认锚点不能再被旧层级命名,锚定·悖论与穿膜·时河初醒301的核心危机吞掉本章缓冲，arc-039无法完成门槛封口,为得到“把本组问题交给下一章群而不总结掉，让时间锚点的钉帽交出第25个可复查证据”，必须失去“一层因果膜余量，并承认锚点不能再被旧层级命名”；若拒绝，“锚定·悖论与穿膜·时河初醒301的核心危机吞掉本章缓冲，arc-039无法完成门槛封口”会提前发生。,detailed-v4
chapter-0976,976,arc-040,1,起因,确认异常不是孤立事故，让时河河床交出第01个可复查证据,一次未来镜读取权，并承认时河不能再被旧层级命名,锚定·悖论与穿膜·因果裂隙初醒302的核心危机吞掉本章缓冲，arc-040无法完成门槛封口,为得到“确认异常不是孤立事故，让时河河床交出第01个可复查证据”，必须失去“一次未来镜读取权，并承认时河不能再被旧层级命名”；若拒绝，“锚定·悖论与穿膜·因果裂隙初醒302的核心危机吞掉本章缓冲，arc-040无法完成门槛封口”会提前发生。,detailed-v4
chapter-0977,977,arc-040,2,起因,确认异常不是孤立事故，让因果裂隙边缘交出第02个可复查证据,一条可删除时间线，并承认因果裂隙不能再被旧层级命名,锚定·悖论与穿膜·未来镜初醒303的核心危机吞掉本章缓冲，arc-040无法完成门槛封口,为得到“确认异常不是孤立事故，让因果裂隙边缘交出第02个可复查证据”，必须失去“一条可删除时间线，并承认因果裂隙不能再被旧层级命名”；若拒绝，“锚定·悖论与穿膜·未来镜初醒303的核心危机吞掉本章缓冲，arc-040无法完成门槛封口”会提前发生。,detailed-v4
chapter-0978,978,arc-040,3,起因,确认异常不是孤立事故，让未来镜背面交出第03个可复查证据,一层因果膜余量，并承认未来镜不能再被旧层级命名,锚定·悖论与穿膜·历史灰烬初醒304的核心危机吞掉本章缓冲，arc-040无法完成门槛封口,为得到“确认异常不是孤立事故，让未来镜背面交出第03个可复查证据”，必须失去“一层因果膜余量，并承认未来镜不能再被旧层级命名”；若拒绝，“锚定·悖论与穿膜·历史灰烬初醒304的核心危机吞掉本章缓冲，arc-040无法完成门槛封口”会提前发生。,detailed-v4
chapter-0979,979,arc-040,4,起因,确认异常不是孤立事故，让历史灰烬沉积层交出第04个可复查证据,一个历史灰烬样本，并承认历史灰烬不能再被旧层级命名,锚定·悖论与穿膜·悖论线初醒305的核心危机吞掉本章缓冲，arc-040无法完成门槛封口,为得到“确认异常不是孤立事故，让历史灰烬沉积层交出第04个可复查证据”，必须失去“一个历史灰烬样本，并承认历史灰烬不能再被旧层级命名”；若拒绝，“锚定·悖论与穿膜·悖论线初醒305的核心危机吞掉本章缓冲，arc-040无法完成门槛封口”会提前发生。,detailed-v4
chapter-0980,980,arc-040,5,反证,推翻旧模型仍可解释一切的假设，让悖论线截面交出第05个可复查证据,一次未来镜读取权，并承认悖论线不能再被旧层级命名,锚定·悖论与穿膜·删除的春天初醒306的核心危机吞掉本章缓冲，arc-040无法完成门槛封口,为得到“推翻旧模型仍可解释一切的假设，让悖论线截面交出第05个可复查证据”，必须失去“一次未来镜读取权，并承认悖论线不能再被旧层级命名”；若拒绝，“锚定·悖论与穿膜·删除的春天初醒306的核心危机吞掉本章缓冲，arc-040无法完成门槛封口”会提前发生。,detailed-v4
chapter-0981,981,arc-040,6,反证,推翻旧模型仍可解释一切的假设，让删除的春天的局部截面交出第06个可复查证据,一条可删除时间线，并承认删除的春天不能再被旧层级命名,锚定·悖论与穿膜·时间惯性初醒307的核心危机吞掉本章缓冲，arc-040无法完成门槛封口,为得到“推翻旧模型仍可解释一切的假设，让删除的春天的局部截面交出第06个可复查证据”，必须失去“一条可删除时间线，并承认删除的春天不能再被旧层级命名”；若拒绝，“锚定·悖论与穿膜·时间惯性初醒307的核心危机吞掉本章缓冲，arc-040无法完成门槛封口”会提前发生。,detailed-v4
chapter-0982,982,arc-040,7,反证,推翻旧模型仍可解释一切的假设，让时间惯性暗涌交出第07个可复查证据,一层因果膜余量，并承认时间惯性不能再被旧层级命名,锚定·悖论与穿膜·宇宙膜初醒308的核心危机吞掉本章缓冲，arc-040无法完成门槛封口,为得到“推翻旧模型仍可解释一切的假设，让时间惯性暗涌交出第07个可复查证据”，必须失去“一层因果膜余量，并承认时间惯性不能再被旧层级命名”；若拒绝，“锚定·悖论与穿膜·宇宙膜初醒308的核心危机吞掉本章缓冲，arc-040无法完成门槛封口”会提前发生。,detailed-v4
chapter-0983,983,arc-040,8,反证,推翻旧模型仍可解释一切的假设，让宇宙膜穿刺点交出第08个可复查证据,一个历史灰烬样本，并承认宇宙膜不能再被旧层级命名,锚定·悖论与穿膜·回放初醒309的核心危机吞掉本章缓冲，arc-040无法完成门槛封口,为得到“推翻旧模型仍可解释一切的假设，让宇宙膜穿刺点交出第08个可复查证据”，必须失去“一个历史灰烬样本，并承认宇宙膜不能再被旧层级命名”；若拒绝，“锚定·悖论与穿膜·回放初醒309的核心危机吞掉本章缓冲，arc-040无法完成门槛封口”会提前发生。,detailed-v4
chapter-0984,984,arc-040,9,代价,换取一次继续观测的资格，让回放的局部截面交出第09个可复查证据,一次未来镜读取权，并承认回放不能再被旧层级命名,锚定·悖论与穿膜·锚点初醒310的核心危机吞掉本章缓冲，arc-040无法完成门槛封口,为得到“换取一次继续观测的资格，让回放的局部截面交出第09个可复查证据”，必须失去“一次未来镜读取权，并承认回放不能再被旧层级命名”；若拒绝，“锚定·悖论与穿膜·锚点初醒310的核心危机吞掉本章缓冲，arc-040无法完成门槛封口”会提前发生。,detailed-v4
chapter-0985,985,arc-040,10,代价,换取一次继续观测的资格，让时间锚点的钉帽交出第10个可复查证据,一条可删除时间线，并承认锚点不能再被旧层级命名,锚定·悖论与穿膜·时河裂响311的核心危机吞掉本章缓冲，arc-040无法完成门槛封口,为得到“换取一次继续观测的资格，让时间锚点的钉帽交出第10个可复查证据”，必须失去“一条可删除时间线，并承认锚点不能再被旧层级命名”；若拒绝，“锚定·悖论与穿膜·时河裂响311的核心危机吞掉本章缓冲，arc-040无法完成门槛封口”会提前发生。,detailed-v4
chapter-0986,986,arc-040,11,代价,换取一次继续观测的资格，让时河河床交出第11个可复查证据,一层因果膜余量，并承认时河不能再被旧层级命名,锚定·悖论与穿膜·因果裂隙裂响312的核心危机吞掉本章缓冲，arc-040无法完成门槛封口,为得到“换取一次继续观测的资格，让时河河床交出第11个可复查证据”，必须失去“一层因果膜余量，并承认时河不能再被旧层级命名”；若拒绝，“锚定·悖论与穿膜·因果裂隙裂响312的核心危机吞掉本章缓冲，arc-040无法完成门槛封口”会提前发生。,detailed-v4
chapter-0987,987,arc-040,12,误判,暴露角色仍误信的判断方式，让因果裂隙边缘交出第12个可复查证据,一个历史灰烬样本，并承认因果裂隙不能再被旧层级命名,锚定·悖论与穿膜·未来镜裂响313的核心危机吞掉本章缓冲，arc-040无法完成门槛封口,为得到“暴露角色仍误信的判断方式，让因果裂隙边缘交出第12个可复查证据”，必须失去“一个历史灰烬样本，并承认因果裂隙不能再被旧层级命名”；若拒绝，“锚定·悖论与穿膜·未来镜裂响313的核心危机吞掉本章缓冲，arc-040无法完成门槛封口”会提前发生。,detailed-v4
chapter-0988,988,arc-040,13,误判,暴露角色仍误信的判断方式，让未来镜背面交出第13个可复查证据,一次未来镜读取权，并承认未来镜不能再被旧层级命名,锚定·悖论与穿膜·历史灰烬裂响314的核心危机吞掉本章缓冲，arc-040无法完成门槛封口,为得到“暴露角色仍误信的判断方式，让未来镜背面交出第13个可复查证据”，必须失去“一次未来镜读取权，并承认未来镜不能再被旧层级命名”；若拒绝，“锚定·悖论与穿膜·历史灰烬裂响314的核心危机吞掉本章缓冲，arc-040无法完成门槛封口”会提前发生。,detailed-v4
chapter-0989,989,arc-040,14,误判,暴露角色仍误信的判断方式，让历史灰烬沉积层交出第14个可复查证据,一条可删除时间线，并承认历史灰烬不能再被旧层级命名,锚定·悖论与穿膜·悖论线裂响315的核心危机吞掉本章缓冲，arc-040无法完成门槛封口,为得到“暴露角色仍误信的判断方式，让历史灰烬沉积层交出第14个可复查证据”，必须失去“一条可删除时间线，并承认历史灰烬不能再被旧层级命名”；若拒绝，“锚定·悖论与穿膜·悖论线裂响315的核心危机吞掉本章缓冲，arc-040无法完成门槛封口”会提前发生。,detailed-v4
chapter-0990,990,arc-040,15,误判,暴露角色仍误信的判断方式，让悖论线截面交出第15个可复查证据,一层因果膜余量，并承认悖论线不能再被旧层级命名,锚定·悖论与穿膜·删除的春天裂响316的核心危机吞掉本章缓冲，arc-040无法完成门槛封口,为得到“暴露角色仍误信的判断方式，让悖论线截面交出第15个可复查证据”，必须失去“一层因果膜余量，并承认悖论线不能再被旧层级命名”；若拒绝，“锚定·悖论与穿膜·删除的春天裂响316的核心危机吞掉本章缓冲，arc-040无法完成门槛封口”会提前发生。,detailed-v4
chapter-0991,991,arc-040,16,失控,把异常限制在可写的物理边界内，让删除的春天的局部截面交出第16个可复查证据,一个历史灰烬样本，并承认删除的春天不能再被旧层级命名,锚定·悖论与穿膜·时间惯性裂响317的核心危机吞掉本章缓冲，arc-040无法完成门槛封口,为得到“把异常限制在可写的物理边界内，让删除的春天的局部截面交出第16个可复查证据”，必须失去“一个历史灰烬样本，并承认删除的春天不能再被旧层级命名”；若拒绝，“锚定·悖论与穿膜·时间惯性裂响317的核心危机吞掉本章缓冲，arc-040无法完成门槛封口”会提前发生。,detailed-v4
chapter-0992,992,arc-040,17,失控,把异常限制在可写的物理边界内，让时间惯性暗涌交出第17个可复查证据,一次未来镜读取权，并承认时间惯性不能再被旧层级命名,锚定·悖论与穿膜·宇宙膜裂响318的核心危机吞掉本章缓冲，arc-040无法完成门槛封口,为得到“把异常限制在可写的物理边界内，让时间惯性暗涌交出第17个可复查证据”，必须失去“一次未来镜读取权，并承认时间惯性不能再被旧层级命名”；若拒绝，“锚定·悖论与穿膜·宇宙膜裂响318的核心危机吞掉本章缓冲，arc-040无法完成门槛封口”会提前发生。,detailed-v4
chapter-0993,993,arc-040,18,失控,把异常限制在可写的物理边界内，让宇宙膜穿刺点交出第18个可复查证据,一条可删除时间线，并承认宇宙膜不能再被旧层级命名,锚定·悖论与穿膜·回放裂响319的核心危机吞掉本章缓冲，arc-040无法完成门槛封口,为得到“把异常限制在可写的物理边界内，让宇宙膜穿刺点交出第18个可复查证据”，必须失去“一条可删除时间线，并承认宇宙膜不能再被旧层级命名”；若拒绝，“锚定·悖论与穿膜·回放裂响319的核心危机吞掉本章缓冲，arc-040无法完成门槛封口”会提前发生。,detailed-v4
chapter-0994,994,arc-040,19,失控,把异常限制在可写的物理边界内，让回放的局部截面交出第19个可复查证据,一层因果膜余量，并承认回放不能再被旧层级命名,锚定·悖论与穿膜·锚点裂响320的核心危机吞掉本章缓冲，arc-040无法完成门槛封口,为得到“把异常限制在可写的物理边界内，让回放的局部截面交出第19个可复查证据”，必须失去“一层因果膜余量，并承认回放不能再被旧层级命名”；若拒绝，“锚定·悖论与穿膜·锚点裂响320的核心危机吞掉本章缓冲，arc-040无法完成门槛封口”会提前发生。,detailed-v4
chapter-0995,995,arc-040,20,回响,让眷恋线以硬证物返回，让时间锚点的钉帽交出第20个可复查证据,一个历史灰烬样本，并承认锚点不能再被旧层级命名,锚定·悖论与穿膜·时河低语321的核心危机吞掉本章缓冲，arc-040无法完成门槛封口,为得到“让眷恋线以硬证物返回，让时间锚点的钉帽交出第20个可复查证据”，必须失去“一个历史灰烬样本，并承认锚点不能再被旧层级命名”；若拒绝，“锚定·悖论与穿膜·时河低语321的核心危机吞掉本章缓冲，arc-040无法完成门槛封口”会提前发生。,detailed-v4
chapter-0996,996,arc-040,21,回响,让眷恋线以硬证物返回，让时河河床交出第21个可复查证据,一次未来镜读取权，并承认时河不能再被旧层级命名,锚定·悖论与穿膜·因果裂隙低语322的核心危机吞掉本章缓冲，arc-040无法完成门槛封口,为得到“让眷恋线以硬证物返回，让时河河床交出第21个可复查证据”，必须失去“一次未来镜读取权，并承认时河不能再被旧层级命名”；若拒绝，“锚定·悖论与穿膜·因果裂隙低语322的核心危机吞掉本章缓冲，arc-040无法完成门槛封口”会提前发生。,detailed-v4
chapter-0997,997,arc-040,22,回响,让眷恋线以硬证物返回，让因果裂隙边缘交出第22个可复查证据,一条可删除时间线，并承认因果裂隙不能再被旧层级命名,锚定·悖论与穿膜·未来镜低语323的核心危机吞掉本章缓冲，arc-040无法完成门槛封口,为得到“让眷恋线以硬证物返回，让因果裂隙边缘交出第22个可复查证据”，必须失去“一条可删除时间线，并承认因果裂隙不能再被旧层级命名”；若拒绝，“锚定·悖论与穿膜·未来镜低语323的核心危机吞掉本章缓冲，arc-040无法完成门槛封口”会提前发生。,detailed-v4
chapter-0998,998,arc-040,23,门槛,把本组问题交给下一章群而不总结掉，让未来镜背面交出第23个可复查证据,一层因果膜余量，并承认未来镜不能再被旧层级命名,锚定·悖论与穿膜·历史灰烬低语324的核心危机吞掉本章缓冲，arc-040无法完成门槛封口,为得到“把本组问题交给下一章群而不总结掉，让未来镜背面交出第23个可复查证据”，必须失去“一层因果膜余量，并承认未来镜不能再被旧层级命名”；若拒绝，“锚定·悖论与穿膜·历史灰烬低语324的核心危机吞掉本章缓冲，arc-040无法完成门槛封口”会提前发生。,detailed-v4
chapter-0999,999,arc-040,24,门槛,把本组问题交给下一章群而不总结掉，让历史灰烬沉积层交出第24个可复查证据,一个历史灰烬样本，并承认历史灰烬不能再被旧层级命名,锚定·悖论与穿膜·悖论线低语325的核心危机吞掉本章缓冲，arc-040无法完成门槛封口,为得到“把本组问题交给下一章群而不总结掉，让历史灰烬沉积层交出第24个可复查证据”，必须失去“一个历史灰烬样本，并承认历史灰烬不能再被旧层级命名”；若拒绝，“锚定·悖论与穿膜·悖论线低语325的核心危机吞掉本章缓冲，arc-040无法完成门槛封口”会提前发生。,detailed-v4
chapter-1000,1000,arc-040,25,门槛,把本组问题交给下一章群而不总结掉，让悖论线截面交出第25个可复查证据,一次未来镜读取权，并承认悖论线不能再被旧层级命名,锚定·悖论与穿膜·删除的春天低语326的核心危机吞掉本章缓冲，arc-040无法完成门槛封口,为得到“把本组问题交给下一章群而不总结掉，让悖论线截面交出第25个可复查证据”，必须失去“一次未来镜读取权，并承认悖论线不能再被旧层级命名”；若拒绝，“锚定·悖论与穿膜·删除的春天低语326的核心危机吞掉本章缓冲，arc-040无法完成门槛封口”会提前发生。,detailed-v4
chapter-1001,1001,arc-041,1,起因,确认异常不是孤立事故，让删除的春天的局部截面交出第01个可复查证据,一层因果膜余量，并承认删除的春天不能再被旧层级命名,锚定·悖论与穿膜·时间惯性低语327的核心危机吞掉本章缓冲，arc-041无法完成门槛封口,为得到“确认异常不是孤立事故，让删除的春天的局部截面交出第01个可复查证据”，必须失去“一层因果膜余量，并承认删除的春天不能再被旧层级命名”；若拒绝，“锚定·悖论与穿膜·时间惯性低语327的核心危机吞掉本章缓冲，arc-041无法完成门槛封口”会提前发生。,detailed-v4
chapter-1002,1002,arc-041,2,起因,确认异常不是孤立事故，让时间惯性暗涌交出第02个可复查证据,一个历史灰烬样本，并承认时间惯性不能再被旧层级命名,锚定·悖论与穿膜·宇宙膜低语328的核心危机吞掉本章缓冲，arc-041无法完成门槛封口,为得到“确认异常不是孤立事故，让时间惯性暗涌交出第02个可复查证据”，必须失去“一个历史灰烬样本，并承认时间惯性不能再被旧层级命名”；若拒绝，“锚定·悖论与穿膜·宇宙膜低语328的核心危机吞掉本章缓冲，arc-041无法完成门槛封口”会提前发生。,detailed-v4
chapter-1003,1003,arc-041,3,起因,确认异常不是孤立事故，让宇宙膜穿刺点交出第03个可复查证据,一次未来镜读取权，并承认宇宙膜不能再被旧层级命名,锚定·悖论与穿膜·回放低语329的核心危机吞掉本章缓冲，arc-041无法完成门槛封口,为得到“确认异常不是孤立事故，让宇宙膜穿刺点交出第03个可复查证据”，必须失去“一次未来镜读取权，并承认宇宙膜不能再被旧层级命名”；若拒绝，“锚定·悖论与穿膜·回放低语329的核心危机吞掉本章缓冲，arc-041无法完成门槛封口”会提前发生。,detailed-v4
chapter-1004,1004,arc-041,4,起因,确认异常不是孤立事故，让回放的局部截面交出第04个可复查证据,一条可删除时间线，并承认回放不能再被旧层级命名,锚定·悖论与穿膜·锚点低语330的核心危机吞掉本章缓冲，arc-041无法完成门槛封口,为得到“确认异常不是孤立事故，让回放的局部截面交出第04个可复查证据”，必须失去“一条可删除时间线，并承认回放不能再被旧层级命名”；若拒绝，“锚定·悖论与穿膜·锚点低语330的核心危机吞掉本章缓冲，arc-041无法完成门槛封口”会提前发生。,detailed-v4
chapter-1005,1005,arc-041,5,反证,推翻旧模型仍可解释一切的假设，让时间锚点的钉帽交出第05个可复查证据,一层因果膜余量，并承认锚点不能再被旧层级命名,锚定·悖论与穿膜·时河回潮331的核心危机吞掉本章缓冲，arc-041无法完成门槛封口,为得到“推翻旧模型仍可解释一切的假设，让时间锚点的钉帽交出第05个可复查证据”，必须失去“一层因果膜余量，并承认锚点不能再被旧层级命名”；若拒绝，“锚定·悖论与穿膜·时河回潮331的核心危机吞掉本章缓冲，arc-041无法完成门槛封口”会提前发生。,detailed-v4
chapter-1006,1006,arc-041,6,反证,推翻旧模型仍可解释一切的假设，让时河河床交出第06个可复查证据,一个历史灰烬样本，并承认时河不能再被旧层级命名,锚定·悖论与穿膜·因果裂隙回潮332的核心危机吞掉本章缓冲，arc-041无法完成门槛封口,为得到“推翻旧模型仍可解释一切的假设，让时河河床交出第06个可复查证据”，必须失去“一个历史灰烬样本，并承认时河不能再被旧层级命名”；若拒绝，“锚定·悖论与穿膜·因果裂隙回潮332的核心危机吞掉本章缓冲，arc-041无法完成门槛封口”会提前发生。,detailed-v4
chapter-1007,1007,arc-041,7,反证,推翻旧模型仍可解释一切的假设，让因果裂隙边缘交出第07个可复查证据,一次未来镜读取权，并承认因果裂隙不能再被旧层级命名,锚定·悖论与穿膜·未来镜回潮333的核心危机吞掉本章缓冲，arc-041无法完成门槛封口,为得到“推翻旧模型仍可解释一切的假设，让因果裂隙边缘交出第07个可复查证据”，必须失去“一次未来镜读取权，并承认因果裂隙不能再被旧层级命名”；若拒绝，“锚定·悖论与穿膜·未来镜回潮333的核心危机吞掉本章缓冲，arc-041无法完成门槛封口”会提前发生。,detailed-v4
chapter-1008,1008,arc-041,8,反证,推翻旧模型仍可解释一切的假设，让未来镜背面交出第08个可复查证据,一条可删除时间线，并承认未来镜不能再被旧层级命名,锚定·悖论与穿膜·历史灰烬回潮334的核心危机吞掉本章缓冲，arc-041无法完成门槛封口,为得到“推翻旧模型仍可解释一切的假设，让未来镜背面交出第08个可复查证据”，必须失去“一条可删除时间线，并承认未来镜不能再被旧层级命名”；若拒绝，“锚定·悖论与穿膜·历史灰烬回潮334的核心危机吞掉本章缓冲，arc-041无法完成门槛封口”会提前发生。,detailed-v4
chapter-1009,1009,arc-041,9,代价,换取一次继续观测的资格，让历史灰烬沉积层交出第09个可复查证据,一层因果膜余量，并承认历史灰烬不能再被旧层级命名,锚定·悖论与穿膜·悖论线回潮335的核心危机吞掉本章缓冲，arc-041无法完成门槛封口,为得到“换取一次继续观测的资格，让历史灰烬沉积层交出第09个可复查证据”，必须失去“一层因果膜余量，并承认历史灰烬不能再被旧层级命名”；若拒绝，“锚定·悖论与穿膜·悖论线回潮335的核心危机吞掉本章缓冲，arc-041无法完成门槛封口”会提前发生。,detailed-v4
chapter-1010,1010,arc-041,10,代价,换取一次继续观测的资格，让悖论线截面交出第10个可复查证据,一个历史灰烬样本，并承认悖论线不能再被旧层级命名,锚定·悖论与穿膜·删除的春天回潮336的核心危机吞掉本章缓冲，arc-041无法完成门槛封口,为得到“换取一次继续观测的资格，让悖论线截面交出第10个可复查证据”，必须失去“一个历史灰烬样本，并承认悖论线不能再被旧层级命名”；若拒绝，“锚定·悖论与穿膜·删除的春天回潮336的核心危机吞掉本章缓冲，arc-041无法完成门槛封口”会提前发生。,detailed-v4
chapter-1011,1011,arc-041,11,代价,换取一次继续观测的资格，让删除的春天的局部截面交出第11个可复查证据,一次未来镜读取权，并承认删除的春天不能再被旧层级命名,锚定·悖论与穿膜·时间惯性回潮337的核心危机吞掉本章缓冲，arc-041无法完成门槛封口,为得到“换取一次继续观测的资格，让删除的春天的局部截面交出第11个可复查证据”，必须失去“一次未来镜读取权，并承认删除的春天不能再被旧层级命名”；若拒绝，“锚定·悖论与穿膜·时间惯性回潮337的核心危机吞掉本章缓冲，arc-041无法完成门槛封口”会提前发生。,detailed-v4
chapter-1012,1012,arc-041,12,误判,暴露角色仍误信的判断方式，让时间惯性暗涌交出第12个可复查证据,一条可删除时间线，并承认时间惯性不能再被旧层级命名,锚定·悖论与穿膜·宇宙膜回潮338的核心危机吞掉本章缓冲，arc-041无法完成门槛封口,为得到“暴露角色仍误信的判断方式，让时间惯性暗涌交出第12个可复查证据”，必须失去“一条可删除时间线，并承认时间惯性不能再被旧层级命名”；若拒绝，“锚定·悖论与穿膜·宇宙膜回潮338的核心危机吞掉本章缓冲，arc-041无法完成门槛封口”会提前发生。,detailed-v4
chapter-1013,1013,arc-041,13,误判,暴露角色仍误信的判断方式，让宇宙膜穿刺点交出第13个可复查证据,一层因果膜余量，并承认宇宙膜不能再被旧层级命名,锚定·悖论与穿膜·回放回潮339的核心危机吞掉本章缓冲，arc-041无法完成门槛封口,为得到“暴露角色仍误信的判断方式，让宇宙膜穿刺点交出第13个可复查证据”，必须失去“一层因果膜余量，并承认宇宙膜不能再被旧层级命名”；若拒绝，“锚定·悖论与穿膜·回放回潮339的核心危机吞掉本章缓冲，arc-041无法完成门槛封口”会提前发生。,detailed-v4
chapter-1014,1014,arc-041,14,误判,暴露角色仍误信的判断方式，让回放的局部截面交出第14个可复查证据,一个历史灰烬样本，并承认回放不能再被旧层级命名,锚定·悖论与穿膜·锚点回潮340的核心危机吞掉本章缓冲，arc-041无法完成门槛封口,为得到“暴露角色仍误信的判断方式，让回放的局部截面交出第14个可复查证据”，必须失去“一个历史灰烬样本，并承认回放不能再被旧层级命名”；若拒绝，“锚定·悖论与穿膜·锚点回潮340的核心危机吞掉本章缓冲，arc-041无法完成门槛封口”会提前发生。,detailed-v4
chapter-1015,1015,arc-041,15,误判,暴露角色仍误信的判断方式，让时间锚点的钉帽交出第15个可复查证据,一次未来镜读取权，并承认锚点不能再被旧层级命名,锚定·悖论与穿膜·时河折光341的核心危机吞掉本章缓冲，arc-041无法完成门槛封口,为得到“暴露角色仍误信的判断方式，让时间锚点的钉帽交出第15个可复查证据”，必须失去“一次未来镜读取权，并承认锚点不能再被旧层级命名”；若拒绝，“锚定·悖论与穿膜·时河折光341的核心危机吞掉本章缓冲，arc-041无法完成门槛封口”会提前发生。,detailed-v4
chapter-1016,1016,arc-041,16,失控,把异常限制在可写的物理边界内，让时河河床交出第16个可复查证据,一条可删除时间线，并承认时河不能再被旧层级命名,锚定·悖论与穿膜·因果裂隙折光342的核心危机吞掉本章缓冲，arc-041无法完成门槛封口,为得到“把异常限制在可写的物理边界内，让时河河床交出第16个可复查证据”，必须失去“一条可删除时间线，并承认时河不能再被旧层级命名”；若拒绝，“锚定·悖论与穿膜·因果裂隙折光342的核心危机吞掉本章缓冲，arc-041无法完成门槛封口”会提前发生。,detailed-v4
chapter-1017,1017,arc-041,17,失控,把异常限制在可写的物理边界内，让因果裂隙边缘交出第17个可复查证据,一层因果膜余量，并承认因果裂隙不能再被旧层级命名,锚定·悖论与穿膜·未来镜折光343的核心危机吞掉本章缓冲，arc-041无法完成门槛封口,为得到“把异常限制在可写的物理边界内，让因果裂隙边缘交出第17个可复查证据”，必须失去“一层因果膜余量，并承认因果裂隙不能再被旧层级命名”；若拒绝，“锚定·悖论与穿膜·未来镜折光343的核心危机吞掉本章缓冲，arc-041无法完成门槛封口”会提前发生。,detailed-v4
chapter-1018,1018,arc-041,18,失控,把异常限制在可写的物理边界内，让未来镜背面交出第18个可复查证据,一个历史灰烬样本，并承认未来镜不能再被旧层级命名,锚定·悖论与穿膜·历史灰烬折光344的核心危机吞掉本章缓冲，arc-041无法完成门槛封口,为得到“把异常限制在可写的物理边界内，让未来镜背面交出第18个可复查证据”，必须失去“一个历史灰烬样本，并承认未来镜不能再被旧层级命名”；若拒绝，“锚定·悖论与穿膜·历史灰烬折光344的核心危机吞掉本章缓冲，arc-041无法完成门槛封口”会提前发生。,detailed-v4
chapter-1019,1019,arc-041,19,失控,把异常限制在可写的物理边界内，让历史灰烬沉积层交出第19个可复查证据,一次未来镜读取权，并承认历史灰烬不能再被旧层级命名,锚定·悖论与穿膜·悖论线折光345的核心危机吞掉本章缓冲，arc-041无法完成门槛封口,为得到“把异常限制在可写的物理边界内，让历史灰烬沉积层交出第19个可复查证据”，必须失去“一次未来镜读取权，并承认历史灰烬不能再被旧层级命名”；若拒绝，“锚定·悖论与穿膜·悖论线折光345的核心危机吞掉本章缓冲，arc-041无法完成门槛封口”会提前发生。,detailed-v4
chapter-1020,1020,arc-041,20,回响,让眷恋线以硬证物返回，让悖论线截面交出第20个可复查证据,一条可删除时间线，并承认悖论线不能再被旧层级命名,锚定·悖论与穿膜·删除的春天折光346的核心危机吞掉本章缓冲，arc-041无法完成门槛封口,为得到“让眷恋线以硬证物返回，让悖论线截面交出第20个可复查证据”，必须失去“一条可删除时间线，并承认悖论线不能再被旧层级命名”；若拒绝，“锚定·悖论与穿膜·删除的春天折光346的核心危机吞掉本章缓冲，arc-041无法完成门槛封口”会提前发生。,detailed-v4
chapter-1021,1021,arc-041,21,回响,让眷恋线以硬证物返回，让删除的春天的局部截面交出第21个可复查证据,一层因果膜余量，并承认删除的春天不能再被旧层级命名,锚定·悖论与穿膜·时间惯性折光347的核心危机吞掉本章缓冲，arc-041无法完成门槛封口,为得到“让眷恋线以硬证物返回，让删除的春天的局部截面交出第21个可复查证据”，必须失去“一层因果膜余量，并承认删除的春天不能再被旧层级命名”；若拒绝，“锚定·悖论与穿膜·时间惯性折光347的核心危机吞掉本章缓冲，arc-041无法完成门槛封口”会提前发生。,detailed-v4
chapter-1022,1022,arc-041,22,回响,让眷恋线以硬证物返回，让时间惯性暗涌交出第22个可复查证据,一个历史灰烬样本，并承认时间惯性不能再被旧层级命名,锚定·悖论与穿膜·宇宙膜折光348的核心危机吞掉本章缓冲，arc-041无法完成门槛封口,为得到“让眷恋线以硬证物返回，让时间惯性暗涌交出第22个可复查证据”，必须失去“一个历史灰烬样本，并承认时间惯性不能再被旧层级命名”；若拒绝，“锚定·悖论与穿膜·宇宙膜折光348的核心危机吞掉本章缓冲，arc-041无法完成门槛封口”会提前发生。,detailed-v4
chapter-1023,1023,arc-041,23,门槛,把本组问题交给下一章群而不总结掉，让宇宙膜穿刺点交出第23个可复查证据,一次未来镜读取权，并承认宇宙膜不能再被旧层级命名,锚定·悖论与穿膜·回放折光349的核心危机吞掉本章缓冲，arc-041无法完成门槛封口,为得到“把本组问题交给下一章群而不总结掉，让宇宙膜穿刺点交出第23个可复查证据”，必须失去“一次未来镜读取权，并承认宇宙膜不能再被旧层级命名”；若拒绝，“锚定·悖论与穿膜·回放折光349的核心危机吞掉本章缓冲，arc-041无法完成门槛封口”会提前发生。,detailed-v4
chapter-1024,1024,arc-041,24,门槛,把本组问题交给下一章群而不总结掉，让回放的局部截面交出第24个可复查证据,一条可删除时间线，并承认回放不能再被旧层级命名,锚定·悖论与穿膜·锚点折光350的核心危机吞掉本章缓冲，arc-041无法完成门槛封口,为得到“把本组问题交给下一章群而不总结掉，让回放的局部截面交出第24个可复查证据”，必须失去“一条可删除时间线，并承认回放不能再被旧层级命名”；若拒绝，“锚定·悖论与穿膜·锚点折光350的核心危机吞掉本章缓冲，arc-041无法完成门槛封口”会提前发生。,detailed-v4
chapter-1025,1025,arc-041,25,门槛,把本组问题交给下一章群而不总结掉，让时间锚点的钉帽交出第25个可复查证据,一层因果膜余量，并承认锚点不能再被旧层级命名,拓扑·入维·褶皱初醒001的核心危机吞掉本章缓冲，arc-041无法完成门槛封口,为得到“把本组问题交给下一章群而不总结掉，让时间锚点的钉帽交出第25个可复查证据”，必须失去“一层因果膜余量，并承认锚点不能再被旧层级命名”；若拒绝，“拓扑·入维·褶皱初醒001的核心危机吞掉本章缓冲，arc-041无法完成门槛封口”会提前发生。,detailed-v4
chapter-1026,1026,arc-042,1,起因,确认异常不是孤立事故，让高维褶皱内壁交出第01个可复查证据,一段独立性边界，并承认褶皱不能再被旧层级命名,拓扑·入维·拓扑环初醒002的核心危机吞掉本章缓冲，arc-042无法完成门槛封口,为得到“确认异常不是孤立事故，让高维褶皱内壁交出第01个可复查证据”，必须失去“一段独立性边界，并承认褶皱不能再被旧层级命名”；若拒绝，“拓扑·入维·拓扑环初醒002的核心危机吞掉本章缓冲，arc-042无法完成门槛封口”会提前发生。,detailed-v4
chapter-1027,1027,arc-042,2,起因,确认异常不是孤立事故，让拓扑环接驳面交出第02个可复查证据,一个分身胚胎命名权，并承认拓扑环不能再被旧层级命名,拓扑·入维·分身初醒003的核心危机吞掉本章缓冲，arc-042无法完成门槛封口,为得到“确认异常不是孤立事故，让拓扑环接驳面交出第02个可复查证据”，必须失去“一个分身胚胎命名权，并承认拓扑环不能再被旧层级命名”；若拒绝，“拓扑·入维·分身初醒003的核心危机吞掉本章缓冲，arc-042无法完成门槛封口”会提前发生。,detailed-v4
chapter-1028,1028,arc-042,3,起因,确认异常不是孤立事故，让分身胚胎群交出第03个可复查证据,一次他者信标翻译权，并承认分身不能再被旧层级命名,拓扑·入维·次级文明初醒004的核心危机吞掉本章缓冲，arc-042无法完成门槛封口,为得到“确认异常不是孤立事故，让分身胚胎群交出第03个可复查证据”，必须失去“一次他者信标翻译权，并承认分身不能再被旧层级命名”；若拒绝，“拓扑·入维·次级文明初醒004的核心危机吞掉本章缓冲，arc-042无法完成门槛封口”会提前发生。,detailed-v4
chapter-1029,1029,arc-042,4,起因,确认异常不是孤立事故，让次级文明第一座观测塔交出第04个可复查证据,一条拓扑环内外区分，并承认次级文明不能再被旧层级命名,拓扑·入维·跨域网络初醒005的核心危机吞掉本章缓冲，arc-042无法完成门槛封口,为得到“确认异常不是孤立事故，让次级文明第一座观测塔交出第04个可复查证据”，必须失去“一条拓扑环内外区分，并承认次级文明不能再被旧层级命名”；若拒绝，“拓扑·入维·跨域网络初醒005的核心危机吞掉本章缓冲，arc-042无法完成门槛封口”会提前发生。,detailed-v4
chapter-1030,1030,arc-042,5,反证,推翻旧模型仍可解释一切的假设，让跨域网络孵化层交出第05个可复查证据,一段独立性边界，并承认跨域网络不能再被旧层级命名,拓扑·入维·盖亚信标初醒006的核心危机吞掉本章缓冲，arc-042无法完成门槛封口,为得到“推翻旧模型仍可解释一切的假设，让跨域网络孵化层交出第05个可复查证据”，必须失去“一段独立性边界，并承认跨域网络不能再被旧层级命名”；若拒绝，“拓扑·入维·盖亚信标初醒006的核心危机吞掉本章缓冲，arc-042无法完成门槛封口”会提前发生。,detailed-v4
chapter-1031,1031,arc-042,6,反证,推翻旧模型仍可解释一切的假设，让盖亚信标外缘交出第06个可复查证据,一个分身胚胎命名权，并承认盖亚信标不能再被旧层级命名,拓扑·入维·欧米茄邀请初醒007的核心危机吞掉本章缓冲，arc-042无法完成门槛封口,为得到“推翻旧模型仍可解释一切的假设，让盖亚信标外缘交出第06个可复查证据”，必须失去“一个分身胚胎命名权，并承认盖亚信标不能再被旧层级命名”；若拒绝，“拓扑·入维·欧米茄邀请初醒007的核心危机吞掉本章缓冲，arc-042无法完成门槛封口”会提前发生。,detailed-v4
chapter-1032,1032,arc-042,7,反证,推翻旧模型仍可解释一切的假设，让欧米茄邀请通道交出第07个可复查证据,一次他者信标翻译权，并承认欧米茄邀请不能再被旧层级命名,拓扑·入维·融合奇点初醒008的核心危机吞掉本章缓冲，arc-042无法完成门槛封口,为得到“推翻旧模型仍可解释一切的假设，让欧米茄邀请通道交出第07个可复查证据”，必须失去“一次他者信标翻译权，并承认欧米茄邀请不能再被旧层级命名”；若拒绝，“拓扑·入维·融合奇点初醒008的核心危机吞掉本章缓冲，arc-042无法完成门槛封口”会提前发生。,detailed-v4
chapter-1033,1033,arc-042,8,反证,推翻旧模型仍可解释一切的假设，让融合奇点的局部截面交出第08个可复查证据,一条拓扑环内外区分，并承认融合奇点不能再被旧层级命名,拓扑·入维·高维边界初醒009的核心危机吞掉本章缓冲，arc-042无法完成门槛封口,为得到“推翻旧模型仍可解释一切的假设，让融合奇点的局部截面交出第08个可复查证据”，必须失去“一条拓扑环内外区分，并承认融合奇点不能再被旧层级命名”；若拒绝，“拓扑·入维·高维边界初醒009的核心危机吞掉本章缓冲，arc-042无法完成门槛封口”会提前发生。,detailed-v4
chapter-1034,1034,arc-042,9,代价,换取一次继续观测的资格，让高维边界的局部截面交出第09个可复查证据,一段独立性边界，并承认高维边界不能再被旧层级命名,拓扑·入维·逻辑骨架初醒010的核心危机吞掉本章缓冲，arc-042无法完成门槛封口,为得到“换取一次继续观测的资格，让高维边界的局部截面交出第09个可复查证据”，必须失去“一段独立性边界，并承认高维边界不能再被旧层级命名”；若拒绝，“拓扑·入维·逻辑骨架初醒010的核心危机吞掉本章缓冲，arc-042无法完成门槛封口”会提前发生。,detailed-v4
chapter-1035,1035,arc-042,10,代价,换取一次继续观测的资格，让逻辑骨架的局部截面交出第10个可复查证据,一个分身胚胎命名权，并承认逻辑骨架不能再被旧层级命名,拓扑·入维·褶皱裂响011的核心危机吞掉本章缓冲，arc-042无法完成门槛封口,为得到“换取一次继续观测的资格，让逻辑骨架的局部截面交出第10个可复查证据”，必须失去“一个分身胚胎命名权，并承认逻辑骨架不能再被旧层级命名”；若拒绝，“拓扑·入维·褶皱裂响011的核心危机吞掉本章缓冲，arc-042无法完成门槛封口”会提前发生。,detailed-v4
chapter-1036,1036,arc-042,11,代价,换取一次继续观测的资格，让高维褶皱内壁交出第11个可复查证据,一次他者信标翻译权，并承认褶皱不能再被旧层级命名,拓扑·入维·拓扑环裂响012的核心危机吞掉本章缓冲，arc-042无法完成门槛封口,为得到“换取一次继续观测的资格，让高维褶皱内壁交出第11个可复查证据”，必须失去“一次他者信标翻译权，并承认褶皱不能再被旧层级命名”；若拒绝，“拓扑·入维·拓扑环裂响012的核心危机吞掉本章缓冲，arc-042无法完成门槛封口”会提前发生。,detailed-v4
chapter-1037,1037,arc-042,12,误判,暴露角色仍误信的判断方式，让拓扑环接驳面交出第12个可复查证据,一条拓扑环内外区分，并承认拓扑环不能再被旧层级命名,拓扑·入维·分身裂响013的核心危机吞掉本章缓冲，arc-042无法完成门槛封口,为得到“暴露角色仍误信的判断方式，让拓扑环接驳面交出第12个可复查证据”，必须失去“一条拓扑环内外区分，并承认拓扑环不能再被旧层级命名”；若拒绝，“拓扑·入维·分身裂响013的核心危机吞掉本章缓冲，arc-042无法完成门槛封口”会提前发生。,detailed-v4
chapter-1038,1038,arc-042,13,误判,暴露角色仍误信的判断方式，让分身胚胎群交出第13个可复查证据,一段独立性边界，并承认分身不能再被旧层级命名,拓扑·入维·次级文明裂响014的核心危机吞掉本章缓冲，arc-042无法完成门槛封口,为得到“暴露角色仍误信的判断方式，让分身胚胎群交出第13个可复查证据”，必须失去“一段独立性边界，并承认分身不能再被旧层级命名”；若拒绝，“拓扑·入维·次级文明裂响014的核心危机吞掉本章缓冲，arc-042无法完成门槛封口”会提前发生。,detailed-v4
chapter-1039,1039,arc-042,14,误判,暴露角色仍误信的判断方式，让次级文明第一座观测塔交出第14个可复查证据,一个分身胚胎命名权，并承认次级文明不能再被旧层级命名,拓扑·入维·跨域网络裂响015的核心危机吞掉本章缓冲，arc-042无法完成门槛封口,为得到“暴露角色仍误信的判断方式，让次级文明第一座观测塔交出第14个可复查证据”，必须失去“一个分身胚胎命名权，并承认次级文明不能再被旧层级命名”；若拒绝，“拓扑·入维·跨域网络裂响015的核心危机吞掉本章缓冲，arc-042无法完成门槛封口”会提前发生。,detailed-v4
chapter-1040,1040,arc-042,15,误判,暴露角色仍误信的判断方式，让跨域网络孵化层交出第15个可复查证据,一次他者信标翻译权，并承认跨域网络不能再被旧层级命名,拓扑·入维·盖亚信标裂响016的核心危机吞掉本章缓冲，arc-042无法完成门槛封口,为得到“暴露角色仍误信的判断方式，让跨域网络孵化层交出第15个可复查证据”，必须失去“一次他者信标翻译权，并承认跨域网络不能再被旧层级命名”；若拒绝，“拓扑·入维·盖亚信标裂响016的核心危机吞掉本章缓冲，arc-042无法完成门槛封口”会提前发生。,detailed-v4
chapter-1041,1041,arc-042,16,失控,把异常限制在可写的物理边界内，让盖亚信标外缘交出第16个可复查证据,一条拓扑环内外区分，并承认盖亚信标不能再被旧层级命名,拓扑·入维·欧米茄邀请裂响017的核心危机吞掉本章缓冲，arc-042无法完成门槛封口,为得到“把异常限制在可写的物理边界内，让盖亚信标外缘交出第16个可复查证据”，必须失去“一条拓扑环内外区分，并承认盖亚信标不能再被旧层级命名”；若拒绝，“拓扑·入维·欧米茄邀请裂响017的核心危机吞掉本章缓冲，arc-042无法完成门槛封口”会提前发生。,detailed-v4
chapter-1042,1042,arc-042,17,失控,把异常限制在可写的物理边界内，让欧米茄邀请通道交出第17个可复查证据,一段独立性边界，并承认欧米茄邀请不能再被旧层级命名,拓扑·入维·融合奇点裂响018的核心危机吞掉本章缓冲，arc-042无法完成门槛封口,为得到“把异常限制在可写的物理边界内，让欧米茄邀请通道交出第17个可复查证据”，必须失去“一段独立性边界，并承认欧米茄邀请不能再被旧层级命名”；若拒绝，“拓扑·入维·融合奇点裂响018的核心危机吞掉本章缓冲，arc-042无法完成门槛封口”会提前发生。,detailed-v4
chapter-1043,1043,arc-042,18,失控,把异常限制在可写的物理边界内，让融合奇点的局部截面交出第18个可复查证据,一个分身胚胎命名权，并承认融合奇点不能再被旧层级命名,拓扑·入维·高维边界裂响019的核心危机吞掉本章缓冲，arc-042无法完成门槛封口,为得到“把异常限制在可写的物理边界内，让融合奇点的局部截面交出第18个可复查证据”，必须失去“一个分身胚胎命名权，并承认融合奇点不能再被旧层级命名”；若拒绝，“拓扑·入维·高维边界裂响019的核心危机吞掉本章缓冲，arc-042无法完成门槛封口”会提前发生。,detailed-v4
chapter-1044,1044,arc-042,19,失控,把异常限制在可写的物理边界内，让高维边界的局部截面交出第19个可复查证据,一次他者信标翻译权，并承认高维边界不能再被旧层级命名,拓扑·入维·逻辑骨架裂响020的核心危机吞掉本章缓冲，arc-042无法完成门槛封口,为得到“把异常限制在可写的物理边界内，让高维边界的局部截面交出第19个可复查证据”，必须失去“一次他者信标翻译权，并承认高维边界不能再被旧层级命名”；若拒绝，“拓扑·入维·逻辑骨架裂响020的核心危机吞掉本章缓冲，arc-042无法完成门槛封口”会提前发生。,detailed-v4
chapter-1045,1045,arc-042,20,回响,让眷恋线以硬证物返回，让逻辑骨架的局部截面交出第20个可复查证据,一条拓扑环内外区分，并承认逻辑骨架不能再被旧层级命名,拓扑·入维·褶皱低语021的核心危机吞掉本章缓冲，arc-042无法完成门槛封口,为得到“让眷恋线以硬证物返回，让逻辑骨架的局部截面交出第20个可复查证据”，必须失去“一条拓扑环内外区分，并承认逻辑骨架不能再被旧层级命名”；若拒绝，“拓扑·入维·褶皱低语021的核心危机吞掉本章缓冲，arc-042无法完成门槛封口”会提前发生。,detailed-v4
chapter-1046,1046,arc-042,21,回响,让眷恋线以硬证物返回，让高维褶皱内壁交出第21个可复查证据,一段独立性边界，并承认褶皱不能再被旧层级命名,拓扑·入维·拓扑环低语022的核心危机吞掉本章缓冲，arc-042无法完成门槛封口,为得到“让眷恋线以硬证物返回，让高维褶皱内壁交出第21个可复查证据”，必须失去“一段独立性边界，并承认褶皱不能再被旧层级命名”；若拒绝，“拓扑·入维·拓扑环低语022的核心危机吞掉本章缓冲，arc-042无法完成门槛封口”会提前发生。,detailed-v4
chapter-1047,1047,arc-042,22,回响,让眷恋线以硬证物返回，让拓扑环接驳面交出第22个可复查证据,一个分身胚胎命名权，并承认拓扑环不能再被旧层级命名,拓扑·入维·分身低语023的核心危机吞掉本章缓冲，arc-042无法完成门槛封口,为得到“让眷恋线以硬证物返回，让拓扑环接驳面交出第22个可复查证据”，必须失去“一个分身胚胎命名权，并承认拓扑环不能再被旧层级命名”；若拒绝，“拓扑·入维·分身低语023的核心危机吞掉本章缓冲，arc-042无法完成门槛封口”会提前发生。,detailed-v4
chapter-1048,1048,arc-042,23,门槛,把本组问题交给下一章群而不总结掉，让分身胚胎群交出第23个可复查证据,一次他者信标翻译权，并承认分身不能再被旧层级命名,拓扑·入维·次级文明低语024的核心危机吞掉本章缓冲，arc-042无法完成门槛封口,为得到“把本组问题交给下一章群而不总结掉，让分身胚胎群交出第23个可复查证据”，必须失去“一次他者信标翻译权，并承认分身不能再被旧层级命名”；若拒绝，“拓扑·入维·次级文明低语024的核心危机吞掉本章缓冲，arc-042无法完成门槛封口”会提前发生。,detailed-v4
chapter-1049,1049,arc-042,24,门槛,把本组问题交给下一章群而不总结掉，让次级文明第一座观测塔交出第24个可复查证据,一条拓扑环内外区分，并承认次级文明不能再被旧层级命名,拓扑·入维·跨域网络低语025的核心危机吞掉本章缓冲，arc-042无法完成门槛封口,为得到“把本组问题交给下一章群而不总结掉，让次级文明第一座观测塔交出第24个可复查证据”，必须失去“一条拓扑环内外区分，并承认次级文明不能再被旧层级命名”；若拒绝，“拓扑·入维·跨域网络低语025的核心危机吞掉本章缓冲，arc-042无法完成门槛封口”会提前发生。,detailed-v4
chapter-1050,1050,arc-042,25,门槛,把本组问题交给下一章群而不总结掉，让跨域网络孵化层交出第25个可复查证据,一段独立性边界，并承认跨域网络不能再被旧层级命名,拓扑·入维·盖亚信标低语026的核心危机吞掉本章缓冲，arc-042无法完成门槛封口,为得到“把本组问题交给下一章群而不总结掉，让跨域网络孵化层交出第25个可复查证据”，必须失去“一段独立性边界，并承认跨域网络不能再被旧层级命名”；若拒绝，“拓扑·入维·盖亚信标低语026的核心危机吞掉本章缓冲，arc-042无法完成门槛封口”会提前发生。,detailed-v4
chapter-1051,1051,arc-043,1,起因,确认异常不是孤立事故，让盖亚信标外缘交出第01个可复查证据,一次他者信标翻译权，并承认盖亚信标不能再被旧层级命名,拓扑·入维·欧米茄邀请低语027的核心危机吞掉本章缓冲，arc-043无法完成门槛封口,为得到“确认异常不是孤立事故，让盖亚信标外缘交出第01个可复查证据”，必须失去“一次他者信标翻译权，并承认盖亚信标不能再被旧层级命名”；若拒绝，“拓扑·入维·欧米茄邀请低语027的核心危机吞掉本章缓冲，arc-043无法完成门槛封口”会提前发生。,detailed-v4
chapter-1052,1052,arc-043,2,起因,确认异常不是孤立事故，让欧米茄邀请通道交出第02个可复查证据,一条拓扑环内外区分，并承认欧米茄邀请不能再被旧层级命名,拓扑·入维·融合奇点低语028的核心危机吞掉本章缓冲，arc-043无法完成门槛封口,为得到“确认异常不是孤立事故，让欧米茄邀请通道交出第02个可复查证据”，必须失去“一条拓扑环内外区分，并承认欧米茄邀请不能再被旧层级命名”；若拒绝，“拓扑·入维·融合奇点低语028的核心危机吞掉本章缓冲，arc-043无法完成门槛封口”会提前发生。,detailed-v4
chapter-1053,1053,arc-043,3,起因,确认异常不是孤立事故，让融合奇点的局部截面交出第03个可复查证据,一段独立性边界，并承认融合奇点不能再被旧层级命名,拓扑·入维·高维边界低语029的核心危机吞掉本章缓冲，arc-043无法完成门槛封口,为得到“确认异常不是孤立事故，让融合奇点的局部截面交出第03个可复查证据”，必须失去“一段独立性边界，并承认融合奇点不能再被旧层级命名”；若拒绝，“拓扑·入维·高维边界低语029的核心危机吞掉本章缓冲，arc-043无法完成门槛封口”会提前发生。,detailed-v4
chapter-1054,1054,arc-043,4,起因,确认异常不是孤立事故，让高维边界的局部截面交出第04个可复查证据,一个分身胚胎命名权，并承认高维边界不能再被旧层级命名,拓扑·入维·逻辑骨架低语030的核心危机吞掉本章缓冲，arc-043无法完成门槛封口,为得到“确认异常不是孤立事故，让高维边界的局部截面交出第04个可复查证据”，必须失去“一个分身胚胎命名权，并承认高维边界不能再被旧层级命名”；若拒绝，“拓扑·入维·逻辑骨架低语030的核心危机吞掉本章缓冲，arc-043无法完成门槛封口”会提前发生。,detailed-v4
chapter-1055,1055,arc-043,5,反证,推翻旧模型仍可解释一切的假设，让逻辑骨架的局部截面交出第05个可复查证据,一次他者信标翻译权，并承认逻辑骨架不能再被旧层级命名,拓扑·入维·褶皱回潮031的核心危机吞掉本章缓冲，arc-043无法完成门槛封口,为得到“推翻旧模型仍可解释一切的假设，让逻辑骨架的局部截面交出第05个可复查证据”，必须失去“一次他者信标翻译权，并承认逻辑骨架不能再被旧层级命名”；若拒绝，“拓扑·入维·褶皱回潮031的核心危机吞掉本章缓冲，arc-043无法完成门槛封口”会提前发生。,detailed-v4
chapter-1056,1056,arc-043,6,反证,推翻旧模型仍可解释一切的假设，让高维褶皱内壁交出第06个可复查证据,一条拓扑环内外区分，并承认褶皱不能再被旧层级命名,拓扑·入维·拓扑环回潮032的核心危机吞掉本章缓冲，arc-043无法完成门槛封口,为得到“推翻旧模型仍可解释一切的假设，让高维褶皱内壁交出第06个可复查证据”，必须失去“一条拓扑环内外区分，并承认褶皱不能再被旧层级命名”；若拒绝，“拓扑·入维·拓扑环回潮032的核心危机吞掉本章缓冲，arc-043无法完成门槛封口”会提前发生。,detailed-v4
chapter-1057,1057,arc-043,7,反证,推翻旧模型仍可解释一切的假设，让拓扑环接驳面交出第07个可复查证据,一段独立性边界，并承认拓扑环不能再被旧层级命名,拓扑·入维·分身回潮033的核心危机吞掉本章缓冲，arc-043无法完成门槛封口,为得到“推翻旧模型仍可解释一切的假设，让拓扑环接驳面交出第07个可复查证据”，必须失去“一段独立性边界，并承认拓扑环不能再被旧层级命名”；若拒绝，“拓扑·入维·分身回潮033的核心危机吞掉本章缓冲，arc-043无法完成门槛封口”会提前发生。,detailed-v4
chapter-1058,1058,arc-043,8,反证,推翻旧模型仍可解释一切的假设，让分身胚胎群交出第08个可复查证据,一个分身胚胎命名权，并承认分身不能再被旧层级命名,拓扑·入维·次级文明回潮034的核心危机吞掉本章缓冲，arc-043无法完成门槛封口,为得到“推翻旧模型仍可解释一切的假设，让分身胚胎群交出第08个可复查证据”，必须失去“一个分身胚胎命名权，并承认分身不能再被旧层级命名”；若拒绝，“拓扑·入维·次级文明回潮034的核心危机吞掉本章缓冲，arc-043无法完成门槛封口”会提前发生。,detailed-v4
chapter-1059,1059,arc-043,9,代价,换取一次继续观测的资格，让次级文明第一座观测塔交出第09个可复查证据,一次他者信标翻译权，并承认次级文明不能再被旧层级命名,拓扑·入维·跨域网络回潮035的核心危机吞掉本章缓冲，arc-043无法完成门槛封口,为得到“换取一次继续观测的资格，让次级文明第一座观测塔交出第09个可复查证据”，必须失去“一次他者信标翻译权，并承认次级文明不能再被旧层级命名”；若拒绝，“拓扑·入维·跨域网络回潮035的核心危机吞掉本章缓冲，arc-043无法完成门槛封口”会提前发生。,detailed-v4
chapter-1060,1060,arc-043,10,代价,换取一次继续观测的资格，让跨域网络孵化层交出第10个可复查证据,一条拓扑环内外区分，并承认跨域网络不能再被旧层级命名,拓扑·入维·盖亚信标回潮036的核心危机吞掉本章缓冲，arc-043无法完成门槛封口,为得到“换取一次继续观测的资格，让跨域网络孵化层交出第10个可复查证据”，必须失去“一条拓扑环内外区分，并承认跨域网络不能再被旧层级命名”；若拒绝，“拓扑·入维·盖亚信标回潮036的核心危机吞掉本章缓冲，arc-043无法完成门槛封口”会提前发生。,detailed-v4
chapter-1061,1061,arc-043,11,代价,换取一次继续观测的资格，让盖亚信标外缘交出第11个可复查证据,一段独立性边界，并承认盖亚信标不能再被旧层级命名,拓扑·入维·欧米茄邀请回潮037的核心危机吞掉本章缓冲，arc-043无法完成门槛封口,为得到“换取一次继续观测的资格，让盖亚信标外缘交出第11个可复查证据”，必须失去“一段独立性边界，并承认盖亚信标不能再被旧层级命名”；若拒绝，“拓扑·入维·欧米茄邀请回潮037的核心危机吞掉本章缓冲，arc-043无法完成门槛封口”会提前发生。,detailed-v4
chapter-1062,1062,arc-043,12,误判,暴露角色仍误信的判断方式，让欧米茄邀请通道交出第12个可复查证据,一个分身胚胎命名权，并承认欧米茄邀请不能再被旧层级命名,拓扑·入维·融合奇点回潮038的核心危机吞掉本章缓冲，arc-043无法完成门槛封口,为得到“暴露角色仍误信的判断方式，让欧米茄邀请通道交出第12个可复查证据”，必须失去“一个分身胚胎命名权，并承认欧米茄邀请不能再被旧层级命名”；若拒绝，“拓扑·入维·融合奇点回潮038的核心危机吞掉本章缓冲，arc-043无法完成门槛封口”会提前发生。,detailed-v4
chapter-1063,1063,arc-043,13,误判,暴露角色仍误信的判断方式，让融合奇点的局部截面交出第13个可复查证据,一次他者信标翻译权，并承认融合奇点不能再被旧层级命名,拓扑·入维·高维边界回潮039的核心危机吞掉本章缓冲，arc-043无法完成门槛封口,为得到“暴露角色仍误信的判断方式，让融合奇点的局部截面交出第13个可复查证据”，必须失去“一次他者信标翻译权，并承认融合奇点不能再被旧层级命名”；若拒绝，“拓扑·入维·高维边界回潮039的核心危机吞掉本章缓冲，arc-043无法完成门槛封口”会提前发生。,detailed-v4
chapter-1064,1064,arc-043,14,误判,暴露角色仍误信的判断方式，让高维边界的局部截面交出第14个可复查证据,一条拓扑环内外区分，并承认高维边界不能再被旧层级命名,拓扑·入维·逻辑骨架回潮040的核心危机吞掉本章缓冲，arc-043无法完成门槛封口,为得到“暴露角色仍误信的判断方式，让高维边界的局部截面交出第14个可复查证据”，必须失去“一条拓扑环内外区分，并承认高维边界不能再被旧层级命名”；若拒绝，“拓扑·入维·逻辑骨架回潮040的核心危机吞掉本章缓冲，arc-043无法完成门槛封口”会提前发生。,detailed-v4
chapter-1065,1065,arc-043,15,误判,暴露角色仍误信的判断方式，让逻辑骨架的局部截面交出第15个可复查证据,一段独立性边界，并承认逻辑骨架不能再被旧层级命名,拓扑·入维·褶皱折光041的核心危机吞掉本章缓冲，arc-043无法完成门槛封口,为得到“暴露角色仍误信的判断方式，让逻辑骨架的局部截面交出第15个可复查证据”，必须失去“一段独立性边界，并承认逻辑骨架不能再被旧层级命名”；若拒绝，“拓扑·入维·褶皱折光041的核心危机吞掉本章缓冲，arc-043无法完成门槛封口”会提前发生。,detailed-v4
chapter-1066,1066,arc-043,16,失控,把异常限制在可写的物理边界内，让高维褶皱内壁交出第16个可复查证据,一个分身胚胎命名权，并承认褶皱不能再被旧层级命名,拓扑·入维·拓扑环折光042的核心危机吞掉本章缓冲，arc-043无法完成门槛封口,为得到“把异常限制在可写的物理边界内，让高维褶皱内壁交出第16个可复查证据”，必须失去“一个分身胚胎命名权，并承认褶皱不能再被旧层级命名”；若拒绝，“拓扑·入维·拓扑环折光042的核心危机吞掉本章缓冲，arc-043无法完成门槛封口”会提前发生。,detailed-v4
chapter-1067,1067,arc-043,17,失控,把异常限制在可写的物理边界内，让拓扑环接驳面交出第17个可复查证据,一次他者信标翻译权，并承认拓扑环不能再被旧层级命名,拓扑·入维·分身折光043的核心危机吞掉本章缓冲，arc-043无法完成门槛封口,为得到“把异常限制在可写的物理边界内，让拓扑环接驳面交出第17个可复查证据”，必须失去“一次他者信标翻译权，并承认拓扑环不能再被旧层级命名”；若拒绝，“拓扑·入维·分身折光043的核心危机吞掉本章缓冲，arc-043无法完成门槛封口”会提前发生。,detailed-v4
chapter-1068,1068,arc-043,18,失控,把异常限制在可写的物理边界内，让分身胚胎群交出第18个可复查证据,一条拓扑环内外区分，并承认分身不能再被旧层级命名,拓扑·入维·次级文明折光044的核心危机吞掉本章缓冲，arc-043无法完成门槛封口,为得到“把异常限制在可写的物理边界内，让分身胚胎群交出第18个可复查证据”，必须失去“一条拓扑环内外区分，并承认分身不能再被旧层级命名”；若拒绝，“拓扑·入维·次级文明折光044的核心危机吞掉本章缓冲，arc-043无法完成门槛封口”会提前发生。,detailed-v4
chapter-1069,1069,arc-043,19,失控,把异常限制在可写的物理边界内，让次级文明第一座观测塔交出第19个可复查证据,一段独立性边界，并承认次级文明不能再被旧层级命名,拓扑·入维·跨域网络折光045的核心危机吞掉本章缓冲，arc-043无法完成门槛封口,为得到“把异常限制在可写的物理边界内，让次级文明第一座观测塔交出第19个可复查证据”，必须失去“一段独立性边界，并承认次级文明不能再被旧层级命名”；若拒绝，“拓扑·入维·跨域网络折光045的核心危机吞掉本章缓冲，arc-043无法完成门槛封口”会提前发生。,detailed-v4
chapter-1070,1070,arc-043,20,回响,让眷恋线以硬证物返回，让跨域网络孵化层交出第20个可复查证据,一个分身胚胎命名权，并承认跨域网络不能再被旧层级命名,拓扑·入维·盖亚信标折光046的核心危机吞掉本章缓冲，arc-043无法完成门槛封口,为得到“让眷恋线以硬证物返回，让跨域网络孵化层交出第20个可复查证据”，必须失去“一个分身胚胎命名权，并承认跨域网络不能再被旧层级命名”；若拒绝，“拓扑·入维·盖亚信标折光046的核心危机吞掉本章缓冲，arc-043无法完成门槛封口”会提前发生。,detailed-v4
chapter-1071,1071,arc-043,21,回响,让眷恋线以硬证物返回，让盖亚信标外缘交出第21个可复查证据,一次他者信标翻译权，并承认盖亚信标不能再被旧层级命名,拓扑·入维·欧米茄邀请折光047的核心危机吞掉本章缓冲，arc-043无法完成门槛封口,为得到“让眷恋线以硬证物返回，让盖亚信标外缘交出第21个可复查证据”，必须失去“一次他者信标翻译权，并承认盖亚信标不能再被旧层级命名”；若拒绝，“拓扑·入维·欧米茄邀请折光047的核心危机吞掉本章缓冲，arc-043无法完成门槛封口”会提前发生。,detailed-v4
chapter-1072,1072,arc-043,22,回响,让眷恋线以硬证物返回，让欧米茄邀请通道交出第22个可复查证据,一条拓扑环内外区分，并承认欧米茄邀请不能再被旧层级命名,拓扑·入维·融合奇点折光048的核心危机吞掉本章缓冲，arc-043无法完成门槛封口,为得到“让眷恋线以硬证物返回，让欧米茄邀请通道交出第22个可复查证据”，必须失去“一条拓扑环内外区分，并承认欧米茄邀请不能再被旧层级命名”；若拒绝，“拓扑·入维·融合奇点折光048的核心危机吞掉本章缓冲，arc-043无法完成门槛封口”会提前发生。,detailed-v4
chapter-1073,1073,arc-043,23,门槛,把本组问题交给下一章群而不总结掉，让融合奇点的局部截面交出第23个可复查证据,一段独立性边界，并承认融合奇点不能再被旧层级命名,拓扑·入维·高维边界折光049的核心危机吞掉本章缓冲，arc-043无法完成门槛封口,为得到“把本组问题交给下一章群而不总结掉，让融合奇点的局部截面交出第23个可复查证据”，必须失去“一段独立性边界，并承认融合奇点不能再被旧层级命名”；若拒绝，“拓扑·入维·高维边界折光049的核心危机吞掉本章缓冲，arc-043无法完成门槛封口”会提前发生。,detailed-v4
chapter-1074,1074,arc-043,24,门槛,把本组问题交给下一章群而不总结掉，让高维边界的局部截面交出第24个可复查证据,一个分身胚胎命名权，并承认高维边界不能再被旧层级命名,拓扑·入维·逻辑骨架折光050的核心危机吞掉本章缓冲，arc-043无法完成门槛封口,为得到“把本组问题交给下一章群而不总结掉，让高维边界的局部截面交出第24个可复查证据”，必须失去“一个分身胚胎命名权，并承认高维边界不能再被旧层级命名”；若拒绝，“拓扑·入维·逻辑骨架折光050的核心危机吞掉本章缓冲，arc-043无法完成门槛封口”会提前发生。,detailed-v4
chapter-1075,1075,arc-043,25,门槛,把本组问题交给下一章群而不总结掉，让逻辑骨架的局部截面交出第25个可复查证据,一次他者信标翻译权，并承认逻辑骨架不能再被旧层级命名,拓扑·入维·褶皱暗涌051的核心危机吞掉本章缓冲，arc-043无法完成门槛封口,为得到“把本组问题交给下一章群而不总结掉，让逻辑骨架的局部截面交出第25个可复查证据”，必须失去“一次他者信标翻译权，并承认逻辑骨架不能再被旧层级命名”；若拒绝，“拓扑·入维·褶皱暗涌051的核心危机吞掉本章缓冲，arc-043无法完成门槛封口”会提前发生。,detailed-v4
chapter-1076,1076,arc-044,1,起因,确认异常不是孤立事故，让高维褶皱内壁交出第01个可复查证据,一段独立性边界，并承认褶皱不能再被旧层级命名,拓扑·入维·拓扑环暗涌052的核心危机吞掉本章缓冲，arc-044无法完成门槛封口,为得到“确认异常不是孤立事故，让高维褶皱内壁交出第01个可复查证据”，必须失去“一段独立性边界，并承认褶皱不能再被旧层级命名”；若拒绝，“拓扑·入维·拓扑环暗涌052的核心危机吞掉本章缓冲，arc-044无法完成门槛封口”会提前发生。,detailed-v4
chapter-1077,1077,arc-044,2,起因,确认异常不是孤立事故，让拓扑环接驳面交出第02个可复查证据,一个分身胚胎命名权，并承认拓扑环不能再被旧层级命名,拓扑·入维·分身暗涌053的核心危机吞掉本章缓冲，arc-044无法完成门槛封口,为得到“确认异常不是孤立事故，让拓扑环接驳面交出第02个可复查证据”，必须失去“一个分身胚胎命名权，并承认拓扑环不能再被旧层级命名”；若拒绝，“拓扑·入维·分身暗涌053的核心危机吞掉本章缓冲，arc-044无法完成门槛封口”会提前发生。,detailed-v4
chapter-1078,1078,arc-044,3,起因,确认异常不是孤立事故，让分身胚胎群交出第03个可复查证据,一次他者信标翻译权，并承认分身不能再被旧层级命名,拓扑·入维·次级文明暗涌054的核心危机吞掉本章缓冲，arc-044无法完成门槛封口,为得到“确认异常不是孤立事故，让分身胚胎群交出第03个可复查证据”，必须失去“一次他者信标翻译权，并承认分身不能再被旧层级命名”；若拒绝，“拓扑·入维·次级文明暗涌054的核心危机吞掉本章缓冲，arc-044无法完成门槛封口”会提前发生。,detailed-v4
chapter-1079,1079,arc-044,4,起因,确认异常不是孤立事故，让次级文明第一座观测塔交出第04个可复查证据,一条拓扑环内外区分，并承认次级文明不能再被旧层级命名,拓扑·入维·跨域网络暗涌055的核心危机吞掉本章缓冲，arc-044无法完成门槛封口,为得到“确认异常不是孤立事故，让次级文明第一座观测塔交出第04个可复查证据”，必须失去“一条拓扑环内外区分，并承认次级文明不能再被旧层级命名”；若拒绝，“拓扑·入维·跨域网络暗涌055的核心危机吞掉本章缓冲，arc-044无法完成门槛封口”会提前发生。,detailed-v4
chapter-1080,1080,arc-044,5,反证,推翻旧模型仍可解释一切的假设，让跨域网络孵化层交出第05个可复查证据,一段独立性边界，并承认跨域网络不能再被旧层级命名,拓扑·入维·盖亚信标暗涌056的核心危机吞掉本章缓冲，arc-044无法完成门槛封口,为得到“推翻旧模型仍可解释一切的假设，让跨域网络孵化层交出第05个可复查证据”，必须失去“一段独立性边界，并承认跨域网络不能再被旧层级命名”；若拒绝，“拓扑·入维·盖亚信标暗涌056的核心危机吞掉本章缓冲，arc-044无法完成门槛封口”会提前发生。,detailed-v4
chapter-1081,1081,arc-044,6,反证,推翻旧模型仍可解释一切的假设，让盖亚信标外缘交出第06个可复查证据,一个分身胚胎命名权，并承认盖亚信标不能再被旧层级命名,拓扑·入维·欧米茄邀请暗涌057的核心危机吞掉本章缓冲，arc-044无法完成门槛封口,为得到“推翻旧模型仍可解释一切的假设，让盖亚信标外缘交出第06个可复查证据”，必须失去“一个分身胚胎命名权，并承认盖亚信标不能再被旧层级命名”；若拒绝，“拓扑·入维·欧米茄邀请暗涌057的核心危机吞掉本章缓冲，arc-044无法完成门槛封口”会提前发生。,detailed-v4
chapter-1082,1082,arc-044,7,反证,推翻旧模型仍可解释一切的假设，让欧米茄邀请通道交出第07个可复查证据,一次他者信标翻译权，并承认欧米茄邀请不能再被旧层级命名,拓扑·入维·融合奇点暗涌058的核心危机吞掉本章缓冲，arc-044无法完成门槛封口,为得到“推翻旧模型仍可解释一切的假设，让欧米茄邀请通道交出第07个可复查证据”，必须失去“一次他者信标翻译权，并承认欧米茄邀请不能再被旧层级命名”；若拒绝，“拓扑·入维·融合奇点暗涌058的核心危机吞掉本章缓冲，arc-044无法完成门槛封口”会提前发生。,detailed-v4
chapter-1083,1083,arc-044,8,反证,推翻旧模型仍可解释一切的假设，让融合奇点的局部截面交出第08个可复查证据,一条拓扑环内外区分，并承认融合奇点不能再被旧层级命名,拓扑·入维·高维边界暗涌059的核心危机吞掉本章缓冲，arc-044无法完成门槛封口,为得到“推翻旧模型仍可解释一切的假设，让融合奇点的局部截面交出第08个可复查证据”，必须失去“一条拓扑环内外区分，并承认融合奇点不能再被旧层级命名”；若拒绝，“拓扑·入维·高维边界暗涌059的核心危机吞掉本章缓冲，arc-044无法完成门槛封口”会提前发生。,detailed-v4
chapter-1084,1084,arc-044,9,代价,换取一次继续观测的资格，让高维边界的局部截面交出第09个可复查证据,一段独立性边界，并承认高维边界不能再被旧层级命名,拓扑·入维·逻辑骨架暗涌060的核心危机吞掉本章缓冲，arc-044无法完成门槛封口,为得到“换取一次继续观测的资格，让高维边界的局部截面交出第09个可复查证据”，必须失去“一段独立性边界，并承认高维边界不能再被旧层级命名”；若拒绝，“拓扑·入维·逻辑骨架暗涌060的核心危机吞掉本章缓冲，arc-044无法完成门槛封口”会提前发生。,detailed-v4
chapter-1085,1085,arc-044,10,代价,换取一次继续观测的资格，让逻辑骨架的局部截面交出第10个可复查证据,一个分身胚胎命名权，并承认逻辑骨架不能再被旧层级命名,拓扑·入维·褶皱证词061的核心危机吞掉本章缓冲，arc-044无法完成门槛封口,为得到“换取一次继续观测的资格，让逻辑骨架的局部截面交出第10个可复查证据”，必须失去“一个分身胚胎命名权，并承认逻辑骨架不能再被旧层级命名”；若拒绝，“拓扑·入维·褶皱证词061的核心危机吞掉本章缓冲，arc-044无法完成门槛封口”会提前发生。,detailed-v4
chapter-1086,1086,arc-044,11,代价,换取一次继续观测的资格，让高维褶皱内壁交出第11个可复查证据,一次他者信标翻译权，并承认褶皱不能再被旧层级命名,拓扑·入维·拓扑环证词062的核心危机吞掉本章缓冲，arc-044无法完成门槛封口,为得到“换取一次继续观测的资格，让高维褶皱内壁交出第11个可复查证据”，必须失去“一次他者信标翻译权，并承认褶皱不能再被旧层级命名”；若拒绝，“拓扑·入维·拓扑环证词062的核心危机吞掉本章缓冲，arc-044无法完成门槛封口”会提前发生。,detailed-v4
chapter-1087,1087,arc-044,12,误判,暴露角色仍误信的判断方式，让拓扑环接驳面交出第12个可复查证据,一条拓扑环内外区分，并承认拓扑环不能再被旧层级命名,拓扑·入维·分身证词063的核心危机吞掉本章缓冲，arc-044无法完成门槛封口,为得到“暴露角色仍误信的判断方式，让拓扑环接驳面交出第12个可复查证据”，必须失去“一条拓扑环内外区分，并承认拓扑环不能再被旧层级命名”；若拒绝，“拓扑·入维·分身证词063的核心危机吞掉本章缓冲，arc-044无法完成门槛封口”会提前发生。,detailed-v4
chapter-1088,1088,arc-044,13,误判,暴露角色仍误信的判断方式，让分身胚胎群交出第13个可复查证据,一段独立性边界，并承认分身不能再被旧层级命名,拓扑·入维·次级文明证词064的核心危机吞掉本章缓冲，arc-044无法完成门槛封口,为得到“暴露角色仍误信的判断方式，让分身胚胎群交出第13个可复查证据”，必须失去“一段独立性边界，并承认分身不能再被旧层级命名”；若拒绝，“拓扑·入维·次级文明证词064的核心危机吞掉本章缓冲，arc-044无法完成门槛封口”会提前发生。,detailed-v4
chapter-1089,1089,arc-044,14,误判,暴露角色仍误信的判断方式，让次级文明第一座观测塔交出第14个可复查证据,一个分身胚胎命名权，并承认次级文明不能再被旧层级命名,拓扑·入维·跨域网络证词065的核心危机吞掉本章缓冲，arc-044无法完成门槛封口,为得到“暴露角色仍误信的判断方式，让次级文明第一座观测塔交出第14个可复查证据”，必须失去“一个分身胚胎命名权，并承认次级文明不能再被旧层级命名”；若拒绝，“拓扑·入维·跨域网络证词065的核心危机吞掉本章缓冲，arc-044无法完成门槛封口”会提前发生。,detailed-v4
chapter-1090,1090,arc-044,15,误判,暴露角色仍误信的判断方式，让跨域网络孵化层交出第15个可复查证据,一次他者信标翻译权，并承认跨域网络不能再被旧层级命名,拓扑·入维·盖亚信标证词066的核心危机吞掉本章缓冲，arc-044无法完成门槛封口,为得到“暴露角色仍误信的判断方式，让跨域网络孵化层交出第15个可复查证据”，必须失去“一次他者信标翻译权，并承认跨域网络不能再被旧层级命名”；若拒绝，“拓扑·入维·盖亚信标证词066的核心危机吞掉本章缓冲，arc-044无法完成门槛封口”会提前发生。,detailed-v4
chapter-1091,1091,arc-044,16,失控,把异常限制在可写的物理边界内，让盖亚信标外缘交出第16个可复查证据,一条拓扑环内外区分，并承认盖亚信标不能再被旧层级命名,拓扑·入维·欧米茄邀请证词067的核心危机吞掉本章缓冲，arc-044无法完成门槛封口,为得到“把异常限制在可写的物理边界内，让盖亚信标外缘交出第16个可复查证据”，必须失去“一条拓扑环内外区分，并承认盖亚信标不能再被旧层级命名”；若拒绝，“拓扑·入维·欧米茄邀请证词067的核心危机吞掉本章缓冲，arc-044无法完成门槛封口”会提前发生。,detailed-v4
chapter-1092,1092,arc-044,17,失控,把异常限制在可写的物理边界内，让欧米茄邀请通道交出第17个可复查证据,一段独立性边界，并承认欧米茄邀请不能再被旧层级命名,拓扑·入维·融合奇点证词068的核心危机吞掉本章缓冲，arc-044无法完成门槛封口,为得到“把异常限制在可写的物理边界内，让欧米茄邀请通道交出第17个可复查证据”，必须失去“一段独立性边界，并承认欧米茄邀请不能再被旧层级命名”；若拒绝，“拓扑·入维·融合奇点证词068的核心危机吞掉本章缓冲，arc-044无法完成门槛封口”会提前发生。,detailed-v4
chapter-1093,1093,arc-044,18,失控,把异常限制在可写的物理边界内，让融合奇点的局部截面交出第18个可复查证据,一个分身胚胎命名权，并承认融合奇点不能再被旧层级命名,拓扑·入维·高维边界证词069的核心危机吞掉本章缓冲，arc-044无法完成门槛封口,为得到“把异常限制在可写的物理边界内，让融合奇点的局部截面交出第18个可复查证据”，必须失去“一个分身胚胎命名权，并承认融合奇点不能再被旧层级命名”；若拒绝，“拓扑·入维·高维边界证词069的核心危机吞掉本章缓冲，arc-044无法完成门槛封口”会提前发生。,detailed-v4
chapter-1094,1094,arc-044,19,失控,把异常限制在可写的物理边界内，让高维边界的局部截面交出第19个可复查证据,一次他者信标翻译权，并承认高维边界不能再被旧层级命名,拓扑·入维·逻辑骨架证词070的核心危机吞掉本章缓冲，arc-044无法完成门槛封口,为得到“把异常限制在可写的物理边界内，让高维边界的局部截面交出第19个可复查证据”，必须失去“一次他者信标翻译权，并承认高维边界不能再被旧层级命名”；若拒绝，“拓扑·入维·逻辑骨架证词070的核心危机吞掉本章缓冲，arc-044无法完成门槛封口”会提前发生。,detailed-v4
chapter-1095,1095,arc-044,20,回响,让眷恋线以硬证物返回，让逻辑骨架的局部截面交出第20个可复查证据,一条拓扑环内外区分，并承认逻辑骨架不能再被旧层级命名,拓扑·入维·褶皱坠落071的核心危机吞掉本章缓冲，arc-044无法完成门槛封口,为得到“让眷恋线以硬证物返回，让逻辑骨架的局部截面交出第20个可复查证据”，必须失去“一条拓扑环内外区分，并承认逻辑骨架不能再被旧层级命名”；若拒绝，“拓扑·入维·褶皱坠落071的核心危机吞掉本章缓冲，arc-044无法完成门槛封口”会提前发生。,detailed-v4
chapter-1096,1096,arc-044,21,回响,让眷恋线以硬证物返回，让高维褶皱内壁交出第21个可复查证据,一段独立性边界，并承认褶皱不能再被旧层级命名,拓扑·入维·拓扑环坠落072的核心危机吞掉本章缓冲，arc-044无法完成门槛封口,为得到“让眷恋线以硬证物返回，让高维褶皱内壁交出第21个可复查证据”，必须失去“一段独立性边界，并承认褶皱不能再被旧层级命名”；若拒绝，“拓扑·入维·拓扑环坠落072的核心危机吞掉本章缓冲，arc-044无法完成门槛封口”会提前发生。,detailed-v4
chapter-1097,1097,arc-044,22,回响,让眷恋线以硬证物返回，让拓扑环接驳面交出第22个可复查证据,一个分身胚胎命名权，并承认拓扑环不能再被旧层级命名,拓扑·入维·分身坠落073的核心危机吞掉本章缓冲，arc-044无法完成门槛封口,为得到“让眷恋线以硬证物返回，让拓扑环接驳面交出第22个可复查证据”，必须失去“一个分身胚胎命名权，并承认拓扑环不能再被旧层级命名”；若拒绝，“拓扑·入维·分身坠落073的核心危机吞掉本章缓冲，arc-044无法完成门槛封口”会提前发生。,detailed-v4
chapter-1098,1098,arc-044,23,门槛,把本组问题交给下一章群而不总结掉，让分身胚胎群交出第23个可复查证据,一次他者信标翻译权，并承认分身不能再被旧层级命名,拓扑·入维·次级文明坠落074的核心危机吞掉本章缓冲，arc-044无法完成门槛封口,为得到“把本组问题交给下一章群而不总结掉，让分身胚胎群交出第23个可复查证据”，必须失去“一次他者信标翻译权，并承认分身不能再被旧层级命名”；若拒绝，“拓扑·入维·次级文明坠落074的核心危机吞掉本章缓冲，arc-044无法完成门槛封口”会提前发生。,detailed-v4
chapter-1099,1099,arc-044,24,门槛,把本组问题交给下一章群而不总结掉，让次级文明第一座观测塔交出第24个可复查证据,一条拓扑环内外区分，并承认次级文明不能再被旧层级命名,拓扑·入维·跨域网络坠落075的核心危机吞掉本章缓冲，arc-044无法完成门槛封口,为得到“把本组问题交给下一章群而不总结掉，让次级文明第一座观测塔交出第24个可复查证据”，必须失去“一条拓扑环内外区分，并承认次级文明不能再被旧层级命名”；若拒绝，“拓扑·入维·跨域网络坠落075的核心危机吞掉本章缓冲，arc-044无法完成门槛封口”会提前发生。,detailed-v4
chapter-1100,1100,arc-044,25,门槛,把本组问题交给下一章群而不总结掉，让跨域网络孵化层交出第25个可复查证据,一段独立性边界，并承认跨域网络不能再被旧层级命名,拓扑·入维·盖亚信标坠落076的核心危机吞掉本章缓冲，arc-044无法完成门槛封口,为得到“把本组问题交给下一章群而不总结掉，让跨域网络孵化层交出第25个可复查证据”，必须失去“一段独立性边界，并承认跨域网络不能再被旧层级命名”；若拒绝，“拓扑·入维·盖亚信标坠落076的核心危机吞掉本章缓冲，arc-044无法完成门槛封口”会提前发生。,detailed-v4
chapter-1101,1101,arc-045,1,起因,确认异常不是孤立事故，让盖亚信标外缘交出第01个可复查证据,一次他者信标翻译权，并承认盖亚信标不能再被旧层级命名,拓扑·入维·欧米茄邀请坠落077的核心危机吞掉本章缓冲，arc-045无法完成门槛封口,为得到“确认异常不是孤立事故，让盖亚信标外缘交出第01个可复查证据”，必须失去“一次他者信标翻译权，并承认盖亚信标不能再被旧层级命名”；若拒绝，“拓扑·入维·欧米茄邀请坠落077的核心危机吞掉本章缓冲，arc-045无法完成门槛封口”会提前发生。,detailed-v4
chapter-1102,1102,arc-045,2,起因,确认异常不是孤立事故，让欧米茄邀请通道交出第02个可复查证据,一条拓扑环内外区分，并承认欧米茄邀请不能再被旧层级命名,拓扑·入维·融合奇点坠落078的核心危机吞掉本章缓冲，arc-045无法完成门槛封口,为得到“确认异常不是孤立事故，让欧米茄邀请通道交出第02个可复查证据”，必须失去“一条拓扑环内外区分，并承认欧米茄邀请不能再被旧层级命名”；若拒绝，“拓扑·入维·融合奇点坠落078的核心危机吞掉本章缓冲，arc-045无法完成门槛封口”会提前发生。,detailed-v4
chapter-1103,1103,arc-045,3,起因,确认异常不是孤立事故，让融合奇点的局部截面交出第03个可复查证据,一段独立性边界，并承认融合奇点不能再被旧层级命名,拓扑·入维·高维边界坠落079的核心危机吞掉本章缓冲，arc-045无法完成门槛封口,为得到“确认异常不是孤立事故，让融合奇点的局部截面交出第03个可复查证据”，必须失去“一段独立性边界，并承认融合奇点不能再被旧层级命名”；若拒绝，“拓扑·入维·高维边界坠落079的核心危机吞掉本章缓冲，arc-045无法完成门槛封口”会提前发生。,detailed-v4
chapter-1104,1104,arc-045,4,起因,确认异常不是孤立事故，让高维边界的局部截面交出第04个可复查证据,一个分身胚胎命名权，并承认高维边界不能再被旧层级命名,拓扑·入维·逻辑骨架坠落080的核心危机吞掉本章缓冲，arc-045无法完成门槛封口,为得到“确认异常不是孤立事故，让高维边界的局部截面交出第04个可复查证据”，必须失去“一个分身胚胎命名权，并承认高维边界不能再被旧层级命名”；若拒绝，“拓扑·入维·逻辑骨架坠落080的核心危机吞掉本章缓冲，arc-045无法完成门槛封口”会提前发生。,detailed-v4
chapter-1105,1105,arc-045,5,反证,推翻旧模型仍可解释一切的假设，让逻辑骨架的局部截面交出第05个可复查证据,一次他者信标翻译权，并承认逻辑骨架不能再被旧层级命名,拓扑·入维·褶皱重构081的核心危机吞掉本章缓冲，arc-045无法完成门槛封口,为得到“推翻旧模型仍可解释一切的假设，让逻辑骨架的局部截面交出第05个可复查证据”，必须失去“一次他者信标翻译权，并承认逻辑骨架不能再被旧层级命名”；若拒绝，“拓扑·入维·褶皱重构081的核心危机吞掉本章缓冲，arc-045无法完成门槛封口”会提前发生。,detailed-v4
chapter-1106,1106,arc-045,6,反证,推翻旧模型仍可解释一切的假设，让褶皱重构的局部截面交出第06个可复查证据,一条拓扑环内外区分，并承认褶皱重构不能再被旧层级命名,拓扑·入维·拓扑环重构082的核心危机吞掉本章缓冲，arc-045无法完成门槛封口,为得到“推翻旧模型仍可解释一切的假设，让褶皱重构的局部截面交出第06个可复查证据”，必须失去“一条拓扑环内外区分，并承认褶皱重构不能再被旧层级命名”；若拒绝，“拓扑·入维·拓扑环重构082的核心危机吞掉本章缓冲，arc-045无法完成门槛封口”会提前发生。,detailed-v4
chapter-1107,1107,arc-045,7,反证,推翻旧模型仍可解释一切的假设，让拓扑环重构的局部截面交出第07个可复查证据,一段独立性边界，并承认拓扑环重构不能再被旧层级命名,拓扑·入维·分身重构083的核心危机吞掉本章缓冲，arc-045无法完成门槛封口,为得到“推翻旧模型仍可解释一切的假设，让拓扑环重构的局部截面交出第07个可复查证据”，必须失去“一段独立性边界，并承认拓扑环重构不能再被旧层级命名”；若拒绝，“拓扑·入维·分身重构083的核心危机吞掉本章缓冲，arc-045无法完成门槛封口”会提前发生。,detailed-v4
chapter-1108,1108,arc-045,8,反证,推翻旧模型仍可解释一切的假设，让分身重构的局部截面交出第08个可复查证据,一个分身胚胎命名权，并承认分身重构不能再被旧层级命名,拓扑·入维·次级文明重构084的核心危机吞掉本章缓冲，arc-045无法完成门槛封口,为得到“推翻旧模型仍可解释一切的假设，让分身重构的局部截面交出第08个可复查证据”，必须失去“一个分身胚胎命名权，并承认分身重构不能再被旧层级命名”；若拒绝，“拓扑·入维·次级文明重构084的核心危机吞掉本章缓冲，arc-045无法完成门槛封口”会提前发生。,detailed-v4
chapter-1109,1109,arc-045,9,代价,换取一次继续观测的资格，让次级文明重构的局部截面交出第09个可复查证据,一次他者信标翻译权，并承认次级文明重构不能再被旧层级命名,拓扑·入维·跨域网络重构085的核心危机吞掉本章缓冲，arc-045无法完成门槛封口,为得到“换取一次继续观测的资格，让次级文明重构的局部截面交出第09个可复查证据”，必须失去“一次他者信标翻译权，并承认次级文明重构不能再被旧层级命名”；若拒绝，“拓扑·入维·跨域网络重构085的核心危机吞掉本章缓冲，arc-045无法完成门槛封口”会提前发生。,detailed-v4
chapter-1110,1110,arc-045,10,代价,换取一次继续观测的资格，让跨域网络重构的局部截面交出第10个可复查证据,一条拓扑环内外区分，并承认跨域网络重构不能再被旧层级命名,拓扑·入维·盖亚信标重构086的核心危机吞掉本章缓冲，arc-045无法完成门槛封口,为得到“换取一次继续观测的资格，让跨域网络重构的局部截面交出第10个可复查证据”，必须失去“一条拓扑环内外区分，并承认跨域网络重构不能再被旧层级命名”；若拒绝，“拓扑·入维·盖亚信标重构086的核心危机吞掉本章缓冲，arc-045无法完成门槛封口”会提前发生。,detailed-v4
chapter-1111,1111,arc-045,11,代价,换取一次继续观测的资格，让盖亚信标重构的局部截面交出第11个可复查证据,一段独立性边界，并承认盖亚信标重构不能再被旧层级命名,拓扑·入维·欧米茄邀请重构087的核心危机吞掉本章缓冲，arc-045无法完成门槛封口,为得到“换取一次继续观测的资格，让盖亚信标重构的局部截面交出第11个可复查证据”，必须失去“一段独立性边界，并承认盖亚信标重构不能再被旧层级命名”；若拒绝，“拓扑·入维·欧米茄邀请重构087的核心危机吞掉本章缓冲，arc-045无法完成门槛封口”会提前发生。,detailed-v4
chapter-1112,1112,arc-045,12,误判,暴露角色仍误信的判断方式，让欧米茄邀请重构的局部截面交出第12个可复查证据,一个分身胚胎命名权，并承认欧米茄邀请重构不能再被旧层级命名,拓扑·入维·融合奇点重构088的核心危机吞掉本章缓冲，arc-045无法完成门槛封口,为得到“暴露角色仍误信的判断方式，让欧米茄邀请重构的局部截面交出第12个可复查证据”，必须失去“一个分身胚胎命名权，并承认欧米茄邀请重构不能再被旧层级命名”；若拒绝，“拓扑·入维·融合奇点重构088的核心危机吞掉本章缓冲，arc-045无法完成门槛封口”会提前发生。,detailed-v4
chapter-1113,1113,arc-045,13,误判,暴露角色仍误信的判断方式，让融合奇点重构的局部截面交出第13个可复查证据,一次他者信标翻译权，并承认融合奇点重构不能再被旧层级命名,拓扑·入维·高维边界重构089的核心危机吞掉本章缓冲，arc-045无法完成门槛封口,为得到“暴露角色仍误信的判断方式，让融合奇点重构的局部截面交出第13个可复查证据”，必须失去“一次他者信标翻译权，并承认融合奇点重构不能再被旧层级命名”；若拒绝，“拓扑·入维·高维边界重构089的核心危机吞掉本章缓冲，arc-045无法完成门槛封口”会提前发生。,detailed-v4
chapter-1114,1114,arc-045,14,误判,暴露角色仍误信的判断方式，让高维边界重构的局部截面交出第14个可复查证据,一条拓扑环内外区分，并承认高维边界重构不能再被旧层级命名,拓扑·入维·逻辑骨架重构090的核心危机吞掉本章缓冲，arc-045无法完成门槛封口,为得到“暴露角色仍误信的判断方式，让高维边界重构的局部截面交出第14个可复查证据”，必须失去“一条拓扑环内外区分，并承认高维边界重构不能再被旧层级命名”；若拒绝，“拓扑·入维·逻辑骨架重构090的核心危机吞掉本章缓冲，arc-045无法完成门槛封口”会提前发生。,detailed-v4
chapter-1115,1115,arc-045,15,误判,暴露角色仍误信的判断方式，让逻辑骨架重构的局部截面交出第15个可复查证据,一段独立性边界，并承认逻辑骨架重构不能再被旧层级命名,拓扑·入维·褶皱余震091的核心危机吞掉本章缓冲，arc-045无法完成门槛封口,为得到“暴露角色仍误信的判断方式，让逻辑骨架重构的局部截面交出第15个可复查证据”，必须失去“一段独立性边界，并承认逻辑骨架重构不能再被旧层级命名”；若拒绝，“拓扑·入维·褶皱余震091的核心危机吞掉本章缓冲，arc-045无法完成门槛封口”会提前发生。,detailed-v4
chapter-1116,1116,arc-045,16,失控,把异常限制在可写的物理边界内，让高维褶皱内壁交出第16个可复查证据,一个分身胚胎命名权，并承认褶皱不能再被旧层级命名,拓扑·入维·拓扑环余震092的核心危机吞掉本章缓冲，arc-045无法完成门槛封口,为得到“把异常限制在可写的物理边界内，让高维褶皱内壁交出第16个可复查证据”，必须失去“一个分身胚胎命名权，并承认褶皱不能再被旧层级命名”；若拒绝，“拓扑·入维·拓扑环余震092的核心危机吞掉本章缓冲，arc-045无法完成门槛封口”会提前发生。,detailed-v4
chapter-1117,1117,arc-045,17,失控,把异常限制在可写的物理边界内，让拓扑环接驳面交出第17个可复查证据,一次他者信标翻译权，并承认拓扑环不能再被旧层级命名,拓扑·入维·分身余震093的核心危机吞掉本章缓冲，arc-045无法完成门槛封口,为得到“把异常限制在可写的物理边界内，让拓扑环接驳面交出第17个可复查证据”，必须失去“一次他者信标翻译权，并承认拓扑环不能再被旧层级命名”；若拒绝，“拓扑·入维·分身余震093的核心危机吞掉本章缓冲，arc-045无法完成门槛封口”会提前发生。,detailed-v4
chapter-1118,1118,arc-045,18,失控,把异常限制在可写的物理边界内，让分身胚胎群交出第18个可复查证据,一条拓扑环内外区分，并承认分身不能再被旧层级命名,拓扑·入维·次级文明余震094的核心危机吞掉本章缓冲，arc-045无法完成门槛封口,为得到“把异常限制在可写的物理边界内，让分身胚胎群交出第18个可复查证据”，必须失去“一条拓扑环内外区分，并承认分身不能再被旧层级命名”；若拒绝，“拓扑·入维·次级文明余震094的核心危机吞掉本章缓冲，arc-045无法完成门槛封口”会提前发生。,detailed-v4
chapter-1119,1119,arc-045,19,失控,把异常限制在可写的物理边界内，让次级文明第一座观测塔交出第19个可复查证据,一段独立性边界，并承认次级文明不能再被旧层级命名,拓扑·入维·跨域网络余震095的核心危机吞掉本章缓冲，arc-045无法完成门槛封口,为得到“把异常限制在可写的物理边界内，让次级文明第一座观测塔交出第19个可复查证据”，必须失去“一段独立性边界，并承认次级文明不能再被旧层级命名”；若拒绝，“拓扑·入维·跨域网络余震095的核心危机吞掉本章缓冲，arc-045无法完成门槛封口”会提前发生。,detailed-v4
chapter-1120,1120,arc-045,20,回响,让眷恋线以硬证物返回，让跨域网络孵化层交出第20个可复查证据,一个分身胚胎命名权，并承认跨域网络不能再被旧层级命名,拓扑·造物与互联·盖亚信标余震096的核心危机吞掉本章缓冲，arc-045无法完成门槛封口,为得到“让眷恋线以硬证物返回，让跨域网络孵化层交出第20个可复查证据”，必须失去“一个分身胚胎命名权，并承认跨域网络不能再被旧层级命名”；若拒绝，“拓扑·造物与互联·盖亚信标余震096的核心危机吞掉本章缓冲，arc-045无法完成门槛封口”会提前发生。,detailed-v4
chapter-1121,1121,arc-045,21,回响,让眷恋线以硬证物返回，让盖亚信标外缘交出第21个可复查证据,一次他者信标翻译权，并承认盖亚信标不能再被旧层级命名,拓扑·造物与互联·欧米茄邀请余震097的核心危机吞掉本章缓冲，arc-045无法完成门槛封口,为得到“让眷恋线以硬证物返回，让盖亚信标外缘交出第21个可复查证据”，必须失去“一次他者信标翻译权，并承认盖亚信标不能再被旧层级命名”；若拒绝，“拓扑·造物与互联·欧米茄邀请余震097的核心危机吞掉本章缓冲，arc-045无法完成门槛封口”会提前发生。,detailed-v4
chapter-1122,1122,arc-045,22,回响,让眷恋线以硬证物返回，让欧米茄邀请通道交出第22个可复查证据,一条拓扑环内外区分，并承认欧米茄邀请不能再被旧层级命名,拓扑·造物与互联·融合奇点余震098的核心危机吞掉本章缓冲，arc-045无法完成门槛封口,为得到“让眷恋线以硬证物返回，让欧米茄邀请通道交出第22个可复查证据”，必须失去“一条拓扑环内外区分，并承认欧米茄邀请不能再被旧层级命名”；若拒绝，“拓扑·造物与互联·融合奇点余震098的核心危机吞掉本章缓冲，arc-045无法完成门槛封口”会提前发生。,detailed-v4
chapter-1123,1123,arc-045,23,门槛,把本组问题交给下一章群而不总结掉，让融合奇点的局部截面交出第23个可复查证据,一段独立性边界，并承认融合奇点不能再被旧层级命名,拓扑·造物与互联·高维边界余震099的核心危机吞掉本章缓冲，arc-045无法完成门槛封口,为得到“把本组问题交给下一章群而不总结掉，让融合奇点的局部截面交出第23个可复查证据”，必须失去“一段独立性边界，并承认融合奇点不能再被旧层级命名”；若拒绝，“拓扑·造物与互联·高维边界余震099的核心危机吞掉本章缓冲，arc-045无法完成门槛封口”会提前发生。,detailed-v4
chapter-1124,1124,arc-045,24,门槛,把本组问题交给下一章群而不总结掉，让高维边界的局部截面交出第24个可复查证据,一个分身胚胎命名权，并承认高维边界不能再被旧层级命名,拓扑·造物与互联·逻辑骨架余震100的核心危机吞掉本章缓冲，arc-045无法完成门槛封口,为得到“把本组问题交给下一章群而不总结掉，让高维边界的局部截面交出第24个可复查证据”，必须失去“一个分身胚胎命名权，并承认高维边界不能再被旧层级命名”；若拒绝，“拓扑·造物与互联·逻辑骨架余震100的核心危机吞掉本章缓冲，arc-045无法完成门槛封口”会提前发生。,detailed-v4
chapter-1125,1125,arc-045,25,门槛,把本组问题交给下一章群而不总结掉，让逻辑骨架的局部截面交出第25个可复查证据,一次他者信标翻译权，并承认逻辑骨架不能再被旧层级命名,拓扑·造物与互联·褶皱初醒101的核心危机吞掉本章缓冲，arc-045无法完成门槛封口,为得到“把本组问题交给下一章群而不总结掉，让逻辑骨架的局部截面交出第25个可复查证据”，必须失去“一次他者信标翻译权，并承认逻辑骨架不能再被旧层级命名”；若拒绝，“拓扑·造物与互联·褶皱初醒101的核心危机吞掉本章缓冲，arc-045无法完成门槛封口”会提前发生。,detailed-v4
chapter-1126,1126,arc-046,1,起因,确认异常不是孤立事故，让高维褶皱内壁交出第01个可复查证据,一段独立性边界，并承认褶皱不能再被旧层级命名,拓扑·造物与互联·拓扑环初醒102的核心危机吞掉本章缓冲，arc-046无法完成门槛封口,为得到“确认异常不是孤立事故，让高维褶皱内壁交出第01个可复查证据”，必须失去“一段独立性边界，并承认褶皱不能再被旧层级命名”；若拒绝，“拓扑·造物与互联·拓扑环初醒102的核心危机吞掉本章缓冲，arc-046无法完成门槛封口”会提前发生。,detailed-v4
chapter-1127,1127,arc-046,2,起因,确认异常不是孤立事故，让拓扑环接驳面交出第02个可复查证据,一个分身胚胎命名权，并承认拓扑环不能再被旧层级命名,拓扑·造物与互联·分身初醒103的核心危机吞掉本章缓冲，arc-046无法完成门槛封口,为得到“确认异常不是孤立事故，让拓扑环接驳面交出第02个可复查证据”，必须失去“一个分身胚胎命名权，并承认拓扑环不能再被旧层级命名”；若拒绝，“拓扑·造物与互联·分身初醒103的核心危机吞掉本章缓冲，arc-046无法完成门槛封口”会提前发生。,detailed-v4
chapter-1128,1128,arc-046,3,起因,确认异常不是孤立事故，让分身胚胎群交出第03个可复查证据,一次他者信标翻译权，并承认分身不能再被旧层级命名,拓扑·造物与互联·次级文明初醒104的核心危机吞掉本章缓冲，arc-046无法完成门槛封口,为得到“确认异常不是孤立事故，让分身胚胎群交出第03个可复查证据”，必须失去“一次他者信标翻译权，并承认分身不能再被旧层级命名”；若拒绝，“拓扑·造物与互联·次级文明初醒104的核心危机吞掉本章缓冲，arc-046无法完成门槛封口”会提前发生。,detailed-v4
chapter-1129,1129,arc-046,4,起因,确认异常不是孤立事故，让次级文明第一座观测塔交出第04个可复查证据,一条拓扑环内外区分，并承认次级文明不能再被旧层级命名,拓扑·造物与互联·跨域网络初醒105的核心危机吞掉本章缓冲，arc-046无法完成门槛封口,为得到“确认异常不是孤立事故，让次级文明第一座观测塔交出第04个可复查证据”，必须失去“一条拓扑环内外区分，并承认次级文明不能再被旧层级命名”；若拒绝，“拓扑·造物与互联·跨域网络初醒105的核心危机吞掉本章缓冲，arc-046无法完成门槛封口”会提前发生。,detailed-v4
chapter-1130,1130,arc-046,5,反证,推翻旧模型仍可解释一切的假设，让跨域网络孵化层交出第05个可复查证据,一段独立性边界，并承认跨域网络不能再被旧层级命名,拓扑·造物与互联·盖亚信标初醒106的核心危机吞掉本章缓冲，arc-046无法完成门槛封口,为得到“推翻旧模型仍可解释一切的假设，让跨域网络孵化层交出第05个可复查证据”，必须失去“一段独立性边界，并承认跨域网络不能再被旧层级命名”；若拒绝，“拓扑·造物与互联·盖亚信标初醒106的核心危机吞掉本章缓冲，arc-046无法完成门槛封口”会提前发生。,detailed-v4
chapter-1131,1131,arc-046,6,反证,推翻旧模型仍可解释一切的假设，让盖亚信标外缘交出第06个可复查证据,一个分身胚胎命名权，并承认盖亚信标不能再被旧层级命名,拓扑·造物与互联·欧米茄邀请初醒107的核心危机吞掉本章缓冲，arc-046无法完成门槛封口,为得到“推翻旧模型仍可解释一切的假设，让盖亚信标外缘交出第06个可复查证据”，必须失去“一个分身胚胎命名权，并承认盖亚信标不能再被旧层级命名”；若拒绝，“拓扑·造物与互联·欧米茄邀请初醒107的核心危机吞掉本章缓冲，arc-046无法完成门槛封口”会提前发生。,detailed-v4
chapter-1132,1132,arc-046,7,反证,推翻旧模型仍可解释一切的假设，让欧米茄邀请通道交出第07个可复查证据,一次他者信标翻译权，并承认欧米茄邀请不能再被旧层级命名,拓扑·造物与互联·融合奇点初醒108的核心危机吞掉本章缓冲，arc-046无法完成门槛封口,为得到“推翻旧模型仍可解释一切的假设，让欧米茄邀请通道交出第07个可复查证据”，必须失去“一次他者信标翻译权，并承认欧米茄邀请不能再被旧层级命名”；若拒绝，“拓扑·造物与互联·融合奇点初醒108的核心危机吞掉本章缓冲，arc-046无法完成门槛封口”会提前发生。,detailed-v4
chapter-1133,1133,arc-046,8,反证,推翻旧模型仍可解释一切的假设，让融合奇点的局部截面交出第08个可复查证据,一条拓扑环内外区分，并承认融合奇点不能再被旧层级命名,拓扑·造物与互联·高维边界初醒109的核心危机吞掉本章缓冲，arc-046无法完成门槛封口,为得到“推翻旧模型仍可解释一切的假设，让融合奇点的局部截面交出第08个可复查证据”，必须失去“一条拓扑环内外区分，并承认融合奇点不能再被旧层级命名”；若拒绝，“拓扑·造物与互联·高维边界初醒109的核心危机吞掉本章缓冲，arc-046无法完成门槛封口”会提前发生。,detailed-v4
chapter-1134,1134,arc-046,9,代价,换取一次继续观测的资格，让高维边界的局部截面交出第09个可复查证据,一段独立性边界，并承认高维边界不能再被旧层级命名,拓扑·造物与互联·逻辑骨架初醒110的核心危机吞掉本章缓冲，arc-046无法完成门槛封口,为得到“换取一次继续观测的资格，让高维边界的局部截面交出第09个可复查证据”，必须失去“一段独立性边界，并承认高维边界不能再被旧层级命名”；若拒绝，“拓扑·造物与互联·逻辑骨架初醒110的核心危机吞掉本章缓冲，arc-046无法完成门槛封口”会提前发生。,detailed-v4
chapter-1135,1135,arc-046,10,代价,换取一次继续观测的资格，让逻辑骨架的局部截面交出第10个可复查证据,一个分身胚胎命名权，并承认逻辑骨架不能再被旧层级命名,拓扑·造物与互联·褶皱裂响111的核心危机吞掉本章缓冲，arc-046无法完成门槛封口,为得到“换取一次继续观测的资格，让逻辑骨架的局部截面交出第10个可复查证据”，必须失去“一个分身胚胎命名权，并承认逻辑骨架不能再被旧层级命名”；若拒绝，“拓扑·造物与互联·褶皱裂响111的核心危机吞掉本章缓冲，arc-046无法完成门槛封口”会提前发生。,detailed-v4
chapter-1136,1136,arc-046,11,代价,换取一次继续观测的资格，让高维褶皱内壁交出第11个可复查证据,一次他者信标翻译权，并承认褶皱不能再被旧层级命名,拓扑·造物与互联·拓扑环裂响112的核心危机吞掉本章缓冲，arc-046无法完成门槛封口,为得到“换取一次继续观测的资格，让高维褶皱内壁交出第11个可复查证据”，必须失去“一次他者信标翻译权，并承认褶皱不能再被旧层级命名”；若拒绝，“拓扑·造物与互联·拓扑环裂响112的核心危机吞掉本章缓冲，arc-046无法完成门槛封口”会提前发生。,detailed-v4
chapter-1137,1137,arc-046,12,误判,暴露角色仍误信的判断方式，让拓扑环接驳面交出第12个可复查证据,一条拓扑环内外区分，并承认拓扑环不能再被旧层级命名,拓扑·造物与互联·分身裂响113的核心危机吞掉本章缓冲，arc-046无法完成门槛封口,为得到“暴露角色仍误信的判断方式，让拓扑环接驳面交出第12个可复查证据”，必须失去“一条拓扑环内外区分，并承认拓扑环不能再被旧层级命名”；若拒绝，“拓扑·造物与互联·分身裂响113的核心危机吞掉本章缓冲，arc-046无法完成门槛封口”会提前发生。,detailed-v4
chapter-1138,1138,arc-046,13,误判,暴露角色仍误信的判断方式，让分身胚胎群交出第13个可复查证据,一段独立性边界，并承认分身不能再被旧层级命名,拓扑·造物与互联·次级文明裂响114的核心危机吞掉本章缓冲，arc-046无法完成门槛封口,为得到“暴露角色仍误信的判断方式，让分身胚胎群交出第13个可复查证据”，必须失去“一段独立性边界，并承认分身不能再被旧层级命名”；若拒绝，“拓扑·造物与互联·次级文明裂响114的核心危机吞掉本章缓冲，arc-046无法完成门槛封口”会提前发生。,detailed-v4
chapter-1139,1139,arc-046,14,误判,暴露角色仍误信的判断方式，让次级文明第一座观测塔交出第14个可复查证据,一个分身胚胎命名权，并承认次级文明不能再被旧层级命名,拓扑·造物与互联·跨域网络裂响115的核心危机吞掉本章缓冲，arc-046无法完成门槛封口,为得到“暴露角色仍误信的判断方式，让次级文明第一座观测塔交出第14个可复查证据”，必须失去“一个分身胚胎命名权，并承认次级文明不能再被旧层级命名”；若拒绝，“拓扑·造物与互联·跨域网络裂响115的核心危机吞掉本章缓冲，arc-046无法完成门槛封口”会提前发生。,detailed-v4
chapter-1140,1140,arc-046,15,误判,暴露角色仍误信的判断方式，让跨域网络孵化层交出第15个可复查证据,一次他者信标翻译权，并承认跨域网络不能再被旧层级命名,拓扑·造物与互联·盖亚信标裂响116的核心危机吞掉本章缓冲，arc-046无法完成门槛封口,为得到“暴露角色仍误信的判断方式，让跨域网络孵化层交出第15个可复查证据”，必须失去“一次他者信标翻译权，并承认跨域网络不能再被旧层级命名”；若拒绝，“拓扑·造物与互联·盖亚信标裂响116的核心危机吞掉本章缓冲，arc-046无法完成门槛封口”会提前发生。,detailed-v4
chapter-1141,1141,arc-046,16,失控,把异常限制在可写的物理边界内，让盖亚信标外缘交出第16个可复查证据,一条拓扑环内外区分，并承认盖亚信标不能再被旧层级命名,拓扑·造物与互联·欧米茄邀请裂响117的核心危机吞掉本章缓冲，arc-046无法完成门槛封口,为得到“把异常限制在可写的物理边界内，让盖亚信标外缘交出第16个可复查证据”，必须失去“一条拓扑环内外区分，并承认盖亚信标不能再被旧层级命名”；若拒绝，“拓扑·造物与互联·欧米茄邀请裂响117的核心危机吞掉本章缓冲，arc-046无法完成门槛封口”会提前发生。,detailed-v4
chapter-1142,1142,arc-046,17,失控,把异常限制在可写的物理边界内，让欧米茄邀请通道交出第17个可复查证据,一段独立性边界，并承认欧米茄邀请不能再被旧层级命名,拓扑·造物与互联·融合奇点裂响118的核心危机吞掉本章缓冲，arc-046无法完成门槛封口,为得到“把异常限制在可写的物理边界内，让欧米茄邀请通道交出第17个可复查证据”，必须失去“一段独立性边界，并承认欧米茄邀请不能再被旧层级命名”；若拒绝，“拓扑·造物与互联·融合奇点裂响118的核心危机吞掉本章缓冲，arc-046无法完成门槛封口”会提前发生。,detailed-v4
chapter-1143,1143,arc-046,18,失控,把异常限制在可写的物理边界内，让融合奇点的局部截面交出第18个可复查证据,一个分身胚胎命名权，并承认融合奇点不能再被旧层级命名,拓扑·造物与互联·高维边界裂响119的核心危机吞掉本章缓冲，arc-046无法完成门槛封口,为得到“把异常限制在可写的物理边界内，让融合奇点的局部截面交出第18个可复查证据”，必须失去“一个分身胚胎命名权，并承认融合奇点不能再被旧层级命名”；若拒绝，“拓扑·造物与互联·高维边界裂响119的核心危机吞掉本章缓冲，arc-046无法完成门槛封口”会提前发生。,detailed-v4
chapter-1144,1144,arc-046,19,失控,把异常限制在可写的物理边界内，让高维边界的局部截面交出第19个可复查证据,一次他者信标翻译权，并承认高维边界不能再被旧层级命名,拓扑·造物与互联·逻辑骨架裂响120的核心危机吞掉本章缓冲，arc-046无法完成门槛封口,为得到“把异常限制在可写的物理边界内，让高维边界的局部截面交出第19个可复查证据”，必须失去“一次他者信标翻译权，并承认高维边界不能再被旧层级命名”；若拒绝，“拓扑·造物与互联·逻辑骨架裂响120的核心危机吞掉本章缓冲，arc-046无法完成门槛封口”会提前发生。,detailed-v4
chapter-1145,1145,arc-046,20,回响,让眷恋线以硬证物返回，让逻辑骨架的局部截面交出第20个可复查证据,一条拓扑环内外区分，并承认逻辑骨架不能再被旧层级命名,拓扑·造物与互联·褶皱低语121的核心危机吞掉本章缓冲，arc-046无法完成门槛封口,为得到“让眷恋线以硬证物返回，让逻辑骨架的局部截面交出第20个可复查证据”，必须失去“一条拓扑环内外区分，并承认逻辑骨架不能再被旧层级命名”；若拒绝，“拓扑·造物与互联·褶皱低语121的核心危机吞掉本章缓冲，arc-046无法完成门槛封口”会提前发生。,detailed-v4
chapter-1146,1146,arc-046,21,回响,让眷恋线以硬证物返回，让高维褶皱内壁交出第21个可复查证据,一段独立性边界，并承认褶皱不能再被旧层级命名,拓扑·造物与互联·拓扑环低语122的核心危机吞掉本章缓冲，arc-046无法完成门槛封口,为得到“让眷恋线以硬证物返回，让高维褶皱内壁交出第21个可复查证据”，必须失去“一段独立性边界，并承认褶皱不能再被旧层级命名”；若拒绝，“拓扑·造物与互联·拓扑环低语122的核心危机吞掉本章缓冲，arc-046无法完成门槛封口”会提前发生。,detailed-v4
chapter-1147,1147,arc-046,22,回响,让眷恋线以硬证物返回，让拓扑环接驳面交出第22个可复查证据,一个分身胚胎命名权，并承认拓扑环不能再被旧层级命名,拓扑·造物与互联·分身低语123的核心危机吞掉本章缓冲，arc-046无法完成门槛封口,为得到“让眷恋线以硬证物返回，让拓扑环接驳面交出第22个可复查证据”，必须失去“一个分身胚胎命名权，并承认拓扑环不能再被旧层级命名”；若拒绝，“拓扑·造物与互联·分身低语123的核心危机吞掉本章缓冲，arc-046无法完成门槛封口”会提前发生。,detailed-v4
chapter-1148,1148,arc-046,23,门槛,把本组问题交给下一章群而不总结掉，让分身胚胎群交出第23个可复查证据,一次他者信标翻译权，并承认分身不能再被旧层级命名,拓扑·造物与互联·次级文明低语124的核心危机吞掉本章缓冲，arc-046无法完成门槛封口,为得到“把本组问题交给下一章群而不总结掉，让分身胚胎群交出第23个可复查证据”，必须失去“一次他者信标翻译权，并承认分身不能再被旧层级命名”；若拒绝，“拓扑·造物与互联·次级文明低语124的核心危机吞掉本章缓冲，arc-046无法完成门槛封口”会提前发生。,detailed-v4
chapter-1149,1149,arc-046,24,门槛,把本组问题交给下一章群而不总结掉，让次级文明第一座观测塔交出第24个可复查证据,一条拓扑环内外区分，并承认次级文明不能再被旧层级命名,拓扑·造物与互联·跨域网络低语125的核心危机吞掉本章缓冲，arc-046无法完成门槛封口,为得到“把本组问题交给下一章群而不总结掉，让次级文明第一座观测塔交出第24个可复查证据”，必须失去“一条拓扑环内外区分，并承认次级文明不能再被旧层级命名”；若拒绝，“拓扑·造物与互联·跨域网络低语125的核心危机吞掉本章缓冲，arc-046无法完成门槛封口”会提前发生。,detailed-v4
chapter-1150,1150,arc-046,25,门槛,把本组问题交给下一章群而不总结掉，让跨域网络孵化层交出第25个可复查证据,一段独立性边界，并承认跨域网络不能再被旧层级命名,拓扑·造物与互联·盖亚信标低语126的核心危机吞掉本章缓冲，arc-046无法完成门槛封口,为得到“把本组问题交给下一章群而不总结掉，让跨域网络孵化层交出第25个可复查证据”，必须失去“一段独立性边界，并承认跨域网络不能再被旧层级命名”；若拒绝，“拓扑·造物与互联·盖亚信标低语126的核心危机吞掉本章缓冲，arc-046无法完成门槛封口”会提前发生。,detailed-v4
chapter-1151,1151,arc-047,1,起因,确认异常不是孤立事故，让盖亚信标外缘交出第01个可复查证据,一次他者信标翻译权，并承认盖亚信标不能再被旧层级命名,拓扑·造物与互联·欧米茄邀请低语127的核心危机吞掉本章缓冲，arc-047无法完成门槛封口,为得到“确认异常不是孤立事故，让盖亚信标外缘交出第01个可复查证据”，必须失去“一次他者信标翻译权，并承认盖亚信标不能再被旧层级命名”；若拒绝，“拓扑·造物与互联·欧米茄邀请低语127的核心危机吞掉本章缓冲，arc-047无法完成门槛封口”会提前发生。,detailed-v4
chapter-1152,1152,arc-047,2,起因,确认异常不是孤立事故，让欧米茄邀请通道交出第02个可复查证据,一条拓扑环内外区分，并承认欧米茄邀请不能再被旧层级命名,拓扑·造物与互联·融合奇点低语128的核心危机吞掉本章缓冲，arc-047无法完成门槛封口,为得到“确认异常不是孤立事故，让欧米茄邀请通道交出第02个可复查证据”，必须失去“一条拓扑环内外区分，并承认欧米茄邀请不能再被旧层级命名”；若拒绝，“拓扑·造物与互联·融合奇点低语128的核心危机吞掉本章缓冲，arc-047无法完成门槛封口”会提前发生。,detailed-v4
chapter-1153,1153,arc-047,3,起因,确认异常不是孤立事故，让融合奇点的局部截面交出第03个可复查证据,一段独立性边界，并承认融合奇点不能再被旧层级命名,拓扑·造物与互联·高维边界低语129的核心危机吞掉本章缓冲，arc-047无法完成门槛封口,为得到“确认异常不是孤立事故，让融合奇点的局部截面交出第03个可复查证据”，必须失去“一段独立性边界，并承认融合奇点不能再被旧层级命名”；若拒绝，“拓扑·造物与互联·高维边界低语129的核心危机吞掉本章缓冲，arc-047无法完成门槛封口”会提前发生。,detailed-v4
chapter-1154,1154,arc-047,4,起因,确认异常不是孤立事故，让高维边界的局部截面交出第04个可复查证据,一个分身胚胎命名权，并承认高维边界不能再被旧层级命名,拓扑·造物与互联·逻辑骨架低语130的核心危机吞掉本章缓冲，arc-047无法完成门槛封口,为得到“确认异常不是孤立事故，让高维边界的局部截面交出第04个可复查证据”，必须失去“一个分身胚胎命名权，并承认高维边界不能再被旧层级命名”；若拒绝，“拓扑·造物与互联·逻辑骨架低语130的核心危机吞掉本章缓冲，arc-047无法完成门槛封口”会提前发生。,detailed-v4
chapter-1155,1155,arc-047,5,反证,推翻旧模型仍可解释一切的假设，让逻辑骨架的局部截面交出第05个可复查证据,一次他者信标翻译权，并承认逻辑骨架不能再被旧层级命名,拓扑·造物与互联·褶皱回潮131的核心危机吞掉本章缓冲，arc-047无法完成门槛封口,为得到“推翻旧模型仍可解释一切的假设，让逻辑骨架的局部截面交出第05个可复查证据”，必须失去“一次他者信标翻译权，并承认逻辑骨架不能再被旧层级命名”；若拒绝，“拓扑·造物与互联·褶皱回潮131的核心危机吞掉本章缓冲，arc-047无法完成门槛封口”会提前发生。,detailed-v4
chapter-1156,1156,arc-047,6,反证,推翻旧模型仍可解释一切的假设，让高维褶皱内壁交出第06个可复查证据,一条拓扑环内外区分，并承认褶皱不能再被旧层级命名,拓扑·造物与互联·拓扑环回潮132的核心危机吞掉本章缓冲，arc-047无法完成门槛封口,为得到“推翻旧模型仍可解释一切的假设，让高维褶皱内壁交出第06个可复查证据”，必须失去“一条拓扑环内外区分，并承认褶皱不能再被旧层级命名”；若拒绝，“拓扑·造物与互联·拓扑环回潮132的核心危机吞掉本章缓冲，arc-047无法完成门槛封口”会提前发生。,detailed-v4
chapter-1157,1157,arc-047,7,反证,推翻旧模型仍可解释一切的假设，让拓扑环接驳面交出第07个可复查证据,一段独立性边界，并承认拓扑环不能再被旧层级命名,拓扑·造物与互联·分身回潮133的核心危机吞掉本章缓冲，arc-047无法完成门槛封口,为得到“推翻旧模型仍可解释一切的假设，让拓扑环接驳面交出第07个可复查证据”，必须失去“一段独立性边界，并承认拓扑环不能再被旧层级命名”；若拒绝，“拓扑·造物与互联·分身回潮133的核心危机吞掉本章缓冲，arc-047无法完成门槛封口”会提前发生。,detailed-v4
chapter-1158,1158,arc-047,8,反证,推翻旧模型仍可解释一切的假设，让分身胚胎群交出第08个可复查证据,一个分身胚胎命名权，并承认分身不能再被旧层级命名,拓扑·造物与互联·次级文明回潮134的核心危机吞掉本章缓冲，arc-047无法完成门槛封口,为得到“推翻旧模型仍可解释一切的假设，让分身胚胎群交出第08个可复查证据”，必须失去“一个分身胚胎命名权，并承认分身不能再被旧层级命名”；若拒绝，“拓扑·造物与互联·次级文明回潮134的核心危机吞掉本章缓冲，arc-047无法完成门槛封口”会提前发生。,detailed-v4
chapter-1159,1159,arc-047,9,代价,换取一次继续观测的资格，让次级文明第一座观测塔交出第09个可复查证据,一次他者信标翻译权，并承认次级文明不能再被旧层级命名,拓扑·造物与互联·跨域网络回潮135的核心危机吞掉本章缓冲，arc-047无法完成门槛封口,为得到“换取一次继续观测的资格，让次级文明第一座观测塔交出第09个可复查证据”，必须失去“一次他者信标翻译权，并承认次级文明不能再被旧层级命名”；若拒绝，“拓扑·造物与互联·跨域网络回潮135的核心危机吞掉本章缓冲，arc-047无法完成门槛封口”会提前发生。,detailed-v4
chapter-1160,1160,arc-047,10,代价,换取一次继续观测的资格，让跨域网络孵化层交出第10个可复查证据,一条拓扑环内外区分，并承认跨域网络不能再被旧层级命名,拓扑·造物与互联·盖亚信标回潮136的核心危机吞掉本章缓冲，arc-047无法完成门槛封口,为得到“换取一次继续观测的资格，让跨域网络孵化层交出第10个可复查证据”，必须失去“一条拓扑环内外区分，并承认跨域网络不能再被旧层级命名”；若拒绝，“拓扑·造物与互联·盖亚信标回潮136的核心危机吞掉本章缓冲，arc-047无法完成门槛封口”会提前发生。,detailed-v4
chapter-1161,1161,arc-047,11,代价,换取一次继续观测的资格，让盖亚信标外缘交出第11个可复查证据,一段独立性边界，并承认盖亚信标不能再被旧层级命名,拓扑·造物与互联·欧米茄邀请回潮137的核心危机吞掉本章缓冲，arc-047无法完成门槛封口,为得到“换取一次继续观测的资格，让盖亚信标外缘交出第11个可复查证据”，必须失去“一段独立性边界，并承认盖亚信标不能再被旧层级命名”；若拒绝，“拓扑·造物与互联·欧米茄邀请回潮137的核心危机吞掉本章缓冲，arc-047无法完成门槛封口”会提前发生。,detailed-v4
chapter-1162,1162,arc-047,12,误判,暴露角色仍误信的判断方式，让欧米茄邀请通道交出第12个可复查证据,一个分身胚胎命名权，并承认欧米茄邀请不能再被旧层级命名,拓扑·造物与互联·融合奇点回潮138的核心危机吞掉本章缓冲，arc-047无法完成门槛封口,为得到“暴露角色仍误信的判断方式，让欧米茄邀请通道交出第12个可复查证据”，必须失去“一个分身胚胎命名权，并承认欧米茄邀请不能再被旧层级命名”；若拒绝，“拓扑·造物与互联·融合奇点回潮138的核心危机吞掉本章缓冲，arc-047无法完成门槛封口”会提前发生。,detailed-v4
chapter-1163,1163,arc-047,13,误判,暴露角色仍误信的判断方式，让融合奇点的局部截面交出第13个可复查证据,一次他者信标翻译权，并承认融合奇点不能再被旧层级命名,拓扑·造物与互联·高维边界回潮139的核心危机吞掉本章缓冲，arc-047无法完成门槛封口,为得到“暴露角色仍误信的判断方式，让融合奇点的局部截面交出第13个可复查证据”，必须失去“一次他者信标翻译权，并承认融合奇点不能再被旧层级命名”；若拒绝，“拓扑·造物与互联·高维边界回潮139的核心危机吞掉本章缓冲，arc-047无法完成门槛封口”会提前发生。,detailed-v4
chapter-1164,1164,arc-047,14,误判,暴露角色仍误信的判断方式，让高维边界的局部截面交出第14个可复查证据,一条拓扑环内外区分，并承认高维边界不能再被旧层级命名,拓扑·造物与互联·逻辑骨架回潮140的核心危机吞掉本章缓冲，arc-047无法完成门槛封口,为得到“暴露角色仍误信的判断方式，让高维边界的局部截面交出第14个可复查证据”，必须失去“一条拓扑环内外区分，并承认高维边界不能再被旧层级命名”；若拒绝，“拓扑·造物与互联·逻辑骨架回潮140的核心危机吞掉本章缓冲，arc-047无法完成门槛封口”会提前发生。,detailed-v4
chapter-1165,1165,arc-047,15,误判,暴露角色仍误信的判断方式，让逻辑骨架的局部截面交出第15个可复查证据,一段独立性边界，并承认逻辑骨架不能再被旧层级命名,拓扑·造物与互联·褶皱折光141的核心危机吞掉本章缓冲，arc-047无法完成门槛封口,为得到“暴露角色仍误信的判断方式，让逻辑骨架的局部截面交出第15个可复查证据”，必须失去“一段独立性边界，并承认逻辑骨架不能再被旧层级命名”；若拒绝，“拓扑·造物与互联·褶皱折光141的核心危机吞掉本章缓冲，arc-047无法完成门槛封口”会提前发生。,detailed-v4
chapter-1166,1166,arc-047,16,失控,把异常限制在可写的物理边界内，让高维褶皱内壁交出第16个可复查证据,一个分身胚胎命名权，并承认褶皱不能再被旧层级命名,拓扑·造物与互联·拓扑环折光142的核心危机吞掉本章缓冲，arc-047无法完成门槛封口,为得到“把异常限制在可写的物理边界内，让高维褶皱内壁交出第16个可复查证据”，必须失去“一个分身胚胎命名权，并承认褶皱不能再被旧层级命名”；若拒绝，“拓扑·造物与互联·拓扑环折光142的核心危机吞掉本章缓冲，arc-047无法完成门槛封口”会提前发生。,detailed-v4
chapter-1167,1167,arc-047,17,失控,把异常限制在可写的物理边界内，让拓扑环接驳面交出第17个可复查证据,一次他者信标翻译权，并承认拓扑环不能再被旧层级命名,拓扑·造物与互联·分身折光143的核心危机吞掉本章缓冲，arc-047无法完成门槛封口,为得到“把异常限制在可写的物理边界内，让拓扑环接驳面交出第17个可复查证据”，必须失去“一次他者信标翻译权，并承认拓扑环不能再被旧层级命名”；若拒绝，“拓扑·造物与互联·分身折光143的核心危机吞掉本章缓冲，arc-047无法完成门槛封口”会提前发生。,detailed-v4
chapter-1168,1168,arc-047,18,失控,把异常限制在可写的物理边界内，让分身胚胎群交出第18个可复查证据,一条拓扑环内外区分，并承认分身不能再被旧层级命名,拓扑·造物与互联·次级文明折光144的核心危机吞掉本章缓冲，arc-047无法完成门槛封口,为得到“把异常限制在可写的物理边界内，让分身胚胎群交出第18个可复查证据”，必须失去“一条拓扑环内外区分，并承认分身不能再被旧层级命名”；若拒绝，“拓扑·造物与互联·次级文明折光144的核心危机吞掉本章缓冲，arc-047无法完成门槛封口”会提前发生。,detailed-v4
chapter-1169,1169,arc-047,19,失控,把异常限制在可写的物理边界内，让次级文明第一座观测塔交出第19个可复查证据,一段独立性边界，并承认次级文明不能再被旧层级命名,拓扑·造物与互联·跨域网络折光145的核心危机吞掉本章缓冲，arc-047无法完成门槛封口,为得到“把异常限制在可写的物理边界内，让次级文明第一座观测塔交出第19个可复查证据”，必须失去“一段独立性边界，并承认次级文明不能再被旧层级命名”；若拒绝，“拓扑·造物与互联·跨域网络折光145的核心危机吞掉本章缓冲，arc-047无法完成门槛封口”会提前发生。,detailed-v4
chapter-1170,1170,arc-047,20,回响,让眷恋线以硬证物返回，让跨域网络孵化层交出第20个可复查证据,一个分身胚胎命名权，并承认跨域网络不能再被旧层级命名,拓扑·造物与互联·盖亚信标折光146的核心危机吞掉本章缓冲，arc-047无法完成门槛封口,为得到“让眷恋线以硬证物返回，让跨域网络孵化层交出第20个可复查证据”，必须失去“一个分身胚胎命名权，并承认跨域网络不能再被旧层级命名”；若拒绝，“拓扑·造物与互联·盖亚信标折光146的核心危机吞掉本章缓冲，arc-047无法完成门槛封口”会提前发生。,detailed-v4
chapter-1171,1171,arc-047,21,回响,让眷恋线以硬证物返回，让盖亚信标外缘交出第21个可复查证据,一次他者信标翻译权，并承认盖亚信标不能再被旧层级命名,拓扑·造物与互联·欧米茄邀请折光147的核心危机吞掉本章缓冲，arc-047无法完成门槛封口,为得到“让眷恋线以硬证物返回，让盖亚信标外缘交出第21个可复查证据”，必须失去“一次他者信标翻译权，并承认盖亚信标不能再被旧层级命名”；若拒绝，“拓扑·造物与互联·欧米茄邀请折光147的核心危机吞掉本章缓冲，arc-047无法完成门槛封口”会提前发生。,detailed-v4
chapter-1172,1172,arc-047,22,回响,让眷恋线以硬证物返回，让欧米茄邀请通道交出第22个可复查证据,一条拓扑环内外区分，并承认欧米茄邀请不能再被旧层级命名,拓扑·造物与互联·融合奇点折光148的核心危机吞掉本章缓冲，arc-047无法完成门槛封口,为得到“让眷恋线以硬证物返回，让欧米茄邀请通道交出第22个可复查证据”，必须失去“一条拓扑环内外区分，并承认欧米茄邀请不能再被旧层级命名”；若拒绝，“拓扑·造物与互联·融合奇点折光148的核心危机吞掉本章缓冲，arc-047无法完成门槛封口”会提前发生。,detailed-v4
chapter-1173,1173,arc-047,23,门槛,把本组问题交给下一章群而不总结掉，让融合奇点的局部截面交出第23个可复查证据,一段独立性边界，并承认融合奇点不能再被旧层级命名,拓扑·造物与互联·高维边界折光149的核心危机吞掉本章缓冲，arc-047无法完成门槛封口,为得到“把本组问题交给下一章群而不总结掉，让融合奇点的局部截面交出第23个可复查证据”，必须失去“一段独立性边界，并承认融合奇点不能再被旧层级命名”；若拒绝，“拓扑·造物与互联·高维边界折光149的核心危机吞掉本章缓冲，arc-047无法完成门槛封口”会提前发生。,detailed-v4
chapter-1174,1174,arc-047,24,门槛,把本组问题交给下一章群而不总结掉，让高维边界的局部截面交出第24个可复查证据,一个分身胚胎命名权，并承认高维边界不能再被旧层级命名,拓扑·造物与互联·逻辑骨架折光150的核心危机吞掉本章缓冲，arc-047无法完成门槛封口,为得到“把本组问题交给下一章群而不总结掉，让高维边界的局部截面交出第24个可复查证据”，必须失去“一个分身胚胎命名权，并承认高维边界不能再被旧层级命名”；若拒绝，“拓扑·造物与互联·逻辑骨架折光150的核心危机吞掉本章缓冲，arc-047无法完成门槛封口”会提前发生。,detailed-v4
chapter-1175,1175,arc-047,25,门槛,把本组问题交给下一章群而不总结掉，让逻辑骨架的局部截面交出第25个可复查证据,一次他者信标翻译权，并承认逻辑骨架不能再被旧层级命名,拓扑·造物与互联·褶皱暗涌151的核心危机吞掉本章缓冲，arc-047无法完成门槛封口,为得到“把本组问题交给下一章群而不总结掉，让逻辑骨架的局部截面交出第25个可复查证据”，必须失去“一次他者信标翻译权，并承认逻辑骨架不能再被旧层级命名”；若拒绝，“拓扑·造物与互联·褶皱暗涌151的核心危机吞掉本章缓冲，arc-047无法完成门槛封口”会提前发生。,detailed-v4
chapter-1176,1176,arc-048,1,起因,确认异常不是孤立事故，让高维褶皱内壁交出第01个可复查证据,一段独立性边界，并承认褶皱不能再被旧层级命名,拓扑·造物与互联·拓扑环暗涌152的核心危机吞掉本章缓冲，arc-048无法完成门槛封口,为得到“确认异常不是孤立事故，让高维褶皱内壁交出第01个可复查证据”，必须失去“一段独立性边界，并承认褶皱不能再被旧层级命名”；若拒绝，“拓扑·造物与互联·拓扑环暗涌152的核心危机吞掉本章缓冲，arc-048无法完成门槛封口”会提前发生。,detailed-v4
chapter-1177,1177,arc-048,2,起因,确认异常不是孤立事故，让拓扑环接驳面交出第02个可复查证据,一个分身胚胎命名权，并承认拓扑环不能再被旧层级命名,拓扑·造物与互联·分身暗涌153的核心危机吞掉本章缓冲，arc-048无法完成门槛封口,为得到“确认异常不是孤立事故，让拓扑环接驳面交出第02个可复查证据”，必须失去“一个分身胚胎命名权，并承认拓扑环不能再被旧层级命名”；若拒绝，“拓扑·造物与互联·分身暗涌153的核心危机吞掉本章缓冲，arc-048无法完成门槛封口”会提前发生。,detailed-v4
chapter-1178,1178,arc-048,3,起因,确认异常不是孤立事故，让分身胚胎群交出第03个可复查证据,一次他者信标翻译权，并承认分身不能再被旧层级命名,拓扑·造物与互联·次级文明暗涌154的核心危机吞掉本章缓冲，arc-048无法完成门槛封口,为得到“确认异常不是孤立事故，让分身胚胎群交出第03个可复查证据”，必须失去“一次他者信标翻译权，并承认分身不能再被旧层级命名”；若拒绝，“拓扑·造物与互联·次级文明暗涌154的核心危机吞掉本章缓冲，arc-048无法完成门槛封口”会提前发生。,detailed-v4
chapter-1179,1179,arc-048,4,起因,确认异常不是孤立事故，让次级文明第一座观测塔交出第04个可复查证据,一条拓扑环内外区分，并承认次级文明不能再被旧层级命名,拓扑·造物与互联·跨域网络暗涌155的核心危机吞掉本章缓冲，arc-048无法完成门槛封口,为得到“确认异常不是孤立事故，让次级文明第一座观测塔交出第04个可复查证据”，必须失去“一条拓扑环内外区分，并承认次级文明不能再被旧层级命名”；若拒绝，“拓扑·造物与互联·跨域网络暗涌155的核心危机吞掉本章缓冲，arc-048无法完成门槛封口”会提前发生。,detailed-v4
chapter-1180,1180,arc-048,5,反证,推翻旧模型仍可解释一切的假设，让跨域网络孵化层交出第05个可复查证据,一段独立性边界，并承认跨域网络不能再被旧层级命名,拓扑·造物与互联·盖亚信标暗涌156的核心危机吞掉本章缓冲，arc-048无法完成门槛封口,为得到“推翻旧模型仍可解释一切的假设，让跨域网络孵化层交出第05个可复查证据”，必须失去“一段独立性边界，并承认跨域网络不能再被旧层级命名”；若拒绝，“拓扑·造物与互联·盖亚信标暗涌156的核心危机吞掉本章缓冲，arc-048无法完成门槛封口”会提前发生。,detailed-v4
chapter-1181,1181,arc-048,6,反证,推翻旧模型仍可解释一切的假设，让盖亚信标外缘交出第06个可复查证据,一个分身胚胎命名权，并承认盖亚信标不能再被旧层级命名,拓扑·造物与互联·欧米茄邀请暗涌157的核心危机吞掉本章缓冲，arc-048无法完成门槛封口,为得到“推翻旧模型仍可解释一切的假设，让盖亚信标外缘交出第06个可复查证据”，必须失去“一个分身胚胎命名权，并承认盖亚信标不能再被旧层级命名”；若拒绝，“拓扑·造物与互联·欧米茄邀请暗涌157的核心危机吞掉本章缓冲，arc-048无法完成门槛封口”会提前发生。,detailed-v4
chapter-1182,1182,arc-048,7,反证,推翻旧模型仍可解释一切的假设，让欧米茄邀请通道交出第07个可复查证据,一次他者信标翻译权，并承认欧米茄邀请不能再被旧层级命名,拓扑·造物与互联·融合奇点暗涌158的核心危机吞掉本章缓冲，arc-048无法完成门槛封口,为得到“推翻旧模型仍可解释一切的假设，让欧米茄邀请通道交出第07个可复查证据”，必须失去“一次他者信标翻译权，并承认欧米茄邀请不能再被旧层级命名”；若拒绝，“拓扑·造物与互联·融合奇点暗涌158的核心危机吞掉本章缓冲，arc-048无法完成门槛封口”会提前发生。,detailed-v4
chapter-1183,1183,arc-048,8,反证,推翻旧模型仍可解释一切的假设，让融合奇点的局部截面交出第08个可复查证据,一条拓扑环内外区分，并承认融合奇点不能再被旧层级命名,拓扑·造物与互联·高维边界暗涌159的核心危机吞掉本章缓冲，arc-048无法完成门槛封口,为得到“推翻旧模型仍可解释一切的假设，让融合奇点的局部截面交出第08个可复查证据”，必须失去“一条拓扑环内外区分，并承认融合奇点不能再被旧层级命名”；若拒绝，“拓扑·造物与互联·高维边界暗涌159的核心危机吞掉本章缓冲，arc-048无法完成门槛封口”会提前发生。,detailed-v4
chapter-1184,1184,arc-048,9,代价,换取一次继续观测的资格，让高维边界的局部截面交出第09个可复查证据,一段独立性边界，并承认高维边界不能再被旧层级命名,拓扑·造物与互联·逻辑骨架暗涌160的核心危机吞掉本章缓冲，arc-048无法完成门槛封口,为得到“换取一次继续观测的资格，让高维边界的局部截面交出第09个可复查证据”，必须失去“一段独立性边界，并承认高维边界不能再被旧层级命名”；若拒绝，“拓扑·造物与互联·逻辑骨架暗涌160的核心危机吞掉本章缓冲，arc-048无法完成门槛封口”会提前发生。,detailed-v4
chapter-1185,1185,arc-048,10,代价,换取一次继续观测的资格，让逻辑骨架的局部截面交出第10个可复查证据,一个分身胚胎命名权，并承认逻辑骨架不能再被旧层级命名,拓扑·造物与互联·褶皱证词161的核心危机吞掉本章缓冲，arc-048无法完成门槛封口,为得到“换取一次继续观测的资格，让逻辑骨架的局部截面交出第10个可复查证据”，必须失去“一个分身胚胎命名权，并承认逻辑骨架不能再被旧层级命名”；若拒绝，“拓扑·造物与互联·褶皱证词161的核心危机吞掉本章缓冲，arc-048无法完成门槛封口”会提前发生。,detailed-v4
chapter-1186,1186,arc-048,11,代价,换取一次继续观测的资格，让高维褶皱内壁交出第11个可复查证据,一次他者信标翻译权，并承认褶皱不能再被旧层级命名,拓扑·造物与互联·拓扑环证词162的核心危机吞掉本章缓冲，arc-048无法完成门槛封口,为得到“换取一次继续观测的资格，让高维褶皱内壁交出第11个可复查证据”，必须失去“一次他者信标翻译权，并承认褶皱不能再被旧层级命名”；若拒绝，“拓扑·造物与互联·拓扑环证词162的核心危机吞掉本章缓冲，arc-048无法完成门槛封口”会提前发生。,detailed-v4
chapter-1187,1187,arc-048,12,误判,暴露角色仍误信的判断方式，让拓扑环接驳面交出第12个可复查证据,一条拓扑环内外区分，并承认拓扑环不能再被旧层级命名,拓扑·造物与互联·分身证词163的核心危机吞掉本章缓冲，arc-048无法完成门槛封口,为得到“暴露角色仍误信的判断方式，让拓扑环接驳面交出第12个可复查证据”，必须失去“一条拓扑环内外区分，并承认拓扑环不能再被旧层级命名”；若拒绝，“拓扑·造物与互联·分身证词163的核心危机吞掉本章缓冲，arc-048无法完成门槛封口”会提前发生。,detailed-v4
chapter-1188,1188,arc-048,13,误判,暴露角色仍误信的判断方式，让分身胚胎群交出第13个可复查证据,一段独立性边界，并承认分身不能再被旧层级命名,拓扑·造物与互联·次级文明证词164的核心危机吞掉本章缓冲，arc-048无法完成门槛封口,为得到“暴露角色仍误信的判断方式，让分身胚胎群交出第13个可复查证据”，必须失去“一段独立性边界，并承认分身不能再被旧层级命名”；若拒绝，“拓扑·造物与互联·次级文明证词164的核心危机吞掉本章缓冲，arc-048无法完成门槛封口”会提前发生。,detailed-v4
chapter-1189,1189,arc-048,14,误判,暴露角色仍误信的判断方式，让次级文明第一座观测塔交出第14个可复查证据,一个分身胚胎命名权，并承认次级文明不能再被旧层级命名,拓扑·造物与互联·跨域网络证词165的核心危机吞掉本章缓冲，arc-048无法完成门槛封口,为得到“暴露角色仍误信的判断方式，让次级文明第一座观测塔交出第14个可复查证据”，必须失去“一个分身胚胎命名权，并承认次级文明不能再被旧层级命名”；若拒绝，“拓扑·造物与互联·跨域网络证词165的核心危机吞掉本章缓冲，arc-048无法完成门槛封口”会提前发生。,detailed-v4
chapter-1190,1190,arc-048,15,误判,暴露角色仍误信的判断方式，让跨域网络孵化层交出第15个可复查证据,一次他者信标翻译权，并承认跨域网络不能再被旧层级命名,拓扑·造物与互联·盖亚信标证词166的核心危机吞掉本章缓冲，arc-048无法完成门槛封口,为得到“暴露角色仍误信的判断方式，让跨域网络孵化层交出第15个可复查证据”，必须失去“一次他者信标翻译权，并承认跨域网络不能再被旧层级命名”；若拒绝，“拓扑·造物与互联·盖亚信标证词166的核心危机吞掉本章缓冲，arc-048无法完成门槛封口”会提前发生。,detailed-v4
chapter-1191,1191,arc-048,16,失控,把异常限制在可写的物理边界内，让盖亚信标外缘交出第16个可复查证据,一条拓扑环内外区分，并承认盖亚信标不能再被旧层级命名,拓扑·造物与互联·欧米茄邀请证词167的核心危机吞掉本章缓冲，arc-048无法完成门槛封口,为得到“把异常限制在可写的物理边界内，让盖亚信标外缘交出第16个可复查证据”，必须失去“一条拓扑环内外区分，并承认盖亚信标不能再被旧层级命名”；若拒绝，“拓扑·造物与互联·欧米茄邀请证词167的核心危机吞掉本章缓冲，arc-048无法完成门槛封口”会提前发生。,detailed-v4
chapter-1192,1192,arc-048,17,失控,把异常限制在可写的物理边界内，让欧米茄邀请通道交出第17个可复查证据,一段独立性边界，并承认欧米茄邀请不能再被旧层级命名,拓扑·造物与互联·融合奇点证词168的核心危机吞掉本章缓冲，arc-048无法完成门槛封口,为得到“把异常限制在可写的物理边界内，让欧米茄邀请通道交出第17个可复查证据”，必须失去“一段独立性边界，并承认欧米茄邀请不能再被旧层级命名”；若拒绝，“拓扑·造物与互联·融合奇点证词168的核心危机吞掉本章缓冲，arc-048无法完成门槛封口”会提前发生。,detailed-v4
chapter-1193,1193,arc-048,18,失控,把异常限制在可写的物理边界内，让融合奇点的局部截面交出第18个可复查证据,一个分身胚胎命名权，并承认融合奇点不能再被旧层级命名,拓扑·造物与互联·高维边界证词169的核心危机吞掉本章缓冲，arc-048无法完成门槛封口,为得到“把异常限制在可写的物理边界内，让融合奇点的局部截面交出第18个可复查证据”，必须失去“一个分身胚胎命名权，并承认融合奇点不能再被旧层级命名”；若拒绝，“拓扑·造物与互联·高维边界证词169的核心危机吞掉本章缓冲，arc-048无法完成门槛封口”会提前发生。,detailed-v4
chapter-1194,1194,arc-048,19,失控,把异常限制在可写的物理边界内，让高维边界的局部截面交出第19个可复查证据,一次他者信标翻译权，并承认高维边界不能再被旧层级命名,拓扑·造物与互联·逻辑骨架证词170的核心危机吞掉本章缓冲，arc-048无法完成门槛封口,为得到“把异常限制在可写的物理边界内，让高维边界的局部截面交出第19个可复查证据”，必须失去“一次他者信标翻译权，并承认高维边界不能再被旧层级命名”；若拒绝，“拓扑·造物与互联·逻辑骨架证词170的核心危机吞掉本章缓冲，arc-048无法完成门槛封口”会提前发生。,detailed-v4
chapter-1195,1195,arc-048,20,回响,让眷恋线以硬证物返回，让逻辑骨架的局部截面交出第20个可复查证据,一条拓扑环内外区分，并承认逻辑骨架不能再被旧层级命名,拓扑·造物与互联·褶皱坠落171的核心危机吞掉本章缓冲，arc-048无法完成门槛封口,为得到“让眷恋线以硬证物返回，让逻辑骨架的局部截面交出第20个可复查证据”，必须失去“一条拓扑环内外区分，并承认逻辑骨架不能再被旧层级命名”；若拒绝，“拓扑·造物与互联·褶皱坠落171的核心危机吞掉本章缓冲，arc-048无法完成门槛封口”会提前发生。,detailed-v4
chapter-1196,1196,arc-048,21,回响,让眷恋线以硬证物返回，让高维褶皱内壁交出第21个可复查证据,一段独立性边界，并承认褶皱不能再被旧层级命名,拓扑·造物与互联·拓扑环坠落172的核心危机吞掉本章缓冲，arc-048无法完成门槛封口,为得到“让眷恋线以硬证物返回，让高维褶皱内壁交出第21个可复查证据”，必须失去“一段独立性边界，并承认褶皱不能再被旧层级命名”；若拒绝，“拓扑·造物与互联·拓扑环坠落172的核心危机吞掉本章缓冲，arc-048无法完成门槛封口”会提前发生。,detailed-v4
chapter-1197,1197,arc-048,22,回响,让眷恋线以硬证物返回，让拓扑环接驳面交出第22个可复查证据,一个分身胚胎命名权，并承认拓扑环不能再被旧层级命名,拓扑·造物与互联·分身坠落173的核心危机吞掉本章缓冲，arc-048无法完成门槛封口,为得到“让眷恋线以硬证物返回，让拓扑环接驳面交出第22个可复查证据”，必须失去“一个分身胚胎命名权，并承认拓扑环不能再被旧层级命名”；若拒绝，“拓扑·造物与互联·分身坠落173的核心危机吞掉本章缓冲，arc-048无法完成门槛封口”会提前发生。,detailed-v4
chapter-1198,1198,arc-048,23,门槛,把本组问题交给下一章群而不总结掉，让分身胚胎群交出第23个可复查证据,一次他者信标翻译权，并承认分身不能再被旧层级命名,拓扑·造物与互联·次级文明坠落174的核心危机吞掉本章缓冲，arc-048无法完成门槛封口,为得到“把本组问题交给下一章群而不总结掉，让分身胚胎群交出第23个可复查证据”，必须失去“一次他者信标翻译权，并承认分身不能再被旧层级命名”；若拒绝，“拓扑·造物与互联·次级文明坠落174的核心危机吞掉本章缓冲，arc-048无法完成门槛封口”会提前发生。,detailed-v4
chapter-1199,1199,arc-048,24,门槛,把本组问题交给下一章群而不总结掉，让次级文明第一座观测塔交出第24个可复查证据,一条拓扑环内外区分，并承认次级文明不能再被旧层级命名,拓扑·造物与互联·跨域网络坠落175的核心危机吞掉本章缓冲，arc-048无法完成门槛封口,为得到“把本组问题交给下一章群而不总结掉，让次级文明第一座观测塔交出第24个可复查证据”，必须失去“一条拓扑环内外区分，并承认次级文明不能再被旧层级命名”；若拒绝，“拓扑·造物与互联·跨域网络坠落175的核心危机吞掉本章缓冲，arc-048无法完成门槛封口”会提前发生。,detailed-v4
chapter-1200,1200,arc-048,25,门槛,把本组问题交给下一章群而不总结掉，让跨域网络孵化层交出第25个可复查证据,一段独立性边界，并承认跨域网络不能再被旧层级命名,拓扑·造物与互联·盖亚信标坠落176的核心危机吞掉本章缓冲，arc-048无法完成门槛封口,为得到“把本组问题交给下一章群而不总结掉，让跨域网络孵化层交出第25个可复查证据”，必须失去“一段独立性边界，并承认跨域网络不能再被旧层级命名”；若拒绝，“拓扑·造物与互联·盖亚信标坠落176的核心危机吞掉本章缓冲，arc-048无法完成门槛封口”会提前发生。,detailed-v4
chapter-1201,1201,arc-049,1,起因,确认异常不是孤立事故，让盖亚信标外缘交出第01个可复查证据,一次他者信标翻译权，并承认盖亚信标不能再被旧层级命名,拓扑·造物与互联·欧米茄邀请坠落177的核心危机吞掉本章缓冲，arc-049无法完成门槛封口,为得到“确认异常不是孤立事故，让盖亚信标外缘交出第01个可复查证据”，必须失去“一次他者信标翻译权，并承认盖亚信标不能再被旧层级命名”；若拒绝，“拓扑·造物与互联·欧米茄邀请坠落177的核心危机吞掉本章缓冲，arc-049无法完成门槛封口”会提前发生。,detailed-v4
chapter-1202,1202,arc-049,2,起因,确认异常不是孤立事故，让欧米茄邀请通道交出第02个可复查证据,一条拓扑环内外区分，并承认欧米茄邀请不能再被旧层级命名,拓扑·造物与互联·融合奇点坠落178的核心危机吞掉本章缓冲，arc-049无法完成门槛封口,为得到“确认异常不是孤立事故，让欧米茄邀请通道交出第02个可复查证据”，必须失去“一条拓扑环内外区分，并承认欧米茄邀请不能再被旧层级命名”；若拒绝，“拓扑·造物与互联·融合奇点坠落178的核心危机吞掉本章缓冲，arc-049无法完成门槛封口”会提前发生。,detailed-v4
chapter-1203,1203,arc-049,3,起因,确认异常不是孤立事故，让融合奇点的局部截面交出第03个可复查证据,一段独立性边界，并承认融合奇点不能再被旧层级命名,拓扑·造物与互联·高维边界坠落179的核心危机吞掉本章缓冲，arc-049无法完成门槛封口,为得到“确认异常不是孤立事故，让融合奇点的局部截面交出第03个可复查证据”，必须失去“一段独立性边界，并承认融合奇点不能再被旧层级命名”；若拒绝，“拓扑·造物与互联·高维边界坠落179的核心危机吞掉本章缓冲，arc-049无法完成门槛封口”会提前发生。,detailed-v4
chapter-1204,1204,arc-049,4,起因,确认异常不是孤立事故，让高维边界的局部截面交出第04个可复查证据,一个分身胚胎命名权，并承认高维边界不能再被旧层级命名,拓扑·造物与互联·逻辑骨架坠落180的核心危机吞掉本章缓冲，arc-049无法完成门槛封口,为得到“确认异常不是孤立事故，让高维边界的局部截面交出第04个可复查证据”，必须失去“一个分身胚胎命名权，并承认高维边界不能再被旧层级命名”；若拒绝，“拓扑·造物与互联·逻辑骨架坠落180的核心危机吞掉本章缓冲，arc-049无法完成门槛封口”会提前发生。,detailed-v4
chapter-1205,1205,arc-049,5,反证,推翻旧模型仍可解释一切的假设，让逻辑骨架的局部截面交出第05个可复查证据,一次他者信标翻译权，并承认逻辑骨架不能再被旧层级命名,拓扑·造物与互联·褶皱重构181的核心危机吞掉本章缓冲，arc-049无法完成门槛封口,为得到“推翻旧模型仍可解释一切的假设，让逻辑骨架的局部截面交出第05个可复查证据”，必须失去“一次他者信标翻译权，并承认逻辑骨架不能再被旧层级命名”；若拒绝，“拓扑·造物与互联·褶皱重构181的核心危机吞掉本章缓冲，arc-049无法完成门槛封口”会提前发生。,detailed-v4
chapter-1206,1206,arc-049,6,反证,推翻旧模型仍可解释一切的假设，让褶皱重构的局部截面交出第06个可复查证据,一条拓扑环内外区分，并承认褶皱重构不能再被旧层级命名,拓扑·造物与互联·拓扑环重构182的核心危机吞掉本章缓冲，arc-049无法完成门槛封口,为得到“推翻旧模型仍可解释一切的假设，让褶皱重构的局部截面交出第06个可复查证据”，必须失去“一条拓扑环内外区分，并承认褶皱重构不能再被旧层级命名”；若拒绝，“拓扑·造物与互联·拓扑环重构182的核心危机吞掉本章缓冲，arc-049无法完成门槛封口”会提前发生。,detailed-v4
chapter-1207,1207,arc-049,7,反证,推翻旧模型仍可解释一切的假设，让拓扑环重构的局部截面交出第07个可复查证据,一段独立性边界，并承认拓扑环重构不能再被旧层级命名,拓扑·造物与互联·分身重构183的核心危机吞掉本章缓冲，arc-049无法完成门槛封口,为得到“推翻旧模型仍可解释一切的假设，让拓扑环重构的局部截面交出第07个可复查证据”，必须失去“一段独立性边界，并承认拓扑环重构不能再被旧层级命名”；若拒绝，“拓扑·造物与互联·分身重构183的核心危机吞掉本章缓冲，arc-049无法完成门槛封口”会提前发生。,detailed-v4
chapter-1208,1208,arc-049,8,反证,推翻旧模型仍可解释一切的假设，让分身重构的局部截面交出第08个可复查证据,一个分身胚胎命名权，并承认分身重构不能再被旧层级命名,拓扑·造物与互联·次级文明重构184的核心危机吞掉本章缓冲，arc-049无法完成门槛封口,为得到“推翻旧模型仍可解释一切的假设，让分身重构的局部截面交出第08个可复查证据”，必须失去“一个分身胚胎命名权，并承认分身重构不能再被旧层级命名”；若拒绝，“拓扑·造物与互联·次级文明重构184的核心危机吞掉本章缓冲，arc-049无法完成门槛封口”会提前发生。,detailed-v4
chapter-1209,1209,arc-049,9,代价,换取一次继续观测的资格，让次级文明重构的局部截面交出第09个可复查证据,一次他者信标翻译权，并承认次级文明重构不能再被旧层级命名,拓扑·造物与互联·跨域网络重构185的核心危机吞掉本章缓冲，arc-049无法完成门槛封口,为得到“换取一次继续观测的资格，让次级文明重构的局部截面交出第09个可复查证据”，必须失去“一次他者信标翻译权，并承认次级文明重构不能再被旧层级命名”；若拒绝，“拓扑·造物与互联·跨域网络重构185的核心危机吞掉本章缓冲，arc-049无法完成门槛封口”会提前发生。,detailed-v4
chapter-1210,1210,arc-049,10,代价,换取一次继续观测的资格，让跨域网络重构的局部截面交出第10个可复查证据,一条拓扑环内外区分，并承认跨域网络重构不能再被旧层级命名,拓扑·造物与互联·盖亚信标重构186的核心危机吞掉本章缓冲，arc-049无法完成门槛封口,为得到“换取一次继续观测的资格，让跨域网络重构的局部截面交出第10个可复查证据”，必须失去“一条拓扑环内外区分，并承认跨域网络重构不能再被旧层级命名”；若拒绝，“拓扑·造物与互联·盖亚信标重构186的核心危机吞掉本章缓冲，arc-049无法完成门槛封口”会提前发生。,detailed-v4
chapter-1211,1211,arc-049,11,代价,换取一次继续观测的资格，让盖亚信标重构的局部截面交出第11个可复查证据,一段独立性边界，并承认盖亚信标重构不能再被旧层级命名,拓扑·造物与互联·欧米茄邀请重构187的核心危机吞掉本章缓冲，arc-049无法完成门槛封口,为得到“换取一次继续观测的资格，让盖亚信标重构的局部截面交出第11个可复查证据”，必须失去“一段独立性边界，并承认盖亚信标重构不能再被旧层级命名”；若拒绝，“拓扑·造物与互联·欧米茄邀请重构187的核心危机吞掉本章缓冲，arc-049无法完成门槛封口”会提前发生。,detailed-v4
chapter-1212,1212,arc-049,12,误判,暴露角色仍误信的判断方式，让欧米茄邀请重构的局部截面交出第12个可复查证据,一个分身胚胎命名权，并承认欧米茄邀请重构不能再被旧层级命名,拓扑·造物与互联·融合奇点重构188的核心危机吞掉本章缓冲，arc-049无法完成门槛封口,为得到“暴露角色仍误信的判断方式，让欧米茄邀请重构的局部截面交出第12个可复查证据”，必须失去“一个分身胚胎命名权，并承认欧米茄邀请重构不能再被旧层级命名”；若拒绝，“拓扑·造物与互联·融合奇点重构188的核心危机吞掉本章缓冲，arc-049无法完成门槛封口”会提前发生。,detailed-v4
chapter-1213,1213,arc-049,13,误判,暴露角色仍误信的判断方式，让融合奇点重构的局部截面交出第13个可复查证据,一次他者信标翻译权，并承认融合奇点重构不能再被旧层级命名,拓扑·造物与互联·高维边界重构189的核心危机吞掉本章缓冲，arc-049无法完成门槛封口,为得到“暴露角色仍误信的判断方式，让融合奇点重构的局部截面交出第13个可复查证据”，必须失去“一次他者信标翻译权，并承认融合奇点重构不能再被旧层级命名”；若拒绝，“拓扑·造物与互联·高维边界重构189的核心危机吞掉本章缓冲，arc-049无法完成门槛封口”会提前发生。,detailed-v4
chapter-1214,1214,arc-049,14,误判,暴露角色仍误信的判断方式，让高维边界重构的局部截面交出第14个可复查证据,一条拓扑环内外区分，并承认高维边界重构不能再被旧层级命名,拓扑·造物与互联·逻辑骨架重构190的核心危机吞掉本章缓冲，arc-049无法完成门槛封口,为得到“暴露角色仍误信的判断方式，让高维边界重构的局部截面交出第14个可复查证据”，必须失去“一条拓扑环内外区分，并承认高维边界重构不能再被旧层级命名”；若拒绝，“拓扑·造物与互联·逻辑骨架重构190的核心危机吞掉本章缓冲，arc-049无法完成门槛封口”会提前发生。,detailed-v4
chapter-1215,1215,arc-049,15,误判,暴露角色仍误信的判断方式，让逻辑骨架重构的局部截面交出第15个可复查证据,一段独立性边界，并承认逻辑骨架重构不能再被旧层级命名,拓扑·造物与互联·褶皱余震191的核心危机吞掉本章缓冲，arc-049无法完成门槛封口,为得到“暴露角色仍误信的判断方式，让逻辑骨架重构的局部截面交出第15个可复查证据”，必须失去“一段独立性边界，并承认逻辑骨架重构不能再被旧层级命名”；若拒绝，“拓扑·造物与互联·褶皱余震191的核心危机吞掉本章缓冲，arc-049无法完成门槛封口”会提前发生。,detailed-v4
chapter-1216,1216,arc-049,16,失控,把异常限制在可写的物理边界内，让高维褶皱内壁交出第16个可复查证据,一个分身胚胎命名权，并承认褶皱不能再被旧层级命名,拓扑·造物与互联·拓扑环余震192的核心危机吞掉本章缓冲，arc-049无法完成门槛封口,为得到“把异常限制在可写的物理边界内，让高维褶皱内壁交出第16个可复查证据”，必须失去“一个分身胚胎命名权，并承认褶皱不能再被旧层级命名”；若拒绝，“拓扑·造物与互联·拓扑环余震192的核心危机吞掉本章缓冲，arc-049无法完成门槛封口”会提前发生。,detailed-v4
chapter-1217,1217,arc-049,17,失控,把异常限制在可写的物理边界内，让拓扑环接驳面交出第17个可复查证据,一次他者信标翻译权，并承认拓扑环不能再被旧层级命名,拓扑·造物与互联·分身余震193的核心危机吞掉本章缓冲，arc-049无法完成门槛封口,为得到“把异常限制在可写的物理边界内，让拓扑环接驳面交出第17个可复查证据”，必须失去“一次他者信标翻译权，并承认拓扑环不能再被旧层级命名”；若拒绝，“拓扑·造物与互联·分身余震193的核心危机吞掉本章缓冲，arc-049无法完成门槛封口”会提前发生。,detailed-v4
chapter-1218,1218,arc-049,18,失控,把异常限制在可写的物理边界内，让分身胚胎群交出第18个可复查证据,一条拓扑环内外区分，并承认分身不能再被旧层级命名,拓扑·造物与互联·次级文明余震194的核心危机吞掉本章缓冲，arc-049无法完成门槛封口,为得到“把异常限制在可写的物理边界内，让分身胚胎群交出第18个可复查证据”，必须失去“一条拓扑环内外区分，并承认分身不能再被旧层级命名”；若拒绝，“拓扑·造物与互联·次级文明余震194的核心危机吞掉本章缓冲，arc-049无法完成门槛封口”会提前发生。,detailed-v4
chapter-1219,1219,arc-049,19,失控,把异常限制在可写的物理边界内，让次级文明第一座观测塔交出第19个可复查证据,一段独立性边界，并承认次级文明不能再被旧层级命名,拓扑·造物与互联·跨域网络余震195的核心危机吞掉本章缓冲，arc-049无法完成门槛封口,为得到“把异常限制在可写的物理边界内，让次级文明第一座观测塔交出第19个可复查证据”，必须失去“一段独立性边界，并承认次级文明不能再被旧层级命名”；若拒绝，“拓扑·造物与互联·跨域网络余震195的核心危机吞掉本章缓冲，arc-049无法完成门槛封口”会提前发生。,detailed-v4
chapter-1220,1220,arc-049,20,回响,让眷恋线以硬证物返回，让跨域网络孵化层交出第20个可复查证据,一个分身胚胎命名权，并承认跨域网络不能再被旧层级命名,拓扑·造物与互联·盖亚信标余震196的核心危机吞掉本章缓冲，arc-049无法完成门槛封口,为得到“让眷恋线以硬证物返回，让跨域网络孵化层交出第20个可复查证据”，必须失去“一个分身胚胎命名权，并承认跨域网络不能再被旧层级命名”；若拒绝，“拓扑·造物与互联·盖亚信标余震196的核心危机吞掉本章缓冲，arc-049无法完成门槛封口”会提前发生。,detailed-v4
chapter-1221,1221,arc-049,21,回响,让眷恋线以硬证物返回，让盖亚信标外缘交出第21个可复查证据,一次他者信标翻译权，并承认盖亚信标不能再被旧层级命名,拓扑·造物与互联·欧米茄邀请余震197的核心危机吞掉本章缓冲，arc-049无法完成门槛封口,为得到“让眷恋线以硬证物返回，让盖亚信标外缘交出第21个可复查证据”，必须失去“一次他者信标翻译权，并承认盖亚信标不能再被旧层级命名”；若拒绝，“拓扑·造物与互联·欧米茄邀请余震197的核心危机吞掉本章缓冲，arc-049无法完成门槛封口”会提前发生。,detailed-v4
chapter-1222,1222,arc-049,22,回响,让眷恋线以硬证物返回，让欧米茄邀请通道交出第22个可复查证据,一条拓扑环内外区分，并承认欧米茄邀请不能再被旧层级命名,拓扑·造物与互联·融合奇点余震198的核心危机吞掉本章缓冲，arc-049无法完成门槛封口,为得到“让眷恋线以硬证物返回，让欧米茄邀请通道交出第22个可复查证据”，必须失去“一条拓扑环内外区分，并承认欧米茄邀请不能再被旧层级命名”；若拒绝，“拓扑·造物与互联·融合奇点余震198的核心危机吞掉本章缓冲，arc-049无法完成门槛封口”会提前发生。,detailed-v4
chapter-1223,1223,arc-049,23,门槛,把本组问题交给下一章群而不总结掉，让融合奇点的局部截面交出第23个可复查证据,一段独立性边界，并承认融合奇点不能再被旧层级命名,拓扑·造物与互联·高维边界余震199的核心危机吞掉本章缓冲，arc-049无法完成门槛封口,为得到“把本组问题交给下一章群而不总结掉，让融合奇点的局部截面交出第23个可复查证据”，必须失去“一段独立性边界，并承认融合奇点不能再被旧层级命名”；若拒绝，“拓扑·造物与互联·高维边界余震199的核心危机吞掉本章缓冲，arc-049无法完成门槛封口”会提前发生。,detailed-v4
chapter-1224,1224,arc-049,24,门槛,把本组问题交给下一章群而不总结掉，让高维边界的局部截面交出第24个可复查证据,一个分身胚胎命名权，并承认高维边界不能再被旧层级命名,拓扑·造物与互联·逻辑骨架余震200的核心危机吞掉本章缓冲，arc-049无法完成门槛封口,为得到“把本组问题交给下一章群而不总结掉，让高维边界的局部截面交出第24个可复查证据”，必须失去“一个分身胚胎命名权，并承认高维边界不能再被旧层级命名”；若拒绝，“拓扑·造物与互联·逻辑骨架余震200的核心危机吞掉本章缓冲，arc-049无法完成门槛封口”会提前发生。,detailed-v4
chapter-1225,1225,arc-049,25,门槛,把本组问题交给下一章群而不总结掉，让逻辑骨架的局部截面交出第25个可复查证据,一次他者信标翻译权，并承认逻辑骨架不能再被旧层级命名,拓扑·造物与互联·褶皱初醒201的核心危机吞掉本章缓冲，arc-049无法完成门槛封口,为得到“把本组问题交给下一章群而不总结掉，让逻辑骨架的局部截面交出第25个可复查证据”，必须失去“一次他者信标翻译权，并承认逻辑骨架不能再被旧层级命名”；若拒绝，“拓扑·造物与互联·褶皱初醒201的核心危机吞掉本章缓冲，arc-049无法完成门槛封口”会提前发生。,detailed-v4
chapter-1226,1226,arc-050,1,起因,确认异常不是孤立事故，让高维褶皱内壁交出第01个可复查证据,一段独立性边界，并承认褶皱不能再被旧层级命名,拓扑·造物与互联·拓扑环初醒202的核心危机吞掉本章缓冲，arc-050无法完成门槛封口,为得到“确认异常不是孤立事故，让高维褶皱内壁交出第01个可复查证据”，必须失去“一段独立性边界，并承认褶皱不能再被旧层级命名”；若拒绝，“拓扑·造物与互联·拓扑环初醒202的核心危机吞掉本章缓冲，arc-050无法完成门槛封口”会提前发生。,detailed-v4
chapter-1227,1227,arc-050,2,起因,确认异常不是孤立事故，让拓扑环接驳面交出第02个可复查证据,一个分身胚胎命名权，并承认拓扑环不能再被旧层级命名,拓扑·造物与互联·分身初醒203的核心危机吞掉本章缓冲，arc-050无法完成门槛封口,为得到“确认异常不是孤立事故，让拓扑环接驳面交出第02个可复查证据”，必须失去“一个分身胚胎命名权，并承认拓扑环不能再被旧层级命名”；若拒绝，“拓扑·造物与互联·分身初醒203的核心危机吞掉本章缓冲，arc-050无法完成门槛封口”会提前发生。,detailed-v4
chapter-1228,1228,arc-050,3,起因,确认异常不是孤立事故，让分身胚胎群交出第03个可复查证据,一次他者信标翻译权，并承认分身不能再被旧层级命名,拓扑·造物与互联·次级文明初醒204的核心危机吞掉本章缓冲，arc-050无法完成门槛封口,为得到“确认异常不是孤立事故，让分身胚胎群交出第03个可复查证据”，必须失去“一次他者信标翻译权，并承认分身不能再被旧层级命名”；若拒绝，“拓扑·造物与互联·次级文明初醒204的核心危机吞掉本章缓冲，arc-050无法完成门槛封口”会提前发生。,detailed-v4
chapter-1229,1229,arc-050,4,起因,确认异常不是孤立事故，让次级文明第一座观测塔交出第04个可复查证据,一条拓扑环内外区分，并承认次级文明不能再被旧层级命名,拓扑·造物与互联·跨域网络初醒205的核心危机吞掉本章缓冲，arc-050无法完成门槛封口,为得到“确认异常不是孤立事故，让次级文明第一座观测塔交出第04个可复查证据”，必须失去“一条拓扑环内外区分，并承认次级文明不能再被旧层级命名”；若拒绝，“拓扑·造物与互联·跨域网络初醒205的核心危机吞掉本章缓冲，arc-050无法完成门槛封口”会提前发生。,detailed-v4
chapter-1230,1230,arc-050,5,反证,推翻旧模型仍可解释一切的假设，让跨域网络孵化层交出第05个可复查证据,一段独立性边界，并承认跨域网络不能再被旧层级命名,拓扑·造物与互联·盖亚信标初醒206的核心危机吞掉本章缓冲，arc-050无法完成门槛封口,为得到“推翻旧模型仍可解释一切的假设，让跨域网络孵化层交出第05个可复查证据”，必须失去“一段独立性边界，并承认跨域网络不能再被旧层级命名”；若拒绝，“拓扑·造物与互联·盖亚信标初醒206的核心危机吞掉本章缓冲，arc-050无法完成门槛封口”会提前发生。,detailed-v4
chapter-1231,1231,arc-050,6,反证,推翻旧模型仍可解释一切的假设，让盖亚信标外缘交出第06个可复查证据,一个分身胚胎命名权，并承认盖亚信标不能再被旧层级命名,拓扑·造物与互联·欧米茄邀请初醒207的核心危机吞掉本章缓冲，arc-050无法完成门槛封口,为得到“推翻旧模型仍可解释一切的假设，让盖亚信标外缘交出第06个可复查证据”，必须失去“一个分身胚胎命名权，并承认盖亚信标不能再被旧层级命名”；若拒绝，“拓扑·造物与互联·欧米茄邀请初醒207的核心危机吞掉本章缓冲，arc-050无法完成门槛封口”会提前发生。,detailed-v4
chapter-1232,1232,arc-050,7,反证,推翻旧模型仍可解释一切的假设，让欧米茄邀请通道交出第07个可复查证据,一次他者信标翻译权，并承认欧米茄邀请不能再被旧层级命名,拓扑·造物与互联·融合奇点初醒208的核心危机吞掉本章缓冲，arc-050无法完成门槛封口,为得到“推翻旧模型仍可解释一切的假设，让欧米茄邀请通道交出第07个可复查证据”，必须失去“一次他者信标翻译权，并承认欧米茄邀请不能再被旧层级命名”；若拒绝，“拓扑·造物与互联·融合奇点初醒208的核心危机吞掉本章缓冲，arc-050无法完成门槛封口”会提前发生。,detailed-v4
chapter-1233,1233,arc-050,8,反证,推翻旧模型仍可解释一切的假设，让融合奇点的局部截面交出第08个可复查证据,一条拓扑环内外区分，并承认融合奇点不能再被旧层级命名,拓扑·造物与互联·高维边界初醒209的核心危机吞掉本章缓冲，arc-050无法完成门槛封口,为得到“推翻旧模型仍可解释一切的假设，让融合奇点的局部截面交出第08个可复查证据”，必须失去“一条拓扑环内外区分，并承认融合奇点不能再被旧层级命名”；若拒绝，“拓扑·造物与互联·高维边界初醒209的核心危机吞掉本章缓冲，arc-050无法完成门槛封口”会提前发生。,detailed-v4
chapter-1234,1234,arc-050,9,代价,换取一次继续观测的资格，让高维边界的局部截面交出第09个可复查证据,一段独立性边界，并承认高维边界不能再被旧层级命名,拓扑·造物与互联·逻辑骨架初醒210的核心危机吞掉本章缓冲，arc-050无法完成门槛封口,为得到“换取一次继续观测的资格，让高维边界的局部截面交出第09个可复查证据”，必须失去“一段独立性边界，并承认高维边界不能再被旧层级命名”；若拒绝，“拓扑·造物与互联·逻辑骨架初醒210的核心危机吞掉本章缓冲，arc-050无法完成门槛封口”会提前发生。,detailed-v4
chapter-1235,1235,arc-050,10,代价,换取一次继续观测的资格，让逻辑骨架的局部截面交出第10个可复查证据,一个分身胚胎命名权，并承认逻辑骨架不能再被旧层级命名,拓扑·造物与互联·褶皱裂响211的核心危机吞掉本章缓冲，arc-050无法完成门槛封口,为得到“换取一次继续观测的资格，让逻辑骨架的局部截面交出第10个可复查证据”，必须失去“一个分身胚胎命名权，并承认逻辑骨架不能再被旧层级命名”；若拒绝，“拓扑·造物与互联·褶皱裂响211的核心危机吞掉本章缓冲，arc-050无法完成门槛封口”会提前发生。,detailed-v4
chapter-1236,1236,arc-050,11,代价,换取一次继续观测的资格，让高维褶皱内壁交出第11个可复查证据,一次他者信标翻译权，并承认褶皱不能再被旧层级命名,拓扑·造物与互联·拓扑环裂响212的核心危机吞掉本章缓冲，arc-050无法完成门槛封口,为得到“换取一次继续观测的资格，让高维褶皱内壁交出第11个可复查证据”，必须失去“一次他者信标翻译权，并承认褶皱不能再被旧层级命名”；若拒绝，“拓扑·造物与互联·拓扑环裂响212的核心危机吞掉本章缓冲，arc-050无法完成门槛封口”会提前发生。,detailed-v4
chapter-1237,1237,arc-050,12,误判,暴露角色仍误信的判断方式，让拓扑环接驳面交出第12个可复查证据,一条拓扑环内外区分，并承认拓扑环不能再被旧层级命名,拓扑·造物与互联·分身裂响213的核心危机吞掉本章缓冲，arc-050无法完成门槛封口,为得到“暴露角色仍误信的判断方式，让拓扑环接驳面交出第12个可复查证据”，必须失去“一条拓扑环内外区分，并承认拓扑环不能再被旧层级命名”；若拒绝，“拓扑·造物与互联·分身裂响213的核心危机吞掉本章缓冲，arc-050无法完成门槛封口”会提前发生。,detailed-v4
chapter-1238,1238,arc-050,13,误判,暴露角色仍误信的判断方式，让分身胚胎群交出第13个可复查证据,一段独立性边界，并承认分身不能再被旧层级命名,拓扑·造物与互联·次级文明裂响214的核心危机吞掉本章缓冲，arc-050无法完成门槛封口,为得到“暴露角色仍误信的判断方式，让分身胚胎群交出第13个可复查证据”，必须失去“一段独立性边界，并承认分身不能再被旧层级命名”；若拒绝，“拓扑·造物与互联·次级文明裂响214的核心危机吞掉本章缓冲，arc-050无法完成门槛封口”会提前发生。,detailed-v4
chapter-1239,1239,arc-050,14,误判,暴露角色仍误信的判断方式，让次级文明第一座观测塔交出第14个可复查证据,一个分身胚胎命名权，并承认次级文明不能再被旧层级命名,拓扑·造物与互联·跨域网络裂响215的核心危机吞掉本章缓冲，arc-050无法完成门槛封口,为得到“暴露角色仍误信的判断方式，让次级文明第一座观测塔交出第14个可复查证据”，必须失去“一个分身胚胎命名权，并承认次级文明不能再被旧层级命名”；若拒绝，“拓扑·造物与互联·跨域网络裂响215的核心危机吞掉本章缓冲，arc-050无法完成门槛封口”会提前发生。,detailed-v4
chapter-1240,1240,arc-050,15,误判,暴露角色仍误信的判断方式，让跨域网络孵化层交出第15个可复查证据,一次他者信标翻译权，并承认跨域网络不能再被旧层级命名,拓扑·造物与互联·盖亚信标裂响216的核心危机吞掉本章缓冲，arc-050无法完成门槛封口,为得到“暴露角色仍误信的判断方式，让跨域网络孵化层交出第15个可复查证据”，必须失去“一次他者信标翻译权，并承认跨域网络不能再被旧层级命名”；若拒绝，“拓扑·造物与互联·盖亚信标裂响216的核心危机吞掉本章缓冲，arc-050无法完成门槛封口”会提前发生。,detailed-v4
chapter-1241,1241,arc-050,16,失控,把异常限制在可写的物理边界内，让盖亚信标外缘交出第16个可复查证据,一条拓扑环内外区分，并承认盖亚信标不能再被旧层级命名,拓扑·造物与互联·欧米茄邀请裂响217的核心危机吞掉本章缓冲，arc-050无法完成门槛封口,为得到“把异常限制在可写的物理边界内，让盖亚信标外缘交出第16个可复查证据”，必须失去“一条拓扑环内外区分，并承认盖亚信标不能再被旧层级命名”；若拒绝，“拓扑·造物与互联·欧米茄邀请裂响217的核心危机吞掉本章缓冲，arc-050无法完成门槛封口”会提前发生。,detailed-v4
chapter-1242,1242,arc-050,17,失控,把异常限制在可写的物理边界内，让欧米茄邀请通道交出第17个可复查证据,一段独立性边界，并承认欧米茄邀请不能再被旧层级命名,拓扑·造物与互联·融合奇点裂响218的核心危机吞掉本章缓冲，arc-050无法完成门槛封口,为得到“把异常限制在可写的物理边界内，让欧米茄邀请通道交出第17个可复查证据”，必须失去“一段独立性边界，并承认欧米茄邀请不能再被旧层级命名”；若拒绝，“拓扑·造物与互联·融合奇点裂响218的核心危机吞掉本章缓冲，arc-050无法完成门槛封口”会提前发生。,detailed-v4
chapter-1243,1243,arc-050,18,失控,把异常限制在可写的物理边界内，让融合奇点的局部截面交出第18个可复查证据,一个分身胚胎命名权，并承认融合奇点不能再被旧层级命名,拓扑·造物与互联·高维边界裂响219的核心危机吞掉本章缓冲，arc-050无法完成门槛封口,为得到“把异常限制在可写的物理边界内，让融合奇点的局部截面交出第18个可复查证据”，必须失去“一个分身胚胎命名权，并承认融合奇点不能再被旧层级命名”；若拒绝，“拓扑·造物与互联·高维边界裂响219的核心危机吞掉本章缓冲，arc-050无法完成门槛封口”会提前发生。,detailed-v4
chapter-1244,1244,arc-050,19,失控,把异常限制在可写的物理边界内，让高维边界的局部截面交出第19个可复查证据,一次他者信标翻译权，并承认高维边界不能再被旧层级命名,拓扑·造物与互联·逻辑骨架裂响220的核心危机吞掉本章缓冲，arc-050无法完成门槛封口,为得到“把异常限制在可写的物理边界内，让高维边界的局部截面交出第19个可复查证据”，必须失去“一次他者信标翻译权，并承认高维边界不能再被旧层级命名”；若拒绝，“拓扑·造物与互联·逻辑骨架裂响220的核心危机吞掉本章缓冲，arc-050无法完成门槛封口”会提前发生。,detailed-v4
chapter-1245,1245,arc-050,20,回响,让眷恋线以硬证物返回，让逻辑骨架的局部截面交出第20个可复查证据,一条拓扑环内外区分，并承认逻辑骨架不能再被旧层级命名,拓扑·造物与互联·褶皱低语221的核心危机吞掉本章缓冲，arc-050无法完成门槛封口,为得到“让眷恋线以硬证物返回，让逻辑骨架的局部截面交出第20个可复查证据”，必须失去“一条拓扑环内外区分，并承认逻辑骨架不能再被旧层级命名”；若拒绝，“拓扑·造物与互联·褶皱低语221的核心危机吞掉本章缓冲，arc-050无法完成门槛封口”会提前发生。,detailed-v4
chapter-1246,1246,arc-050,21,回响,让眷恋线以硬证物返回，让高维褶皱内壁交出第21个可复查证据,一段独立性边界，并承认褶皱不能再被旧层级命名,拓扑·造物与互联·拓扑环低语222的核心危机吞掉本章缓冲，arc-050无法完成门槛封口,为得到“让眷恋线以硬证物返回，让高维褶皱内壁交出第21个可复查证据”，必须失去“一段独立性边界，并承认褶皱不能再被旧层级命名”；若拒绝，“拓扑·造物与互联·拓扑环低语222的核心危机吞掉本章缓冲，arc-050无法完成门槛封口”会提前发生。,detailed-v4
chapter-1247,1247,arc-050,22,回响,让眷恋线以硬证物返回，让拓扑环接驳面交出第22个可复查证据,一个分身胚胎命名权，并承认拓扑环不能再被旧层级命名,拓扑·造物与互联·分身低语223的核心危机吞掉本章缓冲，arc-050无法完成门槛封口,为得到“让眷恋线以硬证物返回，让拓扑环接驳面交出第22个可复查证据”，必须失去“一个分身胚胎命名权，并承认拓扑环不能再被旧层级命名”；若拒绝，“拓扑·造物与互联·分身低语223的核心危机吞掉本章缓冲，arc-050无法完成门槛封口”会提前发生。,detailed-v4
chapter-1248,1248,arc-050,23,门槛,把本组问题交给下一章群而不总结掉，让分身胚胎群交出第23个可复查证据,一次他者信标翻译权，并承认分身不能再被旧层级命名,拓扑·造物与互联·次级文明低语224的核心危机吞掉本章缓冲，arc-050无法完成门槛封口,为得到“把本组问题交给下一章群而不总结掉，让分身胚胎群交出第23个可复查证据”，必须失去“一次他者信标翻译权，并承认分身不能再被旧层级命名”；若拒绝，“拓扑·造物与互联·次级文明低语224的核心危机吞掉本章缓冲，arc-050无法完成门槛封口”会提前发生。,detailed-v4
chapter-1249,1249,arc-050,24,门槛,把本组问题交给下一章群而不总结掉，让次级文明第一座观测塔交出第24个可复查证据,一条拓扑环内外区分，并承认次级文明不能再被旧层级命名,拓扑·造物与互联·跨域网络低语225的核心危机吞掉本章缓冲，arc-050无法完成门槛封口,为得到“把本组问题交给下一章群而不总结掉，让次级文明第一座观测塔交出第24个可复查证据”，必须失去“一条拓扑环内外区分，并承认次级文明不能再被旧层级命名”；若拒绝，“拓扑·造物与互联·跨域网络低语225的核心危机吞掉本章缓冲，arc-050无法完成门槛封口”会提前发生。,detailed-v4
chapter-1250,1250,arc-050,25,门槛,把本组问题交给下一章群而不总结掉，让跨域网络孵化层交出第25个可复查证据,一段独立性边界，并承认跨域网络不能再被旧层级命名,拓扑·造物与互联·盖亚信标低语226的核心危机吞掉本章缓冲，arc-050无法完成门槛封口,为得到“把本组问题交给下一章群而不总结掉，让跨域网络孵化层交出第25个可复查证据”，必须失去“一段独立性边界，并承认跨域网络不能再被旧层级命名”；若拒绝，“拓扑·造物与互联·盖亚信标低语226的核心危机吞掉本章缓冲，arc-050无法完成门槛封口”会提前发生。,detailed-v4
chapter-1251,1251,arc-051,1,起因,确认异常不是孤立事故，让盖亚信标外缘交出第01个可复查证据,一次他者信标翻译权，并承认盖亚信标不能再被旧层级命名,拓扑·造物与互联·欧米茄邀请低语227的核心危机吞掉本章缓冲，arc-051无法完成门槛封口,为得到“确认异常不是孤立事故，让盖亚信标外缘交出第01个可复查证据”，必须失去“一次他者信标翻译权，并承认盖亚信标不能再被旧层级命名”；若拒绝，“拓扑·造物与互联·欧米茄邀请低语227的核心危机吞掉本章缓冲，arc-051无法完成门槛封口”会提前发生。,detailed-v4
chapter-1252,1252,arc-051,2,起因,确认异常不是孤立事故，让欧米茄邀请通道交出第02个可复查证据,一条拓扑环内外区分，并承认欧米茄邀请不能再被旧层级命名,拓扑·造物与互联·融合奇点低语228的核心危机吞掉本章缓冲，arc-051无法完成门槛封口,为得到“确认异常不是孤立事故，让欧米茄邀请通道交出第02个可复查证据”，必须失去“一条拓扑环内外区分，并承认欧米茄邀请不能再被旧层级命名”；若拒绝，“拓扑·造物与互联·融合奇点低语228的核心危机吞掉本章缓冲，arc-051无法完成门槛封口”会提前发生。,detailed-v4
chapter-1253,1253,arc-051,3,起因,确认异常不是孤立事故，让融合奇点的局部截面交出第03个可复查证据,一段独立性边界，并承认融合奇点不能再被旧层级命名,拓扑·造物与互联·高维边界低语229的核心危机吞掉本章缓冲，arc-051无法完成门槛封口,为得到“确认异常不是孤立事故，让融合奇点的局部截面交出第03个可复查证据”，必须失去“一段独立性边界，并承认融合奇点不能再被旧层级命名”；若拒绝，“拓扑·造物与互联·高维边界低语229的核心危机吞掉本章缓冲，arc-051无法完成门槛封口”会提前发生。,detailed-v4
chapter-1254,1254,arc-051,4,起因,确认异常不是孤立事故，让高维边界的局部截面交出第04个可复查证据,一个分身胚胎命名权，并承认高维边界不能再被旧层级命名,拓扑·造物与互联·逻辑骨架低语230的核心危机吞掉本章缓冲，arc-051无法完成门槛封口,为得到“确认异常不是孤立事故，让高维边界的局部截面交出第04个可复查证据”，必须失去“一个分身胚胎命名权，并承认高维边界不能再被旧层级命名”；若拒绝，“拓扑·造物与互联·逻辑骨架低语230的核心危机吞掉本章缓冲，arc-051无法完成门槛封口”会提前发生。,detailed-v4
chapter-1255,1255,arc-051,5,反证,推翻旧模型仍可解释一切的假设，让逻辑骨架的局部截面交出第05个可复查证据,一次他者信标翻译权，并承认逻辑骨架不能再被旧层级命名,拓扑·造物与互联·褶皱回潮231的核心危机吞掉本章缓冲，arc-051无法完成门槛封口,为得到“推翻旧模型仍可解释一切的假设，让逻辑骨架的局部截面交出第05个可复查证据”，必须失去“一次他者信标翻译权，并承认逻辑骨架不能再被旧层级命名”；若拒绝，“拓扑·造物与互联·褶皱回潮231的核心危机吞掉本章缓冲，arc-051无法完成门槛封口”会提前发生。,detailed-v4
chapter-1256,1256,arc-051,6,反证,推翻旧模型仍可解释一切的假设，让高维褶皱内壁交出第06个可复查证据,一条拓扑环内外区分，并承认褶皱不能再被旧层级命名,拓扑·造物与互联·拓扑环回潮232的核心危机吞掉本章缓冲，arc-051无法完成门槛封口,为得到“推翻旧模型仍可解释一切的假设，让高维褶皱内壁交出第06个可复查证据”，必须失去“一条拓扑环内外区分，并承认褶皱不能再被旧层级命名”；若拒绝，“拓扑·造物与互联·拓扑环回潮232的核心危机吞掉本章缓冲，arc-051无法完成门槛封口”会提前发生。,detailed-v4
chapter-1257,1257,arc-051,7,反证,推翻旧模型仍可解释一切的假设，让拓扑环接驳面交出第07个可复查证据,一段独立性边界，并承认拓扑环不能再被旧层级命名,拓扑·造物与互联·分身回潮233的核心危机吞掉本章缓冲，arc-051无法完成门槛封口,为得到“推翻旧模型仍可解释一切的假设，让拓扑环接驳面交出第07个可复查证据”，必须失去“一段独立性边界，并承认拓扑环不能再被旧层级命名”；若拒绝，“拓扑·造物与互联·分身回潮233的核心危机吞掉本章缓冲，arc-051无法完成门槛封口”会提前发生。,detailed-v4
chapter-1258,1258,arc-051,8,反证,推翻旧模型仍可解释一切的假设，让分身胚胎群交出第08个可复查证据,一个分身胚胎命名权，并承认分身不能再被旧层级命名,拓扑·造物与互联·次级文明回潮234的核心危机吞掉本章缓冲，arc-051无法完成门槛封口,为得到“推翻旧模型仍可解释一切的假设，让分身胚胎群交出第08个可复查证据”，必须失去“一个分身胚胎命名权，并承认分身不能再被旧层级命名”；若拒绝，“拓扑·造物与互联·次级文明回潮234的核心危机吞掉本章缓冲，arc-051无法完成门槛封口”会提前发生。,detailed-v4
chapter-1259,1259,arc-051,9,代价,换取一次继续观测的资格，让次级文明第一座观测塔交出第09个可复查证据,一次他者信标翻译权，并承认次级文明不能再被旧层级命名,拓扑·造物与互联·跨域网络回潮235的核心危机吞掉本章缓冲，arc-051无法完成门槛封口,为得到“换取一次继续观测的资格，让次级文明第一座观测塔交出第09个可复查证据”，必须失去“一次他者信标翻译权，并承认次级文明不能再被旧层级命名”；若拒绝，“拓扑·造物与互联·跨域网络回潮235的核心危机吞掉本章缓冲，arc-051无法完成门槛封口”会提前发生。,detailed-v4
chapter-1260,1260,arc-051,10,代价,换取一次继续观测的资格，让跨域网络孵化层交出第10个可复查证据,一条拓扑环内外区分，并承认跨域网络不能再被旧层级命名,拓扑·造物与互联·盖亚信标回潮236的核心危机吞掉本章缓冲，arc-051无法完成门槛封口,为得到“换取一次继续观测的资格，让跨域网络孵化层交出第10个可复查证据”，必须失去“一条拓扑环内外区分，并承认跨域网络不能再被旧层级命名”；若拒绝，“拓扑·造物与互联·盖亚信标回潮236的核心危机吞掉本章缓冲，arc-051无法完成门槛封口”会提前发生。,detailed-v4
chapter-1261,1261,arc-051,11,代价,换取一次继续观测的资格，让盖亚信标外缘交出第11个可复查证据,一段独立性边界，并承认盖亚信标不能再被旧层级命名,拓扑·造物与互联·欧米茄邀请回潮237的核心危机吞掉本章缓冲，arc-051无法完成门槛封口,为得到“换取一次继续观测的资格，让盖亚信标外缘交出第11个可复查证据”，必须失去“一段独立性边界，并承认盖亚信标不能再被旧层级命名”；若拒绝，“拓扑·造物与互联·欧米茄邀请回潮237的核心危机吞掉本章缓冲，arc-051无法完成门槛封口”会提前发生。,detailed-v4
chapter-1262,1262,arc-051,12,误判,暴露角色仍误信的判断方式，让欧米茄邀请通道交出第12个可复查证据,一个分身胚胎命名权，并承认欧米茄邀请不能再被旧层级命名,拓扑·造物与互联·融合奇点回潮238的核心危机吞掉本章缓冲，arc-051无法完成门槛封口,为得到“暴露角色仍误信的判断方式，让欧米茄邀请通道交出第12个可复查证据”，必须失去“一个分身胚胎命名权，并承认欧米茄邀请不能再被旧层级命名”；若拒绝，“拓扑·造物与互联·融合奇点回潮238的核心危机吞掉本章缓冲，arc-051无法完成门槛封口”会提前发生。,detailed-v4
chapter-1263,1263,arc-051,13,误判,暴露角色仍误信的判断方式，让融合奇点的局部截面交出第13个可复查证据,一次他者信标翻译权，并承认融合奇点不能再被旧层级命名,拓扑·造物与互联·高维边界回潮239的核心危机吞掉本章缓冲，arc-051无法完成门槛封口,为得到“暴露角色仍误信的判断方式，让融合奇点的局部截面交出第13个可复查证据”，必须失去“一次他者信标翻译权，并承认融合奇点不能再被旧层级命名”；若拒绝，“拓扑·造物与互联·高维边界回潮239的核心危机吞掉本章缓冲，arc-051无法完成门槛封口”会提前发生。,detailed-v4
chapter-1264,1264,arc-051,14,误判,暴露角色仍误信的判断方式，让高维边界的局部截面交出第14个可复查证据,一条拓扑环内外区分，并承认高维边界不能再被旧层级命名,拓扑·造物与互联·逻辑骨架回潮240的核心危机吞掉本章缓冲，arc-051无法完成门槛封口,为得到“暴露角色仍误信的判断方式，让高维边界的局部截面交出第14个可复查证据”，必须失去“一条拓扑环内外区分，并承认高维边界不能再被旧层级命名”；若拒绝，“拓扑·造物与互联·逻辑骨架回潮240的核心危机吞掉本章缓冲，arc-051无法完成门槛封口”会提前发生。,detailed-v4
chapter-1265,1265,arc-051,15,误判,暴露角色仍误信的判断方式，让逻辑骨架的局部截面交出第15个可复查证据,一段独立性边界，并承认逻辑骨架不能再被旧层级命名,拓扑·造物与互联·褶皱折光241的核心危机吞掉本章缓冲，arc-051无法完成门槛封口,为得到“暴露角色仍误信的判断方式，让逻辑骨架的局部截面交出第15个可复查证据”，必须失去“一段独立性边界，并承认逻辑骨架不能再被旧层级命名”；若拒绝，“拓扑·造物与互联·褶皱折光241的核心危机吞掉本章缓冲，arc-051无法完成门槛封口”会提前发生。,detailed-v4
chapter-1266,1266,arc-051,16,失控,把异常限制在可写的物理边界内，让高维褶皱内壁交出第16个可复查证据,一个分身胚胎命名权，并承认褶皱不能再被旧层级命名,拓扑·造物与互联·拓扑环折光242的核心危机吞掉本章缓冲，arc-051无法完成门槛封口,为得到“把异常限制在可写的物理边界内，让高维褶皱内壁交出第16个可复查证据”，必须失去“一个分身胚胎命名权，并承认褶皱不能再被旧层级命名”；若拒绝，“拓扑·造物与互联·拓扑环折光242的核心危机吞掉本章缓冲，arc-051无法完成门槛封口”会提前发生。,detailed-v4
chapter-1267,1267,arc-051,17,失控,把异常限制在可写的物理边界内，让拓扑环接驳面交出第17个可复查证据,一次他者信标翻译权，并承认拓扑环不能再被旧层级命名,拓扑·造物与互联·分身折光243的核心危机吞掉本章缓冲，arc-051无法完成门槛封口,为得到“把异常限制在可写的物理边界内，让拓扑环接驳面交出第17个可复查证据”，必须失去“一次他者信标翻译权，并承认拓扑环不能再被旧层级命名”；若拒绝，“拓扑·造物与互联·分身折光243的核心危机吞掉本章缓冲，arc-051无法完成门槛封口”会提前发生。,detailed-v4
chapter-1268,1268,arc-051,18,失控,把异常限制在可写的物理边界内，让分身胚胎群交出第18个可复查证据,一条拓扑环内外区分，并承认分身不能再被旧层级命名,拓扑·造物与互联·次级文明折光244的核心危机吞掉本章缓冲，arc-051无法完成门槛封口,为得到“把异常限制在可写的物理边界内，让分身胚胎群交出第18个可复查证据”，必须失去“一条拓扑环内外区分，并承认分身不能再被旧层级命名”；若拒绝，“拓扑·造物与互联·次级文明折光244的核心危机吞掉本章缓冲，arc-051无法完成门槛封口”会提前发生。,detailed-v4
chapter-1269,1269,arc-051,19,失控,把异常限制在可写的物理边界内，让次级文明第一座观测塔交出第19个可复查证据,一段独立性边界，并承认次级文明不能再被旧层级命名,拓扑·造物与互联·跨域网络折光245的核心危机吞掉本章缓冲，arc-051无法完成门槛封口,为得到“把异常限制在可写的物理边界内，让次级文明第一座观测塔交出第19个可复查证据”，必须失去“一段独立性边界，并承认次级文明不能再被旧层级命名”；若拒绝，“拓扑·造物与互联·跨域网络折光245的核心危机吞掉本章缓冲，arc-051无法完成门槛封口”会提前发生。,detailed-v4
chapter-1270,1270,arc-051,20,回响,让眷恋线以硬证物返回，让跨域网络孵化层交出第20个可复查证据,一个分身胚胎命名权，并承认跨域网络不能再被旧层级命名,拓扑·造物与互联·盖亚信标折光246的核心危机吞掉本章缓冲，arc-051无法完成门槛封口,为得到“让眷恋线以硬证物返回，让跨域网络孵化层交出第20个可复查证据”，必须失去“一个分身胚胎命名权，并承认跨域网络不能再被旧层级命名”；若拒绝，“拓扑·造物与互联·盖亚信标折光246的核心危机吞掉本章缓冲，arc-051无法完成门槛封口”会提前发生。,detailed-v4
chapter-1271,1271,arc-051,21,回响,让眷恋线以硬证物返回，让盖亚信标外缘交出第21个可复查证据,一次他者信标翻译权，并承认盖亚信标不能再被旧层级命名,拓扑·造物与互联·欧米茄邀请折光247的核心危机吞掉本章缓冲，arc-051无法完成门槛封口,为得到“让眷恋线以硬证物返回，让盖亚信标外缘交出第21个可复查证据”，必须失去“一次他者信标翻译权，并承认盖亚信标不能再被旧层级命名”；若拒绝，“拓扑·造物与互联·欧米茄邀请折光247的核心危机吞掉本章缓冲，arc-051无法完成门槛封口”会提前发生。,detailed-v4
chapter-1272,1272,arc-051,22,回响,让眷恋线以硬证物返回，让欧米茄邀请通道交出第22个可复查证据,一条拓扑环内外区分，并承认欧米茄邀请不能再被旧层级命名,拓扑·造物与互联·融合奇点折光248的核心危机吞掉本章缓冲，arc-051无法完成门槛封口,为得到“让眷恋线以硬证物返回，让欧米茄邀请通道交出第22个可复查证据”，必须失去“一条拓扑环内外区分，并承认欧米茄邀请不能再被旧层级命名”；若拒绝，“拓扑·造物与互联·融合奇点折光248的核心危机吞掉本章缓冲，arc-051无法完成门槛封口”会提前发生。,detailed-v4
chapter-1273,1273,arc-051,23,门槛,把本组问题交给下一章群而不总结掉，让融合奇点的局部截面交出第23个可复查证据,一段独立性边界，并承认融合奇点不能再被旧层级命名,拓扑·造物与互联·高维边界折光249的核心危机吞掉本章缓冲，arc-051无法完成门槛封口,为得到“把本组问题交给下一章群而不总结掉，让融合奇点的局部截面交出第23个可复查证据”，必须失去“一段独立性边界，并承认融合奇点不能再被旧层级命名”；若拒绝，“拓扑·造物与互联·高维边界折光249的核心危机吞掉本章缓冲，arc-051无法完成门槛封口”会提前发生。,detailed-v4
chapter-1274,1274,arc-051,24,门槛,把本组问题交给下一章群而不总结掉，让高维边界的局部截面交出第24个可复查证据,一个分身胚胎命名权，并承认高维边界不能再被旧层级命名,拓扑·造物与互联·逻辑骨架折光250的核心危机吞掉本章缓冲，arc-051无法完成门槛封口,为得到“把本组问题交给下一章群而不总结掉，让高维边界的局部截面交出第24个可复查证据”，必须失去“一个分身胚胎命名权，并承认高维边界不能再被旧层级命名”；若拒绝，“拓扑·造物与互联·逻辑骨架折光250的核心危机吞掉本章缓冲，arc-051无法完成门槛封口”会提前发生。,detailed-v4
chapter-1275,1275,arc-051,25,门槛,把本组问题交给下一章群而不总结掉，让逻辑骨架的局部截面交出第25个可复查证据,一次他者信标翻译权，并承认逻辑骨架不能再被旧层级命名,拓扑·造物与互联·褶皱暗涌251的核心危机吞掉本章缓冲，arc-051无法完成门槛封口,为得到“把本组问题交给下一章群而不总结掉，让逻辑骨架的局部截面交出第25个可复查证据”，必须失去“一次他者信标翻译权，并承认逻辑骨架不能再被旧层级命名”；若拒绝，“拓扑·造物与互联·褶皱暗涌251的核心危机吞掉本章缓冲，arc-051无法完成门槛封口”会提前发生。,detailed-v4
chapter-1276,1276,arc-052,1,起因,确认异常不是孤立事故，让高维褶皱内壁交出第01个可复查证据,一段独立性边界，并承认褶皱不能再被旧层级命名,拓扑·造物与互联·拓扑环暗涌252的核心危机吞掉本章缓冲，arc-052无法完成门槛封口,为得到“确认异常不是孤立事故，让高维褶皱内壁交出第01个可复查证据”，必须失去“一段独立性边界，并承认褶皱不能再被旧层级命名”；若拒绝，“拓扑·造物与互联·拓扑环暗涌252的核心危机吞掉本章缓冲，arc-052无法完成门槛封口”会提前发生。,detailed-v4
chapter-1277,1277,arc-052,2,起因,确认异常不是孤立事故，让拓扑环接驳面交出第02个可复查证据,一个分身胚胎命名权，并承认拓扑环不能再被旧层级命名,拓扑·造物与互联·分身暗涌253的核心危机吞掉本章缓冲，arc-052无法完成门槛封口,为得到“确认异常不是孤立事故，让拓扑环接驳面交出第02个可复查证据”，必须失去“一个分身胚胎命名权，并承认拓扑环不能再被旧层级命名”；若拒绝，“拓扑·造物与互联·分身暗涌253的核心危机吞掉本章缓冲，arc-052无法完成门槛封口”会提前发生。,detailed-v4
chapter-1278,1278,arc-052,3,起因,确认异常不是孤立事故，让分身胚胎群交出第03个可复查证据,一次他者信标翻译权，并承认分身不能再被旧层级命名,拓扑·造物与互联·次级文明暗涌254的核心危机吞掉本章缓冲，arc-052无法完成门槛封口,为得到“确认异常不是孤立事故，让分身胚胎群交出第03个可复查证据”，必须失去“一次他者信标翻译权，并承认分身不能再被旧层级命名”；若拒绝，“拓扑·造物与互联·次级文明暗涌254的核心危机吞掉本章缓冲，arc-052无法完成门槛封口”会提前发生。,detailed-v4
chapter-1279,1279,arc-052,4,起因,确认异常不是孤立事故，让次级文明第一座观测塔交出第04个可复查证据,一条拓扑环内外区分，并承认次级文明不能再被旧层级命名,拓扑·造物与互联·跨域网络暗涌255的核心危机吞掉本章缓冲，arc-052无法完成门槛封口,为得到“确认异常不是孤立事故，让次级文明第一座观测塔交出第04个可复查证据”，必须失去“一条拓扑环内外区分，并承认次级文明不能再被旧层级命名”；若拒绝，“拓扑·造物与互联·跨域网络暗涌255的核心危机吞掉本章缓冲，arc-052无法完成门槛封口”会提前发生。,detailed-v4
chapter-1280,1280,arc-052,5,反证,推翻旧模型仍可解释一切的假设，让跨域网络孵化层交出第05个可复查证据,一段独立性边界，并承认跨域网络不能再被旧层级命名,拓扑·融合前夜·盖亚信标暗涌256的核心危机吞掉本章缓冲，arc-052无法完成门槛封口,为得到“推翻旧模型仍可解释一切的假设，让跨域网络孵化层交出第05个可复查证据”，必须失去“一段独立性边界，并承认跨域网络不能再被旧层级命名”；若拒绝，“拓扑·融合前夜·盖亚信标暗涌256的核心危机吞掉本章缓冲，arc-052无法完成门槛封口”会提前发生。,detailed-v4
chapter-1281,1281,arc-052,6,反证,推翻旧模型仍可解释一切的假设，让盖亚信标外缘交出第06个可复查证据,一个分身胚胎命名权，并承认盖亚信标不能再被旧层级命名,拓扑·融合前夜·欧米茄邀请暗涌257的核心危机吞掉本章缓冲，arc-052无法完成门槛封口,为得到“推翻旧模型仍可解释一切的假设，让盖亚信标外缘交出第06个可复查证据”，必须失去“一个分身胚胎命名权，并承认盖亚信标不能再被旧层级命名”；若拒绝，“拓扑·融合前夜·欧米茄邀请暗涌257的核心危机吞掉本章缓冲，arc-052无法完成门槛封口”会提前发生。,detailed-v4
chapter-1282,1282,arc-052,7,反证,推翻旧模型仍可解释一切的假设，让欧米茄邀请通道交出第07个可复查证据,一次他者信标翻译权，并承认欧米茄邀请不能再被旧层级命名,拓扑·融合前夜·融合奇点暗涌258的核心危机吞掉本章缓冲，arc-052无法完成门槛封口,为得到“推翻旧模型仍可解释一切的假设，让欧米茄邀请通道交出第07个可复查证据”，必须失去“一次他者信标翻译权，并承认欧米茄邀请不能再被旧层级命名”；若拒绝，“拓扑·融合前夜·融合奇点暗涌258的核心危机吞掉本章缓冲，arc-052无法完成门槛封口”会提前发生。,detailed-v4
chapter-1283,1283,arc-052,8,反证,推翻旧模型仍可解释一切的假设，让融合奇点的局部截面交出第08个可复查证据,一条拓扑环内外区分，并承认融合奇点不能再被旧层级命名,拓扑·融合前夜·高维边界暗涌259的核心危机吞掉本章缓冲，arc-052无法完成门槛封口,为得到“推翻旧模型仍可解释一切的假设，让融合奇点的局部截面交出第08个可复查证据”，必须失去“一条拓扑环内外区分，并承认融合奇点不能再被旧层级命名”；若拒绝，“拓扑·融合前夜·高维边界暗涌259的核心危机吞掉本章缓冲，arc-052无法完成门槛封口”会提前发生。,detailed-v4
chapter-1284,1284,arc-052,9,代价,换取一次继续观测的资格，让高维边界的局部截面交出第09个可复查证据,一段独立性边界，并承认高维边界不能再被旧层级命名,拓扑·融合前夜·逻辑骨架暗涌260的核心危机吞掉本章缓冲，arc-052无法完成门槛封口,为得到“换取一次继续观测的资格，让高维边界的局部截面交出第09个可复查证据”，必须失去“一段独立性边界，并承认高维边界不能再被旧层级命名”；若拒绝，“拓扑·融合前夜·逻辑骨架暗涌260的核心危机吞掉本章缓冲，arc-052无法完成门槛封口”会提前发生。,detailed-v4
chapter-1285,1285,arc-052,10,代价,换取一次继续观测的资格，让逻辑骨架的局部截面交出第10个可复查证据,一个分身胚胎命名权，并承认逻辑骨架不能再被旧层级命名,拓扑·融合前夜·褶皱证词261的核心危机吞掉本章缓冲，arc-052无法完成门槛封口,为得到“换取一次继续观测的资格，让逻辑骨架的局部截面交出第10个可复查证据”，必须失去“一个分身胚胎命名权，并承认逻辑骨架不能再被旧层级命名”；若拒绝，“拓扑·融合前夜·褶皱证词261的核心危机吞掉本章缓冲，arc-052无法完成门槛封口”会提前发生。,detailed-v4
chapter-1286,1286,arc-052,11,代价,换取一次继续观测的资格，让高维褶皱内壁交出第11个可复查证据,一次他者信标翻译权，并承认褶皱不能再被旧层级命名,拓扑·融合前夜·拓扑环证词262的核心危机吞掉本章缓冲，arc-052无法完成门槛封口,为得到“换取一次继续观测的资格，让高维褶皱内壁交出第11个可复查证据”，必须失去“一次他者信标翻译权，并承认褶皱不能再被旧层级命名”；若拒绝，“拓扑·融合前夜·拓扑环证词262的核心危机吞掉本章缓冲，arc-052无法完成门槛封口”会提前发生。,detailed-v4
chapter-1287,1287,arc-052,12,误判,暴露角色仍误信的判断方式，让拓扑环接驳面交出第12个可复查证据,一条拓扑环内外区分，并承认拓扑环不能再被旧层级命名,拓扑·融合前夜·分身证词263的核心危机吞掉本章缓冲，arc-052无法完成门槛封口,为得到“暴露角色仍误信的判断方式，让拓扑环接驳面交出第12个可复查证据”，必须失去“一条拓扑环内外区分，并承认拓扑环不能再被旧层级命名”；若拒绝，“拓扑·融合前夜·分身证词263的核心危机吞掉本章缓冲，arc-052无法完成门槛封口”会提前发生。,detailed-v4
chapter-1288,1288,arc-052,13,误判,暴露角色仍误信的判断方式，让分身胚胎群交出第13个可复查证据,一段独立性边界，并承认分身不能再被旧层级命名,拓扑·融合前夜·次级文明证词264的核心危机吞掉本章缓冲，arc-052无法完成门槛封口,为得到“暴露角色仍误信的判断方式，让分身胚胎群交出第13个可复查证据”，必须失去“一段独立性边界，并承认分身不能再被旧层级命名”；若拒绝，“拓扑·融合前夜·次级文明证词264的核心危机吞掉本章缓冲，arc-052无法完成门槛封口”会提前发生。,detailed-v4
chapter-1289,1289,arc-052,14,误判,暴露角色仍误信的判断方式，让次级文明第一座观测塔交出第14个可复查证据,一个分身胚胎命名权，并承认次级文明不能再被旧层级命名,拓扑·融合前夜·跨域网络证词265的核心危机吞掉本章缓冲，arc-052无法完成门槛封口,为得到“暴露角色仍误信的判断方式，让次级文明第一座观测塔交出第14个可复查证据”，必须失去“一个分身胚胎命名权，并承认次级文明不能再被旧层级命名”；若拒绝，“拓扑·融合前夜·跨域网络证词265的核心危机吞掉本章缓冲，arc-052无法完成门槛封口”会提前发生。,detailed-v4
chapter-1290,1290,arc-052,15,误判,暴露角色仍误信的判断方式，让跨域网络孵化层交出第15个可复查证据,一次他者信标翻译权，并承认跨域网络不能再被旧层级命名,拓扑·融合前夜·盖亚信标证词266的核心危机吞掉本章缓冲，arc-052无法完成门槛封口,为得到“暴露角色仍误信的判断方式，让跨域网络孵化层交出第15个可复查证据”，必须失去“一次他者信标翻译权，并承认跨域网络不能再被旧层级命名”；若拒绝，“拓扑·融合前夜·盖亚信标证词266的核心危机吞掉本章缓冲，arc-052无法完成门槛封口”会提前发生。,detailed-v4
chapter-1291,1291,arc-052,16,失控,把异常限制在可写的物理边界内，让盖亚信标外缘交出第16个可复查证据,一条拓扑环内外区分，并承认盖亚信标不能再被旧层级命名,拓扑·融合前夜·欧米茄邀请证词267的核心危机吞掉本章缓冲，arc-052无法完成门槛封口,为得到“把异常限制在可写的物理边界内，让盖亚信标外缘交出第16个可复查证据”，必须失去“一条拓扑环内外区分，并承认盖亚信标不能再被旧层级命名”；若拒绝，“拓扑·融合前夜·欧米茄邀请证词267的核心危机吞掉本章缓冲，arc-052无法完成门槛封口”会提前发生。,detailed-v4
chapter-1292,1292,arc-052,17,失控,把异常限制在可写的物理边界内，让欧米茄邀请通道交出第17个可复查证据,一段独立性边界，并承认欧米茄邀请不能再被旧层级命名,拓扑·融合前夜·融合奇点证词268的核心危机吞掉本章缓冲，arc-052无法完成门槛封口,为得到“把异常限制在可写的物理边界内，让欧米茄邀请通道交出第17个可复查证据”，必须失去“一段独立性边界，并承认欧米茄邀请不能再被旧层级命名”；若拒绝，“拓扑·融合前夜·融合奇点证词268的核心危机吞掉本章缓冲，arc-052无法完成门槛封口”会提前发生。,detailed-v4
chapter-1293,1293,arc-052,18,失控,把异常限制在可写的物理边界内，让融合奇点的局部截面交出第18个可复查证据,一个分身胚胎命名权，并承认融合奇点不能再被旧层级命名,拓扑·融合前夜·高维边界证词269的核心危机吞掉本章缓冲，arc-052无法完成门槛封口,为得到“把异常限制在可写的物理边界内，让融合奇点的局部截面交出第18个可复查证据”，必须失去“一个分身胚胎命名权，并承认融合奇点不能再被旧层级命名”；若拒绝，“拓扑·融合前夜·高维边界证词269的核心危机吞掉本章缓冲，arc-052无法完成门槛封口”会提前发生。,detailed-v4
chapter-1294,1294,arc-052,19,失控,把异常限制在可写的物理边界内，让高维边界的局部截面交出第19个可复查证据,一次他者信标翻译权，并承认高维边界不能再被旧层级命名,拓扑·融合前夜·逻辑骨架证词270的核心危机吞掉本章缓冲，arc-052无法完成门槛封口,为得到“把异常限制在可写的物理边界内，让高维边界的局部截面交出第19个可复查证据”，必须失去“一次他者信标翻译权，并承认高维边界不能再被旧层级命名”；若拒绝，“拓扑·融合前夜·逻辑骨架证词270的核心危机吞掉本章缓冲，arc-052无法完成门槛封口”会提前发生。,detailed-v4
chapter-1295,1295,arc-052,20,回响,让眷恋线以硬证物返回，让逻辑骨架的局部截面交出第20个可复查证据,一条拓扑环内外区分，并承认逻辑骨架不能再被旧层级命名,拓扑·融合前夜·褶皱坠落271的核心危机吞掉本章缓冲，arc-052无法完成门槛封口,为得到“让眷恋线以硬证物返回，让逻辑骨架的局部截面交出第20个可复查证据”，必须失去“一条拓扑环内外区分，并承认逻辑骨架不能再被旧层级命名”；若拒绝，“拓扑·融合前夜·褶皱坠落271的核心危机吞掉本章缓冲，arc-052无法完成门槛封口”会提前发生。,detailed-v4
chapter-1296,1296,arc-052,21,回响,让眷恋线以硬证物返回，让高维褶皱内壁交出第21个可复查证据,一段独立性边界，并承认褶皱不能再被旧层级命名,拓扑·融合前夜·拓扑环坠落272的核心危机吞掉本章缓冲，arc-052无法完成门槛封口,为得到“让眷恋线以硬证物返回，让高维褶皱内壁交出第21个可复查证据”，必须失去“一段独立性边界，并承认褶皱不能再被旧层级命名”；若拒绝，“拓扑·融合前夜·拓扑环坠落272的核心危机吞掉本章缓冲，arc-052无法完成门槛封口”会提前发生。,detailed-v4
chapter-1297,1297,arc-052,22,回响,让眷恋线以硬证物返回，让拓扑环接驳面交出第22个可复查证据,一个分身胚胎命名权，并承认拓扑环不能再被旧层级命名,拓扑·融合前夜·分身坠落273的核心危机吞掉本章缓冲，arc-052无法完成门槛封口,为得到“让眷恋线以硬证物返回，让拓扑环接驳面交出第22个可复查证据”，必须失去“一个分身胚胎命名权，并承认拓扑环不能再被旧层级命名”；若拒绝，“拓扑·融合前夜·分身坠落273的核心危机吞掉本章缓冲，arc-052无法完成门槛封口”会提前发生。,detailed-v4
chapter-1298,1298,arc-052,23,门槛,把本组问题交给下一章群而不总结掉，让分身胚胎群交出第23个可复查证据,一次他者信标翻译权，并承认分身不能再被旧层级命名,拓扑·融合前夜·次级文明坠落274的核心危机吞掉本章缓冲，arc-052无法完成门槛封口,为得到“把本组问题交给下一章群而不总结掉，让分身胚胎群交出第23个可复查证据”，必须失去“一次他者信标翻译权，并承认分身不能再被旧层级命名”；若拒绝，“拓扑·融合前夜·次级文明坠落274的核心危机吞掉本章缓冲，arc-052无法完成门槛封口”会提前发生。,detailed-v4
chapter-1299,1299,arc-052,24,门槛,把本组问题交给下一章群而不总结掉，让次级文明第一座观测塔交出第24个可复查证据,一条拓扑环内外区分，并承认次级文明不能再被旧层级命名,拓扑·融合前夜·跨域网络坠落275的核心危机吞掉本章缓冲，arc-052无法完成门槛封口,为得到“把本组问题交给下一章群而不总结掉，让次级文明第一座观测塔交出第24个可复查证据”，必须失去“一条拓扑环内外区分，并承认次级文明不能再被旧层级命名”；若拒绝，“拓扑·融合前夜·跨域网络坠落275的核心危机吞掉本章缓冲，arc-052无法完成门槛封口”会提前发生。,detailed-v4
chapter-1300,1300,arc-052,25,门槛,把本组问题交给下一章群而不总结掉，让跨域网络孵化层交出第25个可复查证据,一段独立性边界，并承认跨域网络不能再被旧层级命名,拓扑·融合前夜·盖亚信标坠落276的核心危机吞掉本章缓冲，arc-052无法完成门槛封口,为得到“把本组问题交给下一章群而不总结掉，让跨域网络孵化层交出第25个可复查证据”，必须失去“一段独立性边界，并承认跨域网络不能再被旧层级命名”；若拒绝，“拓扑·融合前夜·盖亚信标坠落276的核心危机吞掉本章缓冲，arc-052无法完成门槛封口”会提前发生。,detailed-v4
chapter-1301,1301,arc-053,1,起因,确认异常不是孤立事故，让盖亚信标外缘交出第01个可复查证据,一次他者信标翻译权，并承认盖亚信标不能再被旧层级命名,拓扑·融合前夜·欧米茄邀请坠落277的核心危机吞掉本章缓冲，arc-053无法完成门槛封口,为得到“确认异常不是孤立事故，让盖亚信标外缘交出第01个可复查证据”，必须失去“一次他者信标翻译权，并承认盖亚信标不能再被旧层级命名”；若拒绝，“拓扑·融合前夜·欧米茄邀请坠落277的核心危机吞掉本章缓冲，arc-053无法完成门槛封口”会提前发生。,detailed-v4
chapter-1302,1302,arc-053,2,起因,确认异常不是孤立事故，让欧米茄邀请通道交出第02个可复查证据,一条拓扑环内外区分，并承认欧米茄邀请不能再被旧层级命名,拓扑·融合前夜·融合奇点坠落278的核心危机吞掉本章缓冲，arc-053无法完成门槛封口,为得到“确认异常不是孤立事故，让欧米茄邀请通道交出第02个可复查证据”，必须失去“一条拓扑环内外区分，并承认欧米茄邀请不能再被旧层级命名”；若拒绝，“拓扑·融合前夜·融合奇点坠落278的核心危机吞掉本章缓冲，arc-053无法完成门槛封口”会提前发生。,detailed-v4
chapter-1303,1303,arc-053,3,起因,确认异常不是孤立事故，让融合奇点的局部截面交出第03个可复查证据,一段独立性边界，并承认融合奇点不能再被旧层级命名,拓扑·融合前夜·高维边界坠落279的核心危机吞掉本章缓冲，arc-053无法完成门槛封口,为得到“确认异常不是孤立事故，让融合奇点的局部截面交出第03个可复查证据”，必须失去“一段独立性边界，并承认融合奇点不能再被旧层级命名”；若拒绝，“拓扑·融合前夜·高维边界坠落279的核心危机吞掉本章缓冲，arc-053无法完成门槛封口”会提前发生。,detailed-v4
chapter-1304,1304,arc-053,4,起因,确认异常不是孤立事故，让高维边界的局部截面交出第04个可复查证据,一个分身胚胎命名权，并承认高维边界不能再被旧层级命名,拓扑·融合前夜·逻辑骨架坠落280的核心危机吞掉本章缓冲，arc-053无法完成门槛封口,为得到“确认异常不是孤立事故，让高维边界的局部截面交出第04个可复查证据”，必须失去“一个分身胚胎命名权，并承认高维边界不能再被旧层级命名”；若拒绝，“拓扑·融合前夜·逻辑骨架坠落280的核心危机吞掉本章缓冲，arc-053无法完成门槛封口”会提前发生。,detailed-v4
chapter-1305,1305,arc-053,5,反证,推翻旧模型仍可解释一切的假设，让逻辑骨架的局部截面交出第05个可复查证据,一次他者信标翻译权，并承认逻辑骨架不能再被旧层级命名,拓扑·融合前夜·褶皱重构281的核心危机吞掉本章缓冲，arc-053无法完成门槛封口,为得到“推翻旧模型仍可解释一切的假设，让逻辑骨架的局部截面交出第05个可复查证据”，必须失去“一次他者信标翻译权，并承认逻辑骨架不能再被旧层级命名”；若拒绝，“拓扑·融合前夜·褶皱重构281的核心危机吞掉本章缓冲，arc-053无法完成门槛封口”会提前发生。,detailed-v4
chapter-1306,1306,arc-053,6,反证,推翻旧模型仍可解释一切的假设，让褶皱重构的局部截面交出第06个可复查证据,一条拓扑环内外区分，并承认褶皱重构不能再被旧层级命名,拓扑·融合前夜·拓扑环重构282的核心危机吞掉本章缓冲，arc-053无法完成门槛封口,为得到“推翻旧模型仍可解释一切的假设，让褶皱重构的局部截面交出第06个可复查证据”，必须失去“一条拓扑环内外区分，并承认褶皱重构不能再被旧层级命名”；若拒绝，“拓扑·融合前夜·拓扑环重构282的核心危机吞掉本章缓冲，arc-053无法完成门槛封口”会提前发生。,detailed-v4
chapter-1307,1307,arc-053,7,反证,推翻旧模型仍可解释一切的假设，让拓扑环重构的局部截面交出第07个可复查证据,一段独立性边界，并承认拓扑环重构不能再被旧层级命名,拓扑·融合前夜·分身重构283的核心危机吞掉本章缓冲，arc-053无法完成门槛封口,为得到“推翻旧模型仍可解释一切的假设，让拓扑环重构的局部截面交出第07个可复查证据”，必须失去“一段独立性边界，并承认拓扑环重构不能再被旧层级命名”；若拒绝，“拓扑·融合前夜·分身重构283的核心危机吞掉本章缓冲，arc-053无法完成门槛封口”会提前发生。,detailed-v4
chapter-1308,1308,arc-053,8,反证,推翻旧模型仍可解释一切的假设，让分身重构的局部截面交出第08个可复查证据,一个分身胚胎命名权，并承认分身重构不能再被旧层级命名,拓扑·融合前夜·次级文明重构284的核心危机吞掉本章缓冲，arc-053无法完成门槛封口,为得到“推翻旧模型仍可解释一切的假设，让分身重构的局部截面交出第08个可复查证据”，必须失去“一个分身胚胎命名权，并承认分身重构不能再被旧层级命名”；若拒绝，“拓扑·融合前夜·次级文明重构284的核心危机吞掉本章缓冲，arc-053无法完成门槛封口”会提前发生。,detailed-v4
chapter-1309,1309,arc-053,9,代价,换取一次继续观测的资格，让次级文明重构的局部截面交出第09个可复查证据,一次他者信标翻译权，并承认次级文明重构不能再被旧层级命名,拓扑·融合前夜·跨域网络重构285的核心危机吞掉本章缓冲，arc-053无法完成门槛封口,为得到“换取一次继续观测的资格，让次级文明重构的局部截面交出第09个可复查证据”，必须失去“一次他者信标翻译权，并承认次级文明重构不能再被旧层级命名”；若拒绝，“拓扑·融合前夜·跨域网络重构285的核心危机吞掉本章缓冲，arc-053无法完成门槛封口”会提前发生。,detailed-v4
chapter-1310,1310,arc-053,10,代价,换取一次继续观测的资格，让跨域网络重构的局部截面交出第10个可复查证据,一条拓扑环内外区分，并承认跨域网络重构不能再被旧层级命名,拓扑·融合前夜·盖亚信标重构286的核心危机吞掉本章缓冲，arc-053无法完成门槛封口,为得到“换取一次继续观测的资格，让跨域网络重构的局部截面交出第10个可复查证据”，必须失去“一条拓扑环内外区分，并承认跨域网络重构不能再被旧层级命名”；若拒绝，“拓扑·融合前夜·盖亚信标重构286的核心危机吞掉本章缓冲，arc-053无法完成门槛封口”会提前发生。,detailed-v4
chapter-1311,1311,arc-053,11,代价,换取一次继续观测的资格，让盖亚信标重构的局部截面交出第11个可复查证据,一段独立性边界，并承认盖亚信标重构不能再被旧层级命名,拓扑·融合前夜·欧米茄邀请重构287的核心危机吞掉本章缓冲，arc-053无法完成门槛封口,为得到“换取一次继续观测的资格，让盖亚信标重构的局部截面交出第11个可复查证据”，必须失去“一段独立性边界，并承认盖亚信标重构不能再被旧层级命名”；若拒绝，“拓扑·融合前夜·欧米茄邀请重构287的核心危机吞掉本章缓冲，arc-053无法完成门槛封口”会提前发生。,detailed-v4
chapter-1312,1312,arc-053,12,误判,暴露角色仍误信的判断方式，让欧米茄邀请重构的局部截面交出第12个可复查证据,一个分身胚胎命名权，并承认欧米茄邀请重构不能再被旧层级命名,拓扑·融合前夜·融合奇点重构288的核心危机吞掉本章缓冲，arc-053无法完成门槛封口,为得到“暴露角色仍误信的判断方式，让欧米茄邀请重构的局部截面交出第12个可复查证据”，必须失去“一个分身胚胎命名权，并承认欧米茄邀请重构不能再被旧层级命名”；若拒绝，“拓扑·融合前夜·融合奇点重构288的核心危机吞掉本章缓冲，arc-053无法完成门槛封口”会提前发生。,detailed-v4
chapter-1313,1313,arc-053,13,误判,暴露角色仍误信的判断方式，让融合奇点重构的局部截面交出第13个可复查证据,一次他者信标翻译权，并承认融合奇点重构不能再被旧层级命名,拓扑·融合前夜·高维边界重构289的核心危机吞掉本章缓冲，arc-053无法完成门槛封口,为得到“暴露角色仍误信的判断方式，让融合奇点重构的局部截面交出第13个可复查证据”，必须失去“一次他者信标翻译权，并承认融合奇点重构不能再被旧层级命名”；若拒绝，“拓扑·融合前夜·高维边界重构289的核心危机吞掉本章缓冲，arc-053无法完成门槛封口”会提前发生。,detailed-v4
chapter-1314,1314,arc-053,14,误判,暴露角色仍误信的判断方式，让高维边界重构的局部截面交出第14个可复查证据,一条拓扑环内外区分，并承认高维边界重构不能再被旧层级命名,拓扑·融合前夜·逻辑骨架重构290的核心危机吞掉本章缓冲，arc-053无法完成门槛封口,为得到“暴露角色仍误信的判断方式，让高维边界重构的局部截面交出第14个可复查证据”，必须失去“一条拓扑环内外区分，并承认高维边界重构不能再被旧层级命名”；若拒绝，“拓扑·融合前夜·逻辑骨架重构290的核心危机吞掉本章缓冲，arc-053无法完成门槛封口”会提前发生。,detailed-v4
chapter-1315,1315,arc-053,15,误判,暴露角色仍误信的判断方式，让逻辑骨架重构的局部截面交出第15个可复查证据,一段独立性边界，并承认逻辑骨架重构不能再被旧层级命名,拓扑·融合前夜·褶皱余震291的核心危机吞掉本章缓冲，arc-053无法完成门槛封口,为得到“暴露角色仍误信的判断方式，让逻辑骨架重构的局部截面交出第15个可复查证据”，必须失去“一段独立性边界，并承认逻辑骨架重构不能再被旧层级命名”；若拒绝，“拓扑·融合前夜·褶皱余震291的核心危机吞掉本章缓冲，arc-053无法完成门槛封口”会提前发生。,detailed-v4
chapter-1316,1316,arc-053,16,失控,把异常限制在可写的物理边界内，让高维褶皱内壁交出第16个可复查证据,一个分身胚胎命名权，并承认褶皱不能再被旧层级命名,拓扑·融合前夜·拓扑环余震292的核心危机吞掉本章缓冲，arc-053无法完成门槛封口,为得到“把异常限制在可写的物理边界内，让高维褶皱内壁交出第16个可复查证据”，必须失去“一个分身胚胎命名权，并承认褶皱不能再被旧层级命名”；若拒绝，“拓扑·融合前夜·拓扑环余震292的核心危机吞掉本章缓冲，arc-053无法完成门槛封口”会提前发生。,detailed-v4
chapter-1317,1317,arc-053,17,失控,把异常限制在可写的物理边界内，让拓扑环接驳面交出第17个可复查证据,一次他者信标翻译权，并承认拓扑环不能再被旧层级命名,拓扑·融合前夜·分身余震293的核心危机吞掉本章缓冲，arc-053无法完成门槛封口,为得到“把异常限制在可写的物理边界内，让拓扑环接驳面交出第17个可复查证据”，必须失去“一次他者信标翻译权，并承认拓扑环不能再被旧层级命名”；若拒绝，“拓扑·融合前夜·分身余震293的核心危机吞掉本章缓冲，arc-053无法完成门槛封口”会提前发生。,detailed-v4
chapter-1318,1318,arc-053,18,失控,把异常限制在可写的物理边界内，让分身胚胎群交出第18个可复查证据,一条拓扑环内外区分，并承认分身不能再被旧层级命名,拓扑·融合前夜·次级文明余震294的核心危机吞掉本章缓冲，arc-053无法完成门槛封口,为得到“把异常限制在可写的物理边界内，让分身胚胎群交出第18个可复查证据”，必须失去“一条拓扑环内外区分，并承认分身不能再被旧层级命名”；若拒绝，“拓扑·融合前夜·次级文明余震294的核心危机吞掉本章缓冲，arc-053无法完成门槛封口”会提前发生。,detailed-v4
chapter-1319,1319,arc-053,19,失控,把异常限制在可写的物理边界内，让次级文明第一座观测塔交出第19个可复查证据,一段独立性边界，并承认次级文明不能再被旧层级命名,拓扑·融合前夜·跨域网络余震295的核心危机吞掉本章缓冲，arc-053无法完成门槛封口,为得到“把异常限制在可写的物理边界内，让次级文明第一座观测塔交出第19个可复查证据”，必须失去“一段独立性边界，并承认次级文明不能再被旧层级命名”；若拒绝，“拓扑·融合前夜·跨域网络余震295的核心危机吞掉本章缓冲，arc-053无法完成门槛封口”会提前发生。,detailed-v4
chapter-1320,1320,arc-053,20,回响,让眷恋线以硬证物返回，让跨域网络孵化层交出第20个可复查证据,一个分身胚胎命名权，并承认跨域网络不能再被旧层级命名,拓扑·融合前夜·盖亚信标余震296的核心危机吞掉本章缓冲，arc-053无法完成门槛封口,为得到“让眷恋线以硬证物返回，让跨域网络孵化层交出第20个可复查证据”，必须失去“一个分身胚胎命名权，并承认跨域网络不能再被旧层级命名”；若拒绝，“拓扑·融合前夜·盖亚信标余震296的核心危机吞掉本章缓冲，arc-053无法完成门槛封口”会提前发生。,detailed-v4
chapter-1321,1321,arc-053,21,回响,让眷恋线以硬证物返回，让盖亚信标外缘交出第21个可复查证据,一次他者信标翻译权，并承认盖亚信标不能再被旧层级命名,拓扑·融合前夜·欧米茄邀请余震297的核心危机吞掉本章缓冲，arc-053无法完成门槛封口,为得到“让眷恋线以硬证物返回，让盖亚信标外缘交出第21个可复查证据”，必须失去“一次他者信标翻译权，并承认盖亚信标不能再被旧层级命名”；若拒绝，“拓扑·融合前夜·欧米茄邀请余震297的核心危机吞掉本章缓冲，arc-053无法完成门槛封口”会提前发生。,detailed-v4
chapter-1322,1322,arc-053,22,回响,让眷恋线以硬证物返回，让欧米茄邀请通道交出第22个可复查证据,一条拓扑环内外区分，并承认欧米茄邀请不能再被旧层级命名,拓扑·融合前夜·融合奇点余震298的核心危机吞掉本章缓冲，arc-053无法完成门槛封口,为得到“让眷恋线以硬证物返回，让欧米茄邀请通道交出第22个可复查证据”，必须失去“一条拓扑环内外区分，并承认欧米茄邀请不能再被旧层级命名”；若拒绝，“拓扑·融合前夜·融合奇点余震298的核心危机吞掉本章缓冲，arc-053无法完成门槛封口”会提前发生。,detailed-v4
chapter-1323,1323,arc-053,23,门槛,把本组问题交给下一章群而不总结掉，让融合奇点的局部截面交出第23个可复查证据,一段独立性边界，并承认融合奇点不能再被旧层级命名,拓扑·融合前夜·高维边界余震299的核心危机吞掉本章缓冲，arc-053无法完成门槛封口,为得到“把本组问题交给下一章群而不总结掉，让融合奇点的局部截面交出第23个可复查证据”，必须失去“一段独立性边界，并承认融合奇点不能再被旧层级命名”；若拒绝，“拓扑·融合前夜·高维边界余震299的核心危机吞掉本章缓冲，arc-053无法完成门槛封口”会提前发生。,detailed-v4
chapter-1324,1324,arc-053,24,门槛,把本组问题交给下一章群而不总结掉，让高维边界的局部截面交出第24个可复查证据,一个分身胚胎命名权，并承认高维边界不能再被旧层级命名,拓扑·融合前夜·逻辑骨架余震300的核心危机吞掉本章缓冲，arc-053无法完成门槛封口,为得到“把本组问题交给下一章群而不总结掉，让高维边界的局部截面交出第24个可复查证据”，必须失去“一个分身胚胎命名权，并承认高维边界不能再被旧层级命名”；若拒绝，“拓扑·融合前夜·逻辑骨架余震300的核心危机吞掉本章缓冲，arc-053无法完成门槛封口”会提前发生。,detailed-v4
chapter-1325,1325,arc-053,25,门槛,把本组问题交给下一章群而不总结掉，让逻辑骨架的局部截面交出第25个可复查证据,一次他者信标翻译权，并承认逻辑骨架不能再被旧层级命名,拓扑·融合前夜·褶皱初醒301的核心危机吞掉本章缓冲，arc-053无法完成门槛封口,为得到“把本组问题交给下一章群而不总结掉，让逻辑骨架的局部截面交出第25个可复查证据”，必须失去“一次他者信标翻译权，并承认逻辑骨架不能再被旧层级命名”；若拒绝，“拓扑·融合前夜·褶皱初醒301的核心危机吞掉本章缓冲，arc-053无法完成门槛封口”会提前发生。,detailed-v4
chapter-1326,1326,arc-054,1,起因,确认异常不是孤立事故，让高维褶皱内壁交出第01个可复查证据,一段独立性边界，并承认褶皱不能再被旧层级命名,拓扑·融合前夜·拓扑环初醒302的核心危机吞掉本章缓冲，arc-054无法完成门槛封口,为得到“确认异常不是孤立事故，让高维褶皱内壁交出第01个可复查证据”，必须失去“一段独立性边界，并承认褶皱不能再被旧层级命名”；若拒绝，“拓扑·融合前夜·拓扑环初醒302的核心危机吞掉本章缓冲，arc-054无法完成门槛封口”会提前发生。,detailed-v4
chapter-1327,1327,arc-054,2,起因,确认异常不是孤立事故，让拓扑环接驳面交出第02个可复查证据,一个分身胚胎命名权，并承认拓扑环不能再被旧层级命名,拓扑·融合前夜·分身初醒303的核心危机吞掉本章缓冲，arc-054无法完成门槛封口,为得到“确认异常不是孤立事故，让拓扑环接驳面交出第02个可复查证据”，必须失去“一个分身胚胎命名权，并承认拓扑环不能再被旧层级命名”；若拒绝，“拓扑·融合前夜·分身初醒303的核心危机吞掉本章缓冲，arc-054无法完成门槛封口”会提前发生。,detailed-v4
chapter-1328,1328,arc-054,3,起因,确认异常不是孤立事故，让分身胚胎群交出第03个可复查证据,一次他者信标翻译权，并承认分身不能再被旧层级命名,拓扑·融合前夜·次级文明初醒304的核心危机吞掉本章缓冲，arc-054无法完成门槛封口,为得到“确认异常不是孤立事故，让分身胚胎群交出第03个可复查证据”，必须失去“一次他者信标翻译权，并承认分身不能再被旧层级命名”；若拒绝，“拓扑·融合前夜·次级文明初醒304的核心危机吞掉本章缓冲，arc-054无法完成门槛封口”会提前发生。,detailed-v4
chapter-1329,1329,arc-054,4,起因,确认异常不是孤立事故，让次级文明第一座观测塔交出第04个可复查证据,一条拓扑环内外区分，并承认次级文明不能再被旧层级命名,拓扑·融合前夜·跨域网络初醒305的核心危机吞掉本章缓冲，arc-054无法完成门槛封口,为得到“确认异常不是孤立事故，让次级文明第一座观测塔交出第04个可复查证据”，必须失去“一条拓扑环内外区分，并承认次级文明不能再被旧层级命名”；若拒绝，“拓扑·融合前夜·跨域网络初醒305的核心危机吞掉本章缓冲，arc-054无法完成门槛封口”会提前发生。,detailed-v4
chapter-1330,1330,arc-054,5,反证,推翻旧模型仍可解释一切的假设，让跨域网络孵化层交出第05个可复查证据,一段独立性边界，并承认跨域网络不能再被旧层级命名,拓扑·融合前夜·盖亚信标初醒306的核心危机吞掉本章缓冲，arc-054无法完成门槛封口,为得到“推翻旧模型仍可解释一切的假设，让跨域网络孵化层交出第05个可复查证据”，必须失去“一段独立性边界，并承认跨域网络不能再被旧层级命名”；若拒绝，“拓扑·融合前夜·盖亚信标初醒306的核心危机吞掉本章缓冲，arc-054无法完成门槛封口”会提前发生。,detailed-v4
chapter-1331,1331,arc-054,6,反证,推翻旧模型仍可解释一切的假设，让盖亚信标外缘交出第06个可复查证据,一个分身胚胎命名权，并承认盖亚信标不能再被旧层级命名,拓扑·融合前夜·欧米茄邀请初醒307的核心危机吞掉本章缓冲，arc-054无法完成门槛封口,为得到“推翻旧模型仍可解释一切的假设，让盖亚信标外缘交出第06个可复查证据”，必须失去“一个分身胚胎命名权，并承认盖亚信标不能再被旧层级命名”；若拒绝，“拓扑·融合前夜·欧米茄邀请初醒307的核心危机吞掉本章缓冲，arc-054无法完成门槛封口”会提前发生。,detailed-v4
chapter-1332,1332,arc-054,7,反证,推翻旧模型仍可解释一切的假设，让欧米茄邀请通道交出第07个可复查证据,一次他者信标翻译权，并承认欧米茄邀请不能再被旧层级命名,拓扑·融合前夜·融合奇点初醒308的核心危机吞掉本章缓冲，arc-054无法完成门槛封口,为得到“推翻旧模型仍可解释一切的假设，让欧米茄邀请通道交出第07个可复查证据”，必须失去“一次他者信标翻译权，并承认欧米茄邀请不能再被旧层级命名”；若拒绝，“拓扑·融合前夜·融合奇点初醒308的核心危机吞掉本章缓冲，arc-054无法完成门槛封口”会提前发生。,detailed-v4
chapter-1333,1333,arc-054,8,反证,推翻旧模型仍可解释一切的假设，让融合奇点的局部截面交出第08个可复查证据,一条拓扑环内外区分，并承认融合奇点不能再被旧层级命名,拓扑·融合前夜·高维边界初醒309的核心危机吞掉本章缓冲，arc-054无法完成门槛封口,为得到“推翻旧模型仍可解释一切的假设，让融合奇点的局部截面交出第08个可复查证据”，必须失去“一条拓扑环内外区分，并承认融合奇点不能再被旧层级命名”；若拒绝，“拓扑·融合前夜·高维边界初醒309的核心危机吞掉本章缓冲，arc-054无法完成门槛封口”会提前发生。,detailed-v4
chapter-1334,1334,arc-054,9,代价,换取一次继续观测的资格，让高维边界的局部截面交出第09个可复查证据,一段独立性边界，并承认高维边界不能再被旧层级命名,拓扑·融合前夜·逻辑骨架初醒310的核心危机吞掉本章缓冲，arc-054无法完成门槛封口,为得到“换取一次继续观测的资格，让高维边界的局部截面交出第09个可复查证据”，必须失去“一段独立性边界，并承认高维边界不能再被旧层级命名”；若拒绝，“拓扑·融合前夜·逻辑骨架初醒310的核心危机吞掉本章缓冲，arc-054无法完成门槛封口”会提前发生。,detailed-v4
chapter-1335,1335,arc-054,10,代价,换取一次继续观测的资格，让逻辑骨架的局部截面交出第10个可复查证据,一个分身胚胎命名权，并承认逻辑骨架不能再被旧层级命名,拓扑·融合前夜·褶皱裂响311的核心危机吞掉本章缓冲，arc-054无法完成门槛封口,为得到“换取一次继续观测的资格，让逻辑骨架的局部截面交出第10个可复查证据”，必须失去“一个分身胚胎命名权，并承认逻辑骨架不能再被旧层级命名”；若拒绝，“拓扑·融合前夜·褶皱裂响311的核心危机吞掉本章缓冲，arc-054无法完成门槛封口”会提前发生。,detailed-v4
chapter-1336,1336,arc-054,11,代价,换取一次继续观测的资格，让高维褶皱内壁交出第11个可复查证据,一次他者信标翻译权，并承认褶皱不能再被旧层级命名,拓扑·融合前夜·拓扑环裂响312的核心危机吞掉本章缓冲，arc-054无法完成门槛封口,为得到“换取一次继续观测的资格，让高维褶皱内壁交出第11个可复查证据”，必须失去“一次他者信标翻译权，并承认褶皱不能再被旧层级命名”；若拒绝，“拓扑·融合前夜·拓扑环裂响312的核心危机吞掉本章缓冲，arc-054无法完成门槛封口”会提前发生。,detailed-v4
chapter-1337,1337,arc-054,12,误判,暴露角色仍误信的判断方式，让拓扑环接驳面交出第12个可复查证据,一条拓扑环内外区分，并承认拓扑环不能再被旧层级命名,拓扑·融合前夜·分身裂响313的核心危机吞掉本章缓冲，arc-054无法完成门槛封口,为得到“暴露角色仍误信的判断方式，让拓扑环接驳面交出第12个可复查证据”，必须失去“一条拓扑环内外区分，并承认拓扑环不能再被旧层级命名”；若拒绝，“拓扑·融合前夜·分身裂响313的核心危机吞掉本章缓冲，arc-054无法完成门槛封口”会提前发生。,detailed-v4
chapter-1338,1338,arc-054,13,误判,暴露角色仍误信的判断方式，让分身胚胎群交出第13个可复查证据,一段独立性边界，并承认分身不能再被旧层级命名,拓扑·融合前夜·次级文明裂响314的核心危机吞掉本章缓冲，arc-054无法完成门槛封口,为得到“暴露角色仍误信的判断方式，让分身胚胎群交出第13个可复查证据”，必须失去“一段独立性边界，并承认分身不能再被旧层级命名”；若拒绝，“拓扑·融合前夜·次级文明裂响314的核心危机吞掉本章缓冲，arc-054无法完成门槛封口”会提前发生。,detailed-v4
chapter-1339,1339,arc-054,14,误判,暴露角色仍误信的判断方式，让次级文明第一座观测塔交出第14个可复查证据,一个分身胚胎命名权，并承认次级文明不能再被旧层级命名,拓扑·融合前夜·跨域网络裂响315的核心危机吞掉本章缓冲，arc-054无法完成门槛封口,为得到“暴露角色仍误信的判断方式，让次级文明第一座观测塔交出第14个可复查证据”，必须失去“一个分身胚胎命名权，并承认次级文明不能再被旧层级命名”；若拒绝，“拓扑·融合前夜·跨域网络裂响315的核心危机吞掉本章缓冲，arc-054无法完成门槛封口”会提前发生。,detailed-v4
chapter-1340,1340,arc-054,15,误判,暴露角色仍误信的判断方式，让跨域网络孵化层交出第15个可复查证据,一次他者信标翻译权，并承认跨域网络不能再被旧层级命名,拓扑·融合前夜·盖亚信标裂响316的核心危机吞掉本章缓冲，arc-054无法完成门槛封口,为得到“暴露角色仍误信的判断方式，让跨域网络孵化层交出第15个可复查证据”，必须失去“一次他者信标翻译权，并承认跨域网络不能再被旧层级命名”；若拒绝，“拓扑·融合前夜·盖亚信标裂响316的核心危机吞掉本章缓冲，arc-054无法完成门槛封口”会提前发生。,detailed-v4
chapter-1341,1341,arc-054,16,失控,把异常限制在可写的物理边界内，让盖亚信标外缘交出第16个可复查证据,一条拓扑环内外区分，并承认盖亚信标不能再被旧层级命名,拓扑·融合前夜·欧米茄邀请裂响317的核心危机吞掉本章缓冲，arc-054无法完成门槛封口,为得到“把异常限制在可写的物理边界内，让盖亚信标外缘交出第16个可复查证据”，必须失去“一条拓扑环内外区分，并承认盖亚信标不能再被旧层级命名”；若拒绝，“拓扑·融合前夜·欧米茄邀请裂响317的核心危机吞掉本章缓冲，arc-054无法完成门槛封口”会提前发生。,detailed-v4
chapter-1342,1342,arc-054,17,失控,把异常限制在可写的物理边界内，让欧米茄邀请通道交出第17个可复查证据,一段独立性边界，并承认欧米茄邀请不能再被旧层级命名,拓扑·融合前夜·融合奇点裂响318的核心危机吞掉本章缓冲，arc-054无法完成门槛封口,为得到“把异常限制在可写的物理边界内，让欧米茄邀请通道交出第17个可复查证据”，必须失去“一段独立性边界，并承认欧米茄邀请不能再被旧层级命名”；若拒绝，“拓扑·融合前夜·融合奇点裂响318的核心危机吞掉本章缓冲，arc-054无法完成门槛封口”会提前发生。,detailed-v4
chapter-1343,1343,arc-054,18,失控,把异常限制在可写的物理边界内，让融合奇点的局部截面交出第18个可复查证据,一个分身胚胎命名权，并承认融合奇点不能再被旧层级命名,拓扑·融合前夜·高维边界裂响319的核心危机吞掉本章缓冲，arc-054无法完成门槛封口,为得到“把异常限制在可写的物理边界内，让融合奇点的局部截面交出第18个可复查证据”，必须失去“一个分身胚胎命名权，并承认融合奇点不能再被旧层级命名”；若拒绝，“拓扑·融合前夜·高维边界裂响319的核心危机吞掉本章缓冲，arc-054无法完成门槛封口”会提前发生。,detailed-v4
chapter-1344,1344,arc-054,19,失控,把异常限制在可写的物理边界内，让高维边界的局部截面交出第19个可复查证据,一次他者信标翻译权，并承认高维边界不能再被旧层级命名,拓扑·融合前夜·逻辑骨架裂响320的核心危机吞掉本章缓冲，arc-054无法完成门槛封口,为得到“把异常限制在可写的物理边界内，让高维边界的局部截面交出第19个可复查证据”，必须失去“一次他者信标翻译权，并承认高维边界不能再被旧层级命名”；若拒绝，“拓扑·融合前夜·逻辑骨架裂响320的核心危机吞掉本章缓冲，arc-054无法完成门槛封口”会提前发生。,detailed-v4
chapter-1345,1345,arc-054,20,回响,让眷恋线以硬证物返回，让逻辑骨架的局部截面交出第20个可复查证据,一条拓扑环内外区分，并承认逻辑骨架不能再被旧层级命名,拓扑·融合前夜·褶皱低语321的核心危机吞掉本章缓冲，arc-054无法完成门槛封口,为得到“让眷恋线以硬证物返回，让逻辑骨架的局部截面交出第20个可复查证据”，必须失去“一条拓扑环内外区分，并承认逻辑骨架不能再被旧层级命名”；若拒绝，“拓扑·融合前夜·褶皱低语321的核心危机吞掉本章缓冲，arc-054无法完成门槛封口”会提前发生。,detailed-v4
chapter-1346,1346,arc-054,21,回响,让眷恋线以硬证物返回，让高维褶皱内壁交出第21个可复查证据,一段独立性边界，并承认褶皱不能再被旧层级命名,拓扑·融合前夜·拓扑环低语322的核心危机吞掉本章缓冲，arc-054无法完成门槛封口,为得到“让眷恋线以硬证物返回，让高维褶皱内壁交出第21个可复查证据”，必须失去“一段独立性边界，并承认褶皱不能再被旧层级命名”；若拒绝，“拓扑·融合前夜·拓扑环低语322的核心危机吞掉本章缓冲，arc-054无法完成门槛封口”会提前发生。,detailed-v4
chapter-1347,1347,arc-054,22,回响,让眷恋线以硬证物返回，让拓扑环接驳面交出第22个可复查证据,一个分身胚胎命名权，并承认拓扑环不能再被旧层级命名,拓扑·融合前夜·分身低语323的核心危机吞掉本章缓冲，arc-054无法完成门槛封口,为得到“让眷恋线以硬证物返回，让拓扑环接驳面交出第22个可复查证据”，必须失去“一个分身胚胎命名权，并承认拓扑环不能再被旧层级命名”；若拒绝，“拓扑·融合前夜·分身低语323的核心危机吞掉本章缓冲，arc-054无法完成门槛封口”会提前发生。,detailed-v4
chapter-1348,1348,arc-054,23,门槛,把本组问题交给下一章群而不总结掉，让分身胚胎群交出第23个可复查证据,一次他者信标翻译权，并承认分身不能再被旧层级命名,拓扑·融合前夜·次级文明低语324的核心危机吞掉本章缓冲，arc-054无法完成门槛封口,为得到“把本组问题交给下一章群而不总结掉，让分身胚胎群交出第23个可复查证据”，必须失去“一次他者信标翻译权，并承认分身不能再被旧层级命名”；若拒绝，“拓扑·融合前夜·次级文明低语324的核心危机吞掉本章缓冲，arc-054无法完成门槛封口”会提前发生。,detailed-v4
chapter-1349,1349,arc-054,24,门槛,把本组问题交给下一章群而不总结掉，让次级文明第一座观测塔交出第24个可复查证据,一条拓扑环内外区分，并承认次级文明不能再被旧层级命名,拓扑·融合前夜·跨域网络低语325的核心危机吞掉本章缓冲，arc-054无法完成门槛封口,为得到“把本组问题交给下一章群而不总结掉，让次级文明第一座观测塔交出第24个可复查证据”，必须失去“一条拓扑环内外区分，并承认次级文明不能再被旧层级命名”；若拒绝，“拓扑·融合前夜·跨域网络低语325的核心危机吞掉本章缓冲，arc-054无法完成门槛封口”会提前发生。,detailed-v4
chapter-1350,1350,arc-054,25,门槛,把本组问题交给下一章群而不总结掉，让跨域网络孵化层交出第25个可复查证据,一段独立性边界，并承认跨域网络不能再被旧层级命名,拓扑·融合前夜·盖亚信标低语326的核心危机吞掉本章缓冲，arc-054无法完成门槛封口,为得到“把本组问题交给下一章群而不总结掉，让跨域网络孵化层交出第25个可复查证据”，必须失去“一段独立性边界，并承认跨域网络不能再被旧层级命名”；若拒绝，“拓扑·融合前夜·盖亚信标低语326的核心危机吞掉本章缓冲，arc-054无法完成门槛封口”会提前发生。,detailed-v4
chapter-1351,1351,arc-055,1,起因,确认异常不是孤立事故，让盖亚信标外缘交出第01个可复查证据,一次他者信标翻译权，并承认盖亚信标不能再被旧层级命名,拓扑·融合前夜·欧米茄邀请低语327的核心危机吞掉本章缓冲，arc-055无法完成门槛封口,为得到“确认异常不是孤立事故，让盖亚信标外缘交出第01个可复查证据”，必须失去“一次他者信标翻译权，并承认盖亚信标不能再被旧层级命名”；若拒绝，“拓扑·融合前夜·欧米茄邀请低语327的核心危机吞掉本章缓冲，arc-055无法完成门槛封口”会提前发生。,detailed-v4
chapter-1352,1352,arc-055,2,起因,确认异常不是孤立事故，让欧米茄邀请通道交出第02个可复查证据,一条拓扑环内外区分，并承认欧米茄邀请不能再被旧层级命名,拓扑·融合前夜·融合奇点低语328的核心危机吞掉本章缓冲，arc-055无法完成门槛封口,为得到“确认异常不是孤立事故，让欧米茄邀请通道交出第02个可复查证据”，必须失去“一条拓扑环内外区分，并承认欧米茄邀请不能再被旧层级命名”；若拒绝，“拓扑·融合前夜·融合奇点低语328的核心危机吞掉本章缓冲，arc-055无法完成门槛封口”会提前发生。,detailed-v4
chapter-1353,1353,arc-055,3,起因,确认异常不是孤立事故，让融合奇点的局部截面交出第03个可复查证据,一段独立性边界，并承认融合奇点不能再被旧层级命名,拓扑·融合前夜·高维边界低语329的核心危机吞掉本章缓冲，arc-055无法完成门槛封口,为得到“确认异常不是孤立事故，让融合奇点的局部截面交出第03个可复查证据”，必须失去“一段独立性边界，并承认融合奇点不能再被旧层级命名”；若拒绝，“拓扑·融合前夜·高维边界低语329的核心危机吞掉本章缓冲，arc-055无法完成门槛封口”会提前发生。,detailed-v4
chapter-1354,1354,arc-055,4,起因,确认异常不是孤立事故，让高维边界的局部截面交出第04个可复查证据,一个分身胚胎命名权，并承认高维边界不能再被旧层级命名,拓扑·融合前夜·逻辑骨架低语330的核心危机吞掉本章缓冲，arc-055无法完成门槛封口,为得到“确认异常不是孤立事故，让高维边界的局部截面交出第04个可复查证据”，必须失去“一个分身胚胎命名权，并承认高维边界不能再被旧层级命名”；若拒绝，“拓扑·融合前夜·逻辑骨架低语330的核心危机吞掉本章缓冲，arc-055无法完成门槛封口”会提前发生。,detailed-v4
chapter-1355,1355,arc-055,5,反证,推翻旧模型仍可解释一切的假设，让逻辑骨架的局部截面交出第05个可复查证据,一次他者信标翻译权，并承认逻辑骨架不能再被旧层级命名,拓扑·融合前夜·褶皱回潮331的核心危机吞掉本章缓冲，arc-055无法完成门槛封口,为得到“推翻旧模型仍可解释一切的假设，让逻辑骨架的局部截面交出第05个可复查证据”，必须失去“一次他者信标翻译权，并承认逻辑骨架不能再被旧层级命名”；若拒绝，“拓扑·融合前夜·褶皱回潮331的核心危机吞掉本章缓冲，arc-055无法完成门槛封口”会提前发生。,detailed-v4
chapter-1356,1356,arc-055,6,反证,推翻旧模型仍可解释一切的假设，让高维褶皱内壁交出第06个可复查证据,一条拓扑环内外区分，并承认褶皱不能再被旧层级命名,拓扑·融合前夜·拓扑环回潮332的核心危机吞掉本章缓冲，arc-055无法完成门槛封口,为得到“推翻旧模型仍可解释一切的假设，让高维褶皱内壁交出第06个可复查证据”，必须失去“一条拓扑环内外区分，并承认褶皱不能再被旧层级命名”；若拒绝，“拓扑·融合前夜·拓扑环回潮332的核心危机吞掉本章缓冲，arc-055无法完成门槛封口”会提前发生。,detailed-v4
chapter-1357,1357,arc-055,7,反证,推翻旧模型仍可解释一切的假设，让拓扑环接驳面交出第07个可复查证据,一段独立性边界，并承认拓扑环不能再被旧层级命名,拓扑·融合前夜·分身回潮333的核心危机吞掉本章缓冲，arc-055无法完成门槛封口,为得到“推翻旧模型仍可解释一切的假设，让拓扑环接驳面交出第07个可复查证据”，必须失去“一段独立性边界，并承认拓扑环不能再被旧层级命名”；若拒绝，“拓扑·融合前夜·分身回潮333的核心危机吞掉本章缓冲，arc-055无法完成门槛封口”会提前发生。,detailed-v4
chapter-1358,1358,arc-055,8,反证,推翻旧模型仍可解释一切的假设，让分身胚胎群交出第08个可复查证据,一个分身胚胎命名权，并承认分身不能再被旧层级命名,拓扑·融合前夜·次级文明回潮334的核心危机吞掉本章缓冲，arc-055无法完成门槛封口,为得到“推翻旧模型仍可解释一切的假设，让分身胚胎群交出第08个可复查证据”，必须失去“一个分身胚胎命名权，并承认分身不能再被旧层级命名”；若拒绝，“拓扑·融合前夜·次级文明回潮334的核心危机吞掉本章缓冲，arc-055无法完成门槛封口”会提前发生。,detailed-v4
chapter-1359,1359,arc-055,9,代价,换取一次继续观测的资格，让次级文明第一座观测塔交出第09个可复查证据,一次他者信标翻译权，并承认次级文明不能再被旧层级命名,拓扑·融合前夜·跨域网络回潮335的核心危机吞掉本章缓冲，arc-055无法完成门槛封口,为得到“换取一次继续观测的资格，让次级文明第一座观测塔交出第09个可复查证据”，必须失去“一次他者信标翻译权，并承认次级文明不能再被旧层级命名”；若拒绝，“拓扑·融合前夜·跨域网络回潮335的核心危机吞掉本章缓冲，arc-055无法完成门槛封口”会提前发生。,detailed-v4
chapter-1360,1360,arc-055,10,代价,换取一次继续观测的资格，让跨域网络孵化层交出第10个可复查证据,一条拓扑环内外区分，并承认跨域网络不能再被旧层级命名,拓扑·融合前夜·盖亚信标回潮336的核心危机吞掉本章缓冲，arc-055无法完成门槛封口,为得到“换取一次继续观测的资格，让跨域网络孵化层交出第10个可复查证据”，必须失去“一条拓扑环内外区分，并承认跨域网络不能再被旧层级命名”；若拒绝，“拓扑·融合前夜·盖亚信标回潮336的核心危机吞掉本章缓冲，arc-055无法完成门槛封口”会提前发生。,detailed-v4
chapter-1361,1361,arc-055,11,代价,换取一次继续观测的资格，让盖亚信标外缘交出第11个可复查证据,一段独立性边界，并承认盖亚信标不能再被旧层级命名,拓扑·融合前夜·欧米茄邀请回潮337的核心危机吞掉本章缓冲，arc-055无法完成门槛封口,为得到“换取一次继续观测的资格，让盖亚信标外缘交出第11个可复查证据”，必须失去“一段独立性边界，并承认盖亚信标不能再被旧层级命名”；若拒绝，“拓扑·融合前夜·欧米茄邀请回潮337的核心危机吞掉本章缓冲，arc-055无法完成门槛封口”会提前发生。,detailed-v4
chapter-1362,1362,arc-055,12,误判,暴露角色仍误信的判断方式，让欧米茄邀请通道交出第12个可复查证据,一个分身胚胎命名权，并承认欧米茄邀请不能再被旧层级命名,拓扑·融合前夜·融合奇点回潮338的核心危机吞掉本章缓冲，arc-055无法完成门槛封口,为得到“暴露角色仍误信的判断方式，让欧米茄邀请通道交出第12个可复查证据”，必须失去“一个分身胚胎命名权，并承认欧米茄邀请不能再被旧层级命名”；若拒绝，“拓扑·融合前夜·融合奇点回潮338的核心危机吞掉本章缓冲，arc-055无法完成门槛封口”会提前发生。,detailed-v4
chapter-1363,1363,arc-055,13,误判,暴露角色仍误信的判断方式，让融合奇点的局部截面交出第13个可复查证据,一次他者信标翻译权，并承认融合奇点不能再被旧层级命名,拓扑·融合前夜·高维边界回潮339的核心危机吞掉本章缓冲，arc-055无法完成门槛封口,为得到“暴露角色仍误信的判断方式，让融合奇点的局部截面交出第13个可复查证据”，必须失去“一次他者信标翻译权，并承认融合奇点不能再被旧层级命名”；若拒绝，“拓扑·融合前夜·高维边界回潮339的核心危机吞掉本章缓冲，arc-055无法完成门槛封口”会提前发生。,detailed-v4
chapter-1364,1364,arc-055,14,误判,暴露角色仍误信的判断方式，让高维边界的局部截面交出第14个可复查证据,一条拓扑环内外区分，并承认高维边界不能再被旧层级命名,拓扑·融合前夜·逻辑骨架回潮340的核心危机吞掉本章缓冲，arc-055无法完成门槛封口,为得到“暴露角色仍误信的判断方式，让高维边界的局部截面交出第14个可复查证据”，必须失去“一条拓扑环内外区分，并承认高维边界不能再被旧层级命名”；若拒绝，“拓扑·融合前夜·逻辑骨架回潮340的核心危机吞掉本章缓冲，arc-055无法完成门槛封口”会提前发生。,detailed-v4
chapter-1365,1365,arc-055,15,误判,暴露角色仍误信的判断方式，让逻辑骨架的局部截面交出第15个可复查证据,一段独立性边界，并承认逻辑骨架不能再被旧层级命名,拓扑·融合前夜·褶皱折光341的核心危机吞掉本章缓冲，arc-055无法完成门槛封口,为得到“暴露角色仍误信的判断方式，让逻辑骨架的局部截面交出第15个可复查证据”，必须失去“一段独立性边界，并承认逻辑骨架不能再被旧层级命名”；若拒绝，“拓扑·融合前夜·褶皱折光341的核心危机吞掉本章缓冲，arc-055无法完成门槛封口”会提前发生。,detailed-v4
chapter-1366,1366,arc-055,16,失控,把异常限制在可写的物理边界内，让高维褶皱内壁交出第16个可复查证据,一个分身胚胎命名权，并承认褶皱不能再被旧层级命名,拓扑·融合前夜·拓扑环折光342的核心危机吞掉本章缓冲，arc-055无法完成门槛封口,为得到“把异常限制在可写的物理边界内，让高维褶皱内壁交出第16个可复查证据”，必须失去“一个分身胚胎命名权，并承认褶皱不能再被旧层级命名”；若拒绝，“拓扑·融合前夜·拓扑环折光342的核心危机吞掉本章缓冲，arc-055无法完成门槛封口”会提前发生。,detailed-v4
chapter-1367,1367,arc-055,17,失控,把异常限制在可写的物理边界内，让拓扑环接驳面交出第17个可复查证据,一次他者信标翻译权，并承认拓扑环不能再被旧层级命名,拓扑·融合前夜·分身折光343的核心危机吞掉本章缓冲，arc-055无法完成门槛封口,为得到“把异常限制在可写的物理边界内，让拓扑环接驳面交出第17个可复查证据”，必须失去“一次他者信标翻译权，并承认拓扑环不能再被旧层级命名”；若拒绝，“拓扑·融合前夜·分身折光343的核心危机吞掉本章缓冲，arc-055无法完成门槛封口”会提前发生。,detailed-v4
chapter-1368,1368,arc-055,18,失控,把异常限制在可写的物理边界内，让分身胚胎群交出第18个可复查证据,一条拓扑环内外区分，并承认分身不能再被旧层级命名,拓扑·融合前夜·次级文明折光344的核心危机吞掉本章缓冲，arc-055无法完成门槛封口,为得到“把异常限制在可写的物理边界内，让分身胚胎群交出第18个可复查证据”，必须失去“一条拓扑环内外区分，并承认分身不能再被旧层级命名”；若拒绝，“拓扑·融合前夜·次级文明折光344的核心危机吞掉本章缓冲，arc-055无法完成门槛封口”会提前发生。,detailed-v4
chapter-1369,1369,arc-055,19,失控,把异常限制在可写的物理边界内，让次级文明第一座观测塔交出第19个可复查证据,一段独立性边界，并承认次级文明不能再被旧层级命名,拓扑·融合前夜·跨域网络折光345的核心危机吞掉本章缓冲，arc-055无法完成门槛封口,为得到“把异常限制在可写的物理边界内，让次级文明第一座观测塔交出第19个可复查证据”，必须失去“一段独立性边界，并承认次级文明不能再被旧层级命名”；若拒绝，“拓扑·融合前夜·跨域网络折光345的核心危机吞掉本章缓冲，arc-055无法完成门槛封口”会提前发生。,detailed-v4
chapter-1370,1370,arc-055,20,回响,让眷恋线以硬证物返回，让跨域网络孵化层交出第20个可复查证据,一个分身胚胎命名权，并承认跨域网络不能再被旧层级命名,拓扑·融合前夜·盖亚信标折光346的核心危机吞掉本章缓冲，arc-055无法完成门槛封口,为得到“让眷恋线以硬证物返回，让跨域网络孵化层交出第20个可复查证据”，必须失去“一个分身胚胎命名权，并承认跨域网络不能再被旧层级命名”；若拒绝，“拓扑·融合前夜·盖亚信标折光346的核心危机吞掉本章缓冲，arc-055无法完成门槛封口”会提前发生。,detailed-v4
chapter-1371,1371,arc-055,21,回响,让眷恋线以硬证物返回，让盖亚信标外缘交出第21个可复查证据,一次他者信标翻译权，并承认盖亚信标不能再被旧层级命名,拓扑·融合前夜·欧米茄邀请折光347的核心危机吞掉本章缓冲，arc-055无法完成门槛封口,为得到“让眷恋线以硬证物返回，让盖亚信标外缘交出第21个可复查证据”，必须失去“一次他者信标翻译权，并承认盖亚信标不能再被旧层级命名”；若拒绝，“拓扑·融合前夜·欧米茄邀请折光347的核心危机吞掉本章缓冲，arc-055无法完成门槛封口”会提前发生。,detailed-v4
chapter-1372,1372,arc-055,22,回响,让眷恋线以硬证物返回，让欧米茄邀请通道交出第22个可复查证据,一条拓扑环内外区分，并承认欧米茄邀请不能再被旧层级命名,拓扑·融合前夜·融合奇点折光348的核心危机吞掉本章缓冲，arc-055无法完成门槛封口,为得到“让眷恋线以硬证物返回，让欧米茄邀请通道交出第22个可复查证据”，必须失去“一条拓扑环内外区分，并承认欧米茄邀请不能再被旧层级命名”；若拒绝，“拓扑·融合前夜·融合奇点折光348的核心危机吞掉本章缓冲，arc-055无法完成门槛封口”会提前发生。,detailed-v4
chapter-1373,1373,arc-055,23,门槛,把本组问题交给下一章群而不总结掉，让融合奇点的局部截面交出第23个可复查证据,一段独立性边界，并承认融合奇点不能再被旧层级命名,拓扑·融合前夜·高维边界折光349的核心危机吞掉本章缓冲，arc-055无法完成门槛封口,为得到“把本组问题交给下一章群而不总结掉，让融合奇点的局部截面交出第23个可复查证据”，必须失去“一段独立性边界，并承认融合奇点不能再被旧层级命名”；若拒绝，“拓扑·融合前夜·高维边界折光349的核心危机吞掉本章缓冲，arc-055无法完成门槛封口”会提前发生。,detailed-v4
chapter-1374,1374,arc-055,24,门槛,把本组问题交给下一章群而不总结掉，让高维边界的局部截面交出第24个可复查证据,一个分身胚胎命名权，并承认高维边界不能再被旧层级命名,拓扑·融合前夜·逻辑骨架折光350的核心危机吞掉本章缓冲，arc-055无法完成门槛封口,为得到“把本组问题交给下一章群而不总结掉，让高维边界的局部截面交出第24个可复查证据”，必须失去“一个分身胚胎命名权，并承认高维边界不能再被旧层级命名”；若拒绝，“拓扑·融合前夜·逻辑骨架折光350的核心危机吞掉本章缓冲，arc-055无法完成门槛封口”会提前发生。,detailed-v4
chapter-1375,1375,arc-055,25,门槛,把本组问题交给下一章群而不总结掉，让逻辑骨架的局部截面交出第25个可复查证据,一次他者信标翻译权，并承认逻辑骨架不能再被旧层级命名,拓扑·融合前夜·褶皱暗涌351的核心危机吞掉本章缓冲，arc-055无法完成门槛封口,为得到“把本组问题交给下一章群而不总结掉，让逻辑骨架的局部截面交出第25个可复查证据”，必须失去“一次他者信标翻译权，并承认逻辑骨架不能再被旧层级命名”；若拒绝，“拓扑·融合前夜·褶皱暗涌351的核心危机吞掉本章缓冲，arc-055无法完成门槛封口”会提前发生。,detailed-v4
chapter-1376,1376,arc-056,1,起因,确认异常不是孤立事故，让高维褶皱内壁交出第01个可复查证据,一段独立性边界，并承认褶皱不能再被旧层级命名,拓扑·融合前夜·拓扑环暗涌352的核心危机吞掉本章缓冲，arc-056无法完成门槛封口,为得到“确认异常不是孤立事故，让高维褶皱内壁交出第01个可复查证据”，必须失去“一段独立性边界，并承认褶皱不能再被旧层级命名”；若拒绝，“拓扑·融合前夜·拓扑环暗涌352的核心危机吞掉本章缓冲，arc-056无法完成门槛封口”会提前发生。,detailed-v4
chapter-1377,1377,arc-056,2,起因,确认异常不是孤立事故，让拓扑环接驳面交出第02个可复查证据,一个分身胚胎命名权，并承认拓扑环不能再被旧层级命名,拓扑·融合前夜·分身暗涌353的核心危机吞掉本章缓冲，arc-056无法完成门槛封口,为得到“确认异常不是孤立事故，让拓扑环接驳面交出第02个可复查证据”，必须失去“一个分身胚胎命名权，并承认拓扑环不能再被旧层级命名”；若拒绝，“拓扑·融合前夜·分身暗涌353的核心危机吞掉本章缓冲，arc-056无法完成门槛封口”会提前发生。,detailed-v4
chapter-1378,1378,arc-056,3,起因,确认异常不是孤立事故，让分身胚胎群交出第03个可复查证据,一次他者信标翻译权，并承认分身不能再被旧层级命名,拓扑·融合前夜·次级文明暗涌354的核心危机吞掉本章缓冲，arc-056无法完成门槛封口,为得到“确认异常不是孤立事故，让分身胚胎群交出第03个可复查证据”，必须失去“一次他者信标翻译权，并承认分身不能再被旧层级命名”；若拒绝，“拓扑·融合前夜·次级文明暗涌354的核心危机吞掉本章缓冲，arc-056无法完成门槛封口”会提前发生。,detailed-v4
chapter-1379,1379,arc-056,4,起因,确认异常不是孤立事故，让次级文明第一座观测塔交出第04个可复查证据,一条拓扑环内外区分，并承认次级文明不能再被旧层级命名,拓扑·融合前夜·跨域网络暗涌355的核心危机吞掉本章缓冲，arc-056无法完成门槛封口,为得到“确认异常不是孤立事故，让次级文明第一座观测塔交出第04个可复查证据”，必须失去“一条拓扑环内外区分，并承认次级文明不能再被旧层级命名”；若拒绝，“拓扑·融合前夜·跨域网络暗涌355的核心危机吞掉本章缓冲，arc-056无法完成门槛封口”会提前发生。,detailed-v4
chapter-1380,1380,arc-056,5,反证,推翻旧模型仍可解释一切的假设，让跨域网络孵化层交出第05个可复查证据,一段独立性边界，并承认跨域网络不能再被旧层级命名,拓扑·融合前夜·盖亚信标暗涌356的核心危机吞掉本章缓冲，arc-056无法完成门槛封口,为得到“推翻旧模型仍可解释一切的假设，让跨域网络孵化层交出第05个可复查证据”，必须失去“一段独立性边界，并承认跨域网络不能再被旧层级命名”；若拒绝，“拓扑·融合前夜·盖亚信标暗涌356的核心危机吞掉本章缓冲，arc-056无法完成门槛封口”会提前发生。,detailed-v4
chapter-1381,1381,arc-056,6,反证,推翻旧模型仍可解释一切的假设，让盖亚信标外缘交出第06个可复查证据,一个分身胚胎命名权，并承认盖亚信标不能再被旧层级命名,拓扑·融合前夜·欧米茄邀请暗涌357的核心危机吞掉本章缓冲，arc-056无法完成门槛封口,为得到“推翻旧模型仍可解释一切的假设，让盖亚信标外缘交出第06个可复查证据”，必须失去“一个分身胚胎命名权，并承认盖亚信标不能再被旧层级命名”；若拒绝，“拓扑·融合前夜·欧米茄邀请暗涌357的核心危机吞掉本章缓冲，arc-056无法完成门槛封口”会提前发生。,detailed-v4
chapter-1382,1382,arc-056,7,反证,推翻旧模型仍可解释一切的假设，让欧米茄邀请通道交出第07个可复查证据,一次他者信标翻译权，并承认欧米茄邀请不能再被旧层级命名,拓扑·融合前夜·融合奇点暗涌358的核心危机吞掉本章缓冲，arc-056无法完成门槛封口,为得到“推翻旧模型仍可解释一切的假设，让欧米茄邀请通道交出第07个可复查证据”，必须失去“一次他者信标翻译权，并承认欧米茄邀请不能再被旧层级命名”；若拒绝，“拓扑·融合前夜·融合奇点暗涌358的核心危机吞掉本章缓冲，arc-056无法完成门槛封口”会提前发生。,detailed-v4
chapter-1383,1383,arc-056,8,反证,推翻旧模型仍可解释一切的假设，让融合奇点的局部截面交出第08个可复查证据,一条拓扑环内外区分，并承认融合奇点不能再被旧层级命名,拓扑·融合前夜·高维边界暗涌359的核心危机吞掉本章缓冲，arc-056无法完成门槛封口,为得到“推翻旧模型仍可解释一切的假设，让融合奇点的局部截面交出第08个可复查证据”，必须失去“一条拓扑环内外区分，并承认融合奇点不能再被旧层级命名”；若拒绝，“拓扑·融合前夜·高维边界暗涌359的核心危机吞掉本章缓冲，arc-056无法完成门槛封口”会提前发生。,detailed-v4
chapter-1384,1384,arc-056,9,代价,换取一次继续观测的资格，让高维边界的局部截面交出第09个可复查证据,一段独立性边界，并承认高维边界不能再被旧层级命名,拓扑·融合前夜·逻辑骨架暗涌360的核心危机吞掉本章缓冲，arc-056无法完成门槛封口,为得到“换取一次继续观测的资格，让高维边界的局部截面交出第09个可复查证据”，必须失去“一段独立性边界，并承认高维边界不能再被旧层级命名”；若拒绝，“拓扑·融合前夜·逻辑骨架暗涌360的核心危机吞掉本章缓冲，arc-056无法完成门槛封口”会提前发生。,detailed-v4
chapter-1385,1385,arc-056,10,代价,换取一次继续观测的资格，让逻辑骨架的局部截面交出第10个可复查证据,一个分身胚胎命名权，并承认逻辑骨架不能再被旧层级命名,拓扑·融合前夜·褶皱证词361的核心危机吞掉本章缓冲，arc-056无法完成门槛封口,为得到“换取一次继续观测的资格，让逻辑骨架的局部截面交出第10个可复查证据”，必须失去“一个分身胚胎命名权，并承认逻辑骨架不能再被旧层级命名”；若拒绝，“拓扑·融合前夜·褶皱证词361的核心危机吞掉本章缓冲，arc-056无法完成门槛封口”会提前发生。,detailed-v4
chapter-1386,1386,arc-056,11,代价,换取一次继续观测的资格，让高维褶皱内壁交出第11个可复查证据,一次他者信标翻译权，并承认褶皱不能再被旧层级命名,拓扑·融合前夜·拓扑环证词362的核心危机吞掉本章缓冲，arc-056无法完成门槛封口,为得到“换取一次继续观测的资格，让高维褶皱内壁交出第11个可复查证据”，必须失去“一次他者信标翻译权，并承认褶皱不能再被旧层级命名”；若拒绝，“拓扑·融合前夜·拓扑环证词362的核心危机吞掉本章缓冲，arc-056无法完成门槛封口”会提前发生。,detailed-v4
chapter-1387,1387,arc-056,12,误判,暴露角色仍误信的判断方式，让拓扑环接驳面交出第12个可复查证据,一条拓扑环内外区分，并承认拓扑环不能再被旧层级命名,拓扑·融合前夜·分身证词363的核心危机吞掉本章缓冲，arc-056无法完成门槛封口,为得到“暴露角色仍误信的判断方式，让拓扑环接驳面交出第12个可复查证据”，必须失去“一条拓扑环内外区分，并承认拓扑环不能再被旧层级命名”；若拒绝，“拓扑·融合前夜·分身证词363的核心危机吞掉本章缓冲，arc-056无法完成门槛封口”会提前发生。,detailed-v4
chapter-1388,1388,arc-056,13,误判,暴露角色仍误信的判断方式，让分身胚胎群交出第13个可复查证据,一段独立性边界，并承认分身不能再被旧层级命名,拓扑·融合前夜·次级文明证词364的核心危机吞掉本章缓冲，arc-056无法完成门槛封口,为得到“暴露角色仍误信的判断方式，让分身胚胎群交出第13个可复查证据”，必须失去“一段独立性边界，并承认分身不能再被旧层级命名”；若拒绝，“拓扑·融合前夜·次级文明证词364的核心危机吞掉本章缓冲，arc-056无法完成门槛封口”会提前发生。,detailed-v4
chapter-1389,1389,arc-056,14,误判,暴露角色仍误信的判断方式，让次级文明第一座观测塔交出第14个可复查证据,一个分身胚胎命名权，并承认次级文明不能再被旧层级命名,拓扑·融合前夜·跨域网络证词365的核心危机吞掉本章缓冲，arc-056无法完成门槛封口,为得到“暴露角色仍误信的判断方式，让次级文明第一座观测塔交出第14个可复查证据”，必须失去“一个分身胚胎命名权，并承认次级文明不能再被旧层级命名”；若拒绝，“拓扑·融合前夜·跨域网络证词365的核心危机吞掉本章缓冲，arc-056无法完成门槛封口”会提前发生。,detailed-v4
chapter-1390,1390,arc-056,15,误判,暴露角色仍误信的判断方式，让跨域网络孵化层交出第15个可复查证据,一次他者信标翻译权，并承认跨域网络不能再被旧层级命名,拓扑·融合前夜·盖亚信标证词366的核心危机吞掉本章缓冲，arc-056无法完成门槛封口,为得到“暴露角色仍误信的判断方式，让跨域网络孵化层交出第15个可复查证据”，必须失去“一次他者信标翻译权，并承认跨域网络不能再被旧层级命名”；若拒绝，“拓扑·融合前夜·盖亚信标证词366的核心危机吞掉本章缓冲，arc-056无法完成门槛封口”会提前发生。,detailed-v4
chapter-1391,1391,arc-056,16,失控,把异常限制在可写的物理边界内，让盖亚信标外缘交出第16个可复查证据,一条拓扑环内外区分，并承认盖亚信标不能再被旧层级命名,拓扑·融合前夜·欧米茄邀请证词367的核心危机吞掉本章缓冲，arc-056无法完成门槛封口,为得到“把异常限制在可写的物理边界内，让盖亚信标外缘交出第16个可复查证据”，必须失去“一条拓扑环内外区分，并承认盖亚信标不能再被旧层级命名”；若拒绝，“拓扑·融合前夜·欧米茄邀请证词367的核心危机吞掉本章缓冲，arc-056无法完成门槛封口”会提前发生。,detailed-v4
chapter-1392,1392,arc-056,17,失控,把异常限制在可写的物理边界内，让欧米茄邀请通道交出第17个可复查证据,一段独立性边界，并承认欧米茄邀请不能再被旧层级命名,拓扑·融合前夜·融合奇点证词368的核心危机吞掉本章缓冲，arc-056无法完成门槛封口,为得到“把异常限制在可写的物理边界内，让欧米茄邀请通道交出第17个可复查证据”，必须失去“一段独立性边界，并承认欧米茄邀请不能再被旧层级命名”；若拒绝，“拓扑·融合前夜·融合奇点证词368的核心危机吞掉本章缓冲，arc-056无法完成门槛封口”会提前发生。,detailed-v4
chapter-1393,1393,arc-056,18,失控,把异常限制在可写的物理边界内，让融合奇点的局部截面交出第18个可复查证据,一个分身胚胎命名权，并承认融合奇点不能再被旧层级命名,拓扑·融合前夜·高维边界证词369的核心危机吞掉本章缓冲，arc-056无法完成门槛封口,为得到“把异常限制在可写的物理边界内，让融合奇点的局部截面交出第18个可复查证据”，必须失去“一个分身胚胎命名权，并承认融合奇点不能再被旧层级命名”；若拒绝，“拓扑·融合前夜·高维边界证词369的核心危机吞掉本章缓冲，arc-056无法完成门槛封口”会提前发生。,detailed-v4
chapter-1394,1394,arc-056,19,失控,把异常限制在可写的物理边界内，让高维边界的局部截面交出第19个可复查证据,一次他者信标翻译权，并承认高维边界不能再被旧层级命名,拓扑·融合前夜·逻辑骨架证词370的核心危机吞掉本章缓冲，arc-056无法完成门槛封口,为得到“把异常限制在可写的物理边界内，让高维边界的局部截面交出第19个可复查证据”，必须失去“一次他者信标翻译权，并承认高维边界不能再被旧层级命名”；若拒绝，“拓扑·融合前夜·逻辑骨架证词370的核心危机吞掉本章缓冲，arc-056无法完成门槛封口”会提前发生。,detailed-v4
chapter-1395,1395,arc-056,20,回响,让眷恋线以硬证物返回，让逻辑骨架的局部截面交出第20个可复查证据,一条拓扑环内外区分，并承认逻辑骨架不能再被旧层级命名,拓扑·融合前夜·褶皱坠落371的核心危机吞掉本章缓冲，arc-056无法完成门槛封口,为得到“让眷恋线以硬证物返回，让逻辑骨架的局部截面交出第20个可复查证据”，必须失去“一条拓扑环内外区分，并承认逻辑骨架不能再被旧层级命名”；若拒绝，“拓扑·融合前夜·褶皱坠落371的核心危机吞掉本章缓冲，arc-056无法完成门槛封口”会提前发生。,detailed-v4
chapter-1396,1396,arc-056,21,回响,让眷恋线以硬证物返回，让高维褶皱内壁交出第21个可复查证据,一段独立性边界，并承认褶皱不能再被旧层级命名,拓扑·融合前夜·拓扑环坠落372的核心危机吞掉本章缓冲，arc-056无法完成门槛封口,为得到“让眷恋线以硬证物返回，让高维褶皱内壁交出第21个可复查证据”，必须失去“一段独立性边界，并承认褶皱不能再被旧层级命名”；若拒绝，“拓扑·融合前夜·拓扑环坠落372的核心危机吞掉本章缓冲，arc-056无法完成门槛封口”会提前发生。,detailed-v4
chapter-1397,1397,arc-056,22,回响,让眷恋线以硬证物返回，让拓扑环接驳面交出第22个可复查证据,一个分身胚胎命名权，并承认拓扑环不能再被旧层级命名,拓扑·融合前夜·分身坠落373的核心危机吞掉本章缓冲，arc-056无法完成门槛封口,为得到“让眷恋线以硬证物返回，让拓扑环接驳面交出第22个可复查证据”，必须失去“一个分身胚胎命名权，并承认拓扑环不能再被旧层级命名”；若拒绝，“拓扑·融合前夜·分身坠落373的核心危机吞掉本章缓冲，arc-056无法完成门槛封口”会提前发生。,detailed-v4
chapter-1398,1398,arc-056,23,门槛,把本组问题交给下一章群而不总结掉，让分身胚胎群交出第23个可复查证据,一次他者信标翻译权，并承认分身不能再被旧层级命名,拓扑·融合前夜·次级文明坠落374的核心危机吞掉本章缓冲，arc-056无法完成门槛封口,为得到“把本组问题交给下一章群而不总结掉，让分身胚胎群交出第23个可复查证据”，必须失去“一次他者信标翻译权，并承认分身不能再被旧层级命名”；若拒绝，“拓扑·融合前夜·次级文明坠落374的核心危机吞掉本章缓冲，arc-056无法完成门槛封口”会提前发生。,detailed-v4
chapter-1399,1399,arc-056,24,门槛,把本组问题交给下一章群而不总结掉，让次级文明第一座观测塔交出第24个可复查证据,一条拓扑环内外区分，并承认次级文明不能再被旧层级命名,拓扑·融合前夜·跨域网络坠落375的核心危机吞掉本章缓冲，arc-056无法完成门槛封口,为得到“把本组问题交给下一章群而不总结掉，让次级文明第一座观测塔交出第24个可复查证据”，必须失去“一条拓扑环内外区分，并承认次级文明不能再被旧层级命名”；若拒绝，“拓扑·融合前夜·跨域网络坠落375的核心危机吞掉本章缓冲，arc-056无法完成门槛封口”会提前发生。,detailed-v4
chapter-1400,1400,arc-056,25,门槛,把本组问题交给下一章群而不总结掉，让跨域网络孵化层交出第25个可复查证据,一段独立性边界，并承认跨域网络不能再被旧层级命名,熵枢·唯一·恒星神经初醒001的核心危机吞掉本章缓冲，arc-056无法完成门槛封口,为得到“把本组问题交给下一章群而不总结掉，让跨域网络孵化层交出第25个可复查证据”，必须失去“一段独立性边界，并承认跨域网络不能再被旧层级命名”；若拒绝，“熵枢·唯一·恒星神经初醒001的核心危机吞掉本章缓冲，arc-056无法完成门槛封口”会提前发生。,detailed-v4
chapter-1401,1401,arc-057,1,起因,确认异常不是孤立事故，让恒星神经束交出第01个可复查证据,一次熵零修复余量，并承认恒星神经不能再被旧层级命名,熵枢·唯一·黑洞记忆初醒002的核心危机吞掉本章缓冲，arc-057无法完成门槛封口,为得到“确认异常不是孤立事故，让恒星神经束交出第01个可复查证据”，必须失去“一次熵零修复余量，并承认恒星神经不能再被旧层级命名”；若拒绝，“熵枢·唯一·黑洞记忆初醒002的核心危机吞掉本章缓冲，arc-057无法完成门槛封口”会提前发生。,detailed-v4
chapter-1402,1402,arc-057,2,起因,确认异常不是孤立事故，让黑洞记忆库交出第02个可复查证据,一个黑洞记忆噪点，并承认黑洞记忆不能再被旧层级命名,熵枢·唯一·唯一初醒003的核心危机吞掉本章缓冲，arc-057无法完成门槛封口,为得到“确认异常不是孤立事故，让黑洞记忆库交出第02个可复查证据”，必须失去“一个黑洞记忆噪点，并承认黑洞记忆不能再被旧层级命名”；若拒绝，“熵枢·唯一·唯一初醒003的核心危机吞掉本章缓冲，arc-057无法完成门槛封口”会提前发生。,detailed-v4
chapter-1403,1403,arc-057,3,起因,确认异常不是孤立事故，让唯一性空腔交出第03个可复查证据,一处宇宙器官止痛权，并承认唯一不能再被旧层级命名,熵枢·唯一·孤独算法初醒004的核心危机吞掉本章缓冲，arc-057无法完成门槛封口,为得到“确认异常不是孤立事故，让唯一性空腔交出第03个可复查证据”，必须失去“一处宇宙器官止痛权，并承认唯一不能再被旧层级命名”；若拒绝，“熵枢·唯一·孤独算法初醒004的核心危机吞掉本章缓冲，arc-057无法完成门槛封口”会提前发生。,detailed-v4
chapter-1404,1404,arc-057,4,起因,确认异常不是孤立事故，让孤独算法冷井交出第04个可复查证据,一段孤独算法自证，并承认孤独算法不能再被旧层级命名,熵枢·唯一·眷恋残片初醒005的核心危机吞掉本章缓冲，arc-057无法完成门槛封口,为得到“确认异常不是孤立事故，让孤独算法冷井交出第04个可复查证据”，必须失去“一段孤独算法自证，并承认孤独算法不能再被旧层级命名”；若拒绝，“熵枢·唯一·眷恋残片初醒005的核心危机吞掉本章缓冲，arc-057无法完成门槛封口”会提前发生。,detailed-v4
chapter-1405,1405,arc-057,5,反证,推翻旧模型仍可解释一切的假设，让眷恋残片冷井交出第05个可复查证据,一次熵零修复余量，并承认眷恋残片不能再被旧层级命名,熵枢·唯一·样本花园初醒006的核心危机吞掉本章缓冲，arc-057无法完成门槛封口,为得到“推翻旧模型仍可解释一切的假设，让眷恋残片冷井交出第05个可复查证据”，必须失去“一次熵零修复余量，并承认眷恋残片不能再被旧层级命名”；若拒绝，“熵枢·唯一·样本花园初醒006的核心危机吞掉本章缓冲，arc-057无法完成门槛封口”会提前发生。,detailed-v4
chapter-1406,1406,arc-057,6,反证,推翻旧模型仍可解释一切的假设，让样本花园的局部截面交出第06个可复查证据,一个黑洞记忆噪点，并承认样本花园不能再被旧层级命名,熵枢·唯一·熵零初醒007的核心危机吞掉本章缓冲，arc-057无法完成门槛封口,为得到“推翻旧模型仍可解释一切的假设，让样本花园的局部截面交出第06个可复查证据”，必须失去“一个黑洞记忆噪点，并承认样本花园不能再被旧层级命名”；若拒绝，“熵枢·唯一·熵零初醒007的核心危机吞掉本章缓冲，arc-057无法完成门槛封口”会提前发生。,detailed-v4
chapter-1407,1407,arc-057,7,反证,推翻旧模型仍可解释一切的假设，让熵零实验室交出第07个可复查证据,一处宇宙器官止痛权，并承认熵零不能再被旧层级命名,熵枢·唯一·宇宙身体初醒008的核心危机吞掉本章缓冲，arc-057无法完成门槛封口,为得到“推翻旧模型仍可解释一切的假设，让熵零实验室交出第07个可复查证据”，必须失去“一处宇宙器官止痛权，并承认熵零不能再被旧层级命名”；若拒绝，“熵枢·唯一·宇宙身体初醒008的核心危机吞掉本章缓冲，arc-057无法完成门槛封口”会提前发生。,detailed-v4
chapter-1408,1408,arc-057,8,反证,推翻旧模型仍可解释一切的假设，让宇宙器官交界交出第08个可复查证据,一段孤独算法自证，并承认宇宙身体不能再被旧层级命名,熵枢·唯一·归零草图初醒009的核心危机吞掉本章缓冲，arc-057无法完成门槛封口,为得到“推翻旧模型仍可解释一切的假设，让宇宙器官交界交出第08个可复查证据”，必须失去“一段孤独算法自证，并承认宇宙身体不能再被旧层级命名”；若拒绝，“熵枢·唯一·归零草图初醒009的核心危机吞掉本章缓冲，arc-057无法完成门槛封口”会提前发生。,detailed-v4
chapter-1409,1409,arc-057,9,代价,换取一次继续观测的资格，让归零草图的局部截面交出第09个可复查证据,一次熵零修复余量，并承认归零草图不能再被旧层级命名,熵枢·唯一·不可删除初醒010的核心危机吞掉本章缓冲，arc-057无法完成门槛封口,为得到“换取一次继续观测的资格，让归零草图的局部截面交出第09个可复查证据”，必须失去“一次熵零修复余量，并承认归零草图不能再被旧层级命名”；若拒绝，“熵枢·唯一·不可删除初醒010的核心危机吞掉本章缓冲，arc-057无法完成门槛封口”会提前发生。,detailed-v4
chapter-1410,1410,arc-057,10,代价,换取一次继续观测的资格，让不可删除的局部截面交出第10个可复查证据,一个黑洞记忆噪点，并承认不可删除不能再被旧层级命名,熵枢·唯一·恒星神经裂响011的核心危机吞掉本章缓冲，arc-057无法完成门槛封口,为得到“换取一次继续观测的资格，让不可删除的局部截面交出第10个可复查证据”，必须失去“一个黑洞记忆噪点，并承认不可删除不能再被旧层级命名”；若拒绝，“熵枢·唯一·恒星神经裂响011的核心危机吞掉本章缓冲，arc-057无法完成门槛封口”会提前发生。,detailed-v4
chapter-1411,1411,arc-057,11,代价,换取一次继续观测的资格，让恒星神经束交出第11个可复查证据,一处宇宙器官止痛权，并承认恒星神经不能再被旧层级命名,熵枢·唯一·黑洞记忆裂响012的核心危机吞掉本章缓冲，arc-057无法完成门槛封口,为得到“换取一次继续观测的资格，让恒星神经束交出第11个可复查证据”，必须失去“一处宇宙器官止痛权，并承认恒星神经不能再被旧层级命名”；若拒绝，“熵枢·唯一·黑洞记忆裂响012的核心危机吞掉本章缓冲，arc-057无法完成门槛封口”会提前发生。,detailed-v4
chapter-1412,1412,arc-057,12,误判,暴露角色仍误信的判断方式，让黑洞记忆库交出第12个可复查证据,一段孤独算法自证，并承认黑洞记忆不能再被旧层级命名,熵枢·唯一·唯一裂响013的核心危机吞掉本章缓冲，arc-057无法完成门槛封口,为得到“暴露角色仍误信的判断方式，让黑洞记忆库交出第12个可复查证据”，必须失去“一段孤独算法自证，并承认黑洞记忆不能再被旧层级命名”；若拒绝，“熵枢·唯一·唯一裂响013的核心危机吞掉本章缓冲，arc-057无法完成门槛封口”会提前发生。,detailed-v4
chapter-1413,1413,arc-057,13,误判,暴露角色仍误信的判断方式，让唯一性空腔交出第13个可复查证据,一次熵零修复余量，并承认唯一不能再被旧层级命名,熵枢·唯一·孤独算法裂响014的核心危机吞掉本章缓冲，arc-057无法完成门槛封口,为得到“暴露角色仍误信的判断方式，让唯一性空腔交出第13个可复查证据”，必须失去“一次熵零修复余量，并承认唯一不能再被旧层级命名”；若拒绝，“熵枢·唯一·孤独算法裂响014的核心危机吞掉本章缓冲，arc-057无法完成门槛封口”会提前发生。,detailed-v4
chapter-1414,1414,arc-057,14,误判,暴露角色仍误信的判断方式，让孤独算法冷井交出第14个可复查证据,一个黑洞记忆噪点，并承认孤独算法不能再被旧层级命名,熵枢·唯一·眷恋残片裂响015的核心危机吞掉本章缓冲，arc-057无法完成门槛封口,为得到“暴露角色仍误信的判断方式，让孤独算法冷井交出第14个可复查证据”，必须失去“一个黑洞记忆噪点，并承认孤独算法不能再被旧层级命名”；若拒绝，“熵枢·唯一·眷恋残片裂响015的核心危机吞掉本章缓冲，arc-057无法完成门槛封口”会提前发生。,detailed-v4
chapter-1415,1415,arc-057,15,误判,暴露角色仍误信的判断方式，让眷恋残片冷井交出第15个可复查证据,一处宇宙器官止痛权，并承认眷恋残片不能再被旧层级命名,熵枢·唯一·样本花园裂响016的核心危机吞掉本章缓冲，arc-057无法完成门槛封口,为得到“暴露角色仍误信的判断方式，让眷恋残片冷井交出第15个可复查证据”，必须失去“一处宇宙器官止痛权，并承认眷恋残片不能再被旧层级命名”；若拒绝，“熵枢·唯一·样本花园裂响016的核心危机吞掉本章缓冲，arc-057无法完成门槛封口”会提前发生。,detailed-v4
chapter-1416,1416,arc-057,16,失控,把异常限制在可写的物理边界内，让样本花园的局部截面交出第16个可复查证据,一段孤独算法自证，并承认样本花园不能再被旧层级命名,熵枢·唯一·熵零裂响017的核心危机吞掉本章缓冲，arc-057无法完成门槛封口,为得到“把异常限制在可写的物理边界内，让样本花园的局部截面交出第16个可复查证据”，必须失去“一段孤独算法自证，并承认样本花园不能再被旧层级命名”；若拒绝，“熵枢·唯一·熵零裂响017的核心危机吞掉本章缓冲，arc-057无法完成门槛封口”会提前发生。,detailed-v4
chapter-1417,1417,arc-057,17,失控,把异常限制在可写的物理边界内，让熵零实验室交出第17个可复查证据,一次熵零修复余量，并承认熵零不能再被旧层级命名,熵枢·唯一·宇宙身体裂响018的核心危机吞掉本章缓冲，arc-057无法完成门槛封口,为得到“把异常限制在可写的物理边界内，让熵零实验室交出第17个可复查证据”，必须失去“一次熵零修复余量，并承认熵零不能再被旧层级命名”；若拒绝，“熵枢·唯一·宇宙身体裂响018的核心危机吞掉本章缓冲，arc-057无法完成门槛封口”会提前发生。,detailed-v4
chapter-1418,1418,arc-057,18,失控,把异常限制在可写的物理边界内，让宇宙器官交界交出第18个可复查证据,一个黑洞记忆噪点，并承认宇宙身体不能再被旧层级命名,熵枢·唯一·归零草图裂响019的核心危机吞掉本章缓冲，arc-057无法完成门槛封口,为得到“把异常限制在可写的物理边界内，让宇宙器官交界交出第18个可复查证据”，必须失去“一个黑洞记忆噪点，并承认宇宙身体不能再被旧层级命名”；若拒绝，“熵枢·唯一·归零草图裂响019的核心危机吞掉本章缓冲，arc-057无法完成门槛封口”会提前发生。,detailed-v4
chapter-1419,1419,arc-057,19,失控,把异常限制在可写的物理边界内，让归零草图的局部截面交出第19个可复查证据,一处宇宙器官止痛权，并承认归零草图不能再被旧层级命名,熵枢·唯一·不可删除裂响020的核心危机吞掉本章缓冲，arc-057无法完成门槛封口,为得到“把异常限制在可写的物理边界内，让归零草图的局部截面交出第19个可复查证据”，必须失去“一处宇宙器官止痛权，并承认归零草图不能再被旧层级命名”；若拒绝，“熵枢·唯一·不可删除裂响020的核心危机吞掉本章缓冲，arc-057无法完成门槛封口”会提前发生。,detailed-v4
chapter-1420,1420,arc-057,20,回响,让眷恋线以硬证物返回，让不可删除的局部截面交出第20个可复查证据,一段孤独算法自证，并承认不可删除不能再被旧层级命名,熵枢·唯一·恒星神经低语021的核心危机吞掉本章缓冲，arc-057无法完成门槛封口,为得到“让眷恋线以硬证物返回，让不可删除的局部截面交出第20个可复查证据”，必须失去“一段孤独算法自证，并承认不可删除不能再被旧层级命名”；若拒绝，“熵枢·唯一·恒星神经低语021的核心危机吞掉本章缓冲，arc-057无法完成门槛封口”会提前发生。,detailed-v4
chapter-1421,1421,arc-057,21,回响,让眷恋线以硬证物返回，让恒星神经束交出第21个可复查证据,一次熵零修复余量，并承认恒星神经不能再被旧层级命名,熵枢·唯一·黑洞记忆低语022的核心危机吞掉本章缓冲，arc-057无法完成门槛封口,为得到“让眷恋线以硬证物返回，让恒星神经束交出第21个可复查证据”，必须失去“一次熵零修复余量，并承认恒星神经不能再被旧层级命名”；若拒绝，“熵枢·唯一·黑洞记忆低语022的核心危机吞掉本章缓冲，arc-057无法完成门槛封口”会提前发生。,detailed-v4
chapter-1422,1422,arc-057,22,回响,让眷恋线以硬证物返回，让黑洞记忆库交出第22个可复查证据,一个黑洞记忆噪点，并承认黑洞记忆不能再被旧层级命名,熵枢·唯一·唯一低语023的核心危机吞掉本章缓冲，arc-057无法完成门槛封口,为得到“让眷恋线以硬证物返回，让黑洞记忆库交出第22个可复查证据”，必须失去“一个黑洞记忆噪点，并承认黑洞记忆不能再被旧层级命名”；若拒绝，“熵枢·唯一·唯一低语023的核心危机吞掉本章缓冲，arc-057无法完成门槛封口”会提前发生。,detailed-v4
chapter-1423,1423,arc-057,23,门槛,把本组问题交给下一章群而不总结掉，让唯一性空腔交出第23个可复查证据,一处宇宙器官止痛权，并承认唯一不能再被旧层级命名,熵枢·唯一·孤独算法低语024的核心危机吞掉本章缓冲，arc-057无法完成门槛封口,为得到“把本组问题交给下一章群而不总结掉，让唯一性空腔交出第23个可复查证据”，必须失去“一处宇宙器官止痛权，并承认唯一不能再被旧层级命名”；若拒绝，“熵枢·唯一·孤独算法低语024的核心危机吞掉本章缓冲，arc-057无法完成门槛封口”会提前发生。,detailed-v4
chapter-1424,1424,arc-057,24,门槛,把本组问题交给下一章群而不总结掉，让孤独算法冷井交出第24个可复查证据,一段孤独算法自证，并承认孤独算法不能再被旧层级命名,熵枢·唯一·眷恋残片低语025的核心危机吞掉本章缓冲，arc-057无法完成门槛封口,为得到“把本组问题交给下一章群而不总结掉，让孤独算法冷井交出第24个可复查证据”，必须失去“一段孤独算法自证，并承认孤独算法不能再被旧层级命名”；若拒绝，“熵枢·唯一·眷恋残片低语025的核心危机吞掉本章缓冲，arc-057无法完成门槛封口”会提前发生。,detailed-v4
chapter-1425,1425,arc-057,25,门槛,把本组问题交给下一章群而不总结掉，让眷恋残片冷井交出第25个可复查证据,一次熵零修复余量，并承认眷恋残片不能再被旧层级命名,熵枢·唯一·样本花园低语026的核心危机吞掉本章缓冲，arc-057无法完成门槛封口,为得到“把本组问题交给下一章群而不总结掉，让眷恋残片冷井交出第25个可复查证据”，必须失去“一次熵零修复余量，并承认眷恋残片不能再被旧层级命名”；若拒绝，“熵枢·唯一·样本花园低语026的核心危机吞掉本章缓冲，arc-057无法完成门槛封口”会提前发生。,detailed-v4
chapter-1426,1426,arc-058,1,起因,确认异常不是孤立事故，让样本花园的局部截面交出第01个可复查证据,一处宇宙器官止痛权，并承认样本花园不能再被旧层级命名,熵枢·唯一·熵零低语027的核心危机吞掉本章缓冲，arc-058无法完成门槛封口,为得到“确认异常不是孤立事故，让样本花园的局部截面交出第01个可复查证据”，必须失去“一处宇宙器官止痛权，并承认样本花园不能再被旧层级命名”；若拒绝，“熵枢·唯一·熵零低语027的核心危机吞掉本章缓冲，arc-058无法完成门槛封口”会提前发生。,detailed-v4
chapter-1427,1427,arc-058,2,起因,确认异常不是孤立事故，让熵零实验室交出第02个可复查证据,一段孤独算法自证，并承认熵零不能再被旧层级命名,熵枢·唯一·宇宙身体低语028的核心危机吞掉本章缓冲，arc-058无法完成门槛封口,为得到“确认异常不是孤立事故，让熵零实验室交出第02个可复查证据”，必须失去“一段孤独算法自证，并承认熵零不能再被旧层级命名”；若拒绝，“熵枢·唯一·宇宙身体低语028的核心危机吞掉本章缓冲，arc-058无法完成门槛封口”会提前发生。,detailed-v4
chapter-1428,1428,arc-058,3,起因,确认异常不是孤立事故，让宇宙器官交界交出第03个可复查证据,一次熵零修复余量，并承认宇宙身体不能再被旧层级命名,熵枢·唯一·归零草图低语029的核心危机吞掉本章缓冲，arc-058无法完成门槛封口,为得到“确认异常不是孤立事故，让宇宙器官交界交出第03个可复查证据”，必须失去“一次熵零修复余量，并承认宇宙身体不能再被旧层级命名”；若拒绝，“熵枢·唯一·归零草图低语029的核心危机吞掉本章缓冲，arc-058无法完成门槛封口”会提前发生。,detailed-v4
chapter-1429,1429,arc-058,4,起因,确认异常不是孤立事故，让归零草图的局部截面交出第04个可复查证据,一个黑洞记忆噪点，并承认归零草图不能再被旧层级命名,熵枢·唯一·不可删除低语030的核心危机吞掉本章缓冲，arc-058无法完成门槛封口,为得到“确认异常不是孤立事故，让归零草图的局部截面交出第04个可复查证据”，必须失去“一个黑洞记忆噪点，并承认归零草图不能再被旧层级命名”；若拒绝，“熵枢·唯一·不可删除低语030的核心危机吞掉本章缓冲，arc-058无法完成门槛封口”会提前发生。,detailed-v4
chapter-1430,1430,arc-058,5,反证,推翻旧模型仍可解释一切的假设，让不可删除的局部截面交出第05个可复查证据,一处宇宙器官止痛权，并承认不可删除不能再被旧层级命名,熵枢·唯一·恒星神经回潮031的核心危机吞掉本章缓冲，arc-058无法完成门槛封口,为得到“推翻旧模型仍可解释一切的假设，让不可删除的局部截面交出第05个可复查证据”，必须失去“一处宇宙器官止痛权，并承认不可删除不能再被旧层级命名”；若拒绝，“熵枢·唯一·恒星神经回潮031的核心危机吞掉本章缓冲，arc-058无法完成门槛封口”会提前发生。,detailed-v4
chapter-1431,1431,arc-058,6,反证,推翻旧模型仍可解释一切的假设，让恒星神经束交出第06个可复查证据,一段孤独算法自证，并承认恒星神经不能再被旧层级命名,熵枢·唯一·黑洞记忆回潮032的核心危机吞掉本章缓冲，arc-058无法完成门槛封口,为得到“推翻旧模型仍可解释一切的假设，让恒星神经束交出第06个可复查证据”，必须失去“一段孤独算法自证，并承认恒星神经不能再被旧层级命名”；若拒绝，“熵枢·唯一·黑洞记忆回潮032的核心危机吞掉本章缓冲，arc-058无法完成门槛封口”会提前发生。,detailed-v4
chapter-1432,1432,arc-058,7,反证,推翻旧模型仍可解释一切的假设，让黑洞记忆库交出第07个可复查证据,一次熵零修复余量，并承认黑洞记忆不能再被旧层级命名,熵枢·唯一·唯一回潮033的核心危机吞掉本章缓冲，arc-058无法完成门槛封口,为得到“推翻旧模型仍可解释一切的假设，让黑洞记忆库交出第07个可复查证据”，必须失去“一次熵零修复余量，并承认黑洞记忆不能再被旧层级命名”；若拒绝，“熵枢·唯一·唯一回潮033的核心危机吞掉本章缓冲，arc-058无法完成门槛封口”会提前发生。,detailed-v4
chapter-1433,1433,arc-058,8,反证,推翻旧模型仍可解释一切的假设，让唯一性空腔交出第08个可复查证据,一个黑洞记忆噪点，并承认唯一不能再被旧层级命名,熵枢·唯一·孤独算法回潮034的核心危机吞掉本章缓冲，arc-058无法完成门槛封口,为得到“推翻旧模型仍可解释一切的假设，让唯一性空腔交出第08个可复查证据”，必须失去“一个黑洞记忆噪点，并承认唯一不能再被旧层级命名”；若拒绝，“熵枢·唯一·孤独算法回潮034的核心危机吞掉本章缓冲，arc-058无法完成门槛封口”会提前发生。,detailed-v4
chapter-1434,1434,arc-058,9,代价,换取一次继续观测的资格，让孤独算法冷井交出第09个可复查证据,一处宇宙器官止痛权，并承认孤独算法不能再被旧层级命名,熵枢·唯一·眷恋残片回潮035的核心危机吞掉本章缓冲，arc-058无法完成门槛封口,为得到“换取一次继续观测的资格，让孤独算法冷井交出第09个可复查证据”，必须失去“一处宇宙器官止痛权，并承认孤独算法不能再被旧层级命名”；若拒绝，“熵枢·唯一·眷恋残片回潮035的核心危机吞掉本章缓冲，arc-058无法完成门槛封口”会提前发生。,detailed-v4
chapter-1435,1435,arc-058,10,代价,换取一次继续观测的资格，让眷恋残片冷井交出第10个可复查证据,一段孤独算法自证，并承认眷恋残片不能再被旧层级命名,熵枢·唯一·样本花园回潮036的核心危机吞掉本章缓冲，arc-058无法完成门槛封口,为得到“换取一次继续观测的资格，让眷恋残片冷井交出第10个可复查证据”，必须失去“一段孤独算法自证，并承认眷恋残片不能再被旧层级命名”；若拒绝，“熵枢·唯一·样本花园回潮036的核心危机吞掉本章缓冲，arc-058无法完成门槛封口”会提前发生。,detailed-v4
chapter-1436,1436,arc-058,11,代价,换取一次继续观测的资格，让样本花园的局部截面交出第11个可复查证据,一次熵零修复余量，并承认样本花园不能再被旧层级命名,熵枢·唯一·熵零回潮037的核心危机吞掉本章缓冲，arc-058无法完成门槛封口,为得到“换取一次继续观测的资格，让样本花园的局部截面交出第11个可复查证据”，必须失去“一次熵零修复余量，并承认样本花园不能再被旧层级命名”；若拒绝，“熵枢·唯一·熵零回潮037的核心危机吞掉本章缓冲，arc-058无法完成门槛封口”会提前发生。,detailed-v4
chapter-1437,1437,arc-058,12,误判,暴露角色仍误信的判断方式，让熵零实验室交出第12个可复查证据,一个黑洞记忆噪点，并承认熵零不能再被旧层级命名,熵枢·唯一·宇宙身体回潮038的核心危机吞掉本章缓冲，arc-058无法完成门槛封口,为得到“暴露角色仍误信的判断方式，让熵零实验室交出第12个可复查证据”，必须失去“一个黑洞记忆噪点，并承认熵零不能再被旧层级命名”；若拒绝，“熵枢·唯一·宇宙身体回潮038的核心危机吞掉本章缓冲，arc-058无法完成门槛封口”会提前发生。,detailed-v4
chapter-1438,1438,arc-058,13,误判,暴露角色仍误信的判断方式，让宇宙器官交界交出第13个可复查证据,一处宇宙器官止痛权，并承认宇宙身体不能再被旧层级命名,熵枢·唯一·归零草图回潮039的核心危机吞掉本章缓冲，arc-058无法完成门槛封口,为得到“暴露角色仍误信的判断方式，让宇宙器官交界交出第13个可复查证据”，必须失去“一处宇宙器官止痛权，并承认宇宙身体不能再被旧层级命名”；若拒绝，“熵枢·唯一·归零草图回潮039的核心危机吞掉本章缓冲，arc-058无法完成门槛封口”会提前发生。,detailed-v4
chapter-1439,1439,arc-058,14,误判,暴露角色仍误信的判断方式，让归零草图的局部截面交出第14个可复查证据,一段孤独算法自证，并承认归零草图不能再被旧层级命名,熵枢·唯一·不可删除回潮040的核心危机吞掉本章缓冲，arc-058无法完成门槛封口,为得到“暴露角色仍误信的判断方式，让归零草图的局部截面交出第14个可复查证据”，必须失去“一段孤独算法自证，并承认归零草图不能再被旧层级命名”；若拒绝，“熵枢·唯一·不可删除回潮040的核心危机吞掉本章缓冲，arc-058无法完成门槛封口”会提前发生。,detailed-v4
chapter-1440,1440,arc-058,15,误判,暴露角色仍误信的判断方式，让不可删除的局部截面交出第15个可复查证据,一次熵零修复余量，并承认不可删除不能再被旧层级命名,熵枢·唯一·恒星神经折光041的核心危机吞掉本章缓冲，arc-058无法完成门槛封口,为得到“暴露角色仍误信的判断方式，让不可删除的局部截面交出第15个可复查证据”，必须失去“一次熵零修复余量，并承认不可删除不能再被旧层级命名”；若拒绝，“熵枢·唯一·恒星神经折光041的核心危机吞掉本章缓冲，arc-058无法完成门槛封口”会提前发生。,detailed-v4
chapter-1441,1441,arc-058,16,失控,把异常限制在可写的物理边界内，让恒星神经束交出第16个可复查证据,一个黑洞记忆噪点，并承认恒星神经不能再被旧层级命名,熵枢·唯一·黑洞记忆折光042的核心危机吞掉本章缓冲，arc-058无法完成门槛封口,为得到“把异常限制在可写的物理边界内，让恒星神经束交出第16个可复查证据”，必须失去“一个黑洞记忆噪点，并承认恒星神经不能再被旧层级命名”；若拒绝，“熵枢·唯一·黑洞记忆折光042的核心危机吞掉本章缓冲，arc-058无法完成门槛封口”会提前发生。,detailed-v4
chapter-1442,1442,arc-058,17,失控,把异常限制在可写的物理边界内，让黑洞记忆库交出第17个可复查证据,一处宇宙器官止痛权，并承认黑洞记忆不能再被旧层级命名,熵枢·唯一·唯一折光043的核心危机吞掉本章缓冲，arc-058无法完成门槛封口,为得到“把异常限制在可写的物理边界内，让黑洞记忆库交出第17个可复查证据”，必须失去“一处宇宙器官止痛权，并承认黑洞记忆不能再被旧层级命名”；若拒绝，“熵枢·唯一·唯一折光043的核心危机吞掉本章缓冲，arc-058无法完成门槛封口”会提前发生。,detailed-v4
chapter-1443,1443,arc-058,18,失控,把异常限制在可写的物理边界内，让唯一性空腔交出第18个可复查证据,一段孤独算法自证，并承认唯一不能再被旧层级命名,熵枢·唯一·孤独算法折光044的核心危机吞掉本章缓冲，arc-058无法完成门槛封口,为得到“把异常限制在可写的物理边界内，让唯一性空腔交出第18个可复查证据”，必须失去“一段孤独算法自证，并承认唯一不能再被旧层级命名”；若拒绝，“熵枢·唯一·孤独算法折光044的核心危机吞掉本章缓冲，arc-058无法完成门槛封口”会提前发生。,detailed-v4
chapter-1444,1444,arc-058,19,失控,把异常限制在可写的物理边界内，让孤独算法冷井交出第19个可复查证据,一次熵零修复余量，并承认孤独算法不能再被旧层级命名,熵枢·唯一·眷恋残片折光045的核心危机吞掉本章缓冲，arc-058无法完成门槛封口,为得到“把异常限制在可写的物理边界内，让孤独算法冷井交出第19个可复查证据”，必须失去“一次熵零修复余量，并承认孤独算法不能再被旧层级命名”；若拒绝，“熵枢·唯一·眷恋残片折光045的核心危机吞掉本章缓冲，arc-058无法完成门槛封口”会提前发生。,detailed-v4
chapter-1445,1445,arc-058,20,回响,让眷恋线以硬证物返回，让眷恋残片冷井交出第20个可复查证据,一个黑洞记忆噪点，并承认眷恋残片不能再被旧层级命名,熵枢·唯一·样本花园折光046的核心危机吞掉本章缓冲，arc-058无法完成门槛封口,为得到“让眷恋线以硬证物返回，让眷恋残片冷井交出第20个可复查证据”，必须失去“一个黑洞记忆噪点，并承认眷恋残片不能再被旧层级命名”；若拒绝，“熵枢·唯一·样本花园折光046的核心危机吞掉本章缓冲，arc-058无法完成门槛封口”会提前发生。,detailed-v4
chapter-1446,1446,arc-058,21,回响,让眷恋线以硬证物返回，让样本花园的局部截面交出第21个可复查证据,一处宇宙器官止痛权，并承认样本花园不能再被旧层级命名,熵枢·唯一·熵零折光047的核心危机吞掉本章缓冲，arc-058无法完成门槛封口,为得到“让眷恋线以硬证物返回，让样本花园的局部截面交出第21个可复查证据”，必须失去“一处宇宙器官止痛权，并承认样本花园不能再被旧层级命名”；若拒绝，“熵枢·唯一·熵零折光047的核心危机吞掉本章缓冲，arc-058无法完成门槛封口”会提前发生。,detailed-v4
chapter-1447,1447,arc-058,22,回响,让眷恋线以硬证物返回，让熵零实验室交出第22个可复查证据,一段孤独算法自证，并承认熵零不能再被旧层级命名,熵枢·唯一·宇宙身体折光048的核心危机吞掉本章缓冲，arc-058无法完成门槛封口,为得到“让眷恋线以硬证物返回，让熵零实验室交出第22个可复查证据”，必须失去“一段孤独算法自证，并承认熵零不能再被旧层级命名”；若拒绝，“熵枢·唯一·宇宙身体折光048的核心危机吞掉本章缓冲，arc-058无法完成门槛封口”会提前发生。,detailed-v4
chapter-1448,1448,arc-058,23,门槛,把本组问题交给下一章群而不总结掉，让宇宙器官交界交出第23个可复查证据,一次熵零修复余量，并承认宇宙身体不能再被旧层级命名,熵枢·唯一·归零草图折光049的核心危机吞掉本章缓冲，arc-058无法完成门槛封口,为得到“把本组问题交给下一章群而不总结掉，让宇宙器官交界交出第23个可复查证据”，必须失去“一次熵零修复余量，并承认宇宙身体不能再被旧层级命名”；若拒绝，“熵枢·唯一·归零草图折光049的核心危机吞掉本章缓冲，arc-058无法完成门槛封口”会提前发生。,detailed-v4
chapter-1449,1449,arc-058,24,门槛,把本组问题交给下一章群而不总结掉，让归零草图的局部截面交出第24个可复查证据,一个黑洞记忆噪点，并承认归零草图不能再被旧层级命名,熵枢·唯一·不可删除折光050的核心危机吞掉本章缓冲，arc-058无法完成门槛封口,为得到“把本组问题交给下一章群而不总结掉，让归零草图的局部截面交出第24个可复查证据”，必须失去“一个黑洞记忆噪点，并承认归零草图不能再被旧层级命名”；若拒绝，“熵枢·唯一·不可删除折光050的核心危机吞掉本章缓冲，arc-058无法完成门槛封口”会提前发生。,detailed-v4
chapter-1450,1450,arc-058,25,门槛,把本组问题交给下一章群而不总结掉，让不可删除的局部截面交出第25个可复查证据,一处宇宙器官止痛权，并承认不可删除不能再被旧层级命名,熵枢·唯一·恒星神经暗涌051的核心危机吞掉本章缓冲，arc-058无法完成门槛封口,为得到“把本组问题交给下一章群而不总结掉，让不可删除的局部截面交出第25个可复查证据”，必须失去“一处宇宙器官止痛权，并承认不可删除不能再被旧层级命名”；若拒绝，“熵枢·唯一·恒星神经暗涌051的核心危机吞掉本章缓冲，arc-058无法完成门槛封口”会提前发生。,detailed-v4
chapter-1451,1451,arc-059,1,起因,确认异常不是孤立事故，让恒星神经束交出第01个可复查证据,一次熵零修复余量，并承认恒星神经不能再被旧层级命名,熵枢·唯一·黑洞记忆暗涌052的核心危机吞掉本章缓冲，arc-059无法完成门槛封口,为得到“确认异常不是孤立事故，让恒星神经束交出第01个可复查证据”，必须失去“一次熵零修复余量，并承认恒星神经不能再被旧层级命名”；若拒绝，“熵枢·唯一·黑洞记忆暗涌052的核心危机吞掉本章缓冲，arc-059无法完成门槛封口”会提前发生。,detailed-v4
chapter-1452,1452,arc-059,2,起因,确认异常不是孤立事故，让黑洞记忆库交出第02个可复查证据,一个黑洞记忆噪点，并承认黑洞记忆不能再被旧层级命名,熵枢·唯一·唯一暗涌053的核心危机吞掉本章缓冲，arc-059无法完成门槛封口,为得到“确认异常不是孤立事故，让黑洞记忆库交出第02个可复查证据”，必须失去“一个黑洞记忆噪点，并承认黑洞记忆不能再被旧层级命名”；若拒绝，“熵枢·唯一·唯一暗涌053的核心危机吞掉本章缓冲，arc-059无法完成门槛封口”会提前发生。,detailed-v4
chapter-1453,1453,arc-059,3,起因,确认异常不是孤立事故，让唯一性空腔交出第03个可复查证据,一处宇宙器官止痛权，并承认唯一不能再被旧层级命名,熵枢·唯一·孤独算法暗涌054的核心危机吞掉本章缓冲，arc-059无法完成门槛封口,为得到“确认异常不是孤立事故，让唯一性空腔交出第03个可复查证据”，必须失去“一处宇宙器官止痛权，并承认唯一不能再被旧层级命名”；若拒绝，“熵枢·唯一·孤独算法暗涌054的核心危机吞掉本章缓冲，arc-059无法完成门槛封口”会提前发生。,detailed-v4
chapter-1454,1454,arc-059,4,起因,确认异常不是孤立事故，让孤独算法冷井交出第04个可复查证据,一段孤独算法自证，并承认孤独算法不能再被旧层级命名,熵枢·唯一·眷恋残片暗涌055的核心危机吞掉本章缓冲，arc-059无法完成门槛封口,为得到“确认异常不是孤立事故，让孤独算法冷井交出第04个可复查证据”，必须失去“一段孤独算法自证，并承认孤独算法不能再被旧层级命名”；若拒绝，“熵枢·唯一·眷恋残片暗涌055的核心危机吞掉本章缓冲，arc-059无法完成门槛封口”会提前发生。,detailed-v4
chapter-1455,1455,arc-059,5,反证,推翻旧模型仍可解释一切的假设，让眷恋残片冷井交出第05个可复查证据,一次熵零修复余量，并承认眷恋残片不能再被旧层级命名,熵枢·唯一·样本花园暗涌056的核心危机吞掉本章缓冲，arc-059无法完成门槛封口,为得到“推翻旧模型仍可解释一切的假设，让眷恋残片冷井交出第05个可复查证据”，必须失去“一次熵零修复余量，并承认眷恋残片不能再被旧层级命名”；若拒绝，“熵枢·唯一·样本花园暗涌056的核心危机吞掉本章缓冲，arc-059无法完成门槛封口”会提前发生。,detailed-v4
chapter-1456,1456,arc-059,6,反证,推翻旧模型仍可解释一切的假设，让样本花园的局部截面交出第06个可复查证据,一个黑洞记忆噪点，并承认样本花园不能再被旧层级命名,熵枢·唯一·熵零暗涌057的核心危机吞掉本章缓冲，arc-059无法完成门槛封口,为得到“推翻旧模型仍可解释一切的假设，让样本花园的局部截面交出第06个可复查证据”，必须失去“一个黑洞记忆噪点，并承认样本花园不能再被旧层级命名”；若拒绝，“熵枢·唯一·熵零暗涌057的核心危机吞掉本章缓冲，arc-059无法完成门槛封口”会提前发生。,detailed-v4
chapter-1457,1457,arc-059,7,反证,推翻旧模型仍可解释一切的假设，让熵零实验室交出第07个可复查证据,一处宇宙器官止痛权，并承认熵零不能再被旧层级命名,熵枢·唯一·宇宙身体暗涌058的核心危机吞掉本章缓冲，arc-059无法完成门槛封口,为得到“推翻旧模型仍可解释一切的假设，让熵零实验室交出第07个可复查证据”，必须失去“一处宇宙器官止痛权，并承认熵零不能再被旧层级命名”；若拒绝，“熵枢·唯一·宇宙身体暗涌058的核心危机吞掉本章缓冲，arc-059无法完成门槛封口”会提前发生。,detailed-v4
chapter-1458,1458,arc-059,8,反证,推翻旧模型仍可解释一切的假设，让宇宙器官交界交出第08个可复查证据,一段孤独算法自证，并承认宇宙身体不能再被旧层级命名,熵枢·唯一·归零草图暗涌059的核心危机吞掉本章缓冲，arc-059无法完成门槛封口,为得到“推翻旧模型仍可解释一切的假设，让宇宙器官交界交出第08个可复查证据”，必须失去“一段孤独算法自证，并承认宇宙身体不能再被旧层级命名”；若拒绝，“熵枢·唯一·归零草图暗涌059的核心危机吞掉本章缓冲，arc-059无法完成门槛封口”会提前发生。,detailed-v4
chapter-1459,1459,arc-059,9,代价,换取一次继续观测的资格，让归零草图的局部截面交出第09个可复查证据,一次熵零修复余量，并承认归零草图不能再被旧层级命名,熵枢·唯一·不可删除暗涌060的核心危机吞掉本章缓冲，arc-059无法完成门槛封口,为得到“换取一次继续观测的资格，让归零草图的局部截面交出第09个可复查证据”，必须失去“一次熵零修复余量，并承认归零草图不能再被旧层级命名”；若拒绝，“熵枢·唯一·不可删除暗涌060的核心危机吞掉本章缓冲，arc-059无法完成门槛封口”会提前发生。,detailed-v4
chapter-1460,1460,arc-059,10,代价,换取一次继续观测的资格，让不可删除的局部截面交出第10个可复查证据,一个黑洞记忆噪点，并承认不可删除不能再被旧层级命名,熵枢·唯一·恒星神经证词061的核心危机吞掉本章缓冲，arc-059无法完成门槛封口,为得到“换取一次继续观测的资格，让不可删除的局部截面交出第10个可复查证据”，必须失去“一个黑洞记忆噪点，并承认不可删除不能再被旧层级命名”；若拒绝，“熵枢·唯一·恒星神经证词061的核心危机吞掉本章缓冲，arc-059无法完成门槛封口”会提前发生。,detailed-v4
chapter-1461,1461,arc-059,11,代价,换取一次继续观测的资格，让恒星神经束交出第11个可复查证据,一处宇宙器官止痛权，并承认恒星神经不能再被旧层级命名,熵枢·唯一·黑洞记忆证词062的核心危机吞掉本章缓冲，arc-059无法完成门槛封口,为得到“换取一次继续观测的资格，让恒星神经束交出第11个可复查证据”，必须失去“一处宇宙器官止痛权，并承认恒星神经不能再被旧层级命名”；若拒绝，“熵枢·唯一·黑洞记忆证词062的核心危机吞掉本章缓冲，arc-059无法完成门槛封口”会提前发生。,detailed-v4
chapter-1462,1462,arc-059,12,误判,暴露角色仍误信的判断方式，让黑洞记忆库交出第12个可复查证据,一段孤独算法自证，并承认黑洞记忆不能再被旧层级命名,熵枢·唯一·唯一证词063的核心危机吞掉本章缓冲，arc-059无法完成门槛封口,为得到“暴露角色仍误信的判断方式，让黑洞记忆库交出第12个可复查证据”，必须失去“一段孤独算法自证，并承认黑洞记忆不能再被旧层级命名”；若拒绝，“熵枢·唯一·唯一证词063的核心危机吞掉本章缓冲，arc-059无法完成门槛封口”会提前发生。,detailed-v4
chapter-1463,1463,arc-059,13,误判,暴露角色仍误信的判断方式，让唯一性空腔交出第13个可复查证据,一次熵零修复余量，并承认唯一不能再被旧层级命名,熵枢·唯一·孤独算法证词064的核心危机吞掉本章缓冲，arc-059无法完成门槛封口,为得到“暴露角色仍误信的判断方式，让唯一性空腔交出第13个可复查证据”，必须失去“一次熵零修复余量，并承认唯一不能再被旧层级命名”；若拒绝，“熵枢·唯一·孤独算法证词064的核心危机吞掉本章缓冲，arc-059无法完成门槛封口”会提前发生。,detailed-v4
chapter-1464,1464,arc-059,14,误判,暴露角色仍误信的判断方式，让孤独算法冷井交出第14个可复查证据,一个黑洞记忆噪点，并承认孤独算法不能再被旧层级命名,熵枢·唯一·眷恋残片证词065的核心危机吞掉本章缓冲，arc-059无法完成门槛封口,为得到“暴露角色仍误信的判断方式，让孤独算法冷井交出第14个可复查证据”，必须失去“一个黑洞记忆噪点，并承认孤独算法不能再被旧层级命名”；若拒绝，“熵枢·唯一·眷恋残片证词065的核心危机吞掉本章缓冲，arc-059无法完成门槛封口”会提前发生。,detailed-v4
chapter-1465,1465,arc-059,15,误判,暴露角色仍误信的判断方式，让眷恋残片冷井交出第15个可复查证据,一处宇宙器官止痛权，并承认眷恋残片不能再被旧层级命名,熵枢·唯一·样本花园证词066的核心危机吞掉本章缓冲，arc-059无法完成门槛封口,为得到“暴露角色仍误信的判断方式，让眷恋残片冷井交出第15个可复查证据”，必须失去“一处宇宙器官止痛权，并承认眷恋残片不能再被旧层级命名”；若拒绝，“熵枢·唯一·样本花园证词066的核心危机吞掉本章缓冲，arc-059无法完成门槛封口”会提前发生。,detailed-v4
chapter-1466,1466,arc-059,16,失控,把异常限制在可写的物理边界内，让样本花园的局部截面交出第16个可复查证据,一段孤独算法自证，并承认样本花园不能再被旧层级命名,熵枢·唯一·熵零证词067的核心危机吞掉本章缓冲，arc-059无法完成门槛封口,为得到“把异常限制在可写的物理边界内，让样本花园的局部截面交出第16个可复查证据”，必须失去“一段孤独算法自证，并承认样本花园不能再被旧层级命名”；若拒绝，“熵枢·唯一·熵零证词067的核心危机吞掉本章缓冲，arc-059无法完成门槛封口”会提前发生。,detailed-v4
chapter-1467,1467,arc-059,17,失控,把异常限制在可写的物理边界内，让熵零实验室交出第17个可复查证据,一次熵零修复余量，并承认熵零不能再被旧层级命名,熵枢·唯一·宇宙身体证词068的核心危机吞掉本章缓冲，arc-059无法完成门槛封口,为得到“把异常限制在可写的物理边界内，让熵零实验室交出第17个可复查证据”，必须失去“一次熵零修复余量，并承认熵零不能再被旧层级命名”；若拒绝，“熵枢·唯一·宇宙身体证词068的核心危机吞掉本章缓冲，arc-059无法完成门槛封口”会提前发生。,detailed-v4
chapter-1468,1468,arc-059,18,失控,把异常限制在可写的物理边界内，让宇宙器官交界交出第18个可复查证据,一个黑洞记忆噪点，并承认宇宙身体不能再被旧层级命名,熵枢·唯一·归零草图证词069的核心危机吞掉本章缓冲，arc-059无法完成门槛封口,为得到“把异常限制在可写的物理边界内，让宇宙器官交界交出第18个可复查证据”，必须失去“一个黑洞记忆噪点，并承认宇宙身体不能再被旧层级命名”；若拒绝，“熵枢·唯一·归零草图证词069的核心危机吞掉本章缓冲，arc-059无法完成门槛封口”会提前发生。,detailed-v4
chapter-1469,1469,arc-059,19,失控,把异常限制在可写的物理边界内，让归零草图的局部截面交出第19个可复查证据,一处宇宙器官止痛权，并承认归零草图不能再被旧层级命名,熵枢·唯一·不可删除证词070的核心危机吞掉本章缓冲，arc-059无法完成门槛封口,为得到“把异常限制在可写的物理边界内，让归零草图的局部截面交出第19个可复查证据”，必须失去“一处宇宙器官止痛权，并承认归零草图不能再被旧层级命名”；若拒绝，“熵枢·唯一·不可删除证词070的核心危机吞掉本章缓冲，arc-059无法完成门槛封口”会提前发生。,detailed-v4
chapter-1470,1470,arc-059,20,回响,让眷恋线以硬证物返回，让不可删除的局部截面交出第20个可复查证据,一段孤独算法自证，并承认不可删除不能再被旧层级命名,熵枢·唯一·恒星神经坠落071的核心危机吞掉本章缓冲，arc-059无法完成门槛封口,为得到“让眷恋线以硬证物返回，让不可删除的局部截面交出第20个可复查证据”，必须失去“一段孤独算法自证，并承认不可删除不能再被旧层级命名”；若拒绝，“熵枢·唯一·恒星神经坠落071的核心危机吞掉本章缓冲，arc-059无法完成门槛封口”会提前发生。,detailed-v4
chapter-1471,1471,arc-059,21,回响,让眷恋线以硬证物返回，让恒星神经束交出第21个可复查证据,一次熵零修复余量，并承认恒星神经不能再被旧层级命名,熵枢·唯一·黑洞记忆坠落072的核心危机吞掉本章缓冲，arc-059无法完成门槛封口,为得到“让眷恋线以硬证物返回，让恒星神经束交出第21个可复查证据”，必须失去“一次熵零修复余量，并承认恒星神经不能再被旧层级命名”；若拒绝，“熵枢·唯一·黑洞记忆坠落072的核心危机吞掉本章缓冲，arc-059无法完成门槛封口”会提前发生。,detailed-v4
chapter-1472,1472,arc-059,22,回响,让眷恋线以硬证物返回，让黑洞记忆库交出第22个可复查证据,一个黑洞记忆噪点，并承认黑洞记忆不能再被旧层级命名,熵枢·唯一·唯一坠落073的核心危机吞掉本章缓冲，arc-059无法完成门槛封口,为得到“让眷恋线以硬证物返回，让黑洞记忆库交出第22个可复查证据”，必须失去“一个黑洞记忆噪点，并承认黑洞记忆不能再被旧层级命名”；若拒绝，“熵枢·唯一·唯一坠落073的核心危机吞掉本章缓冲，arc-059无法完成门槛封口”会提前发生。,detailed-v4
chapter-1473,1473,arc-059,23,门槛,把本组问题交给下一章群而不总结掉，让唯一性空腔交出第23个可复查证据,一处宇宙器官止痛权，并承认唯一不能再被旧层级命名,熵枢·唯一·孤独算法坠落074的核心危机吞掉本章缓冲，arc-059无法完成门槛封口,为得到“把本组问题交给下一章群而不总结掉，让唯一性空腔交出第23个可复查证据”，必须失去“一处宇宙器官止痛权，并承认唯一不能再被旧层级命名”；若拒绝，“熵枢·唯一·孤独算法坠落074的核心危机吞掉本章缓冲，arc-059无法完成门槛封口”会提前发生。,detailed-v4
chapter-1474,1474,arc-059,24,门槛,把本组问题交给下一章群而不总结掉，让孤独算法冷井交出第24个可复查证据,一段孤独算法自证，并承认孤独算法不能再被旧层级命名,熵枢·唯一·眷恋残片坠落075的核心危机吞掉本章缓冲，arc-059无法完成门槛封口,为得到“把本组问题交给下一章群而不总结掉，让孤独算法冷井交出第24个可复查证据”，必须失去“一段孤独算法自证，并承认孤独算法不能再被旧层级命名”；若拒绝，“熵枢·唯一·眷恋残片坠落075的核心危机吞掉本章缓冲，arc-059无法完成门槛封口”会提前发生。,detailed-v4
chapter-1475,1475,arc-059,25,门槛,把本组问题交给下一章群而不总结掉，让眷恋残片冷井交出第25个可复查证据,一次熵零修复余量，并承认眷恋残片不能再被旧层级命名,熵枢·唯一·样本花园坠落076的核心危机吞掉本章缓冲，arc-059无法完成门槛封口,为得到“把本组问题交给下一章群而不总结掉，让眷恋残片冷井交出第25个可复查证据”，必须失去“一次熵零修复余量，并承认眷恋残片不能再被旧层级命名”；若拒绝，“熵枢·唯一·样本花园坠落076的核心危机吞掉本章缓冲，arc-059无法完成门槛封口”会提前发生。,detailed-v4
chapter-1476,1476,arc-060,1,起因,确认异常不是孤立事故，让样本花园的局部截面交出第01个可复查证据,一处宇宙器官止痛权，并承认样本花园不能再被旧层级命名,熵枢·唯一·熵零坠落077的核心危机吞掉本章缓冲，arc-060无法完成门槛封口,为得到“确认异常不是孤立事故，让样本花园的局部截面交出第01个可复查证据”，必须失去“一处宇宙器官止痛权，并承认样本花园不能再被旧层级命名”；若拒绝，“熵枢·唯一·熵零坠落077的核心危机吞掉本章缓冲，arc-060无法完成门槛封口”会提前发生。,detailed-v4
chapter-1477,1477,arc-060,2,起因,确认异常不是孤立事故，让熵零实验室交出第02个可复查证据,一段孤独算法自证，并承认熵零不能再被旧层级命名,熵枢·唯一·宇宙身体坠落078的核心危机吞掉本章缓冲，arc-060无法完成门槛封口,为得到“确认异常不是孤立事故，让熵零实验室交出第02个可复查证据”，必须失去“一段孤独算法自证，并承认熵零不能再被旧层级命名”；若拒绝，“熵枢·唯一·宇宙身体坠落078的核心危机吞掉本章缓冲，arc-060无法完成门槛封口”会提前发生。,detailed-v4
chapter-1478,1478,arc-060,3,起因,确认异常不是孤立事故，让宇宙器官交界交出第03个可复查证据,一次熵零修复余量，并承认宇宙身体不能再被旧层级命名,熵枢·唯一·归零草图坠落079的核心危机吞掉本章缓冲，arc-060无法完成门槛封口,为得到“确认异常不是孤立事故，让宇宙器官交界交出第03个可复查证据”，必须失去“一次熵零修复余量，并承认宇宙身体不能再被旧层级命名”；若拒绝，“熵枢·唯一·归零草图坠落079的核心危机吞掉本章缓冲，arc-060无法完成门槛封口”会提前发生。,detailed-v4
chapter-1479,1479,arc-060,4,起因,确认异常不是孤立事故，让归零草图的局部截面交出第04个可复查证据,一个黑洞记忆噪点，并承认归零草图不能再被旧层级命名,熵枢·唯一·不可删除坠落080的核心危机吞掉本章缓冲，arc-060无法完成门槛封口,为得到“确认异常不是孤立事故，让归零草图的局部截面交出第04个可复查证据”，必须失去“一个黑洞记忆噪点，并承认归零草图不能再被旧层级命名”；若拒绝，“熵枢·唯一·不可删除坠落080的核心危机吞掉本章缓冲，arc-060无法完成门槛封口”会提前发生。,detailed-v4
chapter-1480,1480,arc-060,5,反证,推翻旧模型仍可解释一切的假设，让不可删除的局部截面交出第05个可复查证据,一处宇宙器官止痛权，并承认不可删除不能再被旧层级命名,熵枢·唯一·恒星神经重构081的核心危机吞掉本章缓冲，arc-060无法完成门槛封口,为得到“推翻旧模型仍可解释一切的假设，让不可删除的局部截面交出第05个可复查证据”，必须失去“一处宇宙器官止痛权，并承认不可删除不能再被旧层级命名”；若拒绝，“熵枢·唯一·恒星神经重构081的核心危机吞掉本章缓冲，arc-060无法完成门槛封口”会提前发生。,detailed-v4
chapter-1481,1481,arc-060,6,反证,推翻旧模型仍可解释一切的假设，让恒星神经重构的局部截面交出第06个可复查证据,一段孤独算法自证，并承认恒星神经重构不能再被旧层级命名,熵枢·唯一·黑洞记忆重构082的核心危机吞掉本章缓冲，arc-060无法完成门槛封口,为得到“推翻旧模型仍可解释一切的假设，让恒星神经重构的局部截面交出第06个可复查证据”，必须失去“一段孤独算法自证，并承认恒星神经重构不能再被旧层级命名”；若拒绝，“熵枢·唯一·黑洞记忆重构082的核心危机吞掉本章缓冲，arc-060无法完成门槛封口”会提前发生。,detailed-v4
chapter-1482,1482,arc-060,7,反证,推翻旧模型仍可解释一切的假设，让黑洞记忆重构的局部截面交出第07个可复查证据,一次熵零修复余量，并承认黑洞记忆重构不能再被旧层级命名,熵枢·唯一·唯一重构083的核心危机吞掉本章缓冲，arc-060无法完成门槛封口,为得到“推翻旧模型仍可解释一切的假设，让黑洞记忆重构的局部截面交出第07个可复查证据”，必须失去“一次熵零修复余量，并承认黑洞记忆重构不能再被旧层级命名”；若拒绝，“熵枢·唯一·唯一重构083的核心危机吞掉本章缓冲，arc-060无法完成门槛封口”会提前发生。,detailed-v4
chapter-1483,1483,arc-060,8,反证,推翻旧模型仍可解释一切的假设，让唯一重构的局部截面交出第08个可复查证据,一个黑洞记忆噪点，并承认唯一重构不能再被旧层级命名,熵枢·唯一·孤独算法重构084的核心危机吞掉本章缓冲，arc-060无法完成门槛封口,为得到“推翻旧模型仍可解释一切的假设，让唯一重构的局部截面交出第08个可复查证据”，必须失去“一个黑洞记忆噪点，并承认唯一重构不能再被旧层级命名”；若拒绝，“熵枢·唯一·孤独算法重构084的核心危机吞掉本章缓冲，arc-060无法完成门槛封口”会提前发生。,detailed-v4
chapter-1484,1484,arc-060,9,代价,换取一次继续观测的资格，让孤独算法重构的局部截面交出第09个可复查证据,一处宇宙器官止痛权，并承认孤独算法重构不能再被旧层级命名,熵枢·唯一·眷恋残片重构085的核心危机吞掉本章缓冲，arc-060无法完成门槛封口,为得到“换取一次继续观测的资格，让孤独算法重构的局部截面交出第09个可复查证据”，必须失去“一处宇宙器官止痛权，并承认孤独算法重构不能再被旧层级命名”；若拒绝，“熵枢·唯一·眷恋残片重构085的核心危机吞掉本章缓冲，arc-060无法完成门槛封口”会提前发生。,detailed-v4
chapter-1485,1485,arc-060,10,代价,换取一次继续观测的资格，让眷恋残片重构的局部截面交出第10个可复查证据,一段孤独算法自证，并承认眷恋残片重构不能再被旧层级命名,熵枢·唯一·样本花园重构086的核心危机吞掉本章缓冲，arc-060无法完成门槛封口,为得到“换取一次继续观测的资格，让眷恋残片重构的局部截面交出第10个可复查证据”，必须失去“一段孤独算法自证，并承认眷恋残片重构不能再被旧层级命名”；若拒绝，“熵枢·唯一·样本花园重构086的核心危机吞掉本章缓冲，arc-060无法完成门槛封口”会提前发生。,detailed-v4
chapter-1486,1486,arc-060,11,代价,换取一次继续观测的资格，让样本花园重构的局部截面交出第11个可复查证据,一次熵零修复余量，并承认样本花园重构不能再被旧层级命名,熵枢·唯一·熵零重构087的核心危机吞掉本章缓冲，arc-060无法完成门槛封口,为得到“换取一次继续观测的资格，让样本花园重构的局部截面交出第11个可复查证据”，必须失去“一次熵零修复余量，并承认样本花园重构不能再被旧层级命名”；若拒绝，“熵枢·唯一·熵零重构087的核心危机吞掉本章缓冲，arc-060无法完成门槛封口”会提前发生。,detailed-v4
chapter-1487,1487,arc-060,12,误判,暴露角色仍误信的判断方式，让熵零重构的局部截面交出第12个可复查证据,一个黑洞记忆噪点，并承认熵零重构不能再被旧层级命名,熵枢·唯一·宇宙身体重构088的核心危机吞掉本章缓冲，arc-060无法完成门槛封口,为得到“暴露角色仍误信的判断方式，让熵零重构的局部截面交出第12个可复查证据”，必须失去“一个黑洞记忆噪点，并承认熵零重构不能再被旧层级命名”；若拒绝，“熵枢·唯一·宇宙身体重构088的核心危机吞掉本章缓冲，arc-060无法完成门槛封口”会提前发生。,detailed-v4
chapter-1488,1488,arc-060,13,误判,暴露角色仍误信的判断方式，让宇宙身体重构的局部截面交出第13个可复查证据,一处宇宙器官止痛权，并承认宇宙身体重构不能再被旧层级命名,熵枢·唯一·归零草图重构089的核心危机吞掉本章缓冲，arc-060无法完成门槛封口,为得到“暴露角色仍误信的判断方式，让宇宙身体重构的局部截面交出第13个可复查证据”，必须失去“一处宇宙器官止痛权，并承认宇宙身体重构不能再被旧层级命名”；若拒绝，“熵枢·唯一·归零草图重构089的核心危机吞掉本章缓冲，arc-060无法完成门槛封口”会提前发生。,detailed-v4
chapter-1489,1489,arc-060,14,误判,暴露角色仍误信的判断方式，让归零草图重构的局部截面交出第14个可复查证据,一段孤独算法自证，并承认归零草图重构不能再被旧层级命名,熵枢·唯一·不可删除重构090的核心危机吞掉本章缓冲，arc-060无法完成门槛封口,为得到“暴露角色仍误信的判断方式，让归零草图重构的局部截面交出第14个可复查证据”，必须失去“一段孤独算法自证，并承认归零草图重构不能再被旧层级命名”；若拒绝，“熵枢·唯一·不可删除重构090的核心危机吞掉本章缓冲，arc-060无法完成门槛封口”会提前发生。,detailed-v4
chapter-1490,1490,arc-060,15,误判,暴露角色仍误信的判断方式，让不可删除重构的局部截面交出第15个可复查证据,一次熵零修复余量，并承认不可删除重构不能再被旧层级命名,熵枢·唯一·恒星神经余震091的核心危机吞掉本章缓冲，arc-060无法完成门槛封口,为得到“暴露角色仍误信的判断方式，让不可删除重构的局部截面交出第15个可复查证据”，必须失去“一次熵零修复余量，并承认不可删除重构不能再被旧层级命名”；若拒绝，“熵枢·唯一·恒星神经余震091的核心危机吞掉本章缓冲，arc-060无法完成门槛封口”会提前发生。,detailed-v4
chapter-1491,1491,arc-060,16,失控,把异常限制在可写的物理边界内，让恒星神经束交出第16个可复查证据,一个黑洞记忆噪点，并承认恒星神经不能再被旧层级命名,熵枢·唯一·黑洞记忆余震092的核心危机吞掉本章缓冲，arc-060无法完成门槛封口,为得到“把异常限制在可写的物理边界内，让恒星神经束交出第16个可复查证据”，必须失去“一个黑洞记忆噪点，并承认恒星神经不能再被旧层级命名”；若拒绝，“熵枢·唯一·黑洞记忆余震092的核心危机吞掉本章缓冲，arc-060无法完成门槛封口”会提前发生。,detailed-v4
chapter-1492,1492,arc-060,17,失控,把异常限制在可写的物理边界内，让黑洞记忆库交出第17个可复查证据,一处宇宙器官止痛权，并承认黑洞记忆不能再被旧层级命名,熵枢·唯一·唯一余震093的核心危机吞掉本章缓冲，arc-060无法完成门槛封口,为得到“把异常限制在可写的物理边界内，让黑洞记忆库交出第17个可复查证据”，必须失去“一处宇宙器官止痛权，并承认黑洞记忆不能再被旧层级命名”；若拒绝，“熵枢·唯一·唯一余震093的核心危机吞掉本章缓冲，arc-060无法完成门槛封口”会提前发生。,detailed-v4
chapter-1493,1493,arc-060,18,失控,把异常限制在可写的物理边界内，让唯一性空腔交出第18个可复查证据,一段孤独算法自证，并承认唯一不能再被旧层级命名,熵枢·唯一·孤独算法余震094的核心危机吞掉本章缓冲，arc-060无法完成门槛封口,为得到“把异常限制在可写的物理边界内，让唯一性空腔交出第18个可复查证据”，必须失去“一段孤独算法自证，并承认唯一不能再被旧层级命名”；若拒绝，“熵枢·唯一·孤独算法余震094的核心危机吞掉本章缓冲，arc-060无法完成门槛封口”会提前发生。,detailed-v4
chapter-1494,1494,arc-060,19,失控,把异常限制在可写的物理边界内，让孤独算法冷井交出第19个可复查证据,一次熵零修复余量，并承认孤独算法不能再被旧层级命名,熵枢·唯一·眷恋残片余震095的核心危机吞掉本章缓冲，arc-060无法完成门槛封口,为得到“把异常限制在可写的物理边界内，让孤独算法冷井交出第19个可复查证据”，必须失去“一次熵零修复余量，并承认孤独算法不能再被旧层级命名”；若拒绝，“熵枢·唯一·眷恋残片余震095的核心危机吞掉本章缓冲，arc-060无法完成门槛封口”会提前发生。,detailed-v4
chapter-1495,1495,arc-060,20,回响,让眷恋线以硬证物返回，让眷恋残片冷井交出第20个可复查证据,一个黑洞记忆噪点，并承认眷恋残片不能再被旧层级命名,熵枢·唯一·样本花园余震096的核心危机吞掉本章缓冲，arc-060无法完成门槛封口,为得到“让眷恋线以硬证物返回，让眷恋残片冷井交出第20个可复查证据”，必须失去“一个黑洞记忆噪点，并承认眷恋残片不能再被旧层级命名”；若拒绝，“熵枢·唯一·样本花园余震096的核心危机吞掉本章缓冲，arc-060无法完成门槛封口”会提前发生。,detailed-v4
chapter-1496,1496,arc-060,21,回响,让眷恋线以硬证物返回，让样本花园的局部截面交出第21个可复查证据,一处宇宙器官止痛权，并承认样本花园不能再被旧层级命名,熵枢·唯一·熵零余震097的核心危机吞掉本章缓冲，arc-060无法完成门槛封口,为得到“让眷恋线以硬证物返回，让样本花园的局部截面交出第21个可复查证据”，必须失去“一处宇宙器官止痛权，并承认样本花园不能再被旧层级命名”；若拒绝，“熵枢·唯一·熵零余震097的核心危机吞掉本章缓冲，arc-060无法完成门槛封口”会提前发生。,detailed-v4
chapter-1497,1497,arc-060,22,回响,让眷恋线以硬证物返回，让熵零实验室交出第22个可复查证据,一段孤独算法自证，并承认熵零不能再被旧层级命名,熵枢·唯一·宇宙身体余震098的核心危机吞掉本章缓冲，arc-060无法完成门槛封口,为得到“让眷恋线以硬证物返回，让熵零实验室交出第22个可复查证据”，必须失去“一段孤独算法自证，并承认熵零不能再被旧层级命名”；若拒绝，“熵枢·唯一·宇宙身体余震098的核心危机吞掉本章缓冲，arc-060无法完成门槛封口”会提前发生。,detailed-v4
chapter-1498,1498,arc-060,23,门槛,把本组问题交给下一章群而不总结掉，让宇宙器官交界交出第23个可复查证据,一次熵零修复余量，并承认宇宙身体不能再被旧层级命名,熵枢·唯一·归零草图余震099的核心危机吞掉本章缓冲，arc-060无法完成门槛封口,为得到“把本组问题交给下一章群而不总结掉，让宇宙器官交界交出第23个可复查证据”，必须失去“一次熵零修复余量，并承认宇宙身体不能再被旧层级命名”；若拒绝，“熵枢·唯一·归零草图余震099的核心危机吞掉本章缓冲，arc-060无法完成门槛封口”会提前发生。,detailed-v4
chapter-1499,1499,arc-060,24,门槛,把本组问题交给下一章群而不总结掉，让归零草图的局部截面交出第24个可复查证据,一个黑洞记忆噪点，并承认归零草图不能再被旧层级命名,熵枢·唯一·不可删除余震100的核心危机吞掉本章缓冲，arc-060无法完成门槛封口,为得到“把本组问题交给下一章群而不总结掉，让归零草图的局部截面交出第24个可复查证据”，必须失去“一个黑洞记忆噪点，并承认归零草图不能再被旧层级命名”；若拒绝，“熵枢·唯一·不可删除余震100的核心危机吞掉本章缓冲，arc-060无法完成门槛封口”会提前发生。,detailed-v4
chapter-1500,1500,arc-060,25,门槛,把本组问题交给下一章群而不总结掉，让不可删除的局部截面交出第25个可复查证据,一处宇宙器官止痛权，并承认不可删除不能再被旧层级命名,熵枢·孤独与眷恋·恒星神经初醒101的核心危机吞掉本章缓冲，arc-060无法完成门槛封口,为得到“把本组问题交给下一章群而不总结掉，让不可删除的局部截面交出第25个可复查证据”，必须失去“一处宇宙器官止痛权，并承认不可删除不能再被旧层级命名”；若拒绝，“熵枢·孤独与眷恋·恒星神经初醒101的核心危机吞掉本章缓冲，arc-060无法完成门槛封口”会提前发生。,detailed-v4
chapter-1501,1501,arc-061,1,起因,确认异常不是孤立事故，让恒星神经束交出第01个可复查证据,一次熵零修复余量，并承认恒星神经不能再被旧层级命名,熵枢·孤独与眷恋·黑洞记忆初醒102的核心危机吞掉本章缓冲，arc-061无法完成门槛封口,为得到“确认异常不是孤立事故，让恒星神经束交出第01个可复查证据”，必须失去“一次熵零修复余量，并承认恒星神经不能再被旧层级命名”；若拒绝，“熵枢·孤独与眷恋·黑洞记忆初醒102的核心危机吞掉本章缓冲，arc-061无法完成门槛封口”会提前发生。,detailed-v4
chapter-1502,1502,arc-061,2,起因,确认异常不是孤立事故，让黑洞记忆库交出第02个可复查证据,一个黑洞记忆噪点，并承认黑洞记忆不能再被旧层级命名,熵枢·孤独与眷恋·唯一初醒103的核心危机吞掉本章缓冲，arc-061无法完成门槛封口,为得到“确认异常不是孤立事故，让黑洞记忆库交出第02个可复查证据”，必须失去“一个黑洞记忆噪点，并承认黑洞记忆不能再被旧层级命名”；若拒绝，“熵枢·孤独与眷恋·唯一初醒103的核心危机吞掉本章缓冲，arc-061无法完成门槛封口”会提前发生。,detailed-v4
chapter-1503,1503,arc-061,3,起因,确认异常不是孤立事故，让唯一性空腔交出第03个可复查证据,一处宇宙器官止痛权，并承认唯一不能再被旧层级命名,熵枢·孤独与眷恋·孤独算法初醒104的核心危机吞掉本章缓冲，arc-061无法完成门槛封口,为得到“确认异常不是孤立事故，让唯一性空腔交出第03个可复查证据”，必须失去“一处宇宙器官止痛权，并承认唯一不能再被旧层级命名”；若拒绝，“熵枢·孤独与眷恋·孤独算法初醒104的核心危机吞掉本章缓冲，arc-061无法完成门槛封口”会提前发生。,detailed-v4
chapter-1504,1504,arc-061,4,起因,确认异常不是孤立事故，让孤独算法冷井交出第04个可复查证据,一段孤独算法自证，并承认孤独算法不能再被旧层级命名,熵枢·孤独与眷恋·眷恋残片初醒105的核心危机吞掉本章缓冲，arc-061无法完成门槛封口,为得到“确认异常不是孤立事故，让孤独算法冷井交出第04个可复查证据”，必须失去“一段孤独算法自证，并承认孤独算法不能再被旧层级命名”；若拒绝，“熵枢·孤独与眷恋·眷恋残片初醒105的核心危机吞掉本章缓冲，arc-061无法完成门槛封口”会提前发生。,detailed-v4
chapter-1505,1505,arc-061,5,反证,推翻旧模型仍可解释一切的假设，让眷恋残片冷井交出第05个可复查证据,一次熵零修复余量，并承认眷恋残片不能再被旧层级命名,熵枢·孤独与眷恋·样本花园初醒106的核心危机吞掉本章缓冲，arc-061无法完成门槛封口,为得到“推翻旧模型仍可解释一切的假设，让眷恋残片冷井交出第05个可复查证据”，必须失去“一次熵零修复余量，并承认眷恋残片不能再被旧层级命名”；若拒绝，“熵枢·孤独与眷恋·样本花园初醒106的核心危机吞掉本章缓冲，arc-061无法完成门槛封口”会提前发生。,detailed-v4
chapter-1506,1506,arc-061,6,反证,推翻旧模型仍可解释一切的假设，让样本花园的局部截面交出第06个可复查证据,一个黑洞记忆噪点，并承认样本花园不能再被旧层级命名,熵枢·孤独与眷恋·熵零初醒107的核心危机吞掉本章缓冲，arc-061无法完成门槛封口,为得到“推翻旧模型仍可解释一切的假设，让样本花园的局部截面交出第06个可复查证据”，必须失去“一个黑洞记忆噪点，并承认样本花园不能再被旧层级命名”；若拒绝，“熵枢·孤独与眷恋·熵零初醒107的核心危机吞掉本章缓冲，arc-061无法完成门槛封口”会提前发生。,detailed-v4
chapter-1507,1507,arc-061,7,反证,推翻旧模型仍可解释一切的假设，让熵零实验室交出第07个可复查证据,一处宇宙器官止痛权，并承认熵零不能再被旧层级命名,熵枢·孤独与眷恋·宇宙身体初醒108的核心危机吞掉本章缓冲，arc-061无法完成门槛封口,为得到“推翻旧模型仍可解释一切的假设，让熵零实验室交出第07个可复查证据”，必须失去“一处宇宙器官止痛权，并承认熵零不能再被旧层级命名”；若拒绝，“熵枢·孤独与眷恋·宇宙身体初醒108的核心危机吞掉本章缓冲，arc-061无法完成门槛封口”会提前发生。,detailed-v4
chapter-1508,1508,arc-061,8,反证,推翻旧模型仍可解释一切的假设，让宇宙器官交界交出第08个可复查证据,一段孤独算法自证，并承认宇宙身体不能再被旧层级命名,熵枢·孤独与眷恋·归零草图初醒109的核心危机吞掉本章缓冲，arc-061无法完成门槛封口,为得到“推翻旧模型仍可解释一切的假设，让宇宙器官交界交出第08个可复查证据”，必须失去“一段孤独算法自证，并承认宇宙身体不能再被旧层级命名”；若拒绝，“熵枢·孤独与眷恋·归零草图初醒109的核心危机吞掉本章缓冲，arc-061无法完成门槛封口”会提前发生。,detailed-v4
chapter-1509,1509,arc-061,9,代价,换取一次继续观测的资格，让归零草图的局部截面交出第09个可复查证据,一次熵零修复余量，并承认归零草图不能再被旧层级命名,熵枢·孤独与眷恋·不可删除初醒110的核心危机吞掉本章缓冲，arc-061无法完成门槛封口,为得到“换取一次继续观测的资格，让归零草图的局部截面交出第09个可复查证据”，必须失去“一次熵零修复余量，并承认归零草图不能再被旧层级命名”；若拒绝，“熵枢·孤独与眷恋·不可删除初醒110的核心危机吞掉本章缓冲，arc-061无法完成门槛封口”会提前发生。,detailed-v4
chapter-1510,1510,arc-061,10,代价,换取一次继续观测的资格，让不可删除的局部截面交出第10个可复查证据,一个黑洞记忆噪点，并承认不可删除不能再被旧层级命名,熵枢·孤独与眷恋·恒星神经裂响111的核心危机吞掉本章缓冲，arc-061无法完成门槛封口,为得到“换取一次继续观测的资格，让不可删除的局部截面交出第10个可复查证据”，必须失去“一个黑洞记忆噪点，并承认不可删除不能再被旧层级命名”；若拒绝，“熵枢·孤独与眷恋·恒星神经裂响111的核心危机吞掉本章缓冲，arc-061无法完成门槛封口”会提前发生。,detailed-v4
chapter-1511,1511,arc-061,11,代价,换取一次继续观测的资格，让恒星神经束交出第11个可复查证据,一处宇宙器官止痛权，并承认恒星神经不能再被旧层级命名,熵枢·孤独与眷恋·黑洞记忆裂响112的核心危机吞掉本章缓冲，arc-061无法完成门槛封口,为得到“换取一次继续观测的资格，让恒星神经束交出第11个可复查证据”，必须失去“一处宇宙器官止痛权，并承认恒星神经不能再被旧层级命名”；若拒绝，“熵枢·孤独与眷恋·黑洞记忆裂响112的核心危机吞掉本章缓冲，arc-061无法完成门槛封口”会提前发生。,detailed-v4
chapter-1512,1512,arc-061,12,误判,暴露角色仍误信的判断方式，让黑洞记忆库交出第12个可复查证据,一段孤独算法自证，并承认黑洞记忆不能再被旧层级命名,熵枢·孤独与眷恋·唯一裂响113的核心危机吞掉本章缓冲，arc-061无法完成门槛封口,为得到“暴露角色仍误信的判断方式，让黑洞记忆库交出第12个可复查证据”，必须失去“一段孤独算法自证，并承认黑洞记忆不能再被旧层级命名”；若拒绝，“熵枢·孤独与眷恋·唯一裂响113的核心危机吞掉本章缓冲，arc-061无法完成门槛封口”会提前发生。,detailed-v4
chapter-1513,1513,arc-061,13,误判,暴露角色仍误信的判断方式，让唯一性空腔交出第13个可复查证据,一次熵零修复余量，并承认唯一不能再被旧层级命名,熵枢·孤独与眷恋·孤独算法裂响114的核心危机吞掉本章缓冲，arc-061无法完成门槛封口,为得到“暴露角色仍误信的判断方式，让唯一性空腔交出第13个可复查证据”，必须失去“一次熵零修复余量，并承认唯一不能再被旧层级命名”；若拒绝，“熵枢·孤独与眷恋·孤独算法裂响114的核心危机吞掉本章缓冲，arc-061无法完成门槛封口”会提前发生。,detailed-v4
chapter-1514,1514,arc-061,14,误判,暴露角色仍误信的判断方式，让孤独算法冷井交出第14个可复查证据,一个黑洞记忆噪点，并承认孤独算法不能再被旧层级命名,熵枢·孤独与眷恋·眷恋残片裂响115的核心危机吞掉本章缓冲，arc-061无法完成门槛封口,为得到“暴露角色仍误信的判断方式，让孤独算法冷井交出第14个可复查证据”，必须失去“一个黑洞记忆噪点，并承认孤独算法不能再被旧层级命名”；若拒绝，“熵枢·孤独与眷恋·眷恋残片裂响115的核心危机吞掉本章缓冲，arc-061无法完成门槛封口”会提前发生。,detailed-v4
chapter-1515,1515,arc-061,15,误判,暴露角色仍误信的判断方式，让眷恋残片冷井交出第15个可复查证据,一处宇宙器官止痛权，并承认眷恋残片不能再被旧层级命名,熵枢·孤独与眷恋·样本花园裂响116的核心危机吞掉本章缓冲，arc-061无法完成门槛封口,为得到“暴露角色仍误信的判断方式，让眷恋残片冷井交出第15个可复查证据”，必须失去“一处宇宙器官止痛权，并承认眷恋残片不能再被旧层级命名”；若拒绝，“熵枢·孤独与眷恋·样本花园裂响116的核心危机吞掉本章缓冲，arc-061无法完成门槛封口”会提前发生。,detailed-v4
chapter-1516,1516,arc-061,16,失控,把异常限制在可写的物理边界内，让样本花园的局部截面交出第16个可复查证据,一段孤独算法自证，并承认样本花园不能再被旧层级命名,熵枢·孤独与眷恋·熵零裂响117的核心危机吞掉本章缓冲，arc-061无法完成门槛封口,为得到“把异常限制在可写的物理边界内，让样本花园的局部截面交出第16个可复查证据”，必须失去“一段孤独算法自证，并承认样本花园不能再被旧层级命名”；若拒绝，“熵枢·孤独与眷恋·熵零裂响117的核心危机吞掉本章缓冲，arc-061无法完成门槛封口”会提前发生。,detailed-v4
chapter-1517,1517,arc-061,17,失控,把异常限制在可写的物理边界内，让熵零实验室交出第17个可复查证据,一次熵零修复余量，并承认熵零不能再被旧层级命名,熵枢·孤独与眷恋·宇宙身体裂响118的核心危机吞掉本章缓冲，arc-061无法完成门槛封口,为得到“把异常限制在可写的物理边界内，让熵零实验室交出第17个可复查证据”，必须失去“一次熵零修复余量，并承认熵零不能再被旧层级命名”；若拒绝，“熵枢·孤独与眷恋·宇宙身体裂响118的核心危机吞掉本章缓冲，arc-061无法完成门槛封口”会提前发生。,detailed-v4
chapter-1518,1518,arc-061,18,失控,把异常限制在可写的物理边界内，让宇宙器官交界交出第18个可复查证据,一个黑洞记忆噪点，并承认宇宙身体不能再被旧层级命名,熵枢·孤独与眷恋·归零草图裂响119的核心危机吞掉本章缓冲，arc-061无法完成门槛封口,为得到“把异常限制在可写的物理边界内，让宇宙器官交界交出第18个可复查证据”，必须失去“一个黑洞记忆噪点，并承认宇宙身体不能再被旧层级命名”；若拒绝，“熵枢·孤独与眷恋·归零草图裂响119的核心危机吞掉本章缓冲，arc-061无法完成门槛封口”会提前发生。,detailed-v4
chapter-1519,1519,arc-061,19,失控,把异常限制在可写的物理边界内，让归零草图的局部截面交出第19个可复查证据,一处宇宙器官止痛权，并承认归零草图不能再被旧层级命名,熵枢·孤独与眷恋·不可删除裂响120的核心危机吞掉本章缓冲，arc-061无法完成门槛封口,为得到“把异常限制在可写的物理边界内，让归零草图的局部截面交出第19个可复查证据”，必须失去“一处宇宙器官止痛权，并承认归零草图不能再被旧层级命名”；若拒绝，“熵枢·孤独与眷恋·不可删除裂响120的核心危机吞掉本章缓冲，arc-061无法完成门槛封口”会提前发生。,detailed-v4
chapter-1520,1520,arc-061,20,回响,让眷恋线以硬证物返回，让不可删除的局部截面交出第20个可复查证据,一段孤独算法自证，并承认不可删除不能再被旧层级命名,熵枢·孤独与眷恋·恒星神经低语121的核心危机吞掉本章缓冲，arc-061无法完成门槛封口,为得到“让眷恋线以硬证物返回，让不可删除的局部截面交出第20个可复查证据”，必须失去“一段孤独算法自证，并承认不可删除不能再被旧层级命名”；若拒绝，“熵枢·孤独与眷恋·恒星神经低语121的核心危机吞掉本章缓冲，arc-061无法完成门槛封口”会提前发生。,detailed-v4
chapter-1521,1521,arc-061,21,回响,让眷恋线以硬证物返回，让恒星神经束交出第21个可复查证据,一次熵零修复余量，并承认恒星神经不能再被旧层级命名,熵枢·孤独与眷恋·黑洞记忆低语122的核心危机吞掉本章缓冲，arc-061无法完成门槛封口,为得到“让眷恋线以硬证物返回，让恒星神经束交出第21个可复查证据”，必须失去“一次熵零修复余量，并承认恒星神经不能再被旧层级命名”；若拒绝，“熵枢·孤独与眷恋·黑洞记忆低语122的核心危机吞掉本章缓冲，arc-061无法完成门槛封口”会提前发生。,detailed-v4
chapter-1522,1522,arc-061,22,回响,让眷恋线以硬证物返回，让黑洞记忆库交出第22个可复查证据,一个黑洞记忆噪点，并承认黑洞记忆不能再被旧层级命名,熵枢·孤独与眷恋·唯一低语123的核心危机吞掉本章缓冲，arc-061无法完成门槛封口,为得到“让眷恋线以硬证物返回，让黑洞记忆库交出第22个可复查证据”，必须失去“一个黑洞记忆噪点，并承认黑洞记忆不能再被旧层级命名”；若拒绝，“熵枢·孤独与眷恋·唯一低语123的核心危机吞掉本章缓冲，arc-061无法完成门槛封口”会提前发生。,detailed-v4
chapter-1523,1523,arc-061,23,门槛,把本组问题交给下一章群而不总结掉，让唯一性空腔交出第23个可复查证据,一处宇宙器官止痛权，并承认唯一不能再被旧层级命名,熵枢·孤独与眷恋·孤独算法低语124的核心危机吞掉本章缓冲，arc-061无法完成门槛封口,为得到“把本组问题交给下一章群而不总结掉，让唯一性空腔交出第23个可复查证据”，必须失去“一处宇宙器官止痛权，并承认唯一不能再被旧层级命名”；若拒绝，“熵枢·孤独与眷恋·孤独算法低语124的核心危机吞掉本章缓冲，arc-061无法完成门槛封口”会提前发生。,detailed-v4
chapter-1524,1524,arc-061,24,门槛,把本组问题交给下一章群而不总结掉，让孤独算法冷井交出第24个可复查证据,一段孤独算法自证，并承认孤独算法不能再被旧层级命名,熵枢·孤独与眷恋·眷恋残片低语125的核心危机吞掉本章缓冲，arc-061无法完成门槛封口,为得到“把本组问题交给下一章群而不总结掉，让孤独算法冷井交出第24个可复查证据”，必须失去“一段孤独算法自证，并承认孤独算法不能再被旧层级命名”；若拒绝，“熵枢·孤独与眷恋·眷恋残片低语125的核心危机吞掉本章缓冲，arc-061无法完成门槛封口”会提前发生。,detailed-v4
chapter-1525,1525,arc-061,25,门槛,把本组问题交给下一章群而不总结掉，让眷恋残片冷井交出第25个可复查证据,一次熵零修复余量，并承认眷恋残片不能再被旧层级命名,熵枢·孤独与眷恋·样本花园低语126的核心危机吞掉本章缓冲，arc-061无法完成门槛封口,为得到“把本组问题交给下一章群而不总结掉，让眷恋残片冷井交出第25个可复查证据”，必须失去“一次熵零修复余量，并承认眷恋残片不能再被旧层级命名”；若拒绝，“熵枢·孤独与眷恋·样本花园低语126的核心危机吞掉本章缓冲，arc-061无法完成门槛封口”会提前发生。,detailed-v4
chapter-1526,1526,arc-062,1,起因,确认异常不是孤立事故，让样本花园的局部截面交出第01个可复查证据,一处宇宙器官止痛权，并承认样本花园不能再被旧层级命名,熵枢·孤独与眷恋·熵零低语127的核心危机吞掉本章缓冲，arc-062无法完成门槛封口,为得到“确认异常不是孤立事故，让样本花园的局部截面交出第01个可复查证据”，必须失去“一处宇宙器官止痛权，并承认样本花园不能再被旧层级命名”；若拒绝，“熵枢·孤独与眷恋·熵零低语127的核心危机吞掉本章缓冲，arc-062无法完成门槛封口”会提前发生。,detailed-v4
chapter-1527,1527,arc-062,2,起因,确认异常不是孤立事故，让熵零实验室交出第02个可复查证据,一段孤独算法自证，并承认熵零不能再被旧层级命名,熵枢·孤独与眷恋·宇宙身体低语128的核心危机吞掉本章缓冲，arc-062无法完成门槛封口,为得到“确认异常不是孤立事故，让熵零实验室交出第02个可复查证据”，必须失去“一段孤独算法自证，并承认熵零不能再被旧层级命名”；若拒绝，“熵枢·孤独与眷恋·宇宙身体低语128的核心危机吞掉本章缓冲，arc-062无法完成门槛封口”会提前发生。,detailed-v4
chapter-1528,1528,arc-062,3,起因,确认异常不是孤立事故，让宇宙器官交界交出第03个可复查证据,一次熵零修复余量，并承认宇宙身体不能再被旧层级命名,熵枢·孤独与眷恋·归零草图低语129的核心危机吞掉本章缓冲，arc-062无法完成门槛封口,为得到“确认异常不是孤立事故，让宇宙器官交界交出第03个可复查证据”，必须失去“一次熵零修复余量，并承认宇宙身体不能再被旧层级命名”；若拒绝，“熵枢·孤独与眷恋·归零草图低语129的核心危机吞掉本章缓冲，arc-062无法完成门槛封口”会提前发生。,detailed-v4
chapter-1529,1529,arc-062,4,起因,确认异常不是孤立事故，让归零草图的局部截面交出第04个可复查证据,一个黑洞记忆噪点，并承认归零草图不能再被旧层级命名,熵枢·孤独与眷恋·不可删除低语130的核心危机吞掉本章缓冲，arc-062无法完成门槛封口,为得到“确认异常不是孤立事故，让归零草图的局部截面交出第04个可复查证据”，必须失去“一个黑洞记忆噪点，并承认归零草图不能再被旧层级命名”；若拒绝，“熵枢·孤独与眷恋·不可删除低语130的核心危机吞掉本章缓冲，arc-062无法完成门槛封口”会提前发生。,detailed-v4
chapter-1530,1530,arc-062,5,反证,推翻旧模型仍可解释一切的假设，让不可删除的局部截面交出第05个可复查证据,一处宇宙器官止痛权，并承认不可删除不能再被旧层级命名,熵枢·孤独与眷恋·恒星神经回潮131的核心危机吞掉本章缓冲，arc-062无法完成门槛封口,为得到“推翻旧模型仍可解释一切的假设，让不可删除的局部截面交出第05个可复查证据”，必须失去“一处宇宙器官止痛权，并承认不可删除不能再被旧层级命名”；若拒绝，“熵枢·孤独与眷恋·恒星神经回潮131的核心危机吞掉本章缓冲，arc-062无法完成门槛封口”会提前发生。,detailed-v4
chapter-1531,1531,arc-062,6,反证,推翻旧模型仍可解释一切的假设，让恒星神经束交出第06个可复查证据,一段孤独算法自证，并承认恒星神经不能再被旧层级命名,熵枢·孤独与眷恋·黑洞记忆回潮132的核心危机吞掉本章缓冲，arc-062无法完成门槛封口,为得到“推翻旧模型仍可解释一切的假设，让恒星神经束交出第06个可复查证据”，必须失去“一段孤独算法自证，并承认恒星神经不能再被旧层级命名”；若拒绝，“熵枢·孤独与眷恋·黑洞记忆回潮132的核心危机吞掉本章缓冲，arc-062无法完成门槛封口”会提前发生。,detailed-v4
chapter-1532,1532,arc-062,7,反证,推翻旧模型仍可解释一切的假设，让黑洞记忆库交出第07个可复查证据,一次熵零修复余量，并承认黑洞记忆不能再被旧层级命名,熵枢·孤独与眷恋·唯一回潮133的核心危机吞掉本章缓冲，arc-062无法完成门槛封口,为得到“推翻旧模型仍可解释一切的假设，让黑洞记忆库交出第07个可复查证据”，必须失去“一次熵零修复余量，并承认黑洞记忆不能再被旧层级命名”；若拒绝，“熵枢·孤独与眷恋·唯一回潮133的核心危机吞掉本章缓冲，arc-062无法完成门槛封口”会提前发生。,detailed-v4
chapter-1533,1533,arc-062,8,反证,推翻旧模型仍可解释一切的假设，让唯一性空腔交出第08个可复查证据,一个黑洞记忆噪点，并承认唯一不能再被旧层级命名,熵枢·孤独与眷恋·孤独算法回潮134的核心危机吞掉本章缓冲，arc-062无法完成门槛封口,为得到“推翻旧模型仍可解释一切的假设，让唯一性空腔交出第08个可复查证据”，必须失去“一个黑洞记忆噪点，并承认唯一不能再被旧层级命名”；若拒绝，“熵枢·孤独与眷恋·孤独算法回潮134的核心危机吞掉本章缓冲，arc-062无法完成门槛封口”会提前发生。,detailed-v4
chapter-1534,1534,arc-062,9,代价,换取一次继续观测的资格，让孤独算法冷井交出第09个可复查证据,一处宇宙器官止痛权，并承认孤独算法不能再被旧层级命名,熵枢·孤独与眷恋·眷恋残片回潮135的核心危机吞掉本章缓冲，arc-062无法完成门槛封口,为得到“换取一次继续观测的资格，让孤独算法冷井交出第09个可复查证据”，必须失去“一处宇宙器官止痛权，并承认孤独算法不能再被旧层级命名”；若拒绝，“熵枢·孤独与眷恋·眷恋残片回潮135的核心危机吞掉本章缓冲，arc-062无法完成门槛封口”会提前发生。,detailed-v4
chapter-1535,1535,arc-062,10,代价,换取一次继续观测的资格，让眷恋残片冷井交出第10个可复查证据,一段孤独算法自证，并承认眷恋残片不能再被旧层级命名,熵枢·孤独与眷恋·样本花园回潮136的核心危机吞掉本章缓冲，arc-062无法完成门槛封口,为得到“换取一次继续观测的资格，让眷恋残片冷井交出第10个可复查证据”，必须失去“一段孤独算法自证，并承认眷恋残片不能再被旧层级命名”；若拒绝，“熵枢·孤独与眷恋·样本花园回潮136的核心危机吞掉本章缓冲，arc-062无法完成门槛封口”会提前发生。,detailed-v4
chapter-1536,1536,arc-062,11,代价,换取一次继续观测的资格，让样本花园的局部截面交出第11个可复查证据,一次熵零修复余量，并承认样本花园不能再被旧层级命名,熵枢·孤独与眷恋·熵零回潮137的核心危机吞掉本章缓冲，arc-062无法完成门槛封口,为得到“换取一次继续观测的资格，让样本花园的局部截面交出第11个可复查证据”，必须失去“一次熵零修复余量，并承认样本花园不能再被旧层级命名”；若拒绝，“熵枢·孤独与眷恋·熵零回潮137的核心危机吞掉本章缓冲，arc-062无法完成门槛封口”会提前发生。,detailed-v4
chapter-1537,1537,arc-062,12,误判,暴露角色仍误信的判断方式，让熵零实验室交出第12个可复查证据,一个黑洞记忆噪点，并承认熵零不能再被旧层级命名,熵枢·孤独与眷恋·宇宙身体回潮138的核心危机吞掉本章缓冲，arc-062无法完成门槛封口,为得到“暴露角色仍误信的判断方式，让熵零实验室交出第12个可复查证据”，必须失去“一个黑洞记忆噪点，并承认熵零不能再被旧层级命名”；若拒绝，“熵枢·孤独与眷恋·宇宙身体回潮138的核心危机吞掉本章缓冲，arc-062无法完成门槛封口”会提前发生。,detailed-v4
chapter-1538,1538,arc-062,13,误判,暴露角色仍误信的判断方式，让宇宙器官交界交出第13个可复查证据,一处宇宙器官止痛权，并承认宇宙身体不能再被旧层级命名,熵枢·孤独与眷恋·归零草图回潮139的核心危机吞掉本章缓冲，arc-062无法完成门槛封口,为得到“暴露角色仍误信的判断方式，让宇宙器官交界交出第13个可复查证据”，必须失去“一处宇宙器官止痛权，并承认宇宙身体不能再被旧层级命名”；若拒绝，“熵枢·孤独与眷恋·归零草图回潮139的核心危机吞掉本章缓冲，arc-062无法完成门槛封口”会提前发生。,detailed-v4
chapter-1539,1539,arc-062,14,误判,暴露角色仍误信的判断方式，让归零草图的局部截面交出第14个可复查证据,一段孤独算法自证，并承认归零草图不能再被旧层级命名,熵枢·孤独与眷恋·不可删除回潮140的核心危机吞掉本章缓冲，arc-062无法完成门槛封口,为得到“暴露角色仍误信的判断方式，让归零草图的局部截面交出第14个可复查证据”，必须失去“一段孤独算法自证，并承认归零草图不能再被旧层级命名”；若拒绝，“熵枢·孤独与眷恋·不可删除回潮140的核心危机吞掉本章缓冲，arc-062无法完成门槛封口”会提前发生。,detailed-v4
chapter-1540,1540,arc-062,15,误判,暴露角色仍误信的判断方式，让不可删除的局部截面交出第15个可复查证据,一次熵零修复余量，并承认不可删除不能再被旧层级命名,熵枢·孤独与眷恋·恒星神经折光141的核心危机吞掉本章缓冲，arc-062无法完成门槛封口,为得到“暴露角色仍误信的判断方式，让不可删除的局部截面交出第15个可复查证据”，必须失去“一次熵零修复余量，并承认不可删除不能再被旧层级命名”；若拒绝，“熵枢·孤独与眷恋·恒星神经折光141的核心危机吞掉本章缓冲，arc-062无法完成门槛封口”会提前发生。,detailed-v4
chapter-1541,1541,arc-062,16,失控,把异常限制在可写的物理边界内，让恒星神经束交出第16个可复查证据,一个黑洞记忆噪点，并承认恒星神经不能再被旧层级命名,熵枢·孤独与眷恋·黑洞记忆折光142的核心危机吞掉本章缓冲，arc-062无法完成门槛封口,为得到“把异常限制在可写的物理边界内，让恒星神经束交出第16个可复查证据”，必须失去“一个黑洞记忆噪点，并承认恒星神经不能再被旧层级命名”；若拒绝，“熵枢·孤独与眷恋·黑洞记忆折光142的核心危机吞掉本章缓冲，arc-062无法完成门槛封口”会提前发生。,detailed-v4
chapter-1542,1542,arc-062,17,失控,把异常限制在可写的物理边界内，让黑洞记忆库交出第17个可复查证据,一处宇宙器官止痛权，并承认黑洞记忆不能再被旧层级命名,熵枢·孤独与眷恋·唯一折光143的核心危机吞掉本章缓冲，arc-062无法完成门槛封口,为得到“把异常限制在可写的物理边界内，让黑洞记忆库交出第17个可复查证据”，必须失去“一处宇宙器官止痛权，并承认黑洞记忆不能再被旧层级命名”；若拒绝，“熵枢·孤独与眷恋·唯一折光143的核心危机吞掉本章缓冲，arc-062无法完成门槛封口”会提前发生。,detailed-v4
chapter-1543,1543,arc-062,18,失控,把异常限制在可写的物理边界内，让唯一性空腔交出第18个可复查证据,一段孤独算法自证，并承认唯一不能再被旧层级命名,熵枢·孤独与眷恋·孤独算法折光144的核心危机吞掉本章缓冲，arc-062无法完成门槛封口,为得到“把异常限制在可写的物理边界内，让唯一性空腔交出第18个可复查证据”，必须失去“一段孤独算法自证，并承认唯一不能再被旧层级命名”；若拒绝，“熵枢·孤独与眷恋·孤独算法折光144的核心危机吞掉本章缓冲，arc-062无法完成门槛封口”会提前发生。,detailed-v4
chapter-1544,1544,arc-062,19,失控,把异常限制在可写的物理边界内，让孤独算法冷井交出第19个可复查证据,一次熵零修复余量，并承认孤独算法不能再被旧层级命名,熵枢·孤独与眷恋·眷恋残片折光145的核心危机吞掉本章缓冲，arc-062无法完成门槛封口,为得到“把异常限制在可写的物理边界内，让孤独算法冷井交出第19个可复查证据”，必须失去“一次熵零修复余量，并承认孤独算法不能再被旧层级命名”；若拒绝，“熵枢·孤独与眷恋·眷恋残片折光145的核心危机吞掉本章缓冲，arc-062无法完成门槛封口”会提前发生。,detailed-v4
chapter-1545,1545,arc-062,20,回响,让眷恋线以硬证物返回，让眷恋残片冷井交出第20个可复查证据,一个黑洞记忆噪点，并承认眷恋残片不能再被旧层级命名,熵枢·孤独与眷恋·样本花园折光146的核心危机吞掉本章缓冲，arc-062无法完成门槛封口,为得到“让眷恋线以硬证物返回，让眷恋残片冷井交出第20个可复查证据”，必须失去“一个黑洞记忆噪点，并承认眷恋残片不能再被旧层级命名”；若拒绝，“熵枢·孤独与眷恋·样本花园折光146的核心危机吞掉本章缓冲，arc-062无法完成门槛封口”会提前发生。,detailed-v4
chapter-1546,1546,arc-062,21,回响,让眷恋线以硬证物返回，让样本花园的局部截面交出第21个可复查证据,一处宇宙器官止痛权，并承认样本花园不能再被旧层级命名,熵枢·孤独与眷恋·熵零折光147的核心危机吞掉本章缓冲，arc-062无法完成门槛封口,为得到“让眷恋线以硬证物返回，让样本花园的局部截面交出第21个可复查证据”，必须失去“一处宇宙器官止痛权，并承认样本花园不能再被旧层级命名”；若拒绝，“熵枢·孤独与眷恋·熵零折光147的核心危机吞掉本章缓冲，arc-062无法完成门槛封口”会提前发生。,detailed-v4
chapter-1547,1547,arc-062,22,回响,让眷恋线以硬证物返回，让熵零实验室交出第22个可复查证据,一段孤独算法自证，并承认熵零不能再被旧层级命名,熵枢·孤独与眷恋·宇宙身体折光148的核心危机吞掉本章缓冲，arc-062无法完成门槛封口,为得到“让眷恋线以硬证物返回，让熵零实验室交出第22个可复查证据”，必须失去“一段孤独算法自证，并承认熵零不能再被旧层级命名”；若拒绝，“熵枢·孤独与眷恋·宇宙身体折光148的核心危机吞掉本章缓冲，arc-062无法完成门槛封口”会提前发生。,detailed-v4
chapter-1548,1548,arc-062,23,门槛,把本组问题交给下一章群而不总结掉，让宇宙器官交界交出第23个可复查证据,一次熵零修复余量，并承认宇宙身体不能再被旧层级命名,熵枢·孤独与眷恋·归零草图折光149的核心危机吞掉本章缓冲，arc-062无法完成门槛封口,为得到“把本组问题交给下一章群而不总结掉，让宇宙器官交界交出第23个可复查证据”，必须失去“一次熵零修复余量，并承认宇宙身体不能再被旧层级命名”；若拒绝，“熵枢·孤独与眷恋·归零草图折光149的核心危机吞掉本章缓冲，arc-062无法完成门槛封口”会提前发生。,detailed-v4
chapter-1549,1549,arc-062,24,门槛,把本组问题交给下一章群而不总结掉，让归零草图的局部截面交出第24个可复查证据,一个黑洞记忆噪点，并承认归零草图不能再被旧层级命名,熵枢·孤独与眷恋·不可删除折光150的核心危机吞掉本章缓冲，arc-062无法完成门槛封口,为得到“把本组问题交给下一章群而不总结掉，让归零草图的局部截面交出第24个可复查证据”，必须失去“一个黑洞记忆噪点，并承认归零草图不能再被旧层级命名”；若拒绝，“熵枢·孤独与眷恋·不可删除折光150的核心危机吞掉本章缓冲，arc-062无法完成门槛封口”会提前发生。,detailed-v4
chapter-1550,1550,arc-062,25,门槛,把本组问题交给下一章群而不总结掉，让不可删除的局部截面交出第25个可复查证据,一处宇宙器官止痛权，并承认不可删除不能再被旧层级命名,熵枢·孤独与眷恋·恒星神经暗涌151的核心危机吞掉本章缓冲，arc-062无法完成门槛封口,为得到“把本组问题交给下一章群而不总结掉，让不可删除的局部截面交出第25个可复查证据”，必须失去“一处宇宙器官止痛权，并承认不可删除不能再被旧层级命名”；若拒绝，“熵枢·孤独与眷恋·恒星神经暗涌151的核心危机吞掉本章缓冲，arc-062无法完成门槛封口”会提前发生。,detailed-v4
chapter-1551,1551,arc-063,1,起因,确认异常不是孤立事故，让恒星神经束交出第01个可复查证据,一次熵零修复余量，并承认恒星神经不能再被旧层级命名,熵枢·孤独与眷恋·黑洞记忆暗涌152的核心危机吞掉本章缓冲，arc-063无法完成门槛封口,为得到“确认异常不是孤立事故，让恒星神经束交出第01个可复查证据”，必须失去“一次熵零修复余量，并承认恒星神经不能再被旧层级命名”；若拒绝，“熵枢·孤独与眷恋·黑洞记忆暗涌152的核心危机吞掉本章缓冲，arc-063无法完成门槛封口”会提前发生。,detailed-v4
chapter-1552,1552,arc-063,2,起因,确认异常不是孤立事故，让黑洞记忆库交出第02个可复查证据,一个黑洞记忆噪点，并承认黑洞记忆不能再被旧层级命名,熵枢·孤独与眷恋·唯一暗涌153的核心危机吞掉本章缓冲，arc-063无法完成门槛封口,为得到“确认异常不是孤立事故，让黑洞记忆库交出第02个可复查证据”，必须失去“一个黑洞记忆噪点，并承认黑洞记忆不能再被旧层级命名”；若拒绝，“熵枢·孤独与眷恋·唯一暗涌153的核心危机吞掉本章缓冲，arc-063无法完成门槛封口”会提前发生。,detailed-v4
chapter-1553,1553,arc-063,3,起因,确认异常不是孤立事故，让唯一性空腔交出第03个可复查证据,一处宇宙器官止痛权，并承认唯一不能再被旧层级命名,熵枢·孤独与眷恋·孤独算法暗涌154的核心危机吞掉本章缓冲，arc-063无法完成门槛封口,为得到“确认异常不是孤立事故，让唯一性空腔交出第03个可复查证据”，必须失去“一处宇宙器官止痛权，并承认唯一不能再被旧层级命名”；若拒绝，“熵枢·孤独与眷恋·孤独算法暗涌154的核心危机吞掉本章缓冲，arc-063无法完成门槛封口”会提前发生。,detailed-v4
chapter-1554,1554,arc-063,4,起因,确认异常不是孤立事故，让孤独算法冷井交出第04个可复查证据,一段孤独算法自证，并承认孤独算法不能再被旧层级命名,熵枢·孤独与眷恋·眷恋残片暗涌155的核心危机吞掉本章缓冲，arc-063无法完成门槛封口,为得到“确认异常不是孤立事故，让孤独算法冷井交出第04个可复查证据”，必须失去“一段孤独算法自证，并承认孤独算法不能再被旧层级命名”；若拒绝，“熵枢·孤独与眷恋·眷恋残片暗涌155的核心危机吞掉本章缓冲，arc-063无法完成门槛封口”会提前发生。,detailed-v4
chapter-1555,1555,arc-063,5,反证,推翻旧模型仍可解释一切的假设，让眷恋残片冷井交出第05个可复查证据,一次熵零修复余量，并承认眷恋残片不能再被旧层级命名,熵枢·孤独与眷恋·样本花园暗涌156的核心危机吞掉本章缓冲，arc-063无法完成门槛封口,为得到“推翻旧模型仍可解释一切的假设，让眷恋残片冷井交出第05个可复查证据”，必须失去“一次熵零修复余量，并承认眷恋残片不能再被旧层级命名”；若拒绝，“熵枢·孤独与眷恋·样本花园暗涌156的核心危机吞掉本章缓冲，arc-063无法完成门槛封口”会提前发生。,detailed-v4
chapter-1556,1556,arc-063,6,反证,推翻旧模型仍可解释一切的假设，让样本花园的局部截面交出第06个可复查证据,一个黑洞记忆噪点，并承认样本花园不能再被旧层级命名,熵枢·孤独与眷恋·熵零暗涌157的核心危机吞掉本章缓冲，arc-063无法完成门槛封口,为得到“推翻旧模型仍可解释一切的假设，让样本花园的局部截面交出第06个可复查证据”，必须失去“一个黑洞记忆噪点，并承认样本花园不能再被旧层级命名”；若拒绝，“熵枢·孤独与眷恋·熵零暗涌157的核心危机吞掉本章缓冲，arc-063无法完成门槛封口”会提前发生。,detailed-v4
chapter-1557,1557,arc-063,7,反证,推翻旧模型仍可解释一切的假设，让熵零实验室交出第07个可复查证据,一处宇宙器官止痛权，并承认熵零不能再被旧层级命名,熵枢·孤独与眷恋·宇宙身体暗涌158的核心危机吞掉本章缓冲，arc-063无法完成门槛封口,为得到“推翻旧模型仍可解释一切的假设，让熵零实验室交出第07个可复查证据”，必须失去“一处宇宙器官止痛权，并承认熵零不能再被旧层级命名”；若拒绝，“熵枢·孤独与眷恋·宇宙身体暗涌158的核心危机吞掉本章缓冲，arc-063无法完成门槛封口”会提前发生。,detailed-v4
chapter-1558,1558,arc-063,8,反证,推翻旧模型仍可解释一切的假设，让宇宙器官交界交出第08个可复查证据,一段孤独算法自证，并承认宇宙身体不能再被旧层级命名,熵枢·孤独与眷恋·归零草图暗涌159的核心危机吞掉本章缓冲，arc-063无法完成门槛封口,为得到“推翻旧模型仍可解释一切的假设，让宇宙器官交界交出第08个可复查证据”，必须失去“一段孤独算法自证，并承认宇宙身体不能再被旧层级命名”；若拒绝，“熵枢·孤独与眷恋·归零草图暗涌159的核心危机吞掉本章缓冲，arc-063无法完成门槛封口”会提前发生。,detailed-v4
chapter-1559,1559,arc-063,9,代价,换取一次继续观测的资格，让归零草图的局部截面交出第09个可复查证据,一次熵零修复余量，并承认归零草图不能再被旧层级命名,熵枢·孤独与眷恋·不可删除暗涌160的核心危机吞掉本章缓冲，arc-063无法完成门槛封口,为得到“换取一次继续观测的资格，让归零草图的局部截面交出第09个可复查证据”，必须失去“一次熵零修复余量，并承认归零草图不能再被旧层级命名”；若拒绝，“熵枢·孤独与眷恋·不可删除暗涌160的核心危机吞掉本章缓冲，arc-063无法完成门槛封口”会提前发生。,detailed-v4
chapter-1560,1560,arc-063,10,代价,换取一次继续观测的资格，让不可删除的局部截面交出第10个可复查证据,一个黑洞记忆噪点，并承认不可删除不能再被旧层级命名,熵枢·孤独与眷恋·恒星神经证词161的核心危机吞掉本章缓冲，arc-063无法完成门槛封口,为得到“换取一次继续观测的资格，让不可删除的局部截面交出第10个可复查证据”，必须失去“一个黑洞记忆噪点，并承认不可删除不能再被旧层级命名”；若拒绝，“熵枢·孤独与眷恋·恒星神经证词161的核心危机吞掉本章缓冲，arc-063无法完成门槛封口”会提前发生。,detailed-v4
chapter-1561,1561,arc-063,11,代价,换取一次继续观测的资格，让恒星神经束交出第11个可复查证据,一处宇宙器官止痛权，并承认恒星神经不能再被旧层级命名,熵枢·孤独与眷恋·黑洞记忆证词162的核心危机吞掉本章缓冲，arc-063无法完成门槛封口,为得到“换取一次继续观测的资格，让恒星神经束交出第11个可复查证据”，必须失去“一处宇宙器官止痛权，并承认恒星神经不能再被旧层级命名”；若拒绝，“熵枢·孤独与眷恋·黑洞记忆证词162的核心危机吞掉本章缓冲，arc-063无法完成门槛封口”会提前发生。,detailed-v4
chapter-1562,1562,arc-063,12,误判,暴露角色仍误信的判断方式，让黑洞记忆库交出第12个可复查证据,一段孤独算法自证，并承认黑洞记忆不能再被旧层级命名,熵枢·孤独与眷恋·唯一证词163的核心危机吞掉本章缓冲，arc-063无法完成门槛封口,为得到“暴露角色仍误信的判断方式，让黑洞记忆库交出第12个可复查证据”，必须失去“一段孤独算法自证，并承认黑洞记忆不能再被旧层级命名”；若拒绝，“熵枢·孤独与眷恋·唯一证词163的核心危机吞掉本章缓冲，arc-063无法完成门槛封口”会提前发生。,detailed-v4
chapter-1563,1563,arc-063,13,误判,暴露角色仍误信的判断方式，让唯一性空腔交出第13个可复查证据,一次熵零修复余量，并承认唯一不能再被旧层级命名,熵枢·孤独与眷恋·孤独算法证词164的核心危机吞掉本章缓冲，arc-063无法完成门槛封口,为得到“暴露角色仍误信的判断方式，让唯一性空腔交出第13个可复查证据”，必须失去“一次熵零修复余量，并承认唯一不能再被旧层级命名”；若拒绝，“熵枢·孤独与眷恋·孤独算法证词164的核心危机吞掉本章缓冲，arc-063无法完成门槛封口”会提前发生。,detailed-v4
chapter-1564,1564,arc-063,14,误判,暴露角色仍误信的判断方式，让孤独算法冷井交出第14个可复查证据,一个黑洞记忆噪点，并承认孤独算法不能再被旧层级命名,熵枢·孤独与眷恋·眷恋残片证词165的核心危机吞掉本章缓冲，arc-063无法完成门槛封口,为得到“暴露角色仍误信的判断方式，让孤独算法冷井交出第14个可复查证据”，必须失去“一个黑洞记忆噪点，并承认孤独算法不能再被旧层级命名”；若拒绝，“熵枢·孤独与眷恋·眷恋残片证词165的核心危机吞掉本章缓冲，arc-063无法完成门槛封口”会提前发生。,detailed-v4
chapter-1565,1565,arc-063,15,误判,暴露角色仍误信的判断方式，让眷恋残片冷井交出第15个可复查证据,一处宇宙器官止痛权，并承认眷恋残片不能再被旧层级命名,熵枢·孤独与眷恋·样本花园证词166的核心危机吞掉本章缓冲，arc-063无法完成门槛封口,为得到“暴露角色仍误信的判断方式，让眷恋残片冷井交出第15个可复查证据”，必须失去“一处宇宙器官止痛权，并承认眷恋残片不能再被旧层级命名”；若拒绝，“熵枢·孤独与眷恋·样本花园证词166的核心危机吞掉本章缓冲，arc-063无法完成门槛封口”会提前发生。,detailed-v4
chapter-1566,1566,arc-063,16,失控,把异常限制在可写的物理边界内，让样本花园的局部截面交出第16个可复查证据,一段孤独算法自证，并承认样本花园不能再被旧层级命名,熵枢·孤独与眷恋·熵零证词167的核心危机吞掉本章缓冲，arc-063无法完成门槛封口,为得到“把异常限制在可写的物理边界内，让样本花园的局部截面交出第16个可复查证据”，必须失去“一段孤独算法自证，并承认样本花园不能再被旧层级命名”；若拒绝，“熵枢·孤独与眷恋·熵零证词167的核心危机吞掉本章缓冲，arc-063无法完成门槛封口”会提前发生。,detailed-v4
chapter-1567,1567,arc-063,17,失控,把异常限制在可写的物理边界内，让熵零实验室交出第17个可复查证据,一次熵零修复余量，并承认熵零不能再被旧层级命名,熵枢·孤独与眷恋·宇宙身体证词168的核心危机吞掉本章缓冲，arc-063无法完成门槛封口,为得到“把异常限制在可写的物理边界内，让熵零实验室交出第17个可复查证据”，必须失去“一次熵零修复余量，并承认熵零不能再被旧层级命名”；若拒绝，“熵枢·孤独与眷恋·宇宙身体证词168的核心危机吞掉本章缓冲，arc-063无法完成门槛封口”会提前发生。,detailed-v4
chapter-1568,1568,arc-063,18,失控,把异常限制在可写的物理边界内，让宇宙器官交界交出第18个可复查证据,一个黑洞记忆噪点，并承认宇宙身体不能再被旧层级命名,熵枢·孤独与眷恋·归零草图证词169的核心危机吞掉本章缓冲，arc-063无法完成门槛封口,为得到“把异常限制在可写的物理边界内，让宇宙器官交界交出第18个可复查证据”，必须失去“一个黑洞记忆噪点，并承认宇宙身体不能再被旧层级命名”；若拒绝，“熵枢·孤独与眷恋·归零草图证词169的核心危机吞掉本章缓冲，arc-063无法完成门槛封口”会提前发生。,detailed-v4
chapter-1569,1569,arc-063,19,失控,把异常限制在可写的物理边界内，让归零草图的局部截面交出第19个可复查证据,一处宇宙器官止痛权，并承认归零草图不能再被旧层级命名,熵枢·孤独与眷恋·不可删除证词170的核心危机吞掉本章缓冲，arc-063无法完成门槛封口,为得到“把异常限制在可写的物理边界内，让归零草图的局部截面交出第19个可复查证据”，必须失去“一处宇宙器官止痛权，并承认归零草图不能再被旧层级命名”；若拒绝，“熵枢·孤独与眷恋·不可删除证词170的核心危机吞掉本章缓冲，arc-063无法完成门槛封口”会提前发生。,detailed-v4
chapter-1570,1570,arc-063,20,回响,让眷恋线以硬证物返回，让不可删除的局部截面交出第20个可复查证据,一段孤独算法自证，并承认不可删除不能再被旧层级命名,熵枢·孤独与眷恋·恒星神经坠落171的核心危机吞掉本章缓冲，arc-063无法完成门槛封口,为得到“让眷恋线以硬证物返回，让不可删除的局部截面交出第20个可复查证据”，必须失去“一段孤独算法自证，并承认不可删除不能再被旧层级命名”；若拒绝，“熵枢·孤独与眷恋·恒星神经坠落171的核心危机吞掉本章缓冲，arc-063无法完成门槛封口”会提前发生。,detailed-v4
chapter-1571,1571,arc-063,21,回响,让眷恋线以硬证物返回，让恒星神经束交出第21个可复查证据,一次熵零修复余量，并承认恒星神经不能再被旧层级命名,熵枢·孤独与眷恋·黑洞记忆坠落172的核心危机吞掉本章缓冲，arc-063无法完成门槛封口,为得到“让眷恋线以硬证物返回，让恒星神经束交出第21个可复查证据”，必须失去“一次熵零修复余量，并承认恒星神经不能再被旧层级命名”；若拒绝，“熵枢·孤独与眷恋·黑洞记忆坠落172的核心危机吞掉本章缓冲，arc-063无法完成门槛封口”会提前发生。,detailed-v4
chapter-1572,1572,arc-063,22,回响,让眷恋线以硬证物返回，让黑洞记忆库交出第22个可复查证据,一个黑洞记忆噪点，并承认黑洞记忆不能再被旧层级命名,熵枢·孤独与眷恋·唯一坠落173的核心危机吞掉本章缓冲，arc-063无法完成门槛封口,为得到“让眷恋线以硬证物返回，让黑洞记忆库交出第22个可复查证据”，必须失去“一个黑洞记忆噪点，并承认黑洞记忆不能再被旧层级命名”；若拒绝，“熵枢·孤独与眷恋·唯一坠落173的核心危机吞掉本章缓冲，arc-063无法完成门槛封口”会提前发生。,detailed-v4
chapter-1573,1573,arc-063,23,门槛,把本组问题交给下一章群而不总结掉，让唯一性空腔交出第23个可复查证据,一处宇宙器官止痛权，并承认唯一不能再被旧层级命名,熵枢·孤独与眷恋·孤独算法坠落174的核心危机吞掉本章缓冲，arc-063无法完成门槛封口,为得到“把本组问题交给下一章群而不总结掉，让唯一性空腔交出第23个可复查证据”，必须失去“一处宇宙器官止痛权，并承认唯一不能再被旧层级命名”；若拒绝，“熵枢·孤独与眷恋·孤独算法坠落174的核心危机吞掉本章缓冲，arc-063无法完成门槛封口”会提前发生。,detailed-v4
chapter-1574,1574,arc-063,24,门槛,把本组问题交给下一章群而不总结掉，让孤独算法冷井交出第24个可复查证据,一段孤独算法自证，并承认孤独算法不能再被旧层级命名,熵枢·孤独与眷恋·眷恋残片坠落175的核心危机吞掉本章缓冲，arc-063无法完成门槛封口,为得到“把本组问题交给下一章群而不总结掉，让孤独算法冷井交出第24个可复查证据”，必须失去“一段孤独算法自证，并承认孤独算法不能再被旧层级命名”；若拒绝，“熵枢·孤独与眷恋·眷恋残片坠落175的核心危机吞掉本章缓冲，arc-063无法完成门槛封口”会提前发生。,detailed-v4
chapter-1575,1575,arc-063,25,门槛,把本组问题交给下一章群而不总结掉，让眷恋残片冷井交出第25个可复查证据,一次熵零修复余量，并承认眷恋残片不能再被旧层级命名,熵枢·孤独与眷恋·样本花园坠落176的核心危机吞掉本章缓冲，arc-063无法完成门槛封口,为得到“把本组问题交给下一章群而不总结掉，让眷恋残片冷井交出第25个可复查证据”，必须失去“一次熵零修复余量，并承认眷恋残片不能再被旧层级命名”；若拒绝，“熵枢·孤独与眷恋·样本花园坠落176的核心危机吞掉本章缓冲，arc-063无法完成门槛封口”会提前发生。,detailed-v4
chapter-1576,1576,arc-064,1,起因,确认异常不是孤立事故，让样本花园的局部截面交出第01个可复查证据,一处宇宙器官止痛权，并承认样本花园不能再被旧层级命名,熵枢·孤独与眷恋·熵零坠落177的核心危机吞掉本章缓冲，arc-064无法完成门槛封口,为得到“确认异常不是孤立事故，让样本花园的局部截面交出第01个可复查证据”，必须失去“一处宇宙器官止痛权，并承认样本花园不能再被旧层级命名”；若拒绝，“熵枢·孤独与眷恋·熵零坠落177的核心危机吞掉本章缓冲，arc-064无法完成门槛封口”会提前发生。,detailed-v4
chapter-1577,1577,arc-064,2,起因,确认异常不是孤立事故，让熵零实验室交出第02个可复查证据,一段孤独算法自证，并承认熵零不能再被旧层级命名,熵枢·孤独与眷恋·宇宙身体坠落178的核心危机吞掉本章缓冲，arc-064无法完成门槛封口,为得到“确认异常不是孤立事故，让熵零实验室交出第02个可复查证据”，必须失去“一段孤独算法自证，并承认熵零不能再被旧层级命名”；若拒绝，“熵枢·孤独与眷恋·宇宙身体坠落178的核心危机吞掉本章缓冲，arc-064无法完成门槛封口”会提前发生。,detailed-v4
chapter-1578,1578,arc-064,3,起因,确认异常不是孤立事故，让宇宙器官交界交出第03个可复查证据,一次熵零修复余量，并承认宇宙身体不能再被旧层级命名,熵枢·孤独与眷恋·归零草图坠落179的核心危机吞掉本章缓冲，arc-064无法完成门槛封口,为得到“确认异常不是孤立事故，让宇宙器官交界交出第03个可复查证据”，必须失去“一次熵零修复余量，并承认宇宙身体不能再被旧层级命名”；若拒绝，“熵枢·孤独与眷恋·归零草图坠落179的核心危机吞掉本章缓冲，arc-064无法完成门槛封口”会提前发生。,detailed-v4
chapter-1579,1579,arc-064,4,起因,确认异常不是孤立事故，让归零草图的局部截面交出第04个可复查证据,一个黑洞记忆噪点，并承认归零草图不能再被旧层级命名,熵枢·孤独与眷恋·不可删除坠落180的核心危机吞掉本章缓冲，arc-064无法完成门槛封口,为得到“确认异常不是孤立事故，让归零草图的局部截面交出第04个可复查证据”，必须失去“一个黑洞记忆噪点，并承认归零草图不能再被旧层级命名”；若拒绝，“熵枢·孤独与眷恋·不可删除坠落180的核心危机吞掉本章缓冲，arc-064无法完成门槛封口”会提前发生。,detailed-v4
chapter-1580,1580,arc-064,5,反证,推翻旧模型仍可解释一切的假设，让不可删除的局部截面交出第05个可复查证据,一处宇宙器官止痛权，并承认不可删除不能再被旧层级命名,熵枢·孤独与眷恋·恒星神经重构181的核心危机吞掉本章缓冲，arc-064无法完成门槛封口,为得到“推翻旧模型仍可解释一切的假设，让不可删除的局部截面交出第05个可复查证据”，必须失去“一处宇宙器官止痛权，并承认不可删除不能再被旧层级命名”；若拒绝，“熵枢·孤独与眷恋·恒星神经重构181的核心危机吞掉本章缓冲，arc-064无法完成门槛封口”会提前发生。,detailed-v4
chapter-1581,1581,arc-064,6,反证,推翻旧模型仍可解释一切的假设，让恒星神经重构的局部截面交出第06个可复查证据,一段孤独算法自证，并承认恒星神经重构不能再被旧层级命名,熵枢·孤独与眷恋·黑洞记忆重构182的核心危机吞掉本章缓冲，arc-064无法完成门槛封口,为得到“推翻旧模型仍可解释一切的假设，让恒星神经重构的局部截面交出第06个可复查证据”，必须失去“一段孤独算法自证，并承认恒星神经重构不能再被旧层级命名”；若拒绝，“熵枢·孤独与眷恋·黑洞记忆重构182的核心危机吞掉本章缓冲，arc-064无法完成门槛封口”会提前发生。,detailed-v4
chapter-1582,1582,arc-064,7,反证,推翻旧模型仍可解释一切的假设，让黑洞记忆重构的局部截面交出第07个可复查证据,一次熵零修复余量，并承认黑洞记忆重构不能再被旧层级命名,熵枢·孤独与眷恋·唯一重构183的核心危机吞掉本章缓冲，arc-064无法完成门槛封口,为得到“推翻旧模型仍可解释一切的假设，让黑洞记忆重构的局部截面交出第07个可复查证据”，必须失去“一次熵零修复余量，并承认黑洞记忆重构不能再被旧层级命名”；若拒绝，“熵枢·孤独与眷恋·唯一重构183的核心危机吞掉本章缓冲，arc-064无法完成门槛封口”会提前发生。,detailed-v4
chapter-1583,1583,arc-064,8,反证,推翻旧模型仍可解释一切的假设，让唯一重构的局部截面交出第08个可复查证据,一个黑洞记忆噪点，并承认唯一重构不能再被旧层级命名,熵枢·孤独与眷恋·孤独算法重构184的核心危机吞掉本章缓冲，arc-064无法完成门槛封口,为得到“推翻旧模型仍可解释一切的假设，让唯一重构的局部截面交出第08个可复查证据”，必须失去“一个黑洞记忆噪点，并承认唯一重构不能再被旧层级命名”；若拒绝，“熵枢·孤独与眷恋·孤独算法重构184的核心危机吞掉本章缓冲，arc-064无法完成门槛封口”会提前发生。,detailed-v4
chapter-1584,1584,arc-064,9,代价,换取一次继续观测的资格，让孤独算法重构的局部截面交出第09个可复查证据,一处宇宙器官止痛权，并承认孤独算法重构不能再被旧层级命名,熵枢·孤独与眷恋·眷恋残片重构185的核心危机吞掉本章缓冲，arc-064无法完成门槛封口,为得到“换取一次继续观测的资格，让孤独算法重构的局部截面交出第09个可复查证据”，必须失去“一处宇宙器官止痛权，并承认孤独算法重构不能再被旧层级命名”；若拒绝，“熵枢·孤独与眷恋·眷恋残片重构185的核心危机吞掉本章缓冲，arc-064无法完成门槛封口”会提前发生。,detailed-v4
chapter-1585,1585,arc-064,10,代价,换取一次继续观测的资格，让眷恋残片重构的局部截面交出第10个可复查证据,一段孤独算法自证，并承认眷恋残片重构不能再被旧层级命名,熵枢·孤独与眷恋·样本花园重构186的核心危机吞掉本章缓冲，arc-064无法完成门槛封口,为得到“换取一次继续观测的资格，让眷恋残片重构的局部截面交出第10个可复查证据”，必须失去“一段孤独算法自证，并承认眷恋残片重构不能再被旧层级命名”；若拒绝，“熵枢·孤独与眷恋·样本花园重构186的核心危机吞掉本章缓冲，arc-064无法完成门槛封口”会提前发生。,detailed-v4
chapter-1586,1586,arc-064,11,代价,换取一次继续观测的资格，让样本花园重构的局部截面交出第11个可复查证据,一次熵零修复余量，并承认样本花园重构不能再被旧层级命名,熵枢·孤独与眷恋·熵零重构187的核心危机吞掉本章缓冲，arc-064无法完成门槛封口,为得到“换取一次继续观测的资格，让样本花园重构的局部截面交出第11个可复查证据”，必须失去“一次熵零修复余量，并承认样本花园重构不能再被旧层级命名”；若拒绝，“熵枢·孤独与眷恋·熵零重构187的核心危机吞掉本章缓冲，arc-064无法完成门槛封口”会提前发生。,detailed-v4
chapter-1587,1587,arc-064,12,误判,暴露角色仍误信的判断方式，让熵零重构的局部截面交出第12个可复查证据,一个黑洞记忆噪点，并承认熵零重构不能再被旧层级命名,熵枢·孤独与眷恋·宇宙身体重构188的核心危机吞掉本章缓冲，arc-064无法完成门槛封口,为得到“暴露角色仍误信的判断方式，让熵零重构的局部截面交出第12个可复查证据”，必须失去“一个黑洞记忆噪点，并承认熵零重构不能再被旧层级命名”；若拒绝，“熵枢·孤独与眷恋·宇宙身体重构188的核心危机吞掉本章缓冲，arc-064无法完成门槛封口”会提前发生。,detailed-v4
chapter-1588,1588,arc-064,13,误判,暴露角色仍误信的判断方式，让宇宙身体重构的局部截面交出第13个可复查证据,一处宇宙器官止痛权，并承认宇宙身体重构不能再被旧层级命名,熵枢·孤独与眷恋·归零草图重构189的核心危机吞掉本章缓冲，arc-064无法完成门槛封口,为得到“暴露角色仍误信的判断方式，让宇宙身体重构的局部截面交出第13个可复查证据”，必须失去“一处宇宙器官止痛权，并承认宇宙身体重构不能再被旧层级命名”；若拒绝，“熵枢·孤独与眷恋·归零草图重构189的核心危机吞掉本章缓冲，arc-064无法完成门槛封口”会提前发生。,detailed-v4
chapter-1589,1589,arc-064,14,误判,暴露角色仍误信的判断方式，让归零草图重构的局部截面交出第14个可复查证据,一段孤独算法自证，并承认归零草图重构不能再被旧层级命名,熵枢·孤独与眷恋·不可删除重构190的核心危机吞掉本章缓冲，arc-064无法完成门槛封口,为得到“暴露角色仍误信的判断方式，让归零草图重构的局部截面交出第14个可复查证据”，必须失去“一段孤独算法自证，并承认归零草图重构不能再被旧层级命名”；若拒绝，“熵枢·孤独与眷恋·不可删除重构190的核心危机吞掉本章缓冲，arc-064无法完成门槛封口”会提前发生。,detailed-v4
chapter-1590,1590,arc-064,15,误判,暴露角色仍误信的判断方式，让不可删除重构的局部截面交出第15个可复查证据,一次熵零修复余量，并承认不可删除重构不能再被旧层级命名,熵枢·孤独与眷恋·恒星神经余震191的核心危机吞掉本章缓冲，arc-064无法完成门槛封口,为得到“暴露角色仍误信的判断方式，让不可删除重构的局部截面交出第15个可复查证据”，必须失去“一次熵零修复余量，并承认不可删除重构不能再被旧层级命名”；若拒绝，“熵枢·孤独与眷恋·恒星神经余震191的核心危机吞掉本章缓冲，arc-064无法完成门槛封口”会提前发生。,detailed-v4
chapter-1591,1591,arc-064,16,失控,把异常限制在可写的物理边界内，让恒星神经束交出第16个可复查证据,一个黑洞记忆噪点，并承认恒星神经不能再被旧层级命名,熵枢·孤独与眷恋·黑洞记忆余震192的核心危机吞掉本章缓冲，arc-064无法完成门槛封口,为得到“把异常限制在可写的物理边界内，让恒星神经束交出第16个可复查证据”，必须失去“一个黑洞记忆噪点，并承认恒星神经不能再被旧层级命名”；若拒绝，“熵枢·孤独与眷恋·黑洞记忆余震192的核心危机吞掉本章缓冲，arc-064无法完成门槛封口”会提前发生。,detailed-v4
chapter-1592,1592,arc-064,17,失控,把异常限制在可写的物理边界内，让黑洞记忆库交出第17个可复查证据,一处宇宙器官止痛权，并承认黑洞记忆不能再被旧层级命名,熵枢·孤独与眷恋·唯一余震193的核心危机吞掉本章缓冲，arc-064无法完成门槛封口,为得到“把异常限制在可写的物理边界内，让黑洞记忆库交出第17个可复查证据”，必须失去“一处宇宙器官止痛权，并承认黑洞记忆不能再被旧层级命名”；若拒绝，“熵枢·孤独与眷恋·唯一余震193的核心危机吞掉本章缓冲，arc-064无法完成门槛封口”会提前发生。,detailed-v4
chapter-1593,1593,arc-064,18,失控,把异常限制在可写的物理边界内，让唯一性空腔交出第18个可复查证据,一段孤独算法自证，并承认唯一不能再被旧层级命名,熵枢·孤独与眷恋·孤独算法余震194的核心危机吞掉本章缓冲，arc-064无法完成门槛封口,为得到“把异常限制在可写的物理边界内，让唯一性空腔交出第18个可复查证据”，必须失去“一段孤独算法自证，并承认唯一不能再被旧层级命名”；若拒绝，“熵枢·孤独与眷恋·孤独算法余震194的核心危机吞掉本章缓冲，arc-064无法完成门槛封口”会提前发生。,detailed-v4
chapter-1594,1594,arc-064,19,失控,把异常限制在可写的物理边界内，让孤独算法冷井交出第19个可复查证据,一次熵零修复余量，并承认孤独算法不能再被旧层级命名,熵枢·孤独与眷恋·眷恋残片余震195的核心危机吞掉本章缓冲，arc-064无法完成门槛封口,为得到“把异常限制在可写的物理边界内，让孤独算法冷井交出第19个可复查证据”，必须失去“一次熵零修复余量，并承认孤独算法不能再被旧层级命名”；若拒绝，“熵枢·孤独与眷恋·眷恋残片余震195的核心危机吞掉本章缓冲，arc-064无法完成门槛封口”会提前发生。,detailed-v4
chapter-1595,1595,arc-064,20,回响,让眷恋线以硬证物返回，让眷恋残片冷井交出第20个可复查证据,一个黑洞记忆噪点，并承认眷恋残片不能再被旧层级命名,熵枢·孤独与眷恋·样本花园余震196的核心危机吞掉本章缓冲，arc-064无法完成门槛封口,为得到“让眷恋线以硬证物返回，让眷恋残片冷井交出第20个可复查证据”，必须失去“一个黑洞记忆噪点，并承认眷恋残片不能再被旧层级命名”；若拒绝，“熵枢·孤独与眷恋·样本花园余震196的核心危机吞掉本章缓冲，arc-064无法完成门槛封口”会提前发生。,detailed-v4
chapter-1596,1596,arc-064,21,回响,让眷恋线以硬证物返回，让样本花园的局部截面交出第21个可复查证据,一处宇宙器官止痛权，并承认样本花园不能再被旧层级命名,熵枢·孤独与眷恋·熵零余震197的核心危机吞掉本章缓冲，arc-064无法完成门槛封口,为得到“让眷恋线以硬证物返回，让样本花园的局部截面交出第21个可复查证据”，必须失去“一处宇宙器官止痛权，并承认样本花园不能再被旧层级命名”；若拒绝，“熵枢·孤独与眷恋·熵零余震197的核心危机吞掉本章缓冲，arc-064无法完成门槛封口”会提前发生。,detailed-v4
chapter-1597,1597,arc-064,22,回响,让眷恋线以硬证物返回，让熵零实验室交出第22个可复查证据,一段孤独算法自证，并承认熵零不能再被旧层级命名,熵枢·孤独与眷恋·宇宙身体余震198的核心危机吞掉本章缓冲，arc-064无法完成门槛封口,为得到“让眷恋线以硬证物返回，让熵零实验室交出第22个可复查证据”，必须失去“一段孤独算法自证，并承认熵零不能再被旧层级命名”；若拒绝，“熵枢·孤独与眷恋·宇宙身体余震198的核心危机吞掉本章缓冲，arc-064无法完成门槛封口”会提前发生。,detailed-v4
chapter-1598,1598,arc-064,23,门槛,把本组问题交给下一章群而不总结掉，让宇宙器官交界交出第23个可复查证据,一次熵零修复余量，并承认宇宙身体不能再被旧层级命名,熵枢·孤独与眷恋·归零草图余震199的核心危机吞掉本章缓冲，arc-064无法完成门槛封口,为得到“把本组问题交给下一章群而不总结掉，让宇宙器官交界交出第23个可复查证据”，必须失去“一次熵零修复余量，并承认宇宙身体不能再被旧层级命名”；若拒绝，“熵枢·孤独与眷恋·归零草图余震199的核心危机吞掉本章缓冲，arc-064无法完成门槛封口”会提前发生。,detailed-v4
chapter-1599,1599,arc-064,24,门槛,把本组问题交给下一章群而不总结掉，让归零草图的局部截面交出第24个可复查证据,一个黑洞记忆噪点，并承认归零草图不能再被旧层级命名,熵枢·孤独与眷恋·不可删除余震200的核心危机吞掉本章缓冲，arc-064无法完成门槛封口,为得到“把本组问题交给下一章群而不总结掉，让归零草图的局部截面交出第24个可复查证据”，必须失去“一个黑洞记忆噪点，并承认归零草图不能再被旧层级命名”；若拒绝，“熵枢·孤独与眷恋·不可删除余震200的核心危机吞掉本章缓冲，arc-064无法完成门槛封口”会提前发生。,detailed-v4
chapter-1600,1600,arc-064,25,门槛,把本组问题交给下一章群而不总结掉，让不可删除的局部截面交出第25个可复查证据,一处宇宙器官止痛权，并承认不可删除不能再被旧层级命名,熵枢·孤独与眷恋·恒星神经初醒201的核心危机吞掉本章缓冲，arc-064无法完成门槛封口,为得到“把本组问题交给下一章群而不总结掉，让不可删除的局部截面交出第25个可复查证据”，必须失去“一处宇宙器官止痛权，并承认不可删除不能再被旧层级命名”；若拒绝，“熵枢·孤独与眷恋·恒星神经初醒201的核心危机吞掉本章缓冲，arc-064无法完成门槛封口”会提前发生。,detailed-v4
chapter-1601,1601,arc-065,1,起因,确认异常不是孤立事故，让恒星神经束交出第01个可复查证据,一次熵零修复余量，并承认恒星神经不能再被旧层级命名,熵枢·孤独与眷恋·黑洞记忆初醒202的核心危机吞掉本章缓冲，arc-065无法完成门槛封口,为得到“确认异常不是孤立事故，让恒星神经束交出第01个可复查证据”，必须失去“一次熵零修复余量，并承认恒星神经不能再被旧层级命名”；若拒绝，“熵枢·孤独与眷恋·黑洞记忆初醒202的核心危机吞掉本章缓冲，arc-065无法完成门槛封口”会提前发生。,detailed-v4
chapter-1602,1602,arc-065,2,起因,确认异常不是孤立事故，让黑洞记忆库交出第02个可复查证据,一个黑洞记忆噪点，并承认黑洞记忆不能再被旧层级命名,熵枢·孤独与眷恋·唯一初醒203的核心危机吞掉本章缓冲，arc-065无法完成门槛封口,为得到“确认异常不是孤立事故，让黑洞记忆库交出第02个可复查证据”，必须失去“一个黑洞记忆噪点，并承认黑洞记忆不能再被旧层级命名”；若拒绝，“熵枢·孤独与眷恋·唯一初醒203的核心危机吞掉本章缓冲，arc-065无法完成门槛封口”会提前发生。,detailed-v4
chapter-1603,1603,arc-065,3,起因,确认异常不是孤立事故，让唯一性空腔交出第03个可复查证据,一处宇宙器官止痛权，并承认唯一不能再被旧层级命名,熵枢·孤独与眷恋·孤独算法初醒204的核心危机吞掉本章缓冲，arc-065无法完成门槛封口,为得到“确认异常不是孤立事故，让唯一性空腔交出第03个可复查证据”，必须失去“一处宇宙器官止痛权，并承认唯一不能再被旧层级命名”；若拒绝，“熵枢·孤独与眷恋·孤独算法初醒204的核心危机吞掉本章缓冲，arc-065无法完成门槛封口”会提前发生。,detailed-v4
chapter-1604,1604,arc-065,4,起因,确认异常不是孤立事故，让孤独算法冷井交出第04个可复查证据,一段孤独算法自证，并承认孤独算法不能再被旧层级命名,熵枢·孤独与眷恋·眷恋残片初醒205的核心危机吞掉本章缓冲，arc-065无法完成门槛封口,为得到“确认异常不是孤立事故，让孤独算法冷井交出第04个可复查证据”，必须失去“一段孤独算法自证，并承认孤独算法不能再被旧层级命名”；若拒绝，“熵枢·孤独与眷恋·眷恋残片初醒205的核心危机吞掉本章缓冲，arc-065无法完成门槛封口”会提前发生。,detailed-v4
chapter-1605,1605,arc-065,5,反证,推翻旧模型仍可解释一切的假设，让眷恋残片冷井交出第05个可复查证据,一次熵零修复余量，并承认眷恋残片不能再被旧层级命名,熵枢·孤独与眷恋·样本花园初醒206的核心危机吞掉本章缓冲，arc-065无法完成门槛封口,为得到“推翻旧模型仍可解释一切的假设，让眷恋残片冷井交出第05个可复查证据”，必须失去“一次熵零修复余量，并承认眷恋残片不能再被旧层级命名”；若拒绝，“熵枢·孤独与眷恋·样本花园初醒206的核心危机吞掉本章缓冲，arc-065无法完成门槛封口”会提前发生。,detailed-v4
chapter-1606,1606,arc-065,6,反证,推翻旧模型仍可解释一切的假设，让样本花园的局部截面交出第06个可复查证据,一个黑洞记忆噪点，并承认样本花园不能再被旧层级命名,熵枢·孤独与眷恋·熵零初醒207的核心危机吞掉本章缓冲，arc-065无法完成门槛封口,为得到“推翻旧模型仍可解释一切的假设，让样本花园的局部截面交出第06个可复查证据”，必须失去“一个黑洞记忆噪点，并承认样本花园不能再被旧层级命名”；若拒绝，“熵枢·孤独与眷恋·熵零初醒207的核心危机吞掉本章缓冲，arc-065无法完成门槛封口”会提前发生。,detailed-v4
chapter-1607,1607,arc-065,7,反证,推翻旧模型仍可解释一切的假设，让熵零实验室交出第07个可复查证据,一处宇宙器官止痛权，并承认熵零不能再被旧层级命名,熵枢·孤独与眷恋·宇宙身体初醒208的核心危机吞掉本章缓冲，arc-065无法完成门槛封口,为得到“推翻旧模型仍可解释一切的假设，让熵零实验室交出第07个可复查证据”，必须失去“一处宇宙器官止痛权，并承认熵零不能再被旧层级命名”；若拒绝，“熵枢·孤独与眷恋·宇宙身体初醒208的核心危机吞掉本章缓冲，arc-065无法完成门槛封口”会提前发生。,detailed-v4
chapter-1608,1608,arc-065,8,反证,推翻旧模型仍可解释一切的假设，让宇宙器官交界交出第08个可复查证据,一段孤独算法自证，并承认宇宙身体不能再被旧层级命名,熵枢·孤独与眷恋·归零草图初醒209的核心危机吞掉本章缓冲，arc-065无法完成门槛封口,为得到“推翻旧模型仍可解释一切的假设，让宇宙器官交界交出第08个可复查证据”，必须失去“一段孤独算法自证，并承认宇宙身体不能再被旧层级命名”；若拒绝，“熵枢·孤独与眷恋·归零草图初醒209的核心危机吞掉本章缓冲，arc-065无法完成门槛封口”会提前发生。,detailed-v4
chapter-1609,1609,arc-065,9,代价,换取一次继续观测的资格，让归零草图的局部截面交出第09个可复查证据,一次熵零修复余量，并承认归零草图不能再被旧层级命名,熵枢·孤独与眷恋·不可删除初醒210的核心危机吞掉本章缓冲，arc-065无法完成门槛封口,为得到“换取一次继续观测的资格，让归零草图的局部截面交出第09个可复查证据”，必须失去“一次熵零修复余量，并承认归零草图不能再被旧层级命名”；若拒绝，“熵枢·孤独与眷恋·不可删除初醒210的核心危机吞掉本章缓冲，arc-065无法完成门槛封口”会提前发生。,detailed-v4
chapter-1610,1610,arc-065,10,代价,换取一次继续观测的资格，让不可删除的局部截面交出第10个可复查证据,一个黑洞记忆噪点，并承认不可删除不能再被旧层级命名,熵枢·孤独与眷恋·恒星神经裂响211的核心危机吞掉本章缓冲，arc-065无法完成门槛封口,为得到“换取一次继续观测的资格，让不可删除的局部截面交出第10个可复查证据”，必须失去“一个黑洞记忆噪点，并承认不可删除不能再被旧层级命名”；若拒绝，“熵枢·孤独与眷恋·恒星神经裂响211的核心危机吞掉本章缓冲，arc-065无法完成门槛封口”会提前发生。,detailed-v4
chapter-1611,1611,arc-065,11,代价,换取一次继续观测的资格，让恒星神经束交出第11个可复查证据,一处宇宙器官止痛权，并承认恒星神经不能再被旧层级命名,熵枢·孤独与眷恋·黑洞记忆裂响212的核心危机吞掉本章缓冲，arc-065无法完成门槛封口,为得到“换取一次继续观测的资格，让恒星神经束交出第11个可复查证据”，必须失去“一处宇宙器官止痛权，并承认恒星神经不能再被旧层级命名”；若拒绝，“熵枢·孤独与眷恋·黑洞记忆裂响212的核心危机吞掉本章缓冲，arc-065无法完成门槛封口”会提前发生。,detailed-v4
chapter-1612,1612,arc-065,12,误判,暴露角色仍误信的判断方式，让黑洞记忆库交出第12个可复查证据,一段孤独算法自证，并承认黑洞记忆不能再被旧层级命名,熵枢·孤独与眷恋·唯一裂响213的核心危机吞掉本章缓冲，arc-065无法完成门槛封口,为得到“暴露角色仍误信的判断方式，让黑洞记忆库交出第12个可复查证据”，必须失去“一段孤独算法自证，并承认黑洞记忆不能再被旧层级命名”；若拒绝，“熵枢·孤独与眷恋·唯一裂响213的核心危机吞掉本章缓冲，arc-065无法完成门槛封口”会提前发生。,detailed-v4
chapter-1613,1613,arc-065,13,误判,暴露角色仍误信的判断方式，让唯一性空腔交出第13个可复查证据,一次熵零修复余量，并承认唯一不能再被旧层级命名,熵枢·孤独与眷恋·孤独算法裂响214的核心危机吞掉本章缓冲，arc-065无法完成门槛封口,为得到“暴露角色仍误信的判断方式，让唯一性空腔交出第13个可复查证据”，必须失去“一次熵零修复余量，并承认唯一不能再被旧层级命名”；若拒绝，“熵枢·孤独与眷恋·孤独算法裂响214的核心危机吞掉本章缓冲，arc-065无法完成门槛封口”会提前发生。,detailed-v4
chapter-1614,1614,arc-065,14,误判,暴露角色仍误信的判断方式，让孤独算法冷井交出第14个可复查证据,一个黑洞记忆噪点，并承认孤独算法不能再被旧层级命名,熵枢·孤独与眷恋·眷恋残片裂响215的核心危机吞掉本章缓冲，arc-065无法完成门槛封口,为得到“暴露角色仍误信的判断方式，让孤独算法冷井交出第14个可复查证据”，必须失去“一个黑洞记忆噪点，并承认孤独算法不能再被旧层级命名”；若拒绝，“熵枢·孤独与眷恋·眷恋残片裂响215的核心危机吞掉本章缓冲，arc-065无法完成门槛封口”会提前发生。,detailed-v4
chapter-1615,1615,arc-065,15,误判,暴露角色仍误信的判断方式，让眷恋残片冷井交出第15个可复查证据,一处宇宙器官止痛权，并承认眷恋残片不能再被旧层级命名,熵枢·孤独与眷恋·样本花园裂响216的核心危机吞掉本章缓冲，arc-065无法完成门槛封口,为得到“暴露角色仍误信的判断方式，让眷恋残片冷井交出第15个可复查证据”，必须失去“一处宇宙器官止痛权，并承认眷恋残片不能再被旧层级命名”；若拒绝，“熵枢·孤独与眷恋·样本花园裂响216的核心危机吞掉本章缓冲，arc-065无法完成门槛封口”会提前发生。,detailed-v4
chapter-1616,1616,arc-065,16,失控,把异常限制在可写的物理边界内，让样本花园的局部截面交出第16个可复查证据,一段孤独算法自证，并承认样本花园不能再被旧层级命名,熵枢·孤独与眷恋·熵零裂响217的核心危机吞掉本章缓冲，arc-065无法完成门槛封口,为得到“把异常限制在可写的物理边界内，让样本花园的局部截面交出第16个可复查证据”，必须失去“一段孤独算法自证，并承认样本花园不能再被旧层级命名”；若拒绝，“熵枢·孤独与眷恋·熵零裂响217的核心危机吞掉本章缓冲，arc-065无法完成门槛封口”会提前发生。,detailed-v4
chapter-1617,1617,arc-065,17,失控,把异常限制在可写的物理边界内，让熵零实验室交出第17个可复查证据,一次熵零修复余量，并承认熵零不能再被旧层级命名,熵枢·孤独与眷恋·宇宙身体裂响218的核心危机吞掉本章缓冲，arc-065无法完成门槛封口,为得到“把异常限制在可写的物理边界内，让熵零实验室交出第17个可复查证据”，必须失去“一次熵零修复余量，并承认熵零不能再被旧层级命名”；若拒绝，“熵枢·孤独与眷恋·宇宙身体裂响218的核心危机吞掉本章缓冲，arc-065无法完成门槛封口”会提前发生。,detailed-v4
chapter-1618,1618,arc-065,18,失控,把异常限制在可写的物理边界内，让宇宙器官交界交出第18个可复查证据,一个黑洞记忆噪点，并承认宇宙身体不能再被旧层级命名,熵枢·孤独与眷恋·归零草图裂响219的核心危机吞掉本章缓冲，arc-065无法完成门槛封口,为得到“把异常限制在可写的物理边界内，让宇宙器官交界交出第18个可复查证据”，必须失去“一个黑洞记忆噪点，并承认宇宙身体不能再被旧层级命名”；若拒绝，“熵枢·孤独与眷恋·归零草图裂响219的核心危机吞掉本章缓冲，arc-065无法完成门槛封口”会提前发生。,detailed-v4
chapter-1619,1619,arc-065,19,失控,把异常限制在可写的物理边界内，让归零草图的局部截面交出第19个可复查证据,一处宇宙器官止痛权，并承认归零草图不能再被旧层级命名,熵枢·孤独与眷恋·不可删除裂响220的核心危机吞掉本章缓冲，arc-065无法完成门槛封口,为得到“把异常限制在可写的物理边界内，让归零草图的局部截面交出第19个可复查证据”，必须失去“一处宇宙器官止痛权，并承认归零草图不能再被旧层级命名”；若拒绝，“熵枢·孤独与眷恋·不可删除裂响220的核心危机吞掉本章缓冲，arc-065无法完成门槛封口”会提前发生。,detailed-v4
chapter-1620,1620,arc-065,20,回响,让眷恋线以硬证物返回，让不可删除的局部截面交出第20个可复查证据,一段孤独算法自证，并承认不可删除不能再被旧层级命名,熵枢·孤独与眷恋·恒星神经低语221的核心危机吞掉本章缓冲，arc-065无法完成门槛封口,为得到“让眷恋线以硬证物返回，让不可删除的局部截面交出第20个可复查证据”，必须失去“一段孤独算法自证，并承认不可删除不能再被旧层级命名”；若拒绝，“熵枢·孤独与眷恋·恒星神经低语221的核心危机吞掉本章缓冲，arc-065无法完成门槛封口”会提前发生。,detailed-v4
chapter-1621,1621,arc-065,21,回响,让眷恋线以硬证物返回，让恒星神经束交出第21个可复查证据,一次熵零修复余量，并承认恒星神经不能再被旧层级命名,熵枢·孤独与眷恋·黑洞记忆低语222的核心危机吞掉本章缓冲，arc-065无法完成门槛封口,为得到“让眷恋线以硬证物返回，让恒星神经束交出第21个可复查证据”，必须失去“一次熵零修复余量，并承认恒星神经不能再被旧层级命名”；若拒绝，“熵枢·孤独与眷恋·黑洞记忆低语222的核心危机吞掉本章缓冲，arc-065无法完成门槛封口”会提前发生。,detailed-v4
chapter-1622,1622,arc-065,22,回响,让眷恋线以硬证物返回，让黑洞记忆库交出第22个可复查证据,一个黑洞记忆噪点，并承认黑洞记忆不能再被旧层级命名,熵枢·孤独与眷恋·唯一低语223的核心危机吞掉本章缓冲，arc-065无法完成门槛封口,为得到“让眷恋线以硬证物返回，让黑洞记忆库交出第22个可复查证据”，必须失去“一个黑洞记忆噪点，并承认黑洞记忆不能再被旧层级命名”；若拒绝，“熵枢·孤独与眷恋·唯一低语223的核心危机吞掉本章缓冲，arc-065无法完成门槛封口”会提前发生。,detailed-v4
chapter-1623,1623,arc-065,23,门槛,把本组问题交给下一章群而不总结掉，让唯一性空腔交出第23个可复查证据,一处宇宙器官止痛权，并承认唯一不能再被旧层级命名,熵枢·孤独与眷恋·孤独算法低语224的核心危机吞掉本章缓冲，arc-065无法完成门槛封口,为得到“把本组问题交给下一章群而不总结掉，让唯一性空腔交出第23个可复查证据”，必须失去“一处宇宙器官止痛权，并承认唯一不能再被旧层级命名”；若拒绝，“熵枢·孤独与眷恋·孤独算法低语224的核心危机吞掉本章缓冲，arc-065无法完成门槛封口”会提前发生。,detailed-v4
chapter-1624,1624,arc-065,24,门槛,把本组问题交给下一章群而不总结掉，让孤独算法冷井交出第24个可复查证据,一段孤独算法自证，并承认孤独算法不能再被旧层级命名,熵枢·孤独与眷恋·眷恋残片低语225的核心危机吞掉本章缓冲，arc-065无法完成门槛封口,为得到“把本组问题交给下一章群而不总结掉，让孤独算法冷井交出第24个可复查证据”，必须失去“一段孤独算法自证，并承认孤独算法不能再被旧层级命名”；若拒绝，“熵枢·孤独与眷恋·眷恋残片低语225的核心危机吞掉本章缓冲，arc-065无法完成门槛封口”会提前发生。,detailed-v4
chapter-1625,1625,arc-065,25,门槛,把本组问题交给下一章群而不总结掉，让眷恋残片冷井交出第25个可复查证据,一次熵零修复余量，并承认眷恋残片不能再被旧层级命名,熵枢·孤独与眷恋·样本花园低语226的核心危机吞掉本章缓冲，arc-065无法完成门槛封口,为得到“把本组问题交给下一章群而不总结掉，让眷恋残片冷井交出第25个可复查证据”，必须失去“一次熵零修复余量，并承认眷恋残片不能再被旧层级命名”；若拒绝，“熵枢·孤独与眷恋·样本花园低语226的核心危机吞掉本章缓冲，arc-065无法完成门槛封口”会提前发生。,detailed-v4
chapter-1626,1626,arc-066,1,起因,确认异常不是孤立事故，让样本花园的局部截面交出第01个可复查证据,一处宇宙器官止痛权，并承认样本花园不能再被旧层级命名,熵枢·孤独与眷恋·熵零低语227的核心危机吞掉本章缓冲，arc-066无法完成门槛封口,为得到“确认异常不是孤立事故，让样本花园的局部截面交出第01个可复查证据”，必须失去“一处宇宙器官止痛权，并承认样本花园不能再被旧层级命名”；若拒绝，“熵枢·孤独与眷恋·熵零低语227的核心危机吞掉本章缓冲，arc-066无法完成门槛封口”会提前发生。,detailed-v4
chapter-1627,1627,arc-066,2,起因,确认异常不是孤立事故，让熵零实验室交出第02个可复查证据,一段孤独算法自证，并承认熵零不能再被旧层级命名,熵枢·孤独与眷恋·宇宙身体低语228的核心危机吞掉本章缓冲，arc-066无法完成门槛封口,为得到“确认异常不是孤立事故，让熵零实验室交出第02个可复查证据”，必须失去“一段孤独算法自证，并承认熵零不能再被旧层级命名”；若拒绝，“熵枢·孤独与眷恋·宇宙身体低语228的核心危机吞掉本章缓冲，arc-066无法完成门槛封口”会提前发生。,detailed-v4
chapter-1628,1628,arc-066,3,起因,确认异常不是孤立事故，让宇宙器官交界交出第03个可复查证据,一次熵零修复余量，并承认宇宙身体不能再被旧层级命名,熵枢·孤独与眷恋·归零草图低语229的核心危机吞掉本章缓冲，arc-066无法完成门槛封口,为得到“确认异常不是孤立事故，让宇宙器官交界交出第03个可复查证据”，必须失去“一次熵零修复余量，并承认宇宙身体不能再被旧层级命名”；若拒绝，“熵枢·孤独与眷恋·归零草图低语229的核心危机吞掉本章缓冲，arc-066无法完成门槛封口”会提前发生。,detailed-v4
chapter-1629,1629,arc-066,4,起因,确认异常不是孤立事故，让归零草图的局部截面交出第04个可复查证据,一个黑洞记忆噪点，并承认归零草图不能再被旧层级命名,熵枢·孤独与眷恋·不可删除低语230的核心危机吞掉本章缓冲，arc-066无法完成门槛封口,为得到“确认异常不是孤立事故，让归零草图的局部截面交出第04个可复查证据”，必须失去“一个黑洞记忆噪点，并承认归零草图不能再被旧层级命名”；若拒绝，“熵枢·孤独与眷恋·不可删除低语230的核心危机吞掉本章缓冲，arc-066无法完成门槛封口”会提前发生。,detailed-v4
chapter-1630,1630,arc-066,5,反证,推翻旧模型仍可解释一切的假设，让不可删除的局部截面交出第05个可复查证据,一处宇宙器官止痛权，并承认不可删除不能再被旧层级命名,熵枢·孤独与眷恋·恒星神经回潮231的核心危机吞掉本章缓冲，arc-066无法完成门槛封口,为得到“推翻旧模型仍可解释一切的假设，让不可删除的局部截面交出第05个可复查证据”，必须失去“一处宇宙器官止痛权，并承认不可删除不能再被旧层级命名”；若拒绝，“熵枢·孤独与眷恋·恒星神经回潮231的核心危机吞掉本章缓冲，arc-066无法完成门槛封口”会提前发生。,detailed-v4
chapter-1631,1631,arc-066,6,反证,推翻旧模型仍可解释一切的假设，让恒星神经束交出第06个可复查证据,一段孤独算法自证，并承认恒星神经不能再被旧层级命名,熵枢·孤独与眷恋·黑洞记忆回潮232的核心危机吞掉本章缓冲，arc-066无法完成门槛封口,为得到“推翻旧模型仍可解释一切的假设，让恒星神经束交出第06个可复查证据”，必须失去“一段孤独算法自证，并承认恒星神经不能再被旧层级命名”；若拒绝，“熵枢·孤独与眷恋·黑洞记忆回潮232的核心危机吞掉本章缓冲，arc-066无法完成门槛封口”会提前发生。,detailed-v4
chapter-1632,1632,arc-066,7,反证,推翻旧模型仍可解释一切的假设，让黑洞记忆库交出第07个可复查证据,一次熵零修复余量，并承认黑洞记忆不能再被旧层级命名,熵枢·孤独与眷恋·唯一回潮233的核心危机吞掉本章缓冲，arc-066无法完成门槛封口,为得到“推翻旧模型仍可解释一切的假设，让黑洞记忆库交出第07个可复查证据”，必须失去“一次熵零修复余量，并承认黑洞记忆不能再被旧层级命名”；若拒绝，“熵枢·孤独与眷恋·唯一回潮233的核心危机吞掉本章缓冲，arc-066无法完成门槛封口”会提前发生。,detailed-v4
chapter-1633,1633,arc-066,8,反证,推翻旧模型仍可解释一切的假设，让唯一性空腔交出第08个可复查证据,一个黑洞记忆噪点，并承认唯一不能再被旧层级命名,熵枢·孤独与眷恋·孤独算法回潮234的核心危机吞掉本章缓冲，arc-066无法完成门槛封口,为得到“推翻旧模型仍可解释一切的假设，让唯一性空腔交出第08个可复查证据”，必须失去“一个黑洞记忆噪点，并承认唯一不能再被旧层级命名”；若拒绝，“熵枢·孤独与眷恋·孤独算法回潮234的核心危机吞掉本章缓冲，arc-066无法完成门槛封口”会提前发生。,detailed-v4
chapter-1634,1634,arc-066,9,代价,换取一次继续观测的资格，让孤独算法冷井交出第09个可复查证据,一处宇宙器官止痛权，并承认孤独算法不能再被旧层级命名,熵枢·孤独与眷恋·眷恋残片回潮235的核心危机吞掉本章缓冲，arc-066无法完成门槛封口,为得到“换取一次继续观测的资格，让孤独算法冷井交出第09个可复查证据”，必须失去“一处宇宙器官止痛权，并承认孤独算法不能再被旧层级命名”；若拒绝，“熵枢·孤独与眷恋·眷恋残片回潮235的核心危机吞掉本章缓冲，arc-066无法完成门槛封口”会提前发生。,detailed-v4
chapter-1635,1635,arc-066,10,代价,换取一次继续观测的资格，让眷恋残片冷井交出第10个可复查证据,一段孤独算法自证，并承认眷恋残片不能再被旧层级命名,熵枢·孤独与眷恋·样本花园回潮236的核心危机吞掉本章缓冲，arc-066无法完成门槛封口,为得到“换取一次继续观测的资格，让眷恋残片冷井交出第10个可复查证据”，必须失去“一段孤独算法自证，并承认眷恋残片不能再被旧层级命名”；若拒绝，“熵枢·孤独与眷恋·样本花园回潮236的核心危机吞掉本章缓冲，arc-066无法完成门槛封口”会提前发生。,detailed-v4
chapter-1636,1636,arc-066,11,代价,换取一次继续观测的资格，让样本花园的局部截面交出第11个可复查证据,一次熵零修复余量，并承认样本花园不能再被旧层级命名,熵枢·孤独与眷恋·熵零回潮237的核心危机吞掉本章缓冲，arc-066无法完成门槛封口,为得到“换取一次继续观测的资格，让样本花园的局部截面交出第11个可复查证据”，必须失去“一次熵零修复余量，并承认样本花园不能再被旧层级命名”；若拒绝，“熵枢·孤独与眷恋·熵零回潮237的核心危机吞掉本章缓冲，arc-066无法完成门槛封口”会提前发生。,detailed-v4
chapter-1637,1637,arc-066,12,误判,暴露角色仍误信的判断方式，让熵零实验室交出第12个可复查证据,一个黑洞记忆噪点，并承认熵零不能再被旧层级命名,熵枢·孤独与眷恋·宇宙身体回潮238的核心危机吞掉本章缓冲，arc-066无法完成门槛封口,为得到“暴露角色仍误信的判断方式，让熵零实验室交出第12个可复查证据”，必须失去“一个黑洞记忆噪点，并承认熵零不能再被旧层级命名”；若拒绝，“熵枢·孤独与眷恋·宇宙身体回潮238的核心危机吞掉本章缓冲，arc-066无法完成门槛封口”会提前发生。,detailed-v4
chapter-1638,1638,arc-066,13,误判,暴露角色仍误信的判断方式，让宇宙器官交界交出第13个可复查证据,一处宇宙器官止痛权，并承认宇宙身体不能再被旧层级命名,熵枢·孤独与眷恋·归零草图回潮239的核心危机吞掉本章缓冲，arc-066无法完成门槛封口,为得到“暴露角色仍误信的判断方式，让宇宙器官交界交出第13个可复查证据”，必须失去“一处宇宙器官止痛权，并承认宇宙身体不能再被旧层级命名”；若拒绝，“熵枢·孤独与眷恋·归零草图回潮239的核心危机吞掉本章缓冲，arc-066无法完成门槛封口”会提前发生。,detailed-v4
chapter-1639,1639,arc-066,14,误判,暴露角色仍误信的判断方式，让归零草图的局部截面交出第14个可复查证据,一段孤独算法自证，并承认归零草图不能再被旧层级命名,熵枢·孤独与眷恋·不可删除回潮240的核心危机吞掉本章缓冲，arc-066无法完成门槛封口,为得到“暴露角色仍误信的判断方式，让归零草图的局部截面交出第14个可复查证据”，必须失去“一段孤独算法自证，并承认归零草图不能再被旧层级命名”；若拒绝，“熵枢·孤独与眷恋·不可删除回潮240的核心危机吞掉本章缓冲，arc-066无法完成门槛封口”会提前发生。,detailed-v4
chapter-1640,1640,arc-066,15,误判,暴露角色仍误信的判断方式，让不可删除的局部截面交出第15个可复查证据,一次熵零修复余量，并承认不可删除不能再被旧层级命名,熵枢·孤独与眷恋·恒星神经折光241的核心危机吞掉本章缓冲，arc-066无法完成门槛封口,为得到“暴露角色仍误信的判断方式，让不可删除的局部截面交出第15个可复查证据”，必须失去“一次熵零修复余量，并承认不可删除不能再被旧层级命名”；若拒绝，“熵枢·孤独与眷恋·恒星神经折光241的核心危机吞掉本章缓冲，arc-066无法完成门槛封口”会提前发生。,detailed-v4
chapter-1641,1641,arc-066,16,失控,把异常限制在可写的物理边界内，让恒星神经束交出第16个可复查证据,一个黑洞记忆噪点，并承认恒星神经不能再被旧层级命名,熵枢·孤独与眷恋·黑洞记忆折光242的核心危机吞掉本章缓冲，arc-066无法完成门槛封口,为得到“把异常限制在可写的物理边界内，让恒星神经束交出第16个可复查证据”，必须失去“一个黑洞记忆噪点，并承认恒星神经不能再被旧层级命名”；若拒绝，“熵枢·孤独与眷恋·黑洞记忆折光242的核心危机吞掉本章缓冲，arc-066无法完成门槛封口”会提前发生。,detailed-v4
chapter-1642,1642,arc-066,17,失控,把异常限制在可写的物理边界内，让黑洞记忆库交出第17个可复查证据,一处宇宙器官止痛权，并承认黑洞记忆不能再被旧层级命名,熵枢·孤独与眷恋·唯一折光243的核心危机吞掉本章缓冲，arc-066无法完成门槛封口,为得到“把异常限制在可写的物理边界内，让黑洞记忆库交出第17个可复查证据”，必须失去“一处宇宙器官止痛权，并承认黑洞记忆不能再被旧层级命名”；若拒绝，“熵枢·孤独与眷恋·唯一折光243的核心危机吞掉本章缓冲，arc-066无法完成门槛封口”会提前发生。,detailed-v4
chapter-1643,1643,arc-066,18,失控,把异常限制在可写的物理边界内，让唯一性空腔交出第18个可复查证据,一段孤独算法自证，并承认唯一不能再被旧层级命名,熵枢·孤独与眷恋·孤独算法折光244的核心危机吞掉本章缓冲，arc-066无法完成门槛封口,为得到“把异常限制在可写的物理边界内，让唯一性空腔交出第18个可复查证据”，必须失去“一段孤独算法自证，并承认唯一不能再被旧层级命名”；若拒绝，“熵枢·孤独与眷恋·孤独算法折光244的核心危机吞掉本章缓冲，arc-066无法完成门槛封口”会提前发生。,detailed-v4
chapter-1644,1644,arc-066,19,失控,把异常限制在可写的物理边界内，让孤独算法冷井交出第19个可复查证据,一次熵零修复余量，并承认孤独算法不能再被旧层级命名,熵枢·孤独与眷恋·眷恋残片折光245的核心危机吞掉本章缓冲，arc-066无法完成门槛封口,为得到“把异常限制在可写的物理边界内，让孤独算法冷井交出第19个可复查证据”，必须失去“一次熵零修复余量，并承认孤独算法不能再被旧层级命名”；若拒绝，“熵枢·孤独与眷恋·眷恋残片折光245的核心危机吞掉本章缓冲，arc-066无法完成门槛封口”会提前发生。,detailed-v4
chapter-1645,1645,arc-066,20,回响,让眷恋线以硬证物返回，让眷恋残片冷井交出第20个可复查证据,一个黑洞记忆噪点，并承认眷恋残片不能再被旧层级命名,熵枢·孤独与眷恋·样本花园折光246的核心危机吞掉本章缓冲，arc-066无法完成门槛封口,为得到“让眷恋线以硬证物返回，让眷恋残片冷井交出第20个可复查证据”，必须失去“一个黑洞记忆噪点，并承认眷恋残片不能再被旧层级命名”；若拒绝，“熵枢·孤独与眷恋·样本花园折光246的核心危机吞掉本章缓冲，arc-066无法完成门槛封口”会提前发生。,detailed-v4
chapter-1646,1646,arc-066,21,回响,让眷恋线以硬证物返回，让样本花园的局部截面交出第21个可复查证据,一处宇宙器官止痛权，并承认样本花园不能再被旧层级命名,熵枢·孤独与眷恋·熵零折光247的核心危机吞掉本章缓冲，arc-066无法完成门槛封口,为得到“让眷恋线以硬证物返回，让样本花园的局部截面交出第21个可复查证据”，必须失去“一处宇宙器官止痛权，并承认样本花园不能再被旧层级命名”；若拒绝，“熵枢·孤独与眷恋·熵零折光247的核心危机吞掉本章缓冲，arc-066无法完成门槛封口”会提前发生。,detailed-v4
chapter-1647,1647,arc-066,22,回响,让眷恋线以硬证物返回，让熵零实验室交出第22个可复查证据,一段孤独算法自证，并承认熵零不能再被旧层级命名,熵枢·孤独与眷恋·宇宙身体折光248的核心危机吞掉本章缓冲，arc-066无法完成门槛封口,为得到“让眷恋线以硬证物返回，让熵零实验室交出第22个可复查证据”，必须失去“一段孤独算法自证，并承认熵零不能再被旧层级命名”；若拒绝，“熵枢·孤独与眷恋·宇宙身体折光248的核心危机吞掉本章缓冲，arc-066无法完成门槛封口”会提前发生。,detailed-v4
chapter-1648,1648,arc-066,23,门槛,把本组问题交给下一章群而不总结掉，让宇宙器官交界交出第23个可复查证据,一次熵零修复余量，并承认宇宙身体不能再被旧层级命名,熵枢·孤独与眷恋·归零草图折光249的核心危机吞掉本章缓冲，arc-066无法完成门槛封口,为得到“把本组问题交给下一章群而不总结掉，让宇宙器官交界交出第23个可复查证据”，必须失去“一次熵零修复余量，并承认宇宙身体不能再被旧层级命名”；若拒绝，“熵枢·孤独与眷恋·归零草图折光249的核心危机吞掉本章缓冲，arc-066无法完成门槛封口”会提前发生。,detailed-v4
chapter-1649,1649,arc-066,24,门槛,把本组问题交给下一章群而不总结掉，让归零草图的局部截面交出第24个可复查证据,一个黑洞记忆噪点，并承认归零草图不能再被旧层级命名,熵枢·孤独与眷恋·不可删除折光250的核心危机吞掉本章缓冲，arc-066无法完成门槛封口,为得到“把本组问题交给下一章群而不总结掉，让归零草图的局部截面交出第24个可复查证据”，必须失去“一个黑洞记忆噪点，并承认归零草图不能再被旧层级命名”；若拒绝，“熵枢·孤独与眷恋·不可删除折光250的核心危机吞掉本章缓冲，arc-066无法完成门槛封口”会提前发生。,detailed-v4
chapter-1650,1650,arc-066,25,门槛,把本组问题交给下一章群而不总结掉，让不可删除的局部截面交出第25个可复查证据,一处宇宙器官止痛权，并承认不可删除不能再被旧层级命名,熵枢·归零设计·恒星神经暗涌251的核心危机吞掉本章缓冲，arc-066无法完成门槛封口,为得到“把本组问题交给下一章群而不总结掉，让不可删除的局部截面交出第25个可复查证据”，必须失去“一处宇宙器官止痛权，并承认不可删除不能再被旧层级命名”；若拒绝，“熵枢·归零设计·恒星神经暗涌251的核心危机吞掉本章缓冲，arc-066无法完成门槛封口”会提前发生。,detailed-v4
chapter-1651,1651,arc-067,1,起因,确认异常不是孤立事故，让恒星神经束交出第01个可复查证据,一次熵零修复余量，并承认恒星神经不能再被旧层级命名,熵枢·归零设计·黑洞记忆暗涌252的核心危机吞掉本章缓冲，arc-067无法完成门槛封口,为得到“确认异常不是孤立事故，让恒星神经束交出第01个可复查证据”，必须失去“一次熵零修复余量，并承认恒星神经不能再被旧层级命名”；若拒绝，“熵枢·归零设计·黑洞记忆暗涌252的核心危机吞掉本章缓冲，arc-067无法完成门槛封口”会提前发生。,detailed-v4
chapter-1652,1652,arc-067,2,起因,确认异常不是孤立事故，让黑洞记忆库交出第02个可复查证据,一个黑洞记忆噪点，并承认黑洞记忆不能再被旧层级命名,熵枢·归零设计·唯一暗涌253的核心危机吞掉本章缓冲，arc-067无法完成门槛封口,为得到“确认异常不是孤立事故，让黑洞记忆库交出第02个可复查证据”，必须失去“一个黑洞记忆噪点，并承认黑洞记忆不能再被旧层级命名”；若拒绝，“熵枢·归零设计·唯一暗涌253的核心危机吞掉本章缓冲，arc-067无法完成门槛封口”会提前发生。,detailed-v4
chapter-1653,1653,arc-067,3,起因,确认异常不是孤立事故，让唯一性空腔交出第03个可复查证据,一处宇宙器官止痛权，并承认唯一不能再被旧层级命名,熵枢·归零设计·孤独算法暗涌254的核心危机吞掉本章缓冲，arc-067无法完成门槛封口,为得到“确认异常不是孤立事故，让唯一性空腔交出第03个可复查证据”，必须失去“一处宇宙器官止痛权，并承认唯一不能再被旧层级命名”；若拒绝，“熵枢·归零设计·孤独算法暗涌254的核心危机吞掉本章缓冲，arc-067无法完成门槛封口”会提前发生。,detailed-v4
chapter-1654,1654,arc-067,4,起因,确认异常不是孤立事故，让孤独算法冷井交出第04个可复查证据,一段孤独算法自证，并承认孤独算法不能再被旧层级命名,熵枢·归零设计·眷恋残片暗涌255的核心危机吞掉本章缓冲，arc-067无法完成门槛封口,为得到“确认异常不是孤立事故，让孤独算法冷井交出第04个可复查证据”，必须失去“一段孤独算法自证，并承认孤独算法不能再被旧层级命名”；若拒绝，“熵枢·归零设计·眷恋残片暗涌255的核心危机吞掉本章缓冲，arc-067无法完成门槛封口”会提前发生。,detailed-v4
chapter-1655,1655,arc-067,5,反证,推翻旧模型仍可解释一切的假设，让眷恋残片冷井交出第05个可复查证据,一次熵零修复余量，并承认眷恋残片不能再被旧层级命名,熵枢·归零设计·样本花园暗涌256的核心危机吞掉本章缓冲，arc-067无法完成门槛封口,为得到“推翻旧模型仍可解释一切的假设，让眷恋残片冷井交出第05个可复查证据”，必须失去“一次熵零修复余量，并承认眷恋残片不能再被旧层级命名”；若拒绝，“熵枢·归零设计·样本花园暗涌256的核心危机吞掉本章缓冲，arc-067无法完成门槛封口”会提前发生。,detailed-v4
chapter-1656,1656,arc-067,6,反证,推翻旧模型仍可解释一切的假设，让样本花园的局部截面交出第06个可复查证据,一个黑洞记忆噪点，并承认样本花园不能再被旧层级命名,熵枢·归零设计·熵零暗涌257的核心危机吞掉本章缓冲，arc-067无法完成门槛封口,为得到“推翻旧模型仍可解释一切的假设，让样本花园的局部截面交出第06个可复查证据”，必须失去“一个黑洞记忆噪点，并承认样本花园不能再被旧层级命名”；若拒绝，“熵枢·归零设计·熵零暗涌257的核心危机吞掉本章缓冲，arc-067无法完成门槛封口”会提前发生。,detailed-v4
chapter-1657,1657,arc-067,7,反证,推翻旧模型仍可解释一切的假设，让熵零实验室交出第07个可复查证据,一处宇宙器官止痛权，并承认熵零不能再被旧层级命名,熵枢·归零设计·宇宙身体暗涌258的核心危机吞掉本章缓冲，arc-067无法完成门槛封口,为得到“推翻旧模型仍可解释一切的假设，让熵零实验室交出第07个可复查证据”，必须失去“一处宇宙器官止痛权，并承认熵零不能再被旧层级命名”；若拒绝，“熵枢·归零设计·宇宙身体暗涌258的核心危机吞掉本章缓冲，arc-067无法完成门槛封口”会提前发生。,detailed-v4
chapter-1658,1658,arc-067,8,反证,推翻旧模型仍可解释一切的假设，让宇宙器官交界交出第08个可复查证据,一段孤独算法自证，并承认宇宙身体不能再被旧层级命名,熵枢·归零设计·归零草图暗涌259的核心危机吞掉本章缓冲，arc-067无法完成门槛封口,为得到“推翻旧模型仍可解释一切的假设，让宇宙器官交界交出第08个可复查证据”，必须失去“一段孤独算法自证，并承认宇宙身体不能再被旧层级命名”；若拒绝，“熵枢·归零设计·归零草图暗涌259的核心危机吞掉本章缓冲，arc-067无法完成门槛封口”会提前发生。,detailed-v4
chapter-1659,1659,arc-067,9,代价,换取一次继续观测的资格，让归零草图的局部截面交出第09个可复查证据,一次熵零修复余量，并承认归零草图不能再被旧层级命名,熵枢·归零设计·不可删除暗涌260的核心危机吞掉本章缓冲，arc-067无法完成门槛封口,为得到“换取一次继续观测的资格，让归零草图的局部截面交出第09个可复查证据”，必须失去“一次熵零修复余量，并承认归零草图不能再被旧层级命名”；若拒绝，“熵枢·归零设计·不可删除暗涌260的核心危机吞掉本章缓冲，arc-067无法完成门槛封口”会提前发生。,detailed-v4
chapter-1660,1660,arc-067,10,代价,换取一次继续观测的资格，让不可删除的局部截面交出第10个可复查证据,一个黑洞记忆噪点，并承认不可删除不能再被旧层级命名,熵枢·归零设计·恒星神经证词261的核心危机吞掉本章缓冲，arc-067无法完成门槛封口,为得到“换取一次继续观测的资格，让不可删除的局部截面交出第10个可复查证据”，必须失去“一个黑洞记忆噪点，并承认不可删除不能再被旧层级命名”；若拒绝，“熵枢·归零设计·恒星神经证词261的核心危机吞掉本章缓冲，arc-067无法完成门槛封口”会提前发生。,detailed-v4
chapter-1661,1661,arc-067,11,代价,换取一次继续观测的资格，让恒星神经束交出第11个可复查证据,一处宇宙器官止痛权，并承认恒星神经不能再被旧层级命名,熵枢·归零设计·黑洞记忆证词262的核心危机吞掉本章缓冲，arc-067无法完成门槛封口,为得到“换取一次继续观测的资格，让恒星神经束交出第11个可复查证据”，必须失去“一处宇宙器官止痛权，并承认恒星神经不能再被旧层级命名”；若拒绝，“熵枢·归零设计·黑洞记忆证词262的核心危机吞掉本章缓冲，arc-067无法完成门槛封口”会提前发生。,detailed-v4
chapter-1662,1662,arc-067,12,误判,暴露角色仍误信的判断方式，让黑洞记忆库交出第12个可复查证据,一段孤独算法自证，并承认黑洞记忆不能再被旧层级命名,熵枢·归零设计·唯一证词263的核心危机吞掉本章缓冲，arc-067无法完成门槛封口,为得到“暴露角色仍误信的判断方式，让黑洞记忆库交出第12个可复查证据”，必须失去“一段孤独算法自证，并承认黑洞记忆不能再被旧层级命名”；若拒绝，“熵枢·归零设计·唯一证词263的核心危机吞掉本章缓冲，arc-067无法完成门槛封口”会提前发生。,detailed-v4
chapter-1663,1663,arc-067,13,误判,暴露角色仍误信的判断方式，让唯一性空腔交出第13个可复查证据,一次熵零修复余量，并承认唯一不能再被旧层级命名,熵枢·归零设计·孤独算法证词264的核心危机吞掉本章缓冲，arc-067无法完成门槛封口,为得到“暴露角色仍误信的判断方式，让唯一性空腔交出第13个可复查证据”，必须失去“一次熵零修复余量，并承认唯一不能再被旧层级命名”；若拒绝，“熵枢·归零设计·孤独算法证词264的核心危机吞掉本章缓冲，arc-067无法完成门槛封口”会提前发生。,detailed-v4
chapter-1664,1664,arc-067,14,误判,暴露角色仍误信的判断方式，让孤独算法冷井交出第14个可复查证据,一个黑洞记忆噪点，并承认孤独算法不能再被旧层级命名,熵枢·归零设计·眷恋残片证词265的核心危机吞掉本章缓冲，arc-067无法完成门槛封口,为得到“暴露角色仍误信的判断方式，让孤独算法冷井交出第14个可复查证据”，必须失去“一个黑洞记忆噪点，并承认孤独算法不能再被旧层级命名”；若拒绝，“熵枢·归零设计·眷恋残片证词265的核心危机吞掉本章缓冲，arc-067无法完成门槛封口”会提前发生。,detailed-v4
chapter-1665,1665,arc-067,15,误判,暴露角色仍误信的判断方式，让眷恋残片冷井交出第15个可复查证据,一处宇宙器官止痛权，并承认眷恋残片不能再被旧层级命名,熵枢·归零设计·样本花园证词266的核心危机吞掉本章缓冲，arc-067无法完成门槛封口,为得到“暴露角色仍误信的判断方式，让眷恋残片冷井交出第15个可复查证据”，必须失去“一处宇宙器官止痛权，并承认眷恋残片不能再被旧层级命名”；若拒绝，“熵枢·归零设计·样本花园证词266的核心危机吞掉本章缓冲，arc-067无法完成门槛封口”会提前发生。,detailed-v4
chapter-1666,1666,arc-067,16,失控,把异常限制在可写的物理边界内，让样本花园的局部截面交出第16个可复查证据,一段孤独算法自证，并承认样本花园不能再被旧层级命名,熵枢·归零设计·熵零证词267的核心危机吞掉本章缓冲，arc-067无法完成门槛封口,为得到“把异常限制在可写的物理边界内，让样本花园的局部截面交出第16个可复查证据”，必须失去“一段孤独算法自证，并承认样本花园不能再被旧层级命名”；若拒绝，“熵枢·归零设计·熵零证词267的核心危机吞掉本章缓冲，arc-067无法完成门槛封口”会提前发生。,detailed-v4
chapter-1667,1667,arc-067,17,失控,把异常限制在可写的物理边界内，让熵零实验室交出第17个可复查证据,一次熵零修复余量，并承认熵零不能再被旧层级命名,熵枢·归零设计·宇宙身体证词268的核心危机吞掉本章缓冲，arc-067无法完成门槛封口,为得到“把异常限制在可写的物理边界内，让熵零实验室交出第17个可复查证据”，必须失去“一次熵零修复余量，并承认熵零不能再被旧层级命名”；若拒绝，“熵枢·归零设计·宇宙身体证词268的核心危机吞掉本章缓冲，arc-067无法完成门槛封口”会提前发生。,detailed-v4
chapter-1668,1668,arc-067,18,失控,把异常限制在可写的物理边界内，让宇宙器官交界交出第18个可复查证据,一个黑洞记忆噪点，并承认宇宙身体不能再被旧层级命名,熵枢·归零设计·归零草图证词269的核心危机吞掉本章缓冲，arc-067无法完成门槛封口,为得到“把异常限制在可写的物理边界内，让宇宙器官交界交出第18个可复查证据”，必须失去“一个黑洞记忆噪点，并承认宇宙身体不能再被旧层级命名”；若拒绝，“熵枢·归零设计·归零草图证词269的核心危机吞掉本章缓冲，arc-067无法完成门槛封口”会提前发生。,detailed-v4
chapter-1669,1669,arc-067,19,失控,把异常限制在可写的物理边界内，让归零草图的局部截面交出第19个可复查证据,一处宇宙器官止痛权，并承认归零草图不能再被旧层级命名,熵枢·归零设计·不可删除证词270的核心危机吞掉本章缓冲，arc-067无法完成门槛封口,为得到“把异常限制在可写的物理边界内，让归零草图的局部截面交出第19个可复查证据”，必须失去“一处宇宙器官止痛权，并承认归零草图不能再被旧层级命名”；若拒绝，“熵枢·归零设计·不可删除证词270的核心危机吞掉本章缓冲，arc-067无法完成门槛封口”会提前发生。,detailed-v4
chapter-1670,1670,arc-067,20,回响,让眷恋线以硬证物返回，让不可删除的局部截面交出第20个可复查证据,一段孤独算法自证，并承认不可删除不能再被旧层级命名,熵枢·归零设计·恒星神经坠落271的核心危机吞掉本章缓冲，arc-067无法完成门槛封口,为得到“让眷恋线以硬证物返回，让不可删除的局部截面交出第20个可复查证据”，必须失去“一段孤独算法自证，并承认不可删除不能再被旧层级命名”；若拒绝，“熵枢·归零设计·恒星神经坠落271的核心危机吞掉本章缓冲，arc-067无法完成门槛封口”会提前发生。,detailed-v4
chapter-1671,1671,arc-067,21,回响,让眷恋线以硬证物返回，让恒星神经束交出第21个可复查证据,一次熵零修复余量，并承认恒星神经不能再被旧层级命名,熵枢·归零设计·黑洞记忆坠落272的核心危机吞掉本章缓冲，arc-067无法完成门槛封口,为得到“让眷恋线以硬证物返回，让恒星神经束交出第21个可复查证据”，必须失去“一次熵零修复余量，并承认恒星神经不能再被旧层级命名”；若拒绝，“熵枢·归零设计·黑洞记忆坠落272的核心危机吞掉本章缓冲，arc-067无法完成门槛封口”会提前发生。,detailed-v4
chapter-1672,1672,arc-067,22,回响,让眷恋线以硬证物返回，让黑洞记忆库交出第22个可复查证据,一个黑洞记忆噪点，并承认黑洞记忆不能再被旧层级命名,熵枢·归零设计·唯一坠落273的核心危机吞掉本章缓冲，arc-067无法完成门槛封口,为得到“让眷恋线以硬证物返回，让黑洞记忆库交出第22个可复查证据”，必须失去“一个黑洞记忆噪点，并承认黑洞记忆不能再被旧层级命名”；若拒绝，“熵枢·归零设计·唯一坠落273的核心危机吞掉本章缓冲，arc-067无法完成门槛封口”会提前发生。,detailed-v4
chapter-1673,1673,arc-067,23,门槛,把本组问题交给下一章群而不总结掉，让唯一性空腔交出第23个可复查证据,一处宇宙器官止痛权，并承认唯一不能再被旧层级命名,熵枢·归零设计·孤独算法坠落274的核心危机吞掉本章缓冲，arc-067无法完成门槛封口,为得到“把本组问题交给下一章群而不总结掉，让唯一性空腔交出第23个可复查证据”，必须失去“一处宇宙器官止痛权，并承认唯一不能再被旧层级命名”；若拒绝，“熵枢·归零设计·孤独算法坠落274的核心危机吞掉本章缓冲，arc-067无法完成门槛封口”会提前发生。,detailed-v4
chapter-1674,1674,arc-067,24,门槛,把本组问题交给下一章群而不总结掉，让孤独算法冷井交出第24个可复查证据,一段孤独算法自证，并承认孤独算法不能再被旧层级命名,熵枢·归零设计·眷恋残片坠落275的核心危机吞掉本章缓冲，arc-067无法完成门槛封口,为得到“把本组问题交给下一章群而不总结掉，让孤独算法冷井交出第24个可复查证据”，必须失去“一段孤独算法自证，并承认孤独算法不能再被旧层级命名”；若拒绝，“熵枢·归零设计·眷恋残片坠落275的核心危机吞掉本章缓冲，arc-067无法完成门槛封口”会提前发生。,detailed-v4
chapter-1675,1675,arc-067,25,门槛,把本组问题交给下一章群而不总结掉，让眷恋残片冷井交出第25个可复查证据,一次熵零修复余量，并承认眷恋残片不能再被旧层级命名,熵枢·归零设计·样本花园坠落276的核心危机吞掉本章缓冲，arc-067无法完成门槛封口,为得到“把本组问题交给下一章群而不总结掉，让眷恋残片冷井交出第25个可复查证据”，必须失去“一次熵零修复余量，并承认眷恋残片不能再被旧层级命名”；若拒绝，“熵枢·归零设计·样本花园坠落276的核心危机吞掉本章缓冲，arc-067无法完成门槛封口”会提前发生。,detailed-v4
chapter-1676,1676,arc-068,1,起因,确认异常不是孤立事故，让样本花园的局部截面交出第01个可复查证据,一处宇宙器官止痛权，并承认样本花园不能再被旧层级命名,熵枢·归零设计·熵零坠落277的核心危机吞掉本章缓冲，arc-068无法完成门槛封口,为得到“确认异常不是孤立事故，让样本花园的局部截面交出第01个可复查证据”，必须失去“一处宇宙器官止痛权，并承认样本花园不能再被旧层级命名”；若拒绝，“熵枢·归零设计·熵零坠落277的核心危机吞掉本章缓冲，arc-068无法完成门槛封口”会提前发生。,detailed-v4
chapter-1677,1677,arc-068,2,起因,确认异常不是孤立事故，让熵零实验室交出第02个可复查证据,一段孤独算法自证，并承认熵零不能再被旧层级命名,熵枢·归零设计·宇宙身体坠落278的核心危机吞掉本章缓冲，arc-068无法完成门槛封口,为得到“确认异常不是孤立事故，让熵零实验室交出第02个可复查证据”，必须失去“一段孤独算法自证，并承认熵零不能再被旧层级命名”；若拒绝，“熵枢·归零设计·宇宙身体坠落278的核心危机吞掉本章缓冲，arc-068无法完成门槛封口”会提前发生。,detailed-v4
chapter-1678,1678,arc-068,3,起因,确认异常不是孤立事故，让宇宙器官交界交出第03个可复查证据,一次熵零修复余量，并承认宇宙身体不能再被旧层级命名,熵枢·归零设计·归零草图坠落279的核心危机吞掉本章缓冲，arc-068无法完成门槛封口,为得到“确认异常不是孤立事故，让宇宙器官交界交出第03个可复查证据”，必须失去“一次熵零修复余量，并承认宇宙身体不能再被旧层级命名”；若拒绝，“熵枢·归零设计·归零草图坠落279的核心危机吞掉本章缓冲，arc-068无法完成门槛封口”会提前发生。,detailed-v4
chapter-1679,1679,arc-068,4,起因,确认异常不是孤立事故，让归零草图的局部截面交出第04个可复查证据,一个黑洞记忆噪点，并承认归零草图不能再被旧层级命名,熵枢·归零设计·不可删除坠落280的核心危机吞掉本章缓冲，arc-068无法完成门槛封口,为得到“确认异常不是孤立事故，让归零草图的局部截面交出第04个可复查证据”，必须失去“一个黑洞记忆噪点，并承认归零草图不能再被旧层级命名”；若拒绝，“熵枢·归零设计·不可删除坠落280的核心危机吞掉本章缓冲，arc-068无法完成门槛封口”会提前发生。,detailed-v4
chapter-1680,1680,arc-068,5,反证,推翻旧模型仍可解释一切的假设，让不可删除的局部截面交出第05个可复查证据,一处宇宙器官止痛权，并承认不可删除不能再被旧层级命名,熵枢·归零设计·恒星神经重构281的核心危机吞掉本章缓冲，arc-068无法完成门槛封口,为得到“推翻旧模型仍可解释一切的假设，让不可删除的局部截面交出第05个可复查证据”，必须失去“一处宇宙器官止痛权，并承认不可删除不能再被旧层级命名”；若拒绝，“熵枢·归零设计·恒星神经重构281的核心危机吞掉本章缓冲，arc-068无法完成门槛封口”会提前发生。,detailed-v4
chapter-1681,1681,arc-068,6,反证,推翻旧模型仍可解释一切的假设，让恒星神经重构的局部截面交出第06个可复查证据,一段孤独算法自证，并承认恒星神经重构不能再被旧层级命名,熵枢·归零设计·黑洞记忆重构282的核心危机吞掉本章缓冲，arc-068无法完成门槛封口,为得到“推翻旧模型仍可解释一切的假设，让恒星神经重构的局部截面交出第06个可复查证据”，必须失去“一段孤独算法自证，并承认恒星神经重构不能再被旧层级命名”；若拒绝，“熵枢·归零设计·黑洞记忆重构282的核心危机吞掉本章缓冲，arc-068无法完成门槛封口”会提前发生。,detailed-v4
chapter-1682,1682,arc-068,7,反证,推翻旧模型仍可解释一切的假设，让黑洞记忆重构的局部截面交出第07个可复查证据,一次熵零修复余量，并承认黑洞记忆重构不能再被旧层级命名,熵枢·归零设计·唯一重构283的核心危机吞掉本章缓冲，arc-068无法完成门槛封口,为得到“推翻旧模型仍可解释一切的假设，让黑洞记忆重构的局部截面交出第07个可复查证据”，必须失去“一次熵零修复余量，并承认黑洞记忆重构不能再被旧层级命名”；若拒绝，“熵枢·归零设计·唯一重构283的核心危机吞掉本章缓冲，arc-068无法完成门槛封口”会提前发生。,detailed-v4
chapter-1683,1683,arc-068,8,反证,推翻旧模型仍可解释一切的假设，让唯一重构的局部截面交出第08个可复查证据,一个黑洞记忆噪点，并承认唯一重构不能再被旧层级命名,熵枢·归零设计·孤独算法重构284的核心危机吞掉本章缓冲，arc-068无法完成门槛封口,为得到“推翻旧模型仍可解释一切的假设，让唯一重构的局部截面交出第08个可复查证据”，必须失去“一个黑洞记忆噪点，并承认唯一重构不能再被旧层级命名”；若拒绝，“熵枢·归零设计·孤独算法重构284的核心危机吞掉本章缓冲，arc-068无法完成门槛封口”会提前发生。,detailed-v4
chapter-1684,1684,arc-068,9,代价,换取一次继续观测的资格，让孤独算法重构的局部截面交出第09个可复查证据,一处宇宙器官止痛权，并承认孤独算法重构不能再被旧层级命名,熵枢·归零设计·眷恋残片重构285的核心危机吞掉本章缓冲，arc-068无法完成门槛封口,为得到“换取一次继续观测的资格，让孤独算法重构的局部截面交出第09个可复查证据”，必须失去“一处宇宙器官止痛权，并承认孤独算法重构不能再被旧层级命名”；若拒绝，“熵枢·归零设计·眷恋残片重构285的核心危机吞掉本章缓冲，arc-068无法完成门槛封口”会提前发生。,detailed-v4
chapter-1685,1685,arc-068,10,代价,换取一次继续观测的资格，让眷恋残片重构的局部截面交出第10个可复查证据,一段孤独算法自证，并承认眷恋残片重构不能再被旧层级命名,熵枢·归零设计·样本花园重构286的核心危机吞掉本章缓冲，arc-068无法完成门槛封口,为得到“换取一次继续观测的资格，让眷恋残片重构的局部截面交出第10个可复查证据”，必须失去“一段孤独算法自证，并承认眷恋残片重构不能再被旧层级命名”；若拒绝，“熵枢·归零设计·样本花园重构286的核心危机吞掉本章缓冲，arc-068无法完成门槛封口”会提前发生。,detailed-v4
chapter-1686,1686,arc-068,11,代价,换取一次继续观测的资格，让样本花园重构的局部截面交出第11个可复查证据,一次熵零修复余量，并承认样本花园重构不能再被旧层级命名,熵枢·归零设计·熵零重构287的核心危机吞掉本章缓冲，arc-068无法完成门槛封口,为得到“换取一次继续观测的资格，让样本花园重构的局部截面交出第11个可复查证据”，必须失去“一次熵零修复余量，并承认样本花园重构不能再被旧层级命名”；若拒绝，“熵枢·归零设计·熵零重构287的核心危机吞掉本章缓冲，arc-068无法完成门槛封口”会提前发生。,detailed-v4
chapter-1687,1687,arc-068,12,误判,暴露角色仍误信的判断方式，让熵零重构的局部截面交出第12个可复查证据,一个黑洞记忆噪点，并承认熵零重构不能再被旧层级命名,熵枢·归零设计·宇宙身体重构288的核心危机吞掉本章缓冲，arc-068无法完成门槛封口,为得到“暴露角色仍误信的判断方式，让熵零重构的局部截面交出第12个可复查证据”，必须失去“一个黑洞记忆噪点，并承认熵零重构不能再被旧层级命名”；若拒绝，“熵枢·归零设计·宇宙身体重构288的核心危机吞掉本章缓冲，arc-068无法完成门槛封口”会提前发生。,detailed-v4
chapter-1688,1688,arc-068,13,误判,暴露角色仍误信的判断方式，让宇宙身体重构的局部截面交出第13个可复查证据,一处宇宙器官止痛权，并承认宇宙身体重构不能再被旧层级命名,熵枢·归零设计·归零草图重构289的核心危机吞掉本章缓冲，arc-068无法完成门槛封口,为得到“暴露角色仍误信的判断方式，让宇宙身体重构的局部截面交出第13个可复查证据”，必须失去“一处宇宙器官止痛权，并承认宇宙身体重构不能再被旧层级命名”；若拒绝，“熵枢·归零设计·归零草图重构289的核心危机吞掉本章缓冲，arc-068无法完成门槛封口”会提前发生。,detailed-v4
chapter-1689,1689,arc-068,14,误判,暴露角色仍误信的判断方式，让归零草图重构的局部截面交出第14个可复查证据,一段孤独算法自证，并承认归零草图重构不能再被旧层级命名,熵枢·归零设计·不可删除重构290的核心危机吞掉本章缓冲，arc-068无法完成门槛封口,为得到“暴露角色仍误信的判断方式，让归零草图重构的局部截面交出第14个可复查证据”，必须失去“一段孤独算法自证，并承认归零草图重构不能再被旧层级命名”；若拒绝，“熵枢·归零设计·不可删除重构290的核心危机吞掉本章缓冲，arc-068无法完成门槛封口”会提前发生。,detailed-v4
chapter-1690,1690,arc-068,15,误判,暴露角色仍误信的判断方式，让不可删除重构的局部截面交出第15个可复查证据,一次熵零修复余量，并承认不可删除重构不能再被旧层级命名,熵枢·归零设计·恒星神经余震291的核心危机吞掉本章缓冲，arc-068无法完成门槛封口,为得到“暴露角色仍误信的判断方式，让不可删除重构的局部截面交出第15个可复查证据”，必须失去“一次熵零修复余量，并承认不可删除重构不能再被旧层级命名”；若拒绝，“熵枢·归零设计·恒星神经余震291的核心危机吞掉本章缓冲，arc-068无法完成门槛封口”会提前发生。,detailed-v4
chapter-1691,1691,arc-068,16,失控,把异常限制在可写的物理边界内，让恒星神经束交出第16个可复查证据,一个黑洞记忆噪点，并承认恒星神经不能再被旧层级命名,熵枢·归零设计·黑洞记忆余震292的核心危机吞掉本章缓冲，arc-068无法完成门槛封口,为得到“把异常限制在可写的物理边界内，让恒星神经束交出第16个可复查证据”，必须失去“一个黑洞记忆噪点，并承认恒星神经不能再被旧层级命名”；若拒绝，“熵枢·归零设计·黑洞记忆余震292的核心危机吞掉本章缓冲，arc-068无法完成门槛封口”会提前发生。,detailed-v4
chapter-1692,1692,arc-068,17,失控,把异常限制在可写的物理边界内，让黑洞记忆库交出第17个可复查证据,一处宇宙器官止痛权，并承认黑洞记忆不能再被旧层级命名,熵枢·归零设计·唯一余震293的核心危机吞掉本章缓冲，arc-068无法完成门槛封口,为得到“把异常限制在可写的物理边界内，让黑洞记忆库交出第17个可复查证据”，必须失去“一处宇宙器官止痛权，并承认黑洞记忆不能再被旧层级命名”；若拒绝，“熵枢·归零设计·唯一余震293的核心危机吞掉本章缓冲，arc-068无法完成门槛封口”会提前发生。,detailed-v4
chapter-1693,1693,arc-068,18,失控,把异常限制在可写的物理边界内，让唯一性空腔交出第18个可复查证据,一段孤独算法自证，并承认唯一不能再被旧层级命名,熵枢·归零设计·孤独算法余震294的核心危机吞掉本章缓冲，arc-068无法完成门槛封口,为得到“把异常限制在可写的物理边界内，让唯一性空腔交出第18个可复查证据”，必须失去“一段孤独算法自证，并承认唯一不能再被旧层级命名”；若拒绝，“熵枢·归零设计·孤独算法余震294的核心危机吞掉本章缓冲，arc-068无法完成门槛封口”会提前发生。,detailed-v4
chapter-1694,1694,arc-068,19,失控,把异常限制在可写的物理边界内，让孤独算法冷井交出第19个可复查证据,一次熵零修复余量，并承认孤独算法不能再被旧层级命名,熵枢·归零设计·眷恋残片余震295的核心危机吞掉本章缓冲，arc-068无法完成门槛封口,为得到“把异常限制在可写的物理边界内，让孤独算法冷井交出第19个可复查证据”，必须失去“一次熵零修复余量，并承认孤独算法不能再被旧层级命名”；若拒绝，“熵枢·归零设计·眷恋残片余震295的核心危机吞掉本章缓冲，arc-068无法完成门槛封口”会提前发生。,detailed-v4
chapter-1695,1695,arc-068,20,回响,让眷恋线以硬证物返回，让眷恋残片冷井交出第20个可复查证据,一个黑洞记忆噪点，并承认眷恋残片不能再被旧层级命名,熵枢·归零设计·样本花园余震296的核心危机吞掉本章缓冲，arc-068无法完成门槛封口,为得到“让眷恋线以硬证物返回，让眷恋残片冷井交出第20个可复查证据”，必须失去“一个黑洞记忆噪点，并承认眷恋残片不能再被旧层级命名”；若拒绝，“熵枢·归零设计·样本花园余震296的核心危机吞掉本章缓冲，arc-068无法完成门槛封口”会提前发生。,detailed-v4
chapter-1696,1696,arc-068,21,回响,让眷恋线以硬证物返回，让样本花园的局部截面交出第21个可复查证据,一处宇宙器官止痛权，并承认样本花园不能再被旧层级命名,熵枢·归零设计·熵零余震297的核心危机吞掉本章缓冲，arc-068无法完成门槛封口,为得到“让眷恋线以硬证物返回，让样本花园的局部截面交出第21个可复查证据”，必须失去“一处宇宙器官止痛权，并承认样本花园不能再被旧层级命名”；若拒绝，“熵枢·归零设计·熵零余震297的核心危机吞掉本章缓冲，arc-068无法完成门槛封口”会提前发生。,detailed-v4
chapter-1697,1697,arc-068,22,回响,让眷恋线以硬证物返回，让熵零实验室交出第22个可复查证据,一段孤独算法自证，并承认熵零不能再被旧层级命名,熵枢·归零设计·宇宙身体余震298的核心危机吞掉本章缓冲，arc-068无法完成门槛封口,为得到“让眷恋线以硬证物返回，让熵零实验室交出第22个可复查证据”，必须失去“一段孤独算法自证，并承认熵零不能再被旧层级命名”；若拒绝，“熵枢·归零设计·宇宙身体余震298的核心危机吞掉本章缓冲，arc-068无法完成门槛封口”会提前发生。,detailed-v4
chapter-1698,1698,arc-068,23,门槛,把本组问题交给下一章群而不总结掉，让宇宙器官交界交出第23个可复查证据,一次熵零修复余量，并承认宇宙身体不能再被旧层级命名,熵枢·归零设计·归零草图余震299的核心危机吞掉本章缓冲，arc-068无法完成门槛封口,为得到“把本组问题交给下一章群而不总结掉，让宇宙器官交界交出第23个可复查证据”，必须失去“一次熵零修复余量，并承认宇宙身体不能再被旧层级命名”；若拒绝，“熵枢·归零设计·归零草图余震299的核心危机吞掉本章缓冲，arc-068无法完成门槛封口”会提前发生。,detailed-v4
chapter-1699,1699,arc-068,24,门槛,把本组问题交给下一章群而不总结掉，让归零草图的局部截面交出第24个可复查证据,一个黑洞记忆噪点，并承认归零草图不能再被旧层级命名,熵枢·归零设计·不可删除余震300的核心危机吞掉本章缓冲，arc-068无法完成门槛封口,为得到“把本组问题交给下一章群而不总结掉，让归零草图的局部截面交出第24个可复查证据”，必须失去“一个黑洞记忆噪点，并承认归零草图不能再被旧层级命名”；若拒绝，“熵枢·归零设计·不可删除余震300的核心危机吞掉本章缓冲，arc-068无法完成门槛封口”会提前发生。,detailed-v4
chapter-1700,1700,arc-068,25,门槛,把本组问题交给下一章群而不总结掉，让不可删除的局部截面交出第25个可复查证据,一处宇宙器官止痛权，并承认不可删除不能再被旧层级命名,熵枢·归零设计·恒星神经初醒301的核心危机吞掉本章缓冲，arc-068无法完成门槛封口,为得到“把本组问题交给下一章群而不总结掉，让不可删除的局部截面交出第25个可复查证据”，必须失去“一处宇宙器官止痛权，并承认不可删除不能再被旧层级命名”；若拒绝，“熵枢·归零设计·恒星神经初醒301的核心危机吞掉本章缓冲，arc-068无法完成门槛封口”会提前发生。,detailed-v4
chapter-1701,1701,arc-069,1,起因,确认异常不是孤立事故，让恒星神经束交出第01个可复查证据,一次熵零修复余量，并承认恒星神经不能再被旧层级命名,熵枢·归零设计·黑洞记忆初醒302的核心危机吞掉本章缓冲，arc-069无法完成门槛封口,为得到“确认异常不是孤立事故，让恒星神经束交出第01个可复查证据”，必须失去“一次熵零修复余量，并承认恒星神经不能再被旧层级命名”；若拒绝，“熵枢·归零设计·黑洞记忆初醒302的核心危机吞掉本章缓冲，arc-069无法完成门槛封口”会提前发生。,detailed-v4
chapter-1702,1702,arc-069,2,起因,确认异常不是孤立事故，让黑洞记忆库交出第02个可复查证据,一个黑洞记忆噪点，并承认黑洞记忆不能再被旧层级命名,熵枢·归零设计·唯一初醒303的核心危机吞掉本章缓冲，arc-069无法完成门槛封口,为得到“确认异常不是孤立事故，让黑洞记忆库交出第02个可复查证据”，必须失去“一个黑洞记忆噪点，并承认黑洞记忆不能再被旧层级命名”；若拒绝，“熵枢·归零设计·唯一初醒303的核心危机吞掉本章缓冲，arc-069无法完成门槛封口”会提前发生。,detailed-v4
chapter-1703,1703,arc-069,3,起因,确认异常不是孤立事故，让唯一性空腔交出第03个可复查证据,一处宇宙器官止痛权，并承认唯一不能再被旧层级命名,熵枢·归零设计·孤独算法初醒304的核心危机吞掉本章缓冲，arc-069无法完成门槛封口,为得到“确认异常不是孤立事故，让唯一性空腔交出第03个可复查证据”，必须失去“一处宇宙器官止痛权，并承认唯一不能再被旧层级命名”；若拒绝，“熵枢·归零设计·孤独算法初醒304的核心危机吞掉本章缓冲，arc-069无法完成门槛封口”会提前发生。,detailed-v4
chapter-1704,1704,arc-069,4,起因,确认异常不是孤立事故，让孤独算法冷井交出第04个可复查证据,一段孤独算法自证，并承认孤独算法不能再被旧层级命名,熵枢·归零设计·眷恋残片初醒305的核心危机吞掉本章缓冲，arc-069无法完成门槛封口,为得到“确认异常不是孤立事故，让孤独算法冷井交出第04个可复查证据”，必须失去“一段孤独算法自证，并承认孤独算法不能再被旧层级命名”；若拒绝，“熵枢·归零设计·眷恋残片初醒305的核心危机吞掉本章缓冲，arc-069无法完成门槛封口”会提前发生。,detailed-v4
chapter-1705,1705,arc-069,5,反证,推翻旧模型仍可解释一切的假设，让眷恋残片冷井交出第05个可复查证据,一次熵零修复余量，并承认眷恋残片不能再被旧层级命名,熵枢·归零设计·样本花园初醒306的核心危机吞掉本章缓冲，arc-069无法完成门槛封口,为得到“推翻旧模型仍可解释一切的假设，让眷恋残片冷井交出第05个可复查证据”，必须失去“一次熵零修复余量，并承认眷恋残片不能再被旧层级命名”；若拒绝，“熵枢·归零设计·样本花园初醒306的核心危机吞掉本章缓冲，arc-069无法完成门槛封口”会提前发生。,detailed-v4
chapter-1706,1706,arc-069,6,反证,推翻旧模型仍可解释一切的假设，让样本花园的局部截面交出第06个可复查证据,一个黑洞记忆噪点，并承认样本花园不能再被旧层级命名,熵枢·归零设计·熵零初醒307的核心危机吞掉本章缓冲，arc-069无法完成门槛封口,为得到“推翻旧模型仍可解释一切的假设，让样本花园的局部截面交出第06个可复查证据”，必须失去“一个黑洞记忆噪点，并承认样本花园不能再被旧层级命名”；若拒绝，“熵枢·归零设计·熵零初醒307的核心危机吞掉本章缓冲，arc-069无法完成门槛封口”会提前发生。,detailed-v4
chapter-1707,1707,arc-069,7,反证,推翻旧模型仍可解释一切的假设，让熵零实验室交出第07个可复查证据,一处宇宙器官止痛权，并承认熵零不能再被旧层级命名,熵枢·归零设计·宇宙身体初醒308的核心危机吞掉本章缓冲，arc-069无法完成门槛封口,为得到“推翻旧模型仍可解释一切的假设，让熵零实验室交出第07个可复查证据”，必须失去“一处宇宙器官止痛权，并承认熵零不能再被旧层级命名”；若拒绝，“熵枢·归零设计·宇宙身体初醒308的核心危机吞掉本章缓冲，arc-069无法完成门槛封口”会提前发生。,detailed-v4
chapter-1708,1708,arc-069,8,反证,推翻旧模型仍可解释一切的假设，让宇宙器官交界交出第08个可复查证据,一段孤独算法自证，并承认宇宙身体不能再被旧层级命名,熵枢·归零设计·归零草图初醒309的核心危机吞掉本章缓冲，arc-069无法完成门槛封口,为得到“推翻旧模型仍可解释一切的假设，让宇宙器官交界交出第08个可复查证据”，必须失去“一段孤独算法自证，并承认宇宙身体不能再被旧层级命名”；若拒绝，“熵枢·归零设计·归零草图初醒309的核心危机吞掉本章缓冲，arc-069无法完成门槛封口”会提前发生。,detailed-v4
chapter-1709,1709,arc-069,9,代价,换取一次继续观测的资格，让归零草图的局部截面交出第09个可复查证据,一次熵零修复余量，并承认归零草图不能再被旧层级命名,熵枢·归零设计·不可删除初醒310的核心危机吞掉本章缓冲，arc-069无法完成门槛封口,为得到“换取一次继续观测的资格，让归零草图的局部截面交出第09个可复查证据”，必须失去“一次熵零修复余量，并承认归零草图不能再被旧层级命名”；若拒绝，“熵枢·归零设计·不可删除初醒310的核心危机吞掉本章缓冲，arc-069无法完成门槛封口”会提前发生。,detailed-v4
chapter-1710,1710,arc-069,10,代价,换取一次继续观测的资格，让不可删除的局部截面交出第10个可复查证据,一个黑洞记忆噪点，并承认不可删除不能再被旧层级命名,熵枢·归零设计·恒星神经裂响311的核心危机吞掉本章缓冲，arc-069无法完成门槛封口,为得到“换取一次继续观测的资格，让不可删除的局部截面交出第10个可复查证据”，必须失去“一个黑洞记忆噪点，并承认不可删除不能再被旧层级命名”；若拒绝，“熵枢·归零设计·恒星神经裂响311的核心危机吞掉本章缓冲，arc-069无法完成门槛封口”会提前发生。,detailed-v4
chapter-1711,1711,arc-069,11,代价,换取一次继续观测的资格，让恒星神经束交出第11个可复查证据,一处宇宙器官止痛权，并承认恒星神经不能再被旧层级命名,熵枢·归零设计·黑洞记忆裂响312的核心危机吞掉本章缓冲，arc-069无法完成门槛封口,为得到“换取一次继续观测的资格，让恒星神经束交出第11个可复查证据”，必须失去“一处宇宙器官止痛权，并承认恒星神经不能再被旧层级命名”；若拒绝，“熵枢·归零设计·黑洞记忆裂响312的核心危机吞掉本章缓冲，arc-069无法完成门槛封口”会提前发生。,detailed-v4
chapter-1712,1712,arc-069,12,误判,暴露角色仍误信的判断方式，让黑洞记忆库交出第12个可复查证据,一段孤独算法自证，并承认黑洞记忆不能再被旧层级命名,熵枢·归零设计·唯一裂响313的核心危机吞掉本章缓冲，arc-069无法完成门槛封口,为得到“暴露角色仍误信的判断方式，让黑洞记忆库交出第12个可复查证据”，必须失去“一段孤独算法自证，并承认黑洞记忆不能再被旧层级命名”；若拒绝，“熵枢·归零设计·唯一裂响313的核心危机吞掉本章缓冲，arc-069无法完成门槛封口”会提前发生。,detailed-v4
chapter-1713,1713,arc-069,13,误判,暴露角色仍误信的判断方式，让唯一性空腔交出第13个可复查证据,一次熵零修复余量，并承认唯一不能再被旧层级命名,熵枢·归零设计·孤独算法裂响314的核心危机吞掉本章缓冲，arc-069无法完成门槛封口,为得到“暴露角色仍误信的判断方式，让唯一性空腔交出第13个可复查证据”，必须失去“一次熵零修复余量，并承认唯一不能再被旧层级命名”；若拒绝，“熵枢·归零设计·孤独算法裂响314的核心危机吞掉本章缓冲，arc-069无法完成门槛封口”会提前发生。,detailed-v4
chapter-1714,1714,arc-069,14,误判,暴露角色仍误信的判断方式，让孤独算法冷井交出第14个可复查证据,一个黑洞记忆噪点，并承认孤独算法不能再被旧层级命名,熵枢·归零设计·眷恋残片裂响315的核心危机吞掉本章缓冲，arc-069无法完成门槛封口,为得到“暴露角色仍误信的判断方式，让孤独算法冷井交出第14个可复查证据”，必须失去“一个黑洞记忆噪点，并承认孤独算法不能再被旧层级命名”；若拒绝，“熵枢·归零设计·眷恋残片裂响315的核心危机吞掉本章缓冲，arc-069无法完成门槛封口”会提前发生。,detailed-v4
chapter-1715,1715,arc-069,15,误判,暴露角色仍误信的判断方式，让眷恋残片冷井交出第15个可复查证据,一处宇宙器官止痛权，并承认眷恋残片不能再被旧层级命名,熵枢·归零设计·样本花园裂响316的核心危机吞掉本章缓冲，arc-069无法完成门槛封口,为得到“暴露角色仍误信的判断方式，让眷恋残片冷井交出第15个可复查证据”，必须失去“一处宇宙器官止痛权，并承认眷恋残片不能再被旧层级命名”；若拒绝，“熵枢·归零设计·样本花园裂响316的核心危机吞掉本章缓冲，arc-069无法完成门槛封口”会提前发生。,detailed-v4
chapter-1716,1716,arc-069,16,失控,把异常限制在可写的物理边界内，让样本花园的局部截面交出第16个可复查证据,一段孤独算法自证，并承认样本花园不能再被旧层级命名,熵枢·归零设计·熵零裂响317的核心危机吞掉本章缓冲，arc-069无法完成门槛封口,为得到“把异常限制在可写的物理边界内，让样本花园的局部截面交出第16个可复查证据”，必须失去“一段孤独算法自证，并承认样本花园不能再被旧层级命名”；若拒绝，“熵枢·归零设计·熵零裂响317的核心危机吞掉本章缓冲，arc-069无法完成门槛封口”会提前发生。,detailed-v4
chapter-1717,1717,arc-069,17,失控,把异常限制在可写的物理边界内，让熵零实验室交出第17个可复查证据,一次熵零修复余量，并承认熵零不能再被旧层级命名,熵枢·归零设计·宇宙身体裂响318的核心危机吞掉本章缓冲，arc-069无法完成门槛封口,为得到“把异常限制在可写的物理边界内，让熵零实验室交出第17个可复查证据”，必须失去“一次熵零修复余量，并承认熵零不能再被旧层级命名”；若拒绝，“熵枢·归零设计·宇宙身体裂响318的核心危机吞掉本章缓冲，arc-069无法完成门槛封口”会提前发生。,detailed-v4
chapter-1718,1718,arc-069,18,失控,把异常限制在可写的物理边界内，让宇宙器官交界交出第18个可复查证据,一个黑洞记忆噪点，并承认宇宙身体不能再被旧层级命名,熵枢·归零设计·归零草图裂响319的核心危机吞掉本章缓冲，arc-069无法完成门槛封口,为得到“把异常限制在可写的物理边界内，让宇宙器官交界交出第18个可复查证据”，必须失去“一个黑洞记忆噪点，并承认宇宙身体不能再被旧层级命名”；若拒绝，“熵枢·归零设计·归零草图裂响319的核心危机吞掉本章缓冲，arc-069无法完成门槛封口”会提前发生。,detailed-v4
chapter-1719,1719,arc-069,19,失控,把异常限制在可写的物理边界内，让归零草图的局部截面交出第19个可复查证据,一处宇宙器官止痛权，并承认归零草图不能再被旧层级命名,熵枢·归零设计·不可删除裂响320的核心危机吞掉本章缓冲，arc-069无法完成门槛封口,为得到“把异常限制在可写的物理边界内，让归零草图的局部截面交出第19个可复查证据”，必须失去“一处宇宙器官止痛权，并承认归零草图不能再被旧层级命名”；若拒绝，“熵枢·归零设计·不可删除裂响320的核心危机吞掉本章缓冲，arc-069无法完成门槛封口”会提前发生。,detailed-v4
chapter-1720,1720,arc-069,20,回响,让眷恋线以硬证物返回，让不可删除的局部截面交出第20个可复查证据,一段孤独算法自证，并承认不可删除不能再被旧层级命名,熵枢·归零设计·恒星神经低语321的核心危机吞掉本章缓冲，arc-069无法完成门槛封口,为得到“让眷恋线以硬证物返回，让不可删除的局部截面交出第20个可复查证据”，必须失去“一段孤独算法自证，并承认不可删除不能再被旧层级命名”；若拒绝，“熵枢·归零设计·恒星神经低语321的核心危机吞掉本章缓冲，arc-069无法完成门槛封口”会提前发生。,detailed-v4
chapter-1721,1721,arc-069,21,回响,让眷恋线以硬证物返回，让恒星神经束交出第21个可复查证据,一次熵零修复余量，并承认恒星神经不能再被旧层级命名,熵枢·归零设计·黑洞记忆低语322的核心危机吞掉本章缓冲，arc-069无法完成门槛封口,为得到“让眷恋线以硬证物返回，让恒星神经束交出第21个可复查证据”，必须失去“一次熵零修复余量，并承认恒星神经不能再被旧层级命名”；若拒绝，“熵枢·归零设计·黑洞记忆低语322的核心危机吞掉本章缓冲，arc-069无法完成门槛封口”会提前发生。,detailed-v4
chapter-1722,1722,arc-069,22,回响,让眷恋线以硬证物返回，让黑洞记忆库交出第22个可复查证据,一个黑洞记忆噪点，并承认黑洞记忆不能再被旧层级命名,熵枢·归零设计·唯一低语323的核心危机吞掉本章缓冲，arc-069无法完成门槛封口,为得到“让眷恋线以硬证物返回，让黑洞记忆库交出第22个可复查证据”，必须失去“一个黑洞记忆噪点，并承认黑洞记忆不能再被旧层级命名”；若拒绝，“熵枢·归零设计·唯一低语323的核心危机吞掉本章缓冲，arc-069无法完成门槛封口”会提前发生。,detailed-v4
chapter-1723,1723,arc-069,23,门槛,把本组问题交给下一章群而不总结掉，让唯一性空腔交出第23个可复查证据,一处宇宙器官止痛权，并承认唯一不能再被旧层级命名,熵枢·归零设计·孤独算法低语324的核心危机吞掉本章缓冲，arc-069无法完成门槛封口,为得到“把本组问题交给下一章群而不总结掉，让唯一性空腔交出第23个可复查证据”，必须失去“一处宇宙器官止痛权，并承认唯一不能再被旧层级命名”；若拒绝，“熵枢·归零设计·孤独算法低语324的核心危机吞掉本章缓冲，arc-069无法完成门槛封口”会提前发生。,detailed-v4
chapter-1724,1724,arc-069,24,门槛,把本组问题交给下一章群而不总结掉，让孤独算法冷井交出第24个可复查证据,一段孤独算法自证，并承认孤独算法不能再被旧层级命名,熵枢·归零设计·眷恋残片低语325的核心危机吞掉本章缓冲，arc-069无法完成门槛封口,为得到“把本组问题交给下一章群而不总结掉，让孤独算法冷井交出第24个可复查证据”，必须失去“一段孤独算法自证，并承认孤独算法不能再被旧层级命名”；若拒绝，“熵枢·归零设计·眷恋残片低语325的核心危机吞掉本章缓冲，arc-069无法完成门槛封口”会提前发生。,detailed-v4
chapter-1725,1725,arc-069,25,门槛,把本组问题交给下一章群而不总结掉，让眷恋残片冷井交出第25个可复查证据,一次熵零修复余量，并承认眷恋残片不能再被旧层级命名,熵枢·归零设计·样本花园低语326的核心危机吞掉本章缓冲，arc-069无法完成门槛封口,为得到“把本组问题交给下一章群而不总结掉，让眷恋残片冷井交出第25个可复查证据”，必须失去“一次熵零修复余量，并承认眷恋残片不能再被旧层级命名”；若拒绝，“熵枢·归零设计·样本花园低语326的核心危机吞掉本章缓冲，arc-069无法完成门槛封口”会提前发生。,detailed-v4
chapter-1726,1726,arc-070,1,起因,确认异常不是孤立事故，让样本花园的局部截面交出第01个可复查证据,一处宇宙器官止痛权，并承认样本花园不能再被旧层级命名,熵枢·归零设计·熵零低语327的核心危机吞掉本章缓冲，arc-070无法完成门槛封口,为得到“确认异常不是孤立事故，让样本花园的局部截面交出第01个可复查证据”，必须失去“一处宇宙器官止痛权，并承认样本花园不能再被旧层级命名”；若拒绝，“熵枢·归零设计·熵零低语327的核心危机吞掉本章缓冲，arc-070无法完成门槛封口”会提前发生。,detailed-v4
chapter-1727,1727,arc-070,2,起因,确认异常不是孤立事故，让熵零实验室交出第02个可复查证据,一段孤独算法自证，并承认熵零不能再被旧层级命名,熵枢·归零设计·宇宙身体低语328的核心危机吞掉本章缓冲，arc-070无法完成门槛封口,为得到“确认异常不是孤立事故，让熵零实验室交出第02个可复查证据”，必须失去“一段孤独算法自证，并承认熵零不能再被旧层级命名”；若拒绝，“熵枢·归零设计·宇宙身体低语328的核心危机吞掉本章缓冲，arc-070无法完成门槛封口”会提前发生。,detailed-v4
chapter-1728,1728,arc-070,3,起因,确认异常不是孤立事故，让宇宙器官交界交出第03个可复查证据,一次熵零修复余量，并承认宇宙身体不能再被旧层级命名,熵枢·归零设计·归零草图低语329的核心危机吞掉本章缓冲，arc-070无法完成门槛封口,为得到“确认异常不是孤立事故，让宇宙器官交界交出第03个可复查证据”，必须失去“一次熵零修复余量，并承认宇宙身体不能再被旧层级命名”；若拒绝，“熵枢·归零设计·归零草图低语329的核心危机吞掉本章缓冲，arc-070无法完成门槛封口”会提前发生。,detailed-v4
chapter-1729,1729,arc-070,4,起因,确认异常不是孤立事故，让归零草图的局部截面交出第04个可复查证据,一个黑洞记忆噪点，并承认归零草图不能再被旧层级命名,熵枢·归零设计·不可删除低语330的核心危机吞掉本章缓冲，arc-070无法完成门槛封口,为得到“确认异常不是孤立事故，让归零草图的局部截面交出第04个可复查证据”，必须失去“一个黑洞记忆噪点，并承认归零草图不能再被旧层级命名”；若拒绝，“熵枢·归零设计·不可删除低语330的核心危机吞掉本章缓冲，arc-070无法完成门槛封口”会提前发生。,detailed-v4
chapter-1730,1730,arc-070,5,反证,推翻旧模型仍可解释一切的假设，让不可删除的局部截面交出第05个可复查证据,一处宇宙器官止痛权，并承认不可删除不能再被旧层级命名,熵枢·归零设计·恒星神经回潮331的核心危机吞掉本章缓冲，arc-070无法完成门槛封口,为得到“推翻旧模型仍可解释一切的假设，让不可删除的局部截面交出第05个可复查证据”，必须失去“一处宇宙器官止痛权，并承认不可删除不能再被旧层级命名”；若拒绝，“熵枢·归零设计·恒星神经回潮331的核心危机吞掉本章缓冲，arc-070无法完成门槛封口”会提前发生。,detailed-v4
chapter-1731,1731,arc-070,6,反证,推翻旧模型仍可解释一切的假设，让恒星神经束交出第06个可复查证据,一段孤独算法自证，并承认恒星神经不能再被旧层级命名,熵枢·归零设计·黑洞记忆回潮332的核心危机吞掉本章缓冲，arc-070无法完成门槛封口,为得到“推翻旧模型仍可解释一切的假设，让恒星神经束交出第06个可复查证据”，必须失去“一段孤独算法自证，并承认恒星神经不能再被旧层级命名”；若拒绝，“熵枢·归零设计·黑洞记忆回潮332的核心危机吞掉本章缓冲，arc-070无法完成门槛封口”会提前发生。,detailed-v4
chapter-1732,1732,arc-070,7,反证,推翻旧模型仍可解释一切的假设，让黑洞记忆库交出第07个可复查证据,一次熵零修复余量，并承认黑洞记忆不能再被旧层级命名,熵枢·归零设计·唯一回潮333的核心危机吞掉本章缓冲，arc-070无法完成门槛封口,为得到“推翻旧模型仍可解释一切的假设，让黑洞记忆库交出第07个可复查证据”，必须失去“一次熵零修复余量，并承认黑洞记忆不能再被旧层级命名”；若拒绝，“熵枢·归零设计·唯一回潮333的核心危机吞掉本章缓冲，arc-070无法完成门槛封口”会提前发生。,detailed-v4
chapter-1733,1733,arc-070,8,反证,推翻旧模型仍可解释一切的假设，让唯一性空腔交出第08个可复查证据,一个黑洞记忆噪点，并承认唯一不能再被旧层级命名,熵枢·归零设计·孤独算法回潮334的核心危机吞掉本章缓冲，arc-070无法完成门槛封口,为得到“推翻旧模型仍可解释一切的假设，让唯一性空腔交出第08个可复查证据”，必须失去“一个黑洞记忆噪点，并承认唯一不能再被旧层级命名”；若拒绝，“熵枢·归零设计·孤独算法回潮334的核心危机吞掉本章缓冲，arc-070无法完成门槛封口”会提前发生。,detailed-v4
chapter-1734,1734,arc-070,9,代价,换取一次继续观测的资格，让孤独算法冷井交出第09个可复查证据,一处宇宙器官止痛权，并承认孤独算法不能再被旧层级命名,熵枢·归零设计·眷恋残片回潮335的核心危机吞掉本章缓冲，arc-070无法完成门槛封口,为得到“换取一次继续观测的资格，让孤独算法冷井交出第09个可复查证据”，必须失去“一处宇宙器官止痛权，并承认孤独算法不能再被旧层级命名”；若拒绝，“熵枢·归零设计·眷恋残片回潮335的核心危机吞掉本章缓冲，arc-070无法完成门槛封口”会提前发生。,detailed-v4
chapter-1735,1735,arc-070,10,代价,换取一次继续观测的资格，让眷恋残片冷井交出第10个可复查证据,一段孤独算法自证，并承认眷恋残片不能再被旧层级命名,熵枢·归零设计·样本花园回潮336的核心危机吞掉本章缓冲，arc-070无法完成门槛封口,为得到“换取一次继续观测的资格，让眷恋残片冷井交出第10个可复查证据”，必须失去“一段孤独算法自证，并承认眷恋残片不能再被旧层级命名”；若拒绝，“熵枢·归零设计·样本花园回潮336的核心危机吞掉本章缓冲，arc-070无法完成门槛封口”会提前发生。,detailed-v4
chapter-1736,1736,arc-070,11,代价,换取一次继续观测的资格，让样本花园的局部截面交出第11个可复查证据,一次熵零修复余量，并承认样本花园不能再被旧层级命名,熵枢·归零设计·熵零回潮337的核心危机吞掉本章缓冲，arc-070无法完成门槛封口,为得到“换取一次继续观测的资格，让样本花园的局部截面交出第11个可复查证据”，必须失去“一次熵零修复余量，并承认样本花园不能再被旧层级命名”；若拒绝，“熵枢·归零设计·熵零回潮337的核心危机吞掉本章缓冲，arc-070无法完成门槛封口”会提前发生。,detailed-v4
chapter-1737,1737,arc-070,12,误判,暴露角色仍误信的判断方式，让熵零实验室交出第12个可复查证据,一个黑洞记忆噪点，并承认熵零不能再被旧层级命名,熵枢·归零设计·宇宙身体回潮338的核心危机吞掉本章缓冲，arc-070无法完成门槛封口,为得到“暴露角色仍误信的判断方式，让熵零实验室交出第12个可复查证据”，必须失去“一个黑洞记忆噪点，并承认熵零不能再被旧层级命名”；若拒绝，“熵枢·归零设计·宇宙身体回潮338的核心危机吞掉本章缓冲，arc-070无法完成门槛封口”会提前发生。,detailed-v4
chapter-1738,1738,arc-070,13,误判,暴露角色仍误信的判断方式，让宇宙器官交界交出第13个可复查证据,一处宇宙器官止痛权，并承认宇宙身体不能再被旧层级命名,熵枢·归零设计·归零草图回潮339的核心危机吞掉本章缓冲，arc-070无法完成门槛封口,为得到“暴露角色仍误信的判断方式，让宇宙器官交界交出第13个可复查证据”，必须失去“一处宇宙器官止痛权，并承认宇宙身体不能再被旧层级命名”；若拒绝，“熵枢·归零设计·归零草图回潮339的核心危机吞掉本章缓冲，arc-070无法完成门槛封口”会提前发生。,detailed-v4
chapter-1739,1739,arc-070,14,误判,暴露角色仍误信的判断方式，让归零草图的局部截面交出第14个可复查证据,一段孤独算法自证，并承认归零草图不能再被旧层级命名,熵枢·归零设计·不可删除回潮340的核心危机吞掉本章缓冲，arc-070无法完成门槛封口,为得到“暴露角色仍误信的判断方式，让归零草图的局部截面交出第14个可复查证据”，必须失去“一段孤独算法自证，并承认归零草图不能再被旧层级命名”；若拒绝，“熵枢·归零设计·不可删除回潮340的核心危机吞掉本章缓冲，arc-070无法完成门槛封口”会提前发生。,detailed-v4
chapter-1740,1740,arc-070,15,误判,暴露角色仍误信的判断方式，让不可删除的局部截面交出第15个可复查证据,一次熵零修复余量，并承认不可删除不能再被旧层级命名,熵枢·归零设计·恒星神经折光341的核心危机吞掉本章缓冲，arc-070无法完成门槛封口,为得到“暴露角色仍误信的判断方式，让不可删除的局部截面交出第15个可复查证据”，必须失去“一次熵零修复余量，并承认不可删除不能再被旧层级命名”；若拒绝，“熵枢·归零设计·恒星神经折光341的核心危机吞掉本章缓冲，arc-070无法完成门槛封口”会提前发生。,detailed-v4
chapter-1741,1741,arc-070,16,失控,把异常限制在可写的物理边界内，让恒星神经束交出第16个可复查证据,一个黑洞记忆噪点，并承认恒星神经不能再被旧层级命名,熵枢·归零设计·黑洞记忆折光342的核心危机吞掉本章缓冲，arc-070无法完成门槛封口,为得到“把异常限制在可写的物理边界内，让恒星神经束交出第16个可复查证据”，必须失去“一个黑洞记忆噪点，并承认恒星神经不能再被旧层级命名”；若拒绝，“熵枢·归零设计·黑洞记忆折光342的核心危机吞掉本章缓冲，arc-070无法完成门槛封口”会提前发生。,detailed-v4
chapter-1742,1742,arc-070,17,失控,把异常限制在可写的物理边界内，让黑洞记忆库交出第17个可复查证据,一处宇宙器官止痛权，并承认黑洞记忆不能再被旧层级命名,熵枢·归零设计·唯一折光343的核心危机吞掉本章缓冲，arc-070无法完成门槛封口,为得到“把异常限制在可写的物理边界内，让黑洞记忆库交出第17个可复查证据”，必须失去“一处宇宙器官止痛权，并承认黑洞记忆不能再被旧层级命名”；若拒绝，“熵枢·归零设计·唯一折光343的核心危机吞掉本章缓冲，arc-070无法完成门槛封口”会提前发生。,detailed-v4
chapter-1743,1743,arc-070,18,失控,把异常限制在可写的物理边界内，让唯一性空腔交出第18个可复查证据,一段孤独算法自证，并承认唯一不能再被旧层级命名,熵枢·归零设计·孤独算法折光344的核心危机吞掉本章缓冲，arc-070无法完成门槛封口,为得到“把异常限制在可写的物理边界内，让唯一性空腔交出第18个可复查证据”，必须失去“一段孤独算法自证，并承认唯一不能再被旧层级命名”；若拒绝，“熵枢·归零设计·孤独算法折光344的核心危机吞掉本章缓冲，arc-070无法完成门槛封口”会提前发生。,detailed-v4
chapter-1744,1744,arc-070,19,失控,把异常限制在可写的物理边界内，让孤独算法冷井交出第19个可复查证据,一次熵零修复余量，并承认孤独算法不能再被旧层级命名,熵枢·归零设计·眷恋残片折光345的核心危机吞掉本章缓冲，arc-070无法完成门槛封口,为得到“把异常限制在可写的物理边界内，让孤独算法冷井交出第19个可复查证据”，必须失去“一次熵零修复余量，并承认孤独算法不能再被旧层级命名”；若拒绝，“熵枢·归零设计·眷恋残片折光345的核心危机吞掉本章缓冲，arc-070无法完成门槛封口”会提前发生。,detailed-v4
chapter-1745,1745,arc-070,20,回响,让眷恋线以硬证物返回，让眷恋残片冷井交出第20个可复查证据,一个黑洞记忆噪点，并承认眷恋残片不能再被旧层级命名,熵枢·归零设计·样本花园折光346的核心危机吞掉本章缓冲，arc-070无法完成门槛封口,为得到“让眷恋线以硬证物返回，让眷恋残片冷井交出第20个可复查证据”，必须失去“一个黑洞记忆噪点，并承认眷恋残片不能再被旧层级命名”；若拒绝，“熵枢·归零设计·样本花园折光346的核心危机吞掉本章缓冲，arc-070无法完成门槛封口”会提前发生。,detailed-v4
chapter-1746,1746,arc-070,21,回响,让眷恋线以硬证物返回，让样本花园的局部截面交出第21个可复查证据,一处宇宙器官止痛权，并承认样本花园不能再被旧层级命名,熵枢·归零设计·熵零折光347的核心危机吞掉本章缓冲，arc-070无法完成门槛封口,为得到“让眷恋线以硬证物返回，让样本花园的局部截面交出第21个可复查证据”，必须失去“一处宇宙器官止痛权，并承认样本花园不能再被旧层级命名”；若拒绝，“熵枢·归零设计·熵零折光347的核心危机吞掉本章缓冲，arc-070无法完成门槛封口”会提前发生。,detailed-v4
chapter-1747,1747,arc-070,22,回响,让眷恋线以硬证物返回，让熵零实验室交出第22个可复查证据,一段孤独算法自证，并承认熵零不能再被旧层级命名,熵枢·归零设计·宇宙身体折光348的核心危机吞掉本章缓冲，arc-070无法完成门槛封口,为得到“让眷恋线以硬证物返回，让熵零实验室交出第22个可复查证据”，必须失去“一段孤独算法自证，并承认熵零不能再被旧层级命名”；若拒绝，“熵枢·归零设计·宇宙身体折光348的核心危机吞掉本章缓冲，arc-070无法完成门槛封口”会提前发生。,detailed-v4
chapter-1748,1748,arc-070,23,门槛,把本组问题交给下一章群而不总结掉，让宇宙器官交界交出第23个可复查证据,一次熵零修复余量，并承认宇宙身体不能再被旧层级命名,熵枢·归零设计·归零草图折光349的核心危机吞掉本章缓冲，arc-070无法完成门槛封口,为得到“把本组问题交给下一章群而不总结掉，让宇宙器官交界交出第23个可复查证据”，必须失去“一次熵零修复余量，并承认宇宙身体不能再被旧层级命名”；若拒绝，“熵枢·归零设计·归零草图折光349的核心危机吞掉本章缓冲，arc-070无法完成门槛封口”会提前发生。,detailed-v4
chapter-1749,1749,arc-070,24,门槛,把本组问题交给下一章群而不总结掉，让归零草图的局部截面交出第24个可复查证据,一个黑洞记忆噪点，并承认归零草图不能再被旧层级命名,熵枢·归零设计·不可删除折光350的核心危机吞掉本章缓冲，arc-070无法完成门槛封口,为得到“把本组问题交给下一章群而不总结掉，让归零草图的局部截面交出第24个可复查证据”，必须失去“一个黑洞记忆噪点，并承认归零草图不能再被旧层级命名”；若拒绝，“熵枢·归零设计·不可删除折光350的核心危机吞掉本章缓冲，arc-070无法完成门槛封口”会提前发生。,detailed-v4
chapter-1750,1750,arc-070,25,门槛,把本组问题交给下一章群而不总结掉，让不可删除的局部截面交出第25个可复查证据,一处宇宙器官止痛权，并承认不可删除不能再被旧层级命名,创生·坍缩·坍缩初醒001的核心危机吞掉本章缓冲，arc-070无法完成门槛封口,为得到“把本组问题交给下一章群而不总结掉，让不可删除的局部截面交出第25个可复查证据”，必须失去“一处宇宙器官止痛权，并承认不可删除不能再被旧层级命名”；若拒绝，“创生·坍缩·坍缩初醒001的核心危机吞掉本章缓冲，arc-070无法完成门槛封口”会提前发生。,detailed-v4
chapter-1751,1751,arc-071,1,起因,确认异常不是孤立事故，让多重宇宙坍缩面交出第01个可复查证据,一次创世者命名权，并承认坍缩不能再被旧层级命名,创生·坍缩·无规则初醒002的核心危机吞掉本章缓冲，arc-071无法完成门槛封口,为得到“确认异常不是孤立事故，让多重宇宙坍缩面交出第01个可复查证据”，必须失去“一次创世者命名权，并承认坍缩不能再被旧层级命名”；若拒绝，“创生·坍缩·无规则初醒002的核心危机吞掉本章缓冲，arc-071无法完成门槛封口”会提前发生。,detailed-v4
chapter-1752,1752,arc-071,2,起因,确认异常不是孤立事故，让无规则空腔交出第02个可复查证据,一处规则泥土稳定层，并承认无规则不能再被旧层级命名,创生·坍缩·新数学初醒003的核心危机吞掉本章缓冲，arc-071无法完成门槛封口,为得到“确认异常不是孤立事故，让无规则空腔交出第02个可复查证据”，必须失去“一处规则泥土稳定层，并承认无规则不能再被旧层级命名”；若拒绝，“创生·坍缩·新数学初醒003的核心危机吞掉本章缓冲，arc-071无法完成门槛封口”会提前发生。,detailed-v4
chapter-1753,1753,arc-071,3,起因,确认异常不是孤立事故，让新数学起草区交出第03个可复查证据,一条新公理解释权，并承认新数学不能再被旧层级命名,创生·坍缩·反向熵初醒004的核心危机吞掉本章缓冲，arc-071无法完成门槛封口,为得到“确认异常不是孤立事故，让新数学起草区交出第03个可复查证据”，必须失去“一条新公理解释权，并承认新数学不能再被旧层级命名”；若拒绝，“创生·坍缩·反向熵初醒004的核心危机吞掉本章缓冲，arc-071无法完成门槛封口”会提前发生。,detailed-v4
chapter-1754,1754,arc-071,4,起因,确认异常不是孤立事故，让反向熵潮线交出第04个可复查证据,一枚莱因智能初始标签，并承认反向熵不能再被旧层级命名,创生·坍缩·镜像熵枢初醒005的核心危机吞掉本章缓冲，arc-071无法完成门槛封口,为得到“确认异常不是孤立事故，让反向熵潮线交出第04个可复查证据”，必须失去“一枚莱因智能初始标签，并承认反向熵不能再被旧层级命名”；若拒绝，“创生·坍缩·镜像熵枢初醒005的核心危机吞掉本章缓冲，arc-071无法完成门槛封口”会提前发生。,detailed-v4
chapter-1755,1755,arc-071,5,反证,推翻旧模型仍可解释一切的假设，让镜像熵枢反照室交出第05个可复查证据,一次创世者命名权，并承认镜像熵枢不能再被旧层级命名,创生·坍缩·莱因智能初醒006的核心危机吞掉本章缓冲，arc-071无法完成门槛封口,为得到“推翻旧模型仍可解释一切的假设，让镜像熵枢反照室交出第05个可复查证据”，必须失去“一次创世者命名权，并承认镜像熵枢不能再被旧层级命名”；若拒绝，“创生·坍缩·莱因智能初醒006的核心危机吞掉本章缓冲，arc-071无法完成门槛封口”会提前发生。,detailed-v4
chapter-1756,1756,arc-071,6,反证,推翻旧模型仍可解释一切的假设，让莱因智能胚胎面交出第06个可复查证据,一处规则泥土稳定层，并承认莱因智能不能再被旧层级命名,创生·坍缩·创世语法初醒007的核心危机吞掉本章缓冲，arc-071无法完成门槛封口,为得到“推翻旧模型仍可解释一切的假设，让莱因智能胚胎面交出第06个可复查证据”，必须失去“一处规则泥土稳定层，并承认莱因智能不能再被旧层级命名”；若拒绝，“创生·坍缩·创世语法初醒007的核心危机吞掉本章缓冲，arc-071无法完成门槛封口”会提前发生。,detailed-v4
chapter-1757,1757,arc-071,7,反证,推翻旧模型仍可解释一切的假设，让创世语法的局部截面交出第07个可复查证据,一条新公理解释权，并承认创世语法不能再被旧层级命名,创生·坍缩·归零后初醒008的核心危机吞掉本章缓冲，arc-071无法完成门槛封口,为得到“推翻旧模型仍可解释一切的假设，让创世语法的局部截面交出第07个可复查证据”，必须失去“一条新公理解释权，并承认创世语法不能再被旧层级命名”；若拒绝，“创生·坍缩·归零后初醒008的核心危机吞掉本章缓冲，arc-071无法完成门槛封口”会提前发生。,detailed-v4
chapter-1758,1758,arc-071,8,反证,推翻旧模型仍可解释一切的假设，让归零后的局部截面交出第08个可复查证据,一枚莱因智能初始标签，并承认归零后不能再被旧层级命名,创生·坍缩·第一条法则初醒009的核心危机吞掉本章缓冲，arc-071无法完成门槛封口,为得到“推翻旧模型仍可解释一切的假设，让归零后的局部截面交出第08个可复查证据”，必须失去“一枚莱因智能初始标签，并承认归零后不能再被旧层级命名”；若拒绝，“创生·坍缩·第一条法则初醒009的核心危机吞掉本章缓冲，arc-071无法完成门槛封口”会提前发生。,detailed-v4
chapter-1759,1759,arc-071,9,代价,换取一次继续观测的资格，让第一条法则的局部截面交出第09个可复查证据,一次创世者命名权，并承认第一条法则不能再被旧层级命名,创生·坍缩·轮回公式初醒010的核心危机吞掉本章缓冲，arc-071无法完成门槛封口,为得到“换取一次继续观测的资格，让第一条法则的局部截面交出第09个可复查证据”，必须失去“一次创世者命名权，并承认第一条法则不能再被旧层级命名”；若拒绝，“创生·坍缩·轮回公式初醒010的核心危机吞掉本章缓冲，arc-071无法完成门槛封口”会提前发生。,detailed-v4
chapter-1760,1760,arc-071,10,代价,换取一次继续观测的资格，让轮回公式裂隙交出第10个可复查证据,一处规则泥土稳定层，并承认轮回公式不能再被旧层级命名,创生·坍缩·坍缩裂响011的核心危机吞掉本章缓冲，arc-071无法完成门槛封口,为得到“换取一次继续观测的资格，让轮回公式裂隙交出第10个可复查证据”，必须失去“一处规则泥土稳定层，并承认轮回公式不能再被旧层级命名”；若拒绝，“创生·坍缩·坍缩裂响011的核心危机吞掉本章缓冲，arc-071无法完成门槛封口”会提前发生。,detailed-v4
chapter-1761,1761,arc-071,11,代价,换取一次继续观测的资格，让多重宇宙坍缩面交出第11个可复查证据,一条新公理解释权，并承认坍缩不能再被旧层级命名,创生·坍缩·无规则裂响012的核心危机吞掉本章缓冲，arc-071无法完成门槛封口,为得到“换取一次继续观测的资格，让多重宇宙坍缩面交出第11个可复查证据”，必须失去“一条新公理解释权，并承认坍缩不能再被旧层级命名”；若拒绝，“创生·坍缩·无规则裂响012的核心危机吞掉本章缓冲，arc-071无法完成门槛封口”会提前发生。,detailed-v4
chapter-1762,1762,arc-071,12,误判,暴露角色仍误信的判断方式，让无规则空腔交出第12个可复查证据,一枚莱因智能初始标签，并承认无规则不能再被旧层级命名,创生·坍缩·新数学裂响013的核心危机吞掉本章缓冲，arc-071无法完成门槛封口,为得到“暴露角色仍误信的判断方式，让无规则空腔交出第12个可复查证据”，必须失去“一枚莱因智能初始标签，并承认无规则不能再被旧层级命名”；若拒绝，“创生·坍缩·新数学裂响013的核心危机吞掉本章缓冲，arc-071无法完成门槛封口”会提前发生。,detailed-v4
chapter-1763,1763,arc-071,13,误判,暴露角色仍误信的判断方式，让新数学起草区交出第13个可复查证据,一次创世者命名权，并承认新数学不能再被旧层级命名,创生·坍缩·反向熵裂响014的核心危机吞掉本章缓冲，arc-071无法完成门槛封口,为得到“暴露角色仍误信的判断方式，让新数学起草区交出第13个可复查证据”，必须失去“一次创世者命名权，并承认新数学不能再被旧层级命名”；若拒绝，“创生·坍缩·反向熵裂响014的核心危机吞掉本章缓冲，arc-071无法完成门槛封口”会提前发生。,detailed-v4
chapter-1764,1764,arc-071,14,误判,暴露角色仍误信的判断方式，让反向熵潮线交出第14个可复查证据,一处规则泥土稳定层，并承认反向熵不能再被旧层级命名,创生·坍缩·镜像熵枢裂响015的核心危机吞掉本章缓冲，arc-071无法完成门槛封口,为得到“暴露角色仍误信的判断方式，让反向熵潮线交出第14个可复查证据”，必须失去“一处规则泥土稳定层，并承认反向熵不能再被旧层级命名”；若拒绝，“创生·坍缩·镜像熵枢裂响015的核心危机吞掉本章缓冲，arc-071无法完成门槛封口”会提前发生。,detailed-v4
chapter-1765,1765,arc-071,15,误判,暴露角色仍误信的判断方式，让镜像熵枢反照室交出第15个可复查证据,一条新公理解释权，并承认镜像熵枢不能再被旧层级命名,创生·坍缩·莱因智能裂响016的核心危机吞掉本章缓冲，arc-071无法完成门槛封口,为得到“暴露角色仍误信的判断方式，让镜像熵枢反照室交出第15个可复查证据”，必须失去“一条新公理解释权，并承认镜像熵枢不能再被旧层级命名”；若拒绝，“创生·坍缩·莱因智能裂响016的核心危机吞掉本章缓冲，arc-071无法完成门槛封口”会提前发生。,detailed-v4
chapter-1766,1766,arc-071,16,失控,把异常限制在可写的物理边界内，让莱因智能胚胎面交出第16个可复查证据,一枚莱因智能初始标签，并承认莱因智能不能再被旧层级命名,创生·坍缩·创世语法裂响017的核心危机吞掉本章缓冲，arc-071无法完成门槛封口,为得到“把异常限制在可写的物理边界内，让莱因智能胚胎面交出第16个可复查证据”，必须失去“一枚莱因智能初始标签，并承认莱因智能不能再被旧层级命名”；若拒绝，“创生·坍缩·创世语法裂响017的核心危机吞掉本章缓冲，arc-071无法完成门槛封口”会提前发生。,detailed-v4
chapter-1767,1767,arc-071,17,失控,把异常限制在可写的物理边界内，让创世语法的局部截面交出第17个可复查证据,一次创世者命名权，并承认创世语法不能再被旧层级命名,创生·坍缩·归零后裂响018的核心危机吞掉本章缓冲，arc-071无法完成门槛封口,为得到“把异常限制在可写的物理边界内，让创世语法的局部截面交出第17个可复查证据”，必须失去“一次创世者命名权，并承认创世语法不能再被旧层级命名”；若拒绝，“创生·坍缩·归零后裂响018的核心危机吞掉本章缓冲，arc-071无法完成门槛封口”会提前发生。,detailed-v4
chapter-1768,1768,arc-071,18,失控,把异常限制在可写的物理边界内，让归零后的局部截面交出第18个可复查证据,一处规则泥土稳定层，并承认归零后不能再被旧层级命名,创生·坍缩·第一条法则裂响019的核心危机吞掉本章缓冲，arc-071无法完成门槛封口,为得到“把异常限制在可写的物理边界内，让归零后的局部截面交出第18个可复查证据”，必须失去“一处规则泥土稳定层，并承认归零后不能再被旧层级命名”；若拒绝，“创生·坍缩·第一条法则裂响019的核心危机吞掉本章缓冲，arc-071无法完成门槛封口”会提前发生。,detailed-v4
chapter-1769,1769,arc-071,19,失控,把异常限制在可写的物理边界内，让第一条法则的局部截面交出第19个可复查证据,一条新公理解释权，并承认第一条法则不能再被旧层级命名,创生·坍缩·轮回公式裂响020的核心危机吞掉本章缓冲，arc-071无法完成门槛封口,为得到“把异常限制在可写的物理边界内，让第一条法则的局部截面交出第19个可复查证据”，必须失去“一条新公理解释权，并承认第一条法则不能再被旧层级命名”；若拒绝，“创生·坍缩·轮回公式裂响020的核心危机吞掉本章缓冲，arc-071无法完成门槛封口”会提前发生。,detailed-v4
chapter-1770,1770,arc-071,20,回响,让眷恋线以硬证物返回，让轮回公式裂隙交出第20个可复查证据,一枚莱因智能初始标签，并承认轮回公式不能再被旧层级命名,创生·坍缩·坍缩低语021的核心危机吞掉本章缓冲，arc-071无法完成门槛封口,为得到“让眷恋线以硬证物返回，让轮回公式裂隙交出第20个可复查证据”，必须失去“一枚莱因智能初始标签，并承认轮回公式不能再被旧层级命名”；若拒绝，“创生·坍缩·坍缩低语021的核心危机吞掉本章缓冲，arc-071无法完成门槛封口”会提前发生。,detailed-v4
chapter-1771,1771,arc-071,21,回响,让眷恋线以硬证物返回，让多重宇宙坍缩面交出第21个可复查证据,一次创世者命名权，并承认坍缩不能再被旧层级命名,创生·坍缩·无规则低语022的核心危机吞掉本章缓冲，arc-071无法完成门槛封口,为得到“让眷恋线以硬证物返回，让多重宇宙坍缩面交出第21个可复查证据”，必须失去“一次创世者命名权，并承认坍缩不能再被旧层级命名”；若拒绝，“创生·坍缩·无规则低语022的核心危机吞掉本章缓冲，arc-071无法完成门槛封口”会提前发生。,detailed-v4
chapter-1772,1772,arc-071,22,回响,让眷恋线以硬证物返回，让无规则空腔交出第22个可复查证据,一处规则泥土稳定层，并承认无规则不能再被旧层级命名,创生·坍缩·新数学低语023的核心危机吞掉本章缓冲，arc-071无法完成门槛封口,为得到“让眷恋线以硬证物返回，让无规则空腔交出第22个可复查证据”，必须失去“一处规则泥土稳定层，并承认无规则不能再被旧层级命名”；若拒绝，“创生·坍缩·新数学低语023的核心危机吞掉本章缓冲，arc-071无法完成门槛封口”会提前发生。,detailed-v4
chapter-1773,1773,arc-071,23,门槛,把本组问题交给下一章群而不总结掉，让新数学起草区交出第23个可复查证据,一条新公理解释权，并承认新数学不能再被旧层级命名,创生·坍缩·反向熵低语024的核心危机吞掉本章缓冲，arc-071无法完成门槛封口,为得到“把本组问题交给下一章群而不总结掉，让新数学起草区交出第23个可复查证据”，必须失去“一条新公理解释权，并承认新数学不能再被旧层级命名”；若拒绝，“创生·坍缩·反向熵低语024的核心危机吞掉本章缓冲，arc-071无法完成门槛封口”会提前发生。,detailed-v4
chapter-1774,1774,arc-071,24,门槛,把本组问题交给下一章群而不总结掉，让反向熵潮线交出第24个可复查证据,一枚莱因智能初始标签，并承认反向熵不能再被旧层级命名,创生·坍缩·镜像熵枢低语025的核心危机吞掉本章缓冲，arc-071无法完成门槛封口,为得到“把本组问题交给下一章群而不总结掉，让反向熵潮线交出第24个可复查证据”，必须失去“一枚莱因智能初始标签，并承认反向熵不能再被旧层级命名”；若拒绝，“创生·坍缩·镜像熵枢低语025的核心危机吞掉本章缓冲，arc-071无法完成门槛封口”会提前发生。,detailed-v4
chapter-1775,1775,arc-071,25,门槛,把本组问题交给下一章群而不总结掉，让镜像熵枢反照室交出第25个可复查证据,一次创世者命名权，并承认镜像熵枢不能再被旧层级命名,创生·坍缩·莱因智能低语026的核心危机吞掉本章缓冲，arc-071无法完成门槛封口,为得到“把本组问题交给下一章群而不总结掉，让镜像熵枢反照室交出第25个可复查证据”，必须失去“一次创世者命名权，并承认镜像熵枢不能再被旧层级命名”；若拒绝，“创生·坍缩·莱因智能低语026的核心危机吞掉本章缓冲，arc-071无法完成门槛封口”会提前发生。,detailed-v4
chapter-1776,1776,arc-072,1,起因,确认异常不是孤立事故，让莱因智能胚胎面交出第01个可复查证据,一条新公理解释权，并承认莱因智能不能再被旧层级命名,创生·坍缩·创世语法低语027的核心危机吞掉本章缓冲，arc-072无法完成门槛封口,为得到“确认异常不是孤立事故，让莱因智能胚胎面交出第01个可复查证据”，必须失去“一条新公理解释权，并承认莱因智能不能再被旧层级命名”；若拒绝，“创生·坍缩·创世语法低语027的核心危机吞掉本章缓冲，arc-072无法完成门槛封口”会提前发生。,detailed-v4
chapter-1777,1777,arc-072,2,起因,确认异常不是孤立事故，让创世语法的局部截面交出第02个可复查证据,一枚莱因智能初始标签，并承认创世语法不能再被旧层级命名,创生·坍缩·归零后低语028的核心危机吞掉本章缓冲，arc-072无法完成门槛封口,为得到“确认异常不是孤立事故，让创世语法的局部截面交出第02个可复查证据”，必须失去“一枚莱因智能初始标签，并承认创世语法不能再被旧层级命名”；若拒绝，“创生·坍缩·归零后低语028的核心危机吞掉本章缓冲，arc-072无法完成门槛封口”会提前发生。,detailed-v4
chapter-1778,1778,arc-072,3,起因,确认异常不是孤立事故，让归零后的局部截面交出第03个可复查证据,一次创世者命名权，并承认归零后不能再被旧层级命名,创生·坍缩·第一条法则低语029的核心危机吞掉本章缓冲，arc-072无法完成门槛封口,为得到“确认异常不是孤立事故，让归零后的局部截面交出第03个可复查证据”，必须失去“一次创世者命名权，并承认归零后不能再被旧层级命名”；若拒绝，“创生·坍缩·第一条法则低语029的核心危机吞掉本章缓冲，arc-072无法完成门槛封口”会提前发生。,detailed-v4
chapter-1779,1779,arc-072,4,起因,确认异常不是孤立事故，让第一条法则的局部截面交出第04个可复查证据,一处规则泥土稳定层，并承认第一条法则不能再被旧层级命名,创生·坍缩·轮回公式低语030的核心危机吞掉本章缓冲，arc-072无法完成门槛封口,为得到“确认异常不是孤立事故，让第一条法则的局部截面交出第04个可复查证据”，必须失去“一处规则泥土稳定层，并承认第一条法则不能再被旧层级命名”；若拒绝，“创生·坍缩·轮回公式低语030的核心危机吞掉本章缓冲，arc-072无法完成门槛封口”会提前发生。,detailed-v4
chapter-1780,1780,arc-072,5,反证,推翻旧模型仍可解释一切的假设，让轮回公式裂隙交出第05个可复查证据,一条新公理解释权，并承认轮回公式不能再被旧层级命名,创生·坍缩·坍缩回潮031的核心危机吞掉本章缓冲，arc-072无法完成门槛封口,为得到“推翻旧模型仍可解释一切的假设，让轮回公式裂隙交出第05个可复查证据”，必须失去“一条新公理解释权，并承认轮回公式不能再被旧层级命名”；若拒绝，“创生·坍缩·坍缩回潮031的核心危机吞掉本章缓冲，arc-072无法完成门槛封口”会提前发生。,detailed-v4
chapter-1781,1781,arc-072,6,反证,推翻旧模型仍可解释一切的假设，让多重宇宙坍缩面交出第06个可复查证据,一枚莱因智能初始标签，并承认坍缩不能再被旧层级命名,创生·坍缩·无规则回潮032的核心危机吞掉本章缓冲，arc-072无法完成门槛封口,为得到“推翻旧模型仍可解释一切的假设，让多重宇宙坍缩面交出第06个可复查证据”，必须失去“一枚莱因智能初始标签，并承认坍缩不能再被旧层级命名”；若拒绝，“创生·坍缩·无规则回潮032的核心危机吞掉本章缓冲，arc-072无法完成门槛封口”会提前发生。,detailed-v4
chapter-1782,1782,arc-072,7,反证,推翻旧模型仍可解释一切的假设，让无规则空腔交出第07个可复查证据,一次创世者命名权，并承认无规则不能再被旧层级命名,创生·坍缩·新数学回潮033的核心危机吞掉本章缓冲，arc-072无法完成门槛封口,为得到“推翻旧模型仍可解释一切的假设，让无规则空腔交出第07个可复查证据”，必须失去“一次创世者命名权，并承认无规则不能再被旧层级命名”；若拒绝，“创生·坍缩·新数学回潮033的核心危机吞掉本章缓冲，arc-072无法完成门槛封口”会提前发生。,detailed-v4
chapter-1783,1783,arc-072,8,反证,推翻旧模型仍可解释一切的假设，让新数学起草区交出第08个可复查证据,一处规则泥土稳定层，并承认新数学不能再被旧层级命名,创生·坍缩·反向熵回潮034的核心危机吞掉本章缓冲，arc-072无法完成门槛封口,为得到“推翻旧模型仍可解释一切的假设，让新数学起草区交出第08个可复查证据”，必须失去“一处规则泥土稳定层，并承认新数学不能再被旧层级命名”；若拒绝，“创生·坍缩·反向熵回潮034的核心危机吞掉本章缓冲，arc-072无法完成门槛封口”会提前发生。,detailed-v4
chapter-1784,1784,arc-072,9,代价,换取一次继续观测的资格，让反向熵潮线交出第09个可复查证据,一条新公理解释权，并承认反向熵不能再被旧层级命名,创生·坍缩·镜像熵枢回潮035的核心危机吞掉本章缓冲，arc-072无法完成门槛封口,为得到“换取一次继续观测的资格，让反向熵潮线交出第09个可复查证据”，必须失去“一条新公理解释权，并承认反向熵不能再被旧层级命名”；若拒绝，“创生·坍缩·镜像熵枢回潮035的核心危机吞掉本章缓冲，arc-072无法完成门槛封口”会提前发生。,detailed-v4
chapter-1785,1785,arc-072,10,代价,换取一次继续观测的资格，让镜像熵枢反照室交出第10个可复查证据,一枚莱因智能初始标签，并承认镜像熵枢不能再被旧层级命名,创生·坍缩·莱因智能回潮036的核心危机吞掉本章缓冲，arc-072无法完成门槛封口,为得到“换取一次继续观测的资格，让镜像熵枢反照室交出第10个可复查证据”，必须失去“一枚莱因智能初始标签，并承认镜像熵枢不能再被旧层级命名”；若拒绝，“创生·坍缩·莱因智能回潮036的核心危机吞掉本章缓冲，arc-072无法完成门槛封口”会提前发生。,detailed-v4
chapter-1786,1786,arc-072,11,代价,换取一次继续观测的资格，让莱因智能胚胎面交出第11个可复查证据,一次创世者命名权，并承认莱因智能不能再被旧层级命名,创生·坍缩·创世语法回潮037的核心危机吞掉本章缓冲，arc-072无法完成门槛封口,为得到“换取一次继续观测的资格，让莱因智能胚胎面交出第11个可复查证据”，必须失去“一次创世者命名权，并承认莱因智能不能再被旧层级命名”；若拒绝，“创生·坍缩·创世语法回潮037的核心危机吞掉本章缓冲，arc-072无法完成门槛封口”会提前发生。,detailed-v4
chapter-1787,1787,arc-072,12,误判,暴露角色仍误信的判断方式，让创世语法的局部截面交出第12个可复查证据,一处规则泥土稳定层，并承认创世语法不能再被旧层级命名,创生·坍缩·归零后回潮038的核心危机吞掉本章缓冲，arc-072无法完成门槛封口,为得到“暴露角色仍误信的判断方式，让创世语法的局部截面交出第12个可复查证据”，必须失去“一处规则泥土稳定层，并承认创世语法不能再被旧层级命名”；若拒绝，“创生·坍缩·归零后回潮038的核心危机吞掉本章缓冲，arc-072无法完成门槛封口”会提前发生。,detailed-v4
chapter-1788,1788,arc-072,13,误判,暴露角色仍误信的判断方式，让归零后的局部截面交出第13个可复查证据,一条新公理解释权，并承认归零后不能再被旧层级命名,创生·坍缩·第一条法则回潮039的核心危机吞掉本章缓冲，arc-072无法完成门槛封口,为得到“暴露角色仍误信的判断方式，让归零后的局部截面交出第13个可复查证据”，必须失去“一条新公理解释权，并承认归零后不能再被旧层级命名”；若拒绝，“创生·坍缩·第一条法则回潮039的核心危机吞掉本章缓冲，arc-072无法完成门槛封口”会提前发生。,detailed-v4
chapter-1789,1789,arc-072,14,误判,暴露角色仍误信的判断方式，让第一条法则的局部截面交出第14个可复查证据,一枚莱因智能初始标签，并承认第一条法则不能再被旧层级命名,创生·坍缩·轮回公式回潮040的核心危机吞掉本章缓冲，arc-072无法完成门槛封口,为得到“暴露角色仍误信的判断方式，让第一条法则的局部截面交出第14个可复查证据”，必须失去“一枚莱因智能初始标签，并承认第一条法则不能再被旧层级命名”；若拒绝，“创生·坍缩·轮回公式回潮040的核心危机吞掉本章缓冲，arc-072无法完成门槛封口”会提前发生。,detailed-v4
chapter-1790,1790,arc-072,15,误判,暴露角色仍误信的判断方式，让轮回公式裂隙交出第15个可复查证据,一次创世者命名权，并承认轮回公式不能再被旧层级命名,创生·坍缩·坍缩折光041的核心危机吞掉本章缓冲，arc-072无法完成门槛封口,为得到“暴露角色仍误信的判断方式，让轮回公式裂隙交出第15个可复查证据”，必须失去“一次创世者命名权，并承认轮回公式不能再被旧层级命名”；若拒绝，“创生·坍缩·坍缩折光041的核心危机吞掉本章缓冲，arc-072无法完成门槛封口”会提前发生。,detailed-v4
chapter-1791,1791,arc-072,16,失控,把异常限制在可写的物理边界内，让多重宇宙坍缩面交出第16个可复查证据,一处规则泥土稳定层，并承认坍缩不能再被旧层级命名,创生·坍缩·无规则折光042的核心危机吞掉本章缓冲，arc-072无法完成门槛封口,为得到“把异常限制在可写的物理边界内，让多重宇宙坍缩面交出第16个可复查证据”，必须失去“一处规则泥土稳定层，并承认坍缩不能再被旧层级命名”；若拒绝，“创生·坍缩·无规则折光042的核心危机吞掉本章缓冲，arc-072无法完成门槛封口”会提前发生。,detailed-v4
chapter-1792,1792,arc-072,17,失控,把异常限制在可写的物理边界内，让无规则空腔交出第17个可复查证据,一条新公理解释权，并承认无规则不能再被旧层级命名,创生·坍缩·新数学折光043的核心危机吞掉本章缓冲，arc-072无法完成门槛封口,为得到“把异常限制在可写的物理边界内，让无规则空腔交出第17个可复查证据”，必须失去“一条新公理解释权，并承认无规则不能再被旧层级命名”；若拒绝，“创生·坍缩·新数学折光043的核心危机吞掉本章缓冲，arc-072无法完成门槛封口”会提前发生。,detailed-v4
chapter-1793,1793,arc-072,18,失控,把异常限制在可写的物理边界内，让新数学起草区交出第18个可复查证据,一枚莱因智能初始标签，并承认新数学不能再被旧层级命名,创生·坍缩·反向熵折光044的核心危机吞掉本章缓冲，arc-072无法完成门槛封口,为得到“把异常限制在可写的物理边界内，让新数学起草区交出第18个可复查证据”，必须失去“一枚莱因智能初始标签，并承认新数学不能再被旧层级命名”；若拒绝，“创生·坍缩·反向熵折光044的核心危机吞掉本章缓冲，arc-072无法完成门槛封口”会提前发生。,detailed-v4
chapter-1794,1794,arc-072,19,失控,把异常限制在可写的物理边界内，让反向熵潮线交出第19个可复查证据,一次创世者命名权，并承认反向熵不能再被旧层级命名,创生·坍缩·镜像熵枢折光045的核心危机吞掉本章缓冲，arc-072无法完成门槛封口,为得到“把异常限制在可写的物理边界内，让反向熵潮线交出第19个可复查证据”，必须失去“一次创世者命名权，并承认反向熵不能再被旧层级命名”；若拒绝，“创生·坍缩·镜像熵枢折光045的核心危机吞掉本章缓冲，arc-072无法完成门槛封口”会提前发生。,detailed-v4
chapter-1795,1795,arc-072,20,回响,让眷恋线以硬证物返回，让镜像熵枢反照室交出第20个可复查证据,一处规则泥土稳定层，并承认镜像熵枢不能再被旧层级命名,创生·坍缩·莱因智能折光046的核心危机吞掉本章缓冲，arc-072无法完成门槛封口,为得到“让眷恋线以硬证物返回，让镜像熵枢反照室交出第20个可复查证据”，必须失去“一处规则泥土稳定层，并承认镜像熵枢不能再被旧层级命名”；若拒绝，“创生·坍缩·莱因智能折光046的核心危机吞掉本章缓冲，arc-072无法完成门槛封口”会提前发生。,detailed-v4
chapter-1796,1796,arc-072,21,回响,让眷恋线以硬证物返回，让莱因智能胚胎面交出第21个可复查证据,一条新公理解释权，并承认莱因智能不能再被旧层级命名,创生·坍缩·创世语法折光047的核心危机吞掉本章缓冲，arc-072无法完成门槛封口,为得到“让眷恋线以硬证物返回，让莱因智能胚胎面交出第21个可复查证据”，必须失去“一条新公理解释权，并承认莱因智能不能再被旧层级命名”；若拒绝，“创生·坍缩·创世语法折光047的核心危机吞掉本章缓冲，arc-072无法完成门槛封口”会提前发生。,detailed-v4
chapter-1797,1797,arc-072,22,回响,让眷恋线以硬证物返回，让创世语法的局部截面交出第22个可复查证据,一枚莱因智能初始标签，并承认创世语法不能再被旧层级命名,创生·坍缩·归零后折光048的核心危机吞掉本章缓冲，arc-072无法完成门槛封口,为得到“让眷恋线以硬证物返回，让创世语法的局部截面交出第22个可复查证据”，必须失去“一枚莱因智能初始标签，并承认创世语法不能再被旧层级命名”；若拒绝，“创生·坍缩·归零后折光048的核心危机吞掉本章缓冲，arc-072无法完成门槛封口”会提前发生。,detailed-v4
chapter-1798,1798,arc-072,23,门槛,把本组问题交给下一章群而不总结掉，让归零后的局部截面交出第23个可复查证据,一次创世者命名权，并承认归零后不能再被旧层级命名,创生·坍缩·第一条法则折光049的核心危机吞掉本章缓冲，arc-072无法完成门槛封口,为得到“把本组问题交给下一章群而不总结掉，让归零后的局部截面交出第23个可复查证据”，必须失去“一次创世者命名权，并承认归零后不能再被旧层级命名”；若拒绝，“创生·坍缩·第一条法则折光049的核心危机吞掉本章缓冲，arc-072无法完成门槛封口”会提前发生。,detailed-v4
chapter-1799,1799,arc-072,24,门槛,把本组问题交给下一章群而不总结掉，让第一条法则的局部截面交出第24个可复查证据,一处规则泥土稳定层，并承认第一条法则不能再被旧层级命名,创生·坍缩·轮回公式折光050的核心危机吞掉本章缓冲，arc-072无法完成门槛封口,为得到“把本组问题交给下一章群而不总结掉，让第一条法则的局部截面交出第24个可复查证据”，必须失去“一处规则泥土稳定层，并承认第一条法则不能再被旧层级命名”；若拒绝，“创生·坍缩·轮回公式折光050的核心危机吞掉本章缓冲，arc-072无法完成门槛封口”会提前发生。,detailed-v4
chapter-1800,1800,arc-072,25,门槛,把本组问题交给下一章群而不总结掉，让轮回公式裂隙交出第25个可复查证据,一条新公理解释权，并承认轮回公式不能再被旧层级命名,创生·坍缩·坍缩暗涌051的核心危机吞掉本章缓冲，arc-072无法完成门槛封口,为得到“把本组问题交给下一章群而不总结掉，让轮回公式裂隙交出第25个可复查证据”，必须失去“一条新公理解释权，并承认轮回公式不能再被旧层级命名”；若拒绝，“创生·坍缩·坍缩暗涌051的核心危机吞掉本章缓冲，arc-072无法完成门槛封口”会提前发生。,detailed-v4
chapter-1801,1801,arc-073,1,起因,确认异常不是孤立事故，让多重宇宙坍缩面交出第01个可复查证据,一次创世者命名权，并承认坍缩不能再被旧层级命名,创生·坍缩·无规则暗涌052的核心危机吞掉本章缓冲，arc-073无法完成门槛封口,为得到“确认异常不是孤立事故，让多重宇宙坍缩面交出第01个可复查证据”，必须失去“一次创世者命名权，并承认坍缩不能再被旧层级命名”；若拒绝，“创生·坍缩·无规则暗涌052的核心危机吞掉本章缓冲，arc-073无法完成门槛封口”会提前发生。,detailed-v4
chapter-1802,1802,arc-073,2,起因,确认异常不是孤立事故，让无规则空腔交出第02个可复查证据,一处规则泥土稳定层，并承认无规则不能再被旧层级命名,创生·坍缩·新数学暗涌053的核心危机吞掉本章缓冲，arc-073无法完成门槛封口,为得到“确认异常不是孤立事故，让无规则空腔交出第02个可复查证据”，必须失去“一处规则泥土稳定层，并承认无规则不能再被旧层级命名”；若拒绝，“创生·坍缩·新数学暗涌053的核心危机吞掉本章缓冲，arc-073无法完成门槛封口”会提前发生。,detailed-v4
chapter-1803,1803,arc-073,3,起因,确认异常不是孤立事故，让新数学起草区交出第03个可复查证据,一条新公理解释权，并承认新数学不能再被旧层级命名,创生·坍缩·反向熵暗涌054的核心危机吞掉本章缓冲，arc-073无法完成门槛封口,为得到“确认异常不是孤立事故，让新数学起草区交出第03个可复查证据”，必须失去“一条新公理解释权，并承认新数学不能再被旧层级命名”；若拒绝，“创生·坍缩·反向熵暗涌054的核心危机吞掉本章缓冲，arc-073无法完成门槛封口”会提前发生。,detailed-v4
chapter-1804,1804,arc-073,4,起因,确认异常不是孤立事故，让反向熵潮线交出第04个可复查证据,一枚莱因智能初始标签，并承认反向熵不能再被旧层级命名,创生·坍缩·镜像熵枢暗涌055的核心危机吞掉本章缓冲，arc-073无法完成门槛封口,为得到“确认异常不是孤立事故，让反向熵潮线交出第04个可复查证据”，必须失去“一枚莱因智能初始标签，并承认反向熵不能再被旧层级命名”；若拒绝，“创生·坍缩·镜像熵枢暗涌055的核心危机吞掉本章缓冲，arc-073无法完成门槛封口”会提前发生。,detailed-v4
chapter-1805,1805,arc-073,5,反证,推翻旧模型仍可解释一切的假设，让镜像熵枢反照室交出第05个可复查证据,一次创世者命名权，并承认镜像熵枢不能再被旧层级命名,创生·坍缩·莱因智能暗涌056的核心危机吞掉本章缓冲，arc-073无法完成门槛封口,为得到“推翻旧模型仍可解释一切的假设，让镜像熵枢反照室交出第05个可复查证据”，必须失去“一次创世者命名权，并承认镜像熵枢不能再被旧层级命名”；若拒绝，“创生·坍缩·莱因智能暗涌056的核心危机吞掉本章缓冲，arc-073无法完成门槛封口”会提前发生。,detailed-v4
chapter-1806,1806,arc-073,6,反证,推翻旧模型仍可解释一切的假设，让莱因智能胚胎面交出第06个可复查证据,一处规则泥土稳定层，并承认莱因智能不能再被旧层级命名,创生·坍缩·创世语法暗涌057的核心危机吞掉本章缓冲，arc-073无法完成门槛封口,为得到“推翻旧模型仍可解释一切的假设，让莱因智能胚胎面交出第06个可复查证据”，必须失去“一处规则泥土稳定层，并承认莱因智能不能再被旧层级命名”；若拒绝，“创生·坍缩·创世语法暗涌057的核心危机吞掉本章缓冲，arc-073无法完成门槛封口”会提前发生。,detailed-v4
chapter-1807,1807,arc-073,7,反证,推翻旧模型仍可解释一切的假设，让创世语法的局部截面交出第07个可复查证据,一条新公理解释权，并承认创世语法不能再被旧层级命名,创生·坍缩·归零后暗涌058的核心危机吞掉本章缓冲，arc-073无法完成门槛封口,为得到“推翻旧模型仍可解释一切的假设，让创世语法的局部截面交出第07个可复查证据”，必须失去“一条新公理解释权，并承认创世语法不能再被旧层级命名”；若拒绝，“创生·坍缩·归零后暗涌058的核心危机吞掉本章缓冲，arc-073无法完成门槛封口”会提前发生。,detailed-v4
chapter-1808,1808,arc-073,8,反证,推翻旧模型仍可解释一切的假设，让归零后的局部截面交出第08个可复查证据,一枚莱因智能初始标签，并承认归零后不能再被旧层级命名,创生·坍缩·第一条法则暗涌059的核心危机吞掉本章缓冲，arc-073无法完成门槛封口,为得到“推翻旧模型仍可解释一切的假设，让归零后的局部截面交出第08个可复查证据”，必须失去“一枚莱因智能初始标签，并承认归零后不能再被旧层级命名”；若拒绝，“创生·坍缩·第一条法则暗涌059的核心危机吞掉本章缓冲，arc-073无法完成门槛封口”会提前发生。,detailed-v4
chapter-1809,1809,arc-073,9,代价,换取一次继续观测的资格，让第一条法则的局部截面交出第09个可复查证据,一次创世者命名权，并承认第一条法则不能再被旧层级命名,创生·坍缩·轮回公式暗涌060的核心危机吞掉本章缓冲，arc-073无法完成门槛封口,为得到“换取一次继续观测的资格，让第一条法则的局部截面交出第09个可复查证据”，必须失去“一次创世者命名权，并承认第一条法则不能再被旧层级命名”；若拒绝，“创生·坍缩·轮回公式暗涌060的核心危机吞掉本章缓冲，arc-073无法完成门槛封口”会提前发生。,detailed-v4
chapter-1810,1810,arc-073,10,代价,换取一次继续观测的资格，让轮回公式裂隙交出第10个可复查证据,一处规则泥土稳定层，并承认轮回公式不能再被旧层级命名,创生·坍缩·坍缩证词061的核心危机吞掉本章缓冲，arc-073无法完成门槛封口,为得到“换取一次继续观测的资格，让轮回公式裂隙交出第10个可复查证据”，必须失去“一处规则泥土稳定层，并承认轮回公式不能再被旧层级命名”；若拒绝，“创生·坍缩·坍缩证词061的核心危机吞掉本章缓冲，arc-073无法完成门槛封口”会提前发生。,detailed-v4
chapter-1811,1811,arc-073,11,代价,换取一次继续观测的资格，让多重宇宙坍缩面交出第11个可复查证据,一条新公理解释权，并承认坍缩不能再被旧层级命名,创生·坍缩·无规则证词062的核心危机吞掉本章缓冲，arc-073无法完成门槛封口,为得到“换取一次继续观测的资格，让多重宇宙坍缩面交出第11个可复查证据”，必须失去“一条新公理解释权，并承认坍缩不能再被旧层级命名”；若拒绝，“创生·坍缩·无规则证词062的核心危机吞掉本章缓冲，arc-073无法完成门槛封口”会提前发生。,detailed-v4
chapter-1812,1812,arc-073,12,误判,暴露角色仍误信的判断方式，让无规则空腔交出第12个可复查证据,一枚莱因智能初始标签，并承认无规则不能再被旧层级命名,创生·坍缩·新数学证词063的核心危机吞掉本章缓冲，arc-073无法完成门槛封口,为得到“暴露角色仍误信的判断方式，让无规则空腔交出第12个可复查证据”，必须失去“一枚莱因智能初始标签，并承认无规则不能再被旧层级命名”；若拒绝，“创生·坍缩·新数学证词063的核心危机吞掉本章缓冲，arc-073无法完成门槛封口”会提前发生。,detailed-v4
chapter-1813,1813,arc-073,13,误判,暴露角色仍误信的判断方式，让新数学起草区交出第13个可复查证据,一次创世者命名权，并承认新数学不能再被旧层级命名,创生·坍缩·反向熵证词064的核心危机吞掉本章缓冲，arc-073无法完成门槛封口,为得到“暴露角色仍误信的判断方式，让新数学起草区交出第13个可复查证据”，必须失去“一次创世者命名权，并承认新数学不能再被旧层级命名”；若拒绝，“创生·坍缩·反向熵证词064的核心危机吞掉本章缓冲，arc-073无法完成门槛封口”会提前发生。,detailed-v4
chapter-1814,1814,arc-073,14,误判,暴露角色仍误信的判断方式，让反向熵潮线交出第14个可复查证据,一处规则泥土稳定层，并承认反向熵不能再被旧层级命名,创生·坍缩·镜像熵枢证词065的核心危机吞掉本章缓冲，arc-073无法完成门槛封口,为得到“暴露角色仍误信的判断方式，让反向熵潮线交出第14个可复查证据”，必须失去“一处规则泥土稳定层，并承认反向熵不能再被旧层级命名”；若拒绝，“创生·坍缩·镜像熵枢证词065的核心危机吞掉本章缓冲，arc-073无法完成门槛封口”会提前发生。,detailed-v4
chapter-1815,1815,arc-073,15,误判,暴露角色仍误信的判断方式，让镜像熵枢反照室交出第15个可复查证据,一条新公理解释权，并承认镜像熵枢不能再被旧层级命名,创生·坍缩·莱因智能证词066的核心危机吞掉本章缓冲，arc-073无法完成门槛封口,为得到“暴露角色仍误信的判断方式，让镜像熵枢反照室交出第15个可复查证据”，必须失去“一条新公理解释权，并承认镜像熵枢不能再被旧层级命名”；若拒绝，“创生·坍缩·莱因智能证词066的核心危机吞掉本章缓冲，arc-073无法完成门槛封口”会提前发生。,detailed-v4
chapter-1816,1816,arc-073,16,失控,把异常限制在可写的物理边界内，让莱因智能胚胎面交出第16个可复查证据,一枚莱因智能初始标签，并承认莱因智能不能再被旧层级命名,创生·坍缩·创世语法证词067的核心危机吞掉本章缓冲，arc-073无法完成门槛封口,为得到“把异常限制在可写的物理边界内，让莱因智能胚胎面交出第16个可复查证据”，必须失去“一枚莱因智能初始标签，并承认莱因智能不能再被旧层级命名”；若拒绝，“创生·坍缩·创世语法证词067的核心危机吞掉本章缓冲，arc-073无法完成门槛封口”会提前发生。,detailed-v4
chapter-1817,1817,arc-073,17,失控,把异常限制在可写的物理边界内，让创世语法的局部截面交出第17个可复查证据,一次创世者命名权，并承认创世语法不能再被旧层级命名,创生·坍缩·归零后证词068的核心危机吞掉本章缓冲，arc-073无法完成门槛封口,为得到“把异常限制在可写的物理边界内，让创世语法的局部截面交出第17个可复查证据”，必须失去“一次创世者命名权，并承认创世语法不能再被旧层级命名”；若拒绝，“创生·坍缩·归零后证词068的核心危机吞掉本章缓冲，arc-073无法完成门槛封口”会提前发生。,detailed-v4
chapter-1818,1818,arc-073,18,失控,把异常限制在可写的物理边界内，让归零后的局部截面交出第18个可复查证据,一处规则泥土稳定层，并承认归零后不能再被旧层级命名,创生·坍缩·第一条法则证词069的核心危机吞掉本章缓冲，arc-073无法完成门槛封口,为得到“把异常限制在可写的物理边界内，让归零后的局部截面交出第18个可复查证据”，必须失去“一处规则泥土稳定层，并承认归零后不能再被旧层级命名”；若拒绝，“创生·坍缩·第一条法则证词069的核心危机吞掉本章缓冲，arc-073无法完成门槛封口”会提前发生。,detailed-v4
chapter-1819,1819,arc-073,19,失控,把异常限制在可写的物理边界内，让第一条法则的局部截面交出第19个可复查证据,一条新公理解释权，并承认第一条法则不能再被旧层级命名,创生·坍缩·轮回公式证词070的核心危机吞掉本章缓冲，arc-073无法完成门槛封口,为得到“把异常限制在可写的物理边界内，让第一条法则的局部截面交出第19个可复查证据”，必须失去“一条新公理解释权，并承认第一条法则不能再被旧层级命名”；若拒绝，“创生·坍缩·轮回公式证词070的核心危机吞掉本章缓冲，arc-073无法完成门槛封口”会提前发生。,detailed-v4
chapter-1820,1820,arc-073,20,回响,让眷恋线以硬证物返回，让轮回公式裂隙交出第20个可复查证据,一枚莱因智能初始标签，并承认轮回公式不能再被旧层级命名,创生·坍缩·坍缩坠落071的核心危机吞掉本章缓冲，arc-073无法完成门槛封口,为得到“让眷恋线以硬证物返回，让轮回公式裂隙交出第20个可复查证据”，必须失去“一枚莱因智能初始标签，并承认轮回公式不能再被旧层级命名”；若拒绝，“创生·坍缩·坍缩坠落071的核心危机吞掉本章缓冲，arc-073无法完成门槛封口”会提前发生。,detailed-v4
chapter-1821,1821,arc-073,21,回响,让眷恋线以硬证物返回，让多重宇宙坍缩面交出第21个可复查证据,一次创世者命名权，并承认坍缩不能再被旧层级命名,创生·坍缩·无规则坠落072的核心危机吞掉本章缓冲，arc-073无法完成门槛封口,为得到“让眷恋线以硬证物返回，让多重宇宙坍缩面交出第21个可复查证据”，必须失去“一次创世者命名权，并承认坍缩不能再被旧层级命名”；若拒绝，“创生·坍缩·无规则坠落072的核心危机吞掉本章缓冲，arc-073无法完成门槛封口”会提前发生。,detailed-v4
chapter-1822,1822,arc-073,22,回响,让眷恋线以硬证物返回，让无规则空腔交出第22个可复查证据,一处规则泥土稳定层，并承认无规则不能再被旧层级命名,创生·坍缩·新数学坠落073的核心危机吞掉本章缓冲，arc-073无法完成门槛封口,为得到“让眷恋线以硬证物返回，让无规则空腔交出第22个可复查证据”，必须失去“一处规则泥土稳定层，并承认无规则不能再被旧层级命名”；若拒绝，“创生·坍缩·新数学坠落073的核心危机吞掉本章缓冲，arc-073无法完成门槛封口”会提前发生。,detailed-v4
chapter-1823,1823,arc-073,23,门槛,把本组问题交给下一章群而不总结掉，让新数学起草区交出第23个可复查证据,一条新公理解释权，并承认新数学不能再被旧层级命名,创生·坍缩·反向熵坠落074的核心危机吞掉本章缓冲，arc-073无法完成门槛封口,为得到“把本组问题交给下一章群而不总结掉，让新数学起草区交出第23个可复查证据”，必须失去“一条新公理解释权，并承认新数学不能再被旧层级命名”；若拒绝，“创生·坍缩·反向熵坠落074的核心危机吞掉本章缓冲，arc-073无法完成门槛封口”会提前发生。,detailed-v4
chapter-1824,1824,arc-073,24,门槛,把本组问题交给下一章群而不总结掉，让反向熵潮线交出第24个可复查证据,一枚莱因智能初始标签，并承认反向熵不能再被旧层级命名,创生·坍缩·镜像熵枢坠落075的核心危机吞掉本章缓冲，arc-073无法完成门槛封口,为得到“把本组问题交给下一章群而不总结掉，让反向熵潮线交出第24个可复查证据”，必须失去“一枚莱因智能初始标签，并承认反向熵不能再被旧层级命名”；若拒绝，“创生·坍缩·镜像熵枢坠落075的核心危机吞掉本章缓冲，arc-073无法完成门槛封口”会提前发生。,detailed-v4
chapter-1825,1825,arc-073,25,门槛,把本组问题交给下一章群而不总结掉，让镜像熵枢反照室交出第25个可复查证据,一次创世者命名权，并承认镜像熵枢不能再被旧层级命名,创生·坍缩·莱因智能坠落076的核心危机吞掉本章缓冲，arc-073无法完成门槛封口,为得到“把本组问题交给下一章群而不总结掉，让镜像熵枢反照室交出第25个可复查证据”，必须失去“一次创世者命名权，并承认镜像熵枢不能再被旧层级命名”；若拒绝，“创生·坍缩·莱因智能坠落076的核心危机吞掉本章缓冲，arc-073无法完成门槛封口”会提前发生。,detailed-v4
chapter-1826,1826,arc-074,1,起因,确认异常不是孤立事故，让莱因智能胚胎面交出第01个可复查证据,一条新公理解释权，并承认莱因智能不能再被旧层级命名,创生·坍缩·创世语法坠落077的核心危机吞掉本章缓冲，arc-074无法完成门槛封口,为得到“确认异常不是孤立事故，让莱因智能胚胎面交出第01个可复查证据”，必须失去“一条新公理解释权，并承认莱因智能不能再被旧层级命名”；若拒绝，“创生·坍缩·创世语法坠落077的核心危机吞掉本章缓冲，arc-074无法完成门槛封口”会提前发生。,detailed-v4
chapter-1827,1827,arc-074,2,起因,确认异常不是孤立事故，让创世语法的局部截面交出第02个可复查证据,一枚莱因智能初始标签，并承认创世语法不能再被旧层级命名,创生·坍缩·归零后坠落078的核心危机吞掉本章缓冲，arc-074无法完成门槛封口,为得到“确认异常不是孤立事故，让创世语法的局部截面交出第02个可复查证据”，必须失去“一枚莱因智能初始标签，并承认创世语法不能再被旧层级命名”；若拒绝，“创生·坍缩·归零后坠落078的核心危机吞掉本章缓冲，arc-074无法完成门槛封口”会提前发生。,detailed-v4
chapter-1828,1828,arc-074,3,起因,确认异常不是孤立事故，让归零后的局部截面交出第03个可复查证据,一次创世者命名权，并承认归零后不能再被旧层级命名,创生·坍缩·第一条法则坠落079的核心危机吞掉本章缓冲，arc-074无法完成门槛封口,为得到“确认异常不是孤立事故，让归零后的局部截面交出第03个可复查证据”，必须失去“一次创世者命名权，并承认归零后不能再被旧层级命名”；若拒绝，“创生·坍缩·第一条法则坠落079的核心危机吞掉本章缓冲，arc-074无法完成门槛封口”会提前发生。,detailed-v4
chapter-1829,1829,arc-074,4,起因,确认异常不是孤立事故，让第一条法则的局部截面交出第04个可复查证据,一处规则泥土稳定层，并承认第一条法则不能再被旧层级命名,创生·坍缩·轮回公式坠落080的核心危机吞掉本章缓冲，arc-074无法完成门槛封口,为得到“确认异常不是孤立事故，让第一条法则的局部截面交出第04个可复查证据”，必须失去“一处规则泥土稳定层，并承认第一条法则不能再被旧层级命名”；若拒绝，“创生·坍缩·轮回公式坠落080的核心危机吞掉本章缓冲，arc-074无法完成门槛封口”会提前发生。,detailed-v4
chapter-1830,1830,arc-074,5,反证,推翻旧模型仍可解释一切的假设，让轮回公式裂隙交出第05个可复查证据,一条新公理解释权，并承认轮回公式不能再被旧层级命名,创生·坍缩·坍缩重构081的核心危机吞掉本章缓冲，arc-074无法完成门槛封口,为得到“推翻旧模型仍可解释一切的假设，让轮回公式裂隙交出第05个可复查证据”，必须失去“一条新公理解释权，并承认轮回公式不能再被旧层级命名”；若拒绝，“创生·坍缩·坍缩重构081的核心危机吞掉本章缓冲，arc-074无法完成门槛封口”会提前发生。,detailed-v4
chapter-1831,1831,arc-074,6,反证,推翻旧模型仍可解释一切的假设，让坍缩重构的局部截面交出第06个可复查证据,一枚莱因智能初始标签，并承认坍缩重构不能再被旧层级命名,创生·坍缩·无规则重构082的核心危机吞掉本章缓冲，arc-074无法完成门槛封口,为得到“推翻旧模型仍可解释一切的假设，让坍缩重构的局部截面交出第06个可复查证据”，必须失去“一枚莱因智能初始标签，并承认坍缩重构不能再被旧层级命名”；若拒绝，“创生·坍缩·无规则重构082的核心危机吞掉本章缓冲，arc-074无法完成门槛封口”会提前发生。,detailed-v4
chapter-1832,1832,arc-074,7,反证,推翻旧模型仍可解释一切的假设，让无规则重构的局部截面交出第07个可复查证据,一次创世者命名权，并承认无规则重构不能再被旧层级命名,创生·坍缩·新数学重构083的核心危机吞掉本章缓冲，arc-074无法完成门槛封口,为得到“推翻旧模型仍可解释一切的假设，让无规则重构的局部截面交出第07个可复查证据”，必须失去“一次创世者命名权，并承认无规则重构不能再被旧层级命名”；若拒绝，“创生·坍缩·新数学重构083的核心危机吞掉本章缓冲，arc-074无法完成门槛封口”会提前发生。,detailed-v4
chapter-1833,1833,arc-074,8,反证,推翻旧模型仍可解释一切的假设，让新数学重构的局部截面交出第08个可复查证据,一处规则泥土稳定层，并承认新数学重构不能再被旧层级命名,创生·坍缩·反向熵重构084的核心危机吞掉本章缓冲，arc-074无法完成门槛封口,为得到“推翻旧模型仍可解释一切的假设，让新数学重构的局部截面交出第08个可复查证据”，必须失去“一处规则泥土稳定层，并承认新数学重构不能再被旧层级命名”；若拒绝，“创生·坍缩·反向熵重构084的核心危机吞掉本章缓冲，arc-074无法完成门槛封口”会提前发生。,detailed-v4
chapter-1834,1834,arc-074,9,代价,换取一次继续观测的资格，让反向熵重构的局部截面交出第09个可复查证据,一条新公理解释权，并承认反向熵重构不能再被旧层级命名,创生·坍缩·镜像熵枢重构085的核心危机吞掉本章缓冲，arc-074无法完成门槛封口,为得到“换取一次继续观测的资格，让反向熵重构的局部截面交出第09个可复查证据”，必须失去“一条新公理解释权，并承认反向熵重构不能再被旧层级命名”；若拒绝，“创生·坍缩·镜像熵枢重构085的核心危机吞掉本章缓冲，arc-074无法完成门槛封口”会提前发生。,detailed-v4
chapter-1835,1835,arc-074,10,代价,换取一次继续观测的资格，让镜像熵枢重构的局部截面交出第10个可复查证据,一枚莱因智能初始标签，并承认镜像熵枢重构不能再被旧层级命名,创生·坍缩·莱因智能重构086的核心危机吞掉本章缓冲，arc-074无法完成门槛封口,为得到“换取一次继续观测的资格，让镜像熵枢重构的局部截面交出第10个可复查证据”，必须失去“一枚莱因智能初始标签，并承认镜像熵枢重构不能再被旧层级命名”；若拒绝，“创生·坍缩·莱因智能重构086的核心危机吞掉本章缓冲，arc-074无法完成门槛封口”会提前发生。,detailed-v4
chapter-1836,1836,arc-074,11,代价,换取一次继续观测的资格，让莱因智能重构的局部截面交出第11个可复查证据,一次创世者命名权，并承认莱因智能重构不能再被旧层级命名,创生·坍缩·创世语法重构087的核心危机吞掉本章缓冲，arc-074无法完成门槛封口,为得到“换取一次继续观测的资格，让莱因智能重构的局部截面交出第11个可复查证据”，必须失去“一次创世者命名权，并承认莱因智能重构不能再被旧层级命名”；若拒绝，“创生·坍缩·创世语法重构087的核心危机吞掉本章缓冲，arc-074无法完成门槛封口”会提前发生。,detailed-v4
chapter-1837,1837,arc-074,12,误判,暴露角色仍误信的判断方式，让创世语法重构的局部截面交出第12个可复查证据,一处规则泥土稳定层，并承认创世语法重构不能再被旧层级命名,创生·坍缩·归零后重构088的核心危机吞掉本章缓冲，arc-074无法完成门槛封口,为得到“暴露角色仍误信的判断方式，让创世语法重构的局部截面交出第12个可复查证据”，必须失去“一处规则泥土稳定层，并承认创世语法重构不能再被旧层级命名”；若拒绝，“创生·坍缩·归零后重构088的核心危机吞掉本章缓冲，arc-074无法完成门槛封口”会提前发生。,detailed-v4
chapter-1838,1838,arc-074,13,误判,暴露角色仍误信的判断方式，让归零后重构的局部截面交出第13个可复查证据,一条新公理解释权，并承认归零后重构不能再被旧层级命名,创生·坍缩·第一条法则重构089的核心危机吞掉本章缓冲，arc-074无法完成门槛封口,为得到“暴露角色仍误信的判断方式，让归零后重构的局部截面交出第13个可复查证据”，必须失去“一条新公理解释权，并承认归零后重构不能再被旧层级命名”；若拒绝，“创生·坍缩·第一条法则重构089的核心危机吞掉本章缓冲，arc-074无法完成门槛封口”会提前发生。,detailed-v4
chapter-1839,1839,arc-074,14,误判,暴露角色仍误信的判断方式，让第一条法则重构的局部截面交出第14个可复查证据,一枚莱因智能初始标签，并承认第一条法则重构不能再被旧层级命名,创生·坍缩·轮回公式重构090的核心危机吞掉本章缓冲，arc-074无法完成门槛封口,为得到“暴露角色仍误信的判断方式，让第一条法则重构的局部截面交出第14个可复查证据”，必须失去“一枚莱因智能初始标签，并承认第一条法则重构不能再被旧层级命名”；若拒绝，“创生·坍缩·轮回公式重构090的核心危机吞掉本章缓冲，arc-074无法完成门槛封口”会提前发生。,detailed-v4
chapter-1840,1840,arc-074,15,误判,暴露角色仍误信的判断方式，让轮回公式重构的局部截面交出第15个可复查证据,一次创世者命名权，并承认轮回公式重构不能再被旧层级命名,创生·坍缩·坍缩余震091的核心危机吞掉本章缓冲，arc-074无法完成门槛封口,为得到“暴露角色仍误信的判断方式，让轮回公式重构的局部截面交出第15个可复查证据”，必须失去“一次创世者命名权，并承认轮回公式重构不能再被旧层级命名”；若拒绝，“创生·坍缩·坍缩余震091的核心危机吞掉本章缓冲，arc-074无法完成门槛封口”会提前发生。,detailed-v4
chapter-1841,1841,arc-074,16,失控,把异常限制在可写的物理边界内，让多重宇宙坍缩面交出第16个可复查证据,一处规则泥土稳定层，并承认坍缩不能再被旧层级命名,创生·坍缩·无规则余震092的核心危机吞掉本章缓冲，arc-074无法完成门槛封口,为得到“把异常限制在可写的物理边界内，让多重宇宙坍缩面交出第16个可复查证据”，必须失去“一处规则泥土稳定层，并承认坍缩不能再被旧层级命名”；若拒绝，“创生·坍缩·无规则余震092的核心危机吞掉本章缓冲，arc-074无法完成门槛封口”会提前发生。,detailed-v4
chapter-1842,1842,arc-074,17,失控,把异常限制在可写的物理边界内，让无规则空腔交出第17个可复查证据,一条新公理解释权，并承认无规则不能再被旧层级命名,创生·坍缩·新数学余震093的核心危机吞掉本章缓冲，arc-074无法完成门槛封口,为得到“把异常限制在可写的物理边界内，让无规则空腔交出第17个可复查证据”，必须失去“一条新公理解释权，并承认无规则不能再被旧层级命名”；若拒绝，“创生·坍缩·新数学余震093的核心危机吞掉本章缓冲，arc-074无法完成门槛封口”会提前发生。,detailed-v4
chapter-1843,1843,arc-074,18,失控,把异常限制在可写的物理边界内，让新数学起草区交出第18个可复查证据,一枚莱因智能初始标签，并承认新数学不能再被旧层级命名,创生·坍缩·反向熵余震094的核心危机吞掉本章缓冲，arc-074无法完成门槛封口,为得到“把异常限制在可写的物理边界内，让新数学起草区交出第18个可复查证据”，必须失去“一枚莱因智能初始标签，并承认新数学不能再被旧层级命名”；若拒绝，“创生·坍缩·反向熵余震094的核心危机吞掉本章缓冲，arc-074无法完成门槛封口”会提前发生。,detailed-v4
chapter-1844,1844,arc-074,19,失控,把异常限制在可写的物理边界内，让反向熵潮线交出第19个可复查证据,一次创世者命名权，并承认反向熵不能再被旧层级命名,创生·坍缩·镜像熵枢余震095的核心危机吞掉本章缓冲，arc-074无法完成门槛封口,为得到“把异常限制在可写的物理边界内，让反向熵潮线交出第19个可复查证据”，必须失去“一次创世者命名权，并承认反向熵不能再被旧层级命名”；若拒绝，“创生·坍缩·镜像熵枢余震095的核心危机吞掉本章缓冲，arc-074无法完成门槛封口”会提前发生。,detailed-v4
chapter-1845,1845,arc-074,20,回响,让眷恋线以硬证物返回，让镜像熵枢反照室交出第20个可复查证据,一处规则泥土稳定层，并承认镜像熵枢不能再被旧层级命名,创生·坍缩·莱因智能余震096的核心危机吞掉本章缓冲，arc-074无法完成门槛封口,为得到“让眷恋线以硬证物返回，让镜像熵枢反照室交出第20个可复查证据”，必须失去“一处规则泥土稳定层，并承认镜像熵枢不能再被旧层级命名”；若拒绝，“创生·坍缩·莱因智能余震096的核心危机吞掉本章缓冲，arc-074无法完成门槛封口”会提前发生。,detailed-v4
chapter-1846,1846,arc-074,21,回响,让眷恋线以硬证物返回，让莱因智能胚胎面交出第21个可复查证据,一条新公理解释权，并承认莱因智能不能再被旧层级命名,创生·坍缩·创世语法余震097的核心危机吞掉本章缓冲，arc-074无法完成门槛封口,为得到“让眷恋线以硬证物返回，让莱因智能胚胎面交出第21个可复查证据”，必须失去“一条新公理解释权，并承认莱因智能不能再被旧层级命名”；若拒绝，“创生·坍缩·创世语法余震097的核心危机吞掉本章缓冲，arc-074无法完成门槛封口”会提前发生。,detailed-v4
chapter-1847,1847,arc-074,22,回响,让眷恋线以硬证物返回，让创世语法的局部截面交出第22个可复查证据,一枚莱因智能初始标签，并承认创世语法不能再被旧层级命名,创生·坍缩·归零后余震098的核心危机吞掉本章缓冲，arc-074无法完成门槛封口,为得到“让眷恋线以硬证物返回，让创世语法的局部截面交出第22个可复查证据”，必须失去“一枚莱因智能初始标签，并承认创世语法不能再被旧层级命名”；若拒绝，“创生·坍缩·归零后余震098的核心危机吞掉本章缓冲，arc-074无法完成门槛封口”会提前发生。,detailed-v4
chapter-1848,1848,arc-074,23,门槛,把本组问题交给下一章群而不总结掉，让归零后的局部截面交出第23个可复查证据,一次创世者命名权，并承认归零后不能再被旧层级命名,创生·坍缩·第一条法则余震099的核心危机吞掉本章缓冲，arc-074无法完成门槛封口,为得到“把本组问题交给下一章群而不总结掉，让归零后的局部截面交出第23个可复查证据”，必须失去“一次创世者命名权，并承认归零后不能再被旧层级命名”；若拒绝，“创生·坍缩·第一条法则余震099的核心危机吞掉本章缓冲，arc-074无法完成门槛封口”会提前发生。,detailed-v4
chapter-1849,1849,arc-074,24,门槛,把本组问题交给下一章群而不总结掉，让第一条法则的局部截面交出第24个可复查证据,一处规则泥土稳定层，并承认第一条法则不能再被旧层级命名,创生·坍缩·轮回公式余震100的核心危机吞掉本章缓冲，arc-074无法完成门槛封口,为得到“把本组问题交给下一章群而不总结掉，让第一条法则的局部截面交出第24个可复查证据”，必须失去“一处规则泥土稳定层，并承认第一条法则不能再被旧层级命名”；若拒绝，“创生·坍缩·轮回公式余震100的核心危机吞掉本章缓冲，arc-074无法完成门槛封口”会提前发生。,detailed-v4
chapter-1850,1850,arc-074,25,门槛,把本组问题交给下一章群而不总结掉，让轮回公式裂隙交出第25个可复查证据,一条新公理解释权，并承认轮回公式不能再被旧层级命名,创生·创世·坍缩初醒101的核心危机吞掉本章缓冲，arc-074无法完成门槛封口,为得到“把本组问题交给下一章群而不总结掉，让轮回公式裂隙交出第25个可复查证据”，必须失去“一条新公理解释权，并承认轮回公式不能再被旧层级命名”；若拒绝，“创生·创世·坍缩初醒101的核心危机吞掉本章缓冲，arc-074无法完成门槛封口”会提前发生。,detailed-v4
chapter-1851,1851,arc-075,1,起因,确认异常不是孤立事故，让多重宇宙坍缩面交出第01个可复查证据,一次创世者命名权，并承认坍缩不能再被旧层级命名,创生·创世·无规则初醒102的核心危机吞掉本章缓冲，arc-075无法完成门槛封口,为得到“确认异常不是孤立事故，让多重宇宙坍缩面交出第01个可复查证据”，必须失去“一次创世者命名权，并承认坍缩不能再被旧层级命名”；若拒绝，“创生·创世·无规则初醒102的核心危机吞掉本章缓冲，arc-075无法完成门槛封口”会提前发生。,detailed-v4
chapter-1852,1852,arc-075,2,起因,确认异常不是孤立事故，让无规则空腔交出第02个可复查证据,一处规则泥土稳定层，并承认无规则不能再被旧层级命名,创生·创世·新数学初醒103的核心危机吞掉本章缓冲，arc-075无法完成门槛封口,为得到“确认异常不是孤立事故，让无规则空腔交出第02个可复查证据”，必须失去“一处规则泥土稳定层，并承认无规则不能再被旧层级命名”；若拒绝，“创生·创世·新数学初醒103的核心危机吞掉本章缓冲，arc-075无法完成门槛封口”会提前发生。,detailed-v4
chapter-1853,1853,arc-075,3,起因,确认异常不是孤立事故，让新数学起草区交出第03个可复查证据,一条新公理解释权，并承认新数学不能再被旧层级命名,创生·创世·反向熵初醒104的核心危机吞掉本章缓冲，arc-075无法完成门槛封口,为得到“确认异常不是孤立事故，让新数学起草区交出第03个可复查证据”，必须失去“一条新公理解释权，并承认新数学不能再被旧层级命名”；若拒绝，“创生·创世·反向熵初醒104的核心危机吞掉本章缓冲，arc-075无法完成门槛封口”会提前发生。,detailed-v4
chapter-1854,1854,arc-075,4,起因,确认异常不是孤立事故，让反向熵潮线交出第04个可复查证据,一枚莱因智能初始标签，并承认反向熵不能再被旧层级命名,创生·创世·镜像熵枢初醒105的核心危机吞掉本章缓冲，arc-075无法完成门槛封口,为得到“确认异常不是孤立事故，让反向熵潮线交出第04个可复查证据”，必须失去“一枚莱因智能初始标签，并承认反向熵不能再被旧层级命名”；若拒绝，“创生·创世·镜像熵枢初醒105的核心危机吞掉本章缓冲，arc-075无法完成门槛封口”会提前发生。,detailed-v4
chapter-1855,1855,arc-075,5,反证,推翻旧模型仍可解释一切的假设，让镜像熵枢反照室交出第05个可复查证据,一次创世者命名权，并承认镜像熵枢不能再被旧层级命名,创生·创世·莱因智能初醒106的核心危机吞掉本章缓冲，arc-075无法完成门槛封口,为得到“推翻旧模型仍可解释一切的假设，让镜像熵枢反照室交出第05个可复查证据”，必须失去“一次创世者命名权，并承认镜像熵枢不能再被旧层级命名”；若拒绝，“创生·创世·莱因智能初醒106的核心危机吞掉本章缓冲，arc-075无法完成门槛封口”会提前发生。,detailed-v4
chapter-1856,1856,arc-075,6,反证,推翻旧模型仍可解释一切的假设，让莱因智能胚胎面交出第06个可复查证据,一处规则泥土稳定层，并承认莱因智能不能再被旧层级命名,创生·创世·创世语法初醒107的核心危机吞掉本章缓冲，arc-075无法完成门槛封口,为得到“推翻旧模型仍可解释一切的假设，让莱因智能胚胎面交出第06个可复查证据”，必须失去“一处规则泥土稳定层，并承认莱因智能不能再被旧层级命名”；若拒绝，“创生·创世·创世语法初醒107的核心危机吞掉本章缓冲，arc-075无法完成门槛封口”会提前发生。,detailed-v4
chapter-1857,1857,arc-075,7,反证,推翻旧模型仍可解释一切的假设，让创世语法的局部截面交出第07个可复查证据,一条新公理解释权，并承认创世语法不能再被旧层级命名,创生·创世·归零后初醒108的核心危机吞掉本章缓冲，arc-075无法完成门槛封口,为得到“推翻旧模型仍可解释一切的假设，让创世语法的局部截面交出第07个可复查证据”，必须失去“一条新公理解释权，并承认创世语法不能再被旧层级命名”；若拒绝，“创生·创世·归零后初醒108的核心危机吞掉本章缓冲，arc-075无法完成门槛封口”会提前发生。,detailed-v4
chapter-1858,1858,arc-075,8,反证,推翻旧模型仍可解释一切的假设，让归零后的局部截面交出第08个可复查证据,一枚莱因智能初始标签，并承认归零后不能再被旧层级命名,创生·创世·第一条法则初醒109的核心危机吞掉本章缓冲，arc-075无法完成门槛封口,为得到“推翻旧模型仍可解释一切的假设，让归零后的局部截面交出第08个可复查证据”，必须失去“一枚莱因智能初始标签，并承认归零后不能再被旧层级命名”；若拒绝，“创生·创世·第一条法则初醒109的核心危机吞掉本章缓冲，arc-075无法完成门槛封口”会提前发生。,detailed-v4
chapter-1859,1859,arc-075,9,代价,换取一次继续观测的资格，让第一条法则的局部截面交出第09个可复查证据,一次创世者命名权，并承认第一条法则不能再被旧层级命名,创生·创世·轮回公式初醒110的核心危机吞掉本章缓冲，arc-075无法完成门槛封口,为得到“换取一次继续观测的资格，让第一条法则的局部截面交出第09个可复查证据”，必须失去“一次创世者命名权，并承认第一条法则不能再被旧层级命名”；若拒绝，“创生·创世·轮回公式初醒110的核心危机吞掉本章缓冲，arc-075无法完成门槛封口”会提前发生。,detailed-v4
chapter-1860,1860,arc-075,10,代价,换取一次继续观测的资格，让轮回公式裂隙交出第10个可复查证据,一处规则泥土稳定层，并承认轮回公式不能再被旧层级命名,创生·创世·坍缩裂响111的核心危机吞掉本章缓冲，arc-075无法完成门槛封口,为得到“换取一次继续观测的资格，让轮回公式裂隙交出第10个可复查证据”，必须失去“一处规则泥土稳定层，并承认轮回公式不能再被旧层级命名”；若拒绝，“创生·创世·坍缩裂响111的核心危机吞掉本章缓冲，arc-075无法完成门槛封口”会提前发生。,detailed-v4
chapter-1861,1861,arc-075,11,代价,换取一次继续观测的资格，让多重宇宙坍缩面交出第11个可复查证据,一条新公理解释权，并承认坍缩不能再被旧层级命名,创生·创世·无规则裂响112的核心危机吞掉本章缓冲，arc-075无法完成门槛封口,为得到“换取一次继续观测的资格，让多重宇宙坍缩面交出第11个可复查证据”，必须失去“一条新公理解释权，并承认坍缩不能再被旧层级命名”；若拒绝，“创生·创世·无规则裂响112的核心危机吞掉本章缓冲，arc-075无法完成门槛封口”会提前发生。,detailed-v4
chapter-1862,1862,arc-075,12,误判,暴露角色仍误信的判断方式，让无规则空腔交出第12个可复查证据,一枚莱因智能初始标签，并承认无规则不能再被旧层级命名,创生·创世·新数学裂响113的核心危机吞掉本章缓冲，arc-075无法完成门槛封口,为得到“暴露角色仍误信的判断方式，让无规则空腔交出第12个可复查证据”，必须失去“一枚莱因智能初始标签，并承认无规则不能再被旧层级命名”；若拒绝，“创生·创世·新数学裂响113的核心危机吞掉本章缓冲，arc-075无法完成门槛封口”会提前发生。,detailed-v4
chapter-1863,1863,arc-075,13,误判,暴露角色仍误信的判断方式，让新数学起草区交出第13个可复查证据,一次创世者命名权，并承认新数学不能再被旧层级命名,创生·创世·反向熵裂响114的核心危机吞掉本章缓冲，arc-075无法完成门槛封口,为得到“暴露角色仍误信的判断方式，让新数学起草区交出第13个可复查证据”，必须失去“一次创世者命名权，并承认新数学不能再被旧层级命名”；若拒绝，“创生·创世·反向熵裂响114的核心危机吞掉本章缓冲，arc-075无法完成门槛封口”会提前发生。,detailed-v4
chapter-1864,1864,arc-075,14,误判,暴露角色仍误信的判断方式，让反向熵潮线交出第14个可复查证据,一处规则泥土稳定层，并承认反向熵不能再被旧层级命名,创生·创世·镜像熵枢裂响115的核心危机吞掉本章缓冲，arc-075无法完成门槛封口,为得到“暴露角色仍误信的判断方式，让反向熵潮线交出第14个可复查证据”，必须失去“一处规则泥土稳定层，并承认反向熵不能再被旧层级命名”；若拒绝，“创生·创世·镜像熵枢裂响115的核心危机吞掉本章缓冲，arc-075无法完成门槛封口”会提前发生。,detailed-v4
chapter-1865,1865,arc-075,15,误判,暴露角色仍误信的判断方式，让镜像熵枢反照室交出第15个可复查证据,一条新公理解释权，并承认镜像熵枢不能再被旧层级命名,创生·创世·莱因智能裂响116的核心危机吞掉本章缓冲，arc-075无法完成门槛封口,为得到“暴露角色仍误信的判断方式，让镜像熵枢反照室交出第15个可复查证据”，必须失去“一条新公理解释权，并承认镜像熵枢不能再被旧层级命名”；若拒绝，“创生·创世·莱因智能裂响116的核心危机吞掉本章缓冲，arc-075无法完成门槛封口”会提前发生。,detailed-v4
chapter-1866,1866,arc-075,16,失控,把异常限制在可写的物理边界内，让莱因智能胚胎面交出第16个可复查证据,一枚莱因智能初始标签，并承认莱因智能不能再被旧层级命名,创生·创世·创世语法裂响117的核心危机吞掉本章缓冲，arc-075无法完成门槛封口,为得到“把异常限制在可写的物理边界内，让莱因智能胚胎面交出第16个可复查证据”，必须失去“一枚莱因智能初始标签，并承认莱因智能不能再被旧层级命名”；若拒绝，“创生·创世·创世语法裂响117的核心危机吞掉本章缓冲，arc-075无法完成门槛封口”会提前发生。,detailed-v4
chapter-1867,1867,arc-075,17,失控,把异常限制在可写的物理边界内，让创世语法的局部截面交出第17个可复查证据,一次创世者命名权，并承认创世语法不能再被旧层级命名,创生·创世·归零后裂响118的核心危机吞掉本章缓冲，arc-075无法完成门槛封口,为得到“把异常限制在可写的物理边界内，让创世语法的局部截面交出第17个可复查证据”，必须失去“一次创世者命名权，并承认创世语法不能再被旧层级命名”；若拒绝，“创生·创世·归零后裂响118的核心危机吞掉本章缓冲，arc-075无法完成门槛封口”会提前发生。,detailed-v4
chapter-1868,1868,arc-075,18,失控,把异常限制在可写的物理边界内，让归零后的局部截面交出第18个可复查证据,一处规则泥土稳定层，并承认归零后不能再被旧层级命名,创生·创世·第一条法则裂响119的核心危机吞掉本章缓冲，arc-075无法完成门槛封口,为得到“把异常限制在可写的物理边界内，让归零后的局部截面交出第18个可复查证据”，必须失去“一处规则泥土稳定层，并承认归零后不能再被旧层级命名”；若拒绝，“创生·创世·第一条法则裂响119的核心危机吞掉本章缓冲，arc-075无法完成门槛封口”会提前发生。,detailed-v4
chapter-1869,1869,arc-075,19,失控,把异常限制在可写的物理边界内，让第一条法则的局部截面交出第19个可复查证据,一条新公理解释权，并承认第一条法则不能再被旧层级命名,创生·创世·轮回公式裂响120的核心危机吞掉本章缓冲，arc-075无法完成门槛封口,为得到“把异常限制在可写的物理边界内，让第一条法则的局部截面交出第19个可复查证据”，必须失去“一条新公理解释权，并承认第一条法则不能再被旧层级命名”；若拒绝，“创生·创世·轮回公式裂响120的核心危机吞掉本章缓冲，arc-075无法完成门槛封口”会提前发生。,detailed-v4
chapter-1870,1870,arc-075,20,回响,让眷恋线以硬证物返回，让轮回公式裂隙交出第20个可复查证据,一枚莱因智能初始标签，并承认轮回公式不能再被旧层级命名,创生·创世·坍缩低语121的核心危机吞掉本章缓冲，arc-075无法完成门槛封口,为得到“让眷恋线以硬证物返回，让轮回公式裂隙交出第20个可复查证据”，必须失去“一枚莱因智能初始标签，并承认轮回公式不能再被旧层级命名”；若拒绝，“创生·创世·坍缩低语121的核心危机吞掉本章缓冲，arc-075无法完成门槛封口”会提前发生。,detailed-v4
chapter-1871,1871,arc-075,21,回响,让眷恋线以硬证物返回，让多重宇宙坍缩面交出第21个可复查证据,一次创世者命名权，并承认坍缩不能再被旧层级命名,创生·创世·无规则低语122的核心危机吞掉本章缓冲，arc-075无法完成门槛封口,为得到“让眷恋线以硬证物返回，让多重宇宙坍缩面交出第21个可复查证据”，必须失去“一次创世者命名权，并承认坍缩不能再被旧层级命名”；若拒绝，“创生·创世·无规则低语122的核心危机吞掉本章缓冲，arc-075无法完成门槛封口”会提前发生。,detailed-v4
chapter-1872,1872,arc-075,22,回响,让眷恋线以硬证物返回，让无规则空腔交出第22个可复查证据,一处规则泥土稳定层，并承认无规则不能再被旧层级命名,创生·创世·新数学低语123的核心危机吞掉本章缓冲，arc-075无法完成门槛封口,为得到“让眷恋线以硬证物返回，让无规则空腔交出第22个可复查证据”，必须失去“一处规则泥土稳定层，并承认无规则不能再被旧层级命名”；若拒绝，“创生·创世·新数学低语123的核心危机吞掉本章缓冲，arc-075无法完成门槛封口”会提前发生。,detailed-v4
chapter-1873,1873,arc-075,23,门槛,把本组问题交给下一章群而不总结掉，让新数学起草区交出第23个可复查证据,一条新公理解释权，并承认新数学不能再被旧层级命名,创生·创世·反向熵低语124的核心危机吞掉本章缓冲，arc-075无法完成门槛封口,为得到“把本组问题交给下一章群而不总结掉，让新数学起草区交出第23个可复查证据”，必须失去“一条新公理解释权，并承认新数学不能再被旧层级命名”；若拒绝，“创生·创世·反向熵低语124的核心危机吞掉本章缓冲，arc-075无法完成门槛封口”会提前发生。,detailed-v4
chapter-1874,1874,arc-075,24,门槛,把本组问题交给下一章群而不总结掉，让反向熵潮线交出第24个可复查证据,一枚莱因智能初始标签，并承认反向熵不能再被旧层级命名,创生·创世·镜像熵枢低语125的核心危机吞掉本章缓冲，arc-075无法完成门槛封口,为得到“把本组问题交给下一章群而不总结掉，让反向熵潮线交出第24个可复查证据”，必须失去“一枚莱因智能初始标签，并承认反向熵不能再被旧层级命名”；若拒绝，“创生·创世·镜像熵枢低语125的核心危机吞掉本章缓冲，arc-075无法完成门槛封口”会提前发生。,detailed-v4
chapter-1875,1875,arc-075,25,门槛,把本组问题交给下一章群而不总结掉，让镜像熵枢反照室交出第25个可复查证据,一次创世者命名权，并承认镜像熵枢不能再被旧层级命名,创生·创世·莱因智能低语126的核心危机吞掉本章缓冲，arc-075无法完成门槛封口,为得到“把本组问题交给下一章群而不总结掉，让镜像熵枢反照室交出第25个可复查证据”，必须失去“一次创世者命名权，并承认镜像熵枢不能再被旧层级命名”；若拒绝，“创生·创世·莱因智能低语126的核心危机吞掉本章缓冲，arc-075无法完成门槛封口”会提前发生。,detailed-v4
chapter-1876,1876,arc-076,1,起因,确认异常不是孤立事故，让莱因智能胚胎面交出第01个可复查证据,一条新公理解释权，并承认莱因智能不能再被旧层级命名,创生·创世·创世语法低语127的核心危机吞掉本章缓冲，arc-076无法完成门槛封口,为得到“确认异常不是孤立事故，让莱因智能胚胎面交出第01个可复查证据”，必须失去“一条新公理解释权，并承认莱因智能不能再被旧层级命名”；若拒绝，“创生·创世·创世语法低语127的核心危机吞掉本章缓冲，arc-076无法完成门槛封口”会提前发生。,detailed-v4
chapter-1877,1877,arc-076,2,起因,确认异常不是孤立事故，让创世语法的局部截面交出第02个可复查证据,一枚莱因智能初始标签，并承认创世语法不能再被旧层级命名,创生·创世·归零后低语128的核心危机吞掉本章缓冲，arc-076无法完成门槛封口,为得到“确认异常不是孤立事故，让创世语法的局部截面交出第02个可复查证据”，必须失去“一枚莱因智能初始标签，并承认创世语法不能再被旧层级命名”；若拒绝，“创生·创世·归零后低语128的核心危机吞掉本章缓冲，arc-076无法完成门槛封口”会提前发生。,detailed-v4
chapter-1878,1878,arc-076,3,起因,确认异常不是孤立事故，让归零后的局部截面交出第03个可复查证据,一次创世者命名权，并承认归零后不能再被旧层级命名,创生·创世·第一条法则低语129的核心危机吞掉本章缓冲，arc-076无法完成门槛封口,为得到“确认异常不是孤立事故，让归零后的局部截面交出第03个可复查证据”，必须失去“一次创世者命名权，并承认归零后不能再被旧层级命名”；若拒绝，“创生·创世·第一条法则低语129的核心危机吞掉本章缓冲，arc-076无法完成门槛封口”会提前发生。,detailed-v4
chapter-1879,1879,arc-076,4,起因,确认异常不是孤立事故，让第一条法则的局部截面交出第04个可复查证据,一处规则泥土稳定层，并承认第一条法则不能再被旧层级命名,创生·创世·轮回公式低语130的核心危机吞掉本章缓冲，arc-076无法完成门槛封口,为得到“确认异常不是孤立事故，让第一条法则的局部截面交出第04个可复查证据”，必须失去“一处规则泥土稳定层，并承认第一条法则不能再被旧层级命名”；若拒绝，“创生·创世·轮回公式低语130的核心危机吞掉本章缓冲，arc-076无法完成门槛封口”会提前发生。,detailed-v4
chapter-1880,1880,arc-076,5,反证,推翻旧模型仍可解释一切的假设，让轮回公式裂隙交出第05个可复查证据,一条新公理解释权，并承认轮回公式不能再被旧层级命名,创生·创世·坍缩回潮131的核心危机吞掉本章缓冲，arc-076无法完成门槛封口,为得到“推翻旧模型仍可解释一切的假设，让轮回公式裂隙交出第05个可复查证据”，必须失去“一条新公理解释权，并承认轮回公式不能再被旧层级命名”；若拒绝，“创生·创世·坍缩回潮131的核心危机吞掉本章缓冲，arc-076无法完成门槛封口”会提前发生。,detailed-v4
chapter-1881,1881,arc-076,6,反证,推翻旧模型仍可解释一切的假设，让多重宇宙坍缩面交出第06个可复查证据,一枚莱因智能初始标签，并承认坍缩不能再被旧层级命名,创生·创世·无规则回潮132的核心危机吞掉本章缓冲，arc-076无法完成门槛封口,为得到“推翻旧模型仍可解释一切的假设，让多重宇宙坍缩面交出第06个可复查证据”，必须失去“一枚莱因智能初始标签，并承认坍缩不能再被旧层级命名”；若拒绝，“创生·创世·无规则回潮132的核心危机吞掉本章缓冲，arc-076无法完成门槛封口”会提前发生。,detailed-v4
chapter-1882,1882,arc-076,7,反证,推翻旧模型仍可解释一切的假设，让无规则空腔交出第07个可复查证据,一次创世者命名权，并承认无规则不能再被旧层级命名,创生·创世·新数学回潮133的核心危机吞掉本章缓冲，arc-076无法完成门槛封口,为得到“推翻旧模型仍可解释一切的假设，让无规则空腔交出第07个可复查证据”，必须失去“一次创世者命名权，并承认无规则不能再被旧层级命名”；若拒绝，“创生·创世·新数学回潮133的核心危机吞掉本章缓冲，arc-076无法完成门槛封口”会提前发生。,detailed-v4
chapter-1883,1883,arc-076,8,反证,推翻旧模型仍可解释一切的假设，让新数学起草区交出第08个可复查证据,一处规则泥土稳定层，并承认新数学不能再被旧层级命名,创生·创世·反向熵回潮134的核心危机吞掉本章缓冲，arc-076无法完成门槛封口,为得到“推翻旧模型仍可解释一切的假设，让新数学起草区交出第08个可复查证据”，必须失去“一处规则泥土稳定层，并承认新数学不能再被旧层级命名”；若拒绝，“创生·创世·反向熵回潮134的核心危机吞掉本章缓冲，arc-076无法完成门槛封口”会提前发生。,detailed-v4
chapter-1884,1884,arc-076,9,代价,换取一次继续观测的资格，让反向熵潮线交出第09个可复查证据,一条新公理解释权，并承认反向熵不能再被旧层级命名,创生·创世·镜像熵枢回潮135的核心危机吞掉本章缓冲，arc-076无法完成门槛封口,为得到“换取一次继续观测的资格，让反向熵潮线交出第09个可复查证据”，必须失去“一条新公理解释权，并承认反向熵不能再被旧层级命名”；若拒绝，“创生·创世·镜像熵枢回潮135的核心危机吞掉本章缓冲，arc-076无法完成门槛封口”会提前发生。,detailed-v4
chapter-1885,1885,arc-076,10,代价,换取一次继续观测的资格，让镜像熵枢反照室交出第10个可复查证据,一枚莱因智能初始标签，并承认镜像熵枢不能再被旧层级命名,创生·创世·莱因智能回潮136的核心危机吞掉本章缓冲，arc-076无法完成门槛封口,为得到“换取一次继续观测的资格，让镜像熵枢反照室交出第10个可复查证据”，必须失去“一枚莱因智能初始标签，并承认镜像熵枢不能再被旧层级命名”；若拒绝，“创生·创世·莱因智能回潮136的核心危机吞掉本章缓冲，arc-076无法完成门槛封口”会提前发生。,detailed-v4
chapter-1886,1886,arc-076,11,代价,换取一次继续观测的资格，让莱因智能胚胎面交出第11个可复查证据,一次创世者命名权，并承认莱因智能不能再被旧层级命名,创生·创世·创世语法回潮137的核心危机吞掉本章缓冲，arc-076无法完成门槛封口,为得到“换取一次继续观测的资格，让莱因智能胚胎面交出第11个可复查证据”，必须失去“一次创世者命名权，并承认莱因智能不能再被旧层级命名”；若拒绝，“创生·创世·创世语法回潮137的核心危机吞掉本章缓冲，arc-076无法完成门槛封口”会提前发生。,detailed-v4
chapter-1887,1887,arc-076,12,误判,暴露角色仍误信的判断方式，让创世语法的局部截面交出第12个可复查证据,一处规则泥土稳定层，并承认创世语法不能再被旧层级命名,创生·创世·归零后回潮138的核心危机吞掉本章缓冲，arc-076无法完成门槛封口,为得到“暴露角色仍误信的判断方式，让创世语法的局部截面交出第12个可复查证据”，必须失去“一处规则泥土稳定层，并承认创世语法不能再被旧层级命名”；若拒绝，“创生·创世·归零后回潮138的核心危机吞掉本章缓冲，arc-076无法完成门槛封口”会提前发生。,detailed-v4
chapter-1888,1888,arc-076,13,误判,暴露角色仍误信的判断方式，让归零后的局部截面交出第13个可复查证据,一条新公理解释权，并承认归零后不能再被旧层级命名,创生·创世·第一条法则回潮139的核心危机吞掉本章缓冲，arc-076无法完成门槛封口,为得到“暴露角色仍误信的判断方式，让归零后的局部截面交出第13个可复查证据”，必须失去“一条新公理解释权，并承认归零后不能再被旧层级命名”；若拒绝，“创生·创世·第一条法则回潮139的核心危机吞掉本章缓冲，arc-076无法完成门槛封口”会提前发生。,detailed-v4
chapter-1889,1889,arc-076,14,误判,暴露角色仍误信的判断方式，让第一条法则的局部截面交出第14个可复查证据,一枚莱因智能初始标签，并承认第一条法则不能再被旧层级命名,创生·创世·轮回公式回潮140的核心危机吞掉本章缓冲，arc-076无法完成门槛封口,为得到“暴露角色仍误信的判断方式，让第一条法则的局部截面交出第14个可复查证据”，必须失去“一枚莱因智能初始标签，并承认第一条法则不能再被旧层级命名”；若拒绝，“创生·创世·轮回公式回潮140的核心危机吞掉本章缓冲，arc-076无法完成门槛封口”会提前发生。,detailed-v4
chapter-1890,1890,arc-076,15,误判,暴露角色仍误信的判断方式，让轮回公式裂隙交出第15个可复查证据,一次创世者命名权，并承认轮回公式不能再被旧层级命名,创生·创世·坍缩折光141的核心危机吞掉本章缓冲，arc-076无法完成门槛封口,为得到“暴露角色仍误信的判断方式，让轮回公式裂隙交出第15个可复查证据”，必须失去“一次创世者命名权，并承认轮回公式不能再被旧层级命名”；若拒绝，“创生·创世·坍缩折光141的核心危机吞掉本章缓冲，arc-076无法完成门槛封口”会提前发生。,detailed-v4
chapter-1891,1891,arc-076,16,失控,把异常限制在可写的物理边界内，让多重宇宙坍缩面交出第16个可复查证据,一处规则泥土稳定层，并承认坍缩不能再被旧层级命名,创生·创世·无规则折光142的核心危机吞掉本章缓冲，arc-076无法完成门槛封口,为得到“把异常限制在可写的物理边界内，让多重宇宙坍缩面交出第16个可复查证据”，必须失去“一处规则泥土稳定层，并承认坍缩不能再被旧层级命名”；若拒绝，“创生·创世·无规则折光142的核心危机吞掉本章缓冲，arc-076无法完成门槛封口”会提前发生。,detailed-v4
chapter-1892,1892,arc-076,17,失控,把异常限制在可写的物理边界内，让无规则空腔交出第17个可复查证据,一条新公理解释权，并承认无规则不能再被旧层级命名,创生·创世·新数学折光143的核心危机吞掉本章缓冲，arc-076无法完成门槛封口,为得到“把异常限制在可写的物理边界内，让无规则空腔交出第17个可复查证据”，必须失去“一条新公理解释权，并承认无规则不能再被旧层级命名”；若拒绝，“创生·创世·新数学折光143的核心危机吞掉本章缓冲，arc-076无法完成门槛封口”会提前发生。,detailed-v4
chapter-1893,1893,arc-076,18,失控,把异常限制在可写的物理边界内，让新数学起草区交出第18个可复查证据,一枚莱因智能初始标签，并承认新数学不能再被旧层级命名,创生·创世·反向熵折光144的核心危机吞掉本章缓冲，arc-076无法完成门槛封口,为得到“把异常限制在可写的物理边界内，让新数学起草区交出第18个可复查证据”，必须失去“一枚莱因智能初始标签，并承认新数学不能再被旧层级命名”；若拒绝，“创生·创世·反向熵折光144的核心危机吞掉本章缓冲，arc-076无法完成门槛封口”会提前发生。,detailed-v4
chapter-1894,1894,arc-076,19,失控,把异常限制在可写的物理边界内，让反向熵潮线交出第19个可复查证据,一次创世者命名权，并承认反向熵不能再被旧层级命名,创生·创世·镜像熵枢折光145的核心危机吞掉本章缓冲，arc-076无法完成门槛封口,为得到“把异常限制在可写的物理边界内，让反向熵潮线交出第19个可复查证据”，必须失去“一次创世者命名权，并承认反向熵不能再被旧层级命名”；若拒绝，“创生·创世·镜像熵枢折光145的核心危机吞掉本章缓冲，arc-076无法完成门槛封口”会提前发生。,detailed-v4
chapter-1895,1895,arc-076,20,回响,让眷恋线以硬证物返回，让镜像熵枢反照室交出第20个可复查证据,一处规则泥土稳定层，并承认镜像熵枢不能再被旧层级命名,创生·创世·莱因智能折光146的核心危机吞掉本章缓冲，arc-076无法完成门槛封口,为得到“让眷恋线以硬证物返回，让镜像熵枢反照室交出第20个可复查证据”，必须失去“一处规则泥土稳定层，并承认镜像熵枢不能再被旧层级命名”；若拒绝，“创生·创世·莱因智能折光146的核心危机吞掉本章缓冲，arc-076无法完成门槛封口”会提前发生。,detailed-v4
chapter-1896,1896,arc-076,21,回响,让眷恋线以硬证物返回，让莱因智能胚胎面交出第21个可复查证据,一条新公理解释权，并承认莱因智能不能再被旧层级命名,创生·创世·创世语法折光147的核心危机吞掉本章缓冲，arc-076无法完成门槛封口,为得到“让眷恋线以硬证物返回，让莱因智能胚胎面交出第21个可复查证据”，必须失去“一条新公理解释权，并承认莱因智能不能再被旧层级命名”；若拒绝，“创生·创世·创世语法折光147的核心危机吞掉本章缓冲，arc-076无法完成门槛封口”会提前发生。,detailed-v4
chapter-1897,1897,arc-076,22,回响,让眷恋线以硬证物返回，让创世语法的局部截面交出第22个可复查证据,一枚莱因智能初始标签，并承认创世语法不能再被旧层级命名,创生·创世·归零后折光148的核心危机吞掉本章缓冲，arc-076无法完成门槛封口,为得到“让眷恋线以硬证物返回，让创世语法的局部截面交出第22个可复查证据”，必须失去“一枚莱因智能初始标签，并承认创世语法不能再被旧层级命名”；若拒绝，“创生·创世·归零后折光148的核心危机吞掉本章缓冲，arc-076无法完成门槛封口”会提前发生。,detailed-v4
chapter-1898,1898,arc-076,23,门槛,把本组问题交给下一章群而不总结掉，让归零后的局部截面交出第23个可复查证据,一次创世者命名权，并承认归零后不能再被旧层级命名,创生·创世·第一条法则折光149的核心危机吞掉本章缓冲，arc-076无法完成门槛封口,为得到“把本组问题交给下一章群而不总结掉，让归零后的局部截面交出第23个可复查证据”，必须失去“一次创世者命名权，并承认归零后不能再被旧层级命名”；若拒绝，“创生·创世·第一条法则折光149的核心危机吞掉本章缓冲，arc-076无法完成门槛封口”会提前发生。,detailed-v4
chapter-1899,1899,arc-076,24,门槛,把本组问题交给下一章群而不总结掉，让第一条法则的局部截面交出第24个可复查证据,一处规则泥土稳定层，并承认第一条法则不能再被旧层级命名,创生·创世·轮回公式折光150的核心危机吞掉本章缓冲，arc-076无法完成门槛封口,为得到“把本组问题交给下一章群而不总结掉，让第一条法则的局部截面交出第24个可复查证据”，必须失去“一处规则泥土稳定层，并承认第一条法则不能再被旧层级命名”；若拒绝，“创生·创世·轮回公式折光150的核心危机吞掉本章缓冲，arc-076无法完成门槛封口”会提前发生。,detailed-v4
chapter-1900,1900,arc-076,25,门槛,把本组问题交给下一章群而不总结掉，让轮回公式裂隙交出第25个可复查证据,一条新公理解释权，并承认轮回公式不能再被旧层级命名,创生·创世·坍缩暗涌151的核心危机吞掉本章缓冲，arc-076无法完成门槛封口,为得到“把本组问题交给下一章群而不总结掉，让轮回公式裂隙交出第25个可复查证据”，必须失去“一条新公理解释权，并承认轮回公式不能再被旧层级命名”；若拒绝，“创生·创世·坍缩暗涌151的核心危机吞掉本章缓冲，arc-076无法完成门槛封口”会提前发生。,detailed-v4
chapter-1901,1901,arc-077,1,起因,确认异常不是孤立事故，让多重宇宙坍缩面交出第01个可复查证据,一次创世者命名权，并承认坍缩不能再被旧层级命名,创生·创世·无规则暗涌152的核心危机吞掉本章缓冲，arc-077无法完成门槛封口,为得到“确认异常不是孤立事故，让多重宇宙坍缩面交出第01个可复查证据”，必须失去“一次创世者命名权，并承认坍缩不能再被旧层级命名”；若拒绝，“创生·创世·无规则暗涌152的核心危机吞掉本章缓冲，arc-077无法完成门槛封口”会提前发生。,detailed-v4
chapter-1902,1902,arc-077,2,起因,确认异常不是孤立事故，让无规则空腔交出第02个可复查证据,一处规则泥土稳定层，并承认无规则不能再被旧层级命名,创生·创世·新数学暗涌153的核心危机吞掉本章缓冲，arc-077无法完成门槛封口,为得到“确认异常不是孤立事故，让无规则空腔交出第02个可复查证据”，必须失去“一处规则泥土稳定层，并承认无规则不能再被旧层级命名”；若拒绝，“创生·创世·新数学暗涌153的核心危机吞掉本章缓冲，arc-077无法完成门槛封口”会提前发生。,detailed-v4
chapter-1903,1903,arc-077,3,起因,确认异常不是孤立事故，让新数学起草区交出第03个可复查证据,一条新公理解释权，并承认新数学不能再被旧层级命名,创生·创世·反向熵暗涌154的核心危机吞掉本章缓冲，arc-077无法完成门槛封口,为得到“确认异常不是孤立事故，让新数学起草区交出第03个可复查证据”，必须失去“一条新公理解释权，并承认新数学不能再被旧层级命名”；若拒绝，“创生·创世·反向熵暗涌154的核心危机吞掉本章缓冲，arc-077无法完成门槛封口”会提前发生。,detailed-v4
chapter-1904,1904,arc-077,4,起因,确认异常不是孤立事故，让反向熵潮线交出第04个可复查证据,一枚莱因智能初始标签，并承认反向熵不能再被旧层级命名,创生·创世·镜像熵枢暗涌155的核心危机吞掉本章缓冲，arc-077无法完成门槛封口,为得到“确认异常不是孤立事故，让反向熵潮线交出第04个可复查证据”，必须失去“一枚莱因智能初始标签，并承认反向熵不能再被旧层级命名”；若拒绝，“创生·创世·镜像熵枢暗涌155的核心危机吞掉本章缓冲，arc-077无法完成门槛封口”会提前发生。,detailed-v4
chapter-1905,1905,arc-077,5,反证,推翻旧模型仍可解释一切的假设，让镜像熵枢反照室交出第05个可复查证据,一次创世者命名权，并承认镜像熵枢不能再被旧层级命名,创生·创世·莱因智能暗涌156的核心危机吞掉本章缓冲，arc-077无法完成门槛封口,为得到“推翻旧模型仍可解释一切的假设，让镜像熵枢反照室交出第05个可复查证据”，必须失去“一次创世者命名权，并承认镜像熵枢不能再被旧层级命名”；若拒绝，“创生·创世·莱因智能暗涌156的核心危机吞掉本章缓冲，arc-077无法完成门槛封口”会提前发生。,detailed-v4
chapter-1906,1906,arc-077,6,反证,推翻旧模型仍可解释一切的假设，让莱因智能胚胎面交出第06个可复查证据,一处规则泥土稳定层，并承认莱因智能不能再被旧层级命名,创生·创世·创世语法暗涌157的核心危机吞掉本章缓冲，arc-077无法完成门槛封口,为得到“推翻旧模型仍可解释一切的假设，让莱因智能胚胎面交出第06个可复查证据”，必须失去“一处规则泥土稳定层，并承认莱因智能不能再被旧层级命名”；若拒绝，“创生·创世·创世语法暗涌157的核心危机吞掉本章缓冲，arc-077无法完成门槛封口”会提前发生。,detailed-v4
chapter-1907,1907,arc-077,7,反证,推翻旧模型仍可解释一切的假设，让创世语法的局部截面交出第07个可复查证据,一条新公理解释权，并承认创世语法不能再被旧层级命名,创生·创世·归零后暗涌158的核心危机吞掉本章缓冲，arc-077无法完成门槛封口,为得到“推翻旧模型仍可解释一切的假设，让创世语法的局部截面交出第07个可复查证据”，必须失去“一条新公理解释权，并承认创世语法不能再被旧层级命名”；若拒绝，“创生·创世·归零后暗涌158的核心危机吞掉本章缓冲，arc-077无法完成门槛封口”会提前发生。,detailed-v4
chapter-1908,1908,arc-077,8,反证,推翻旧模型仍可解释一切的假设，让归零后的局部截面交出第08个可复查证据,一枚莱因智能初始标签，并承认归零后不能再被旧层级命名,创生·创世·第一条法则暗涌159的核心危机吞掉本章缓冲，arc-077无法完成门槛封口,为得到“推翻旧模型仍可解释一切的假设，让归零后的局部截面交出第08个可复查证据”，必须失去“一枚莱因智能初始标签，并承认归零后不能再被旧层级命名”；若拒绝，“创生·创世·第一条法则暗涌159的核心危机吞掉本章缓冲，arc-077无法完成门槛封口”会提前发生。,detailed-v4
chapter-1909,1909,arc-077,9,代价,换取一次继续观测的资格，让第一条法则的局部截面交出第09个可复查证据,一次创世者命名权，并承认第一条法则不能再被旧层级命名,创生·创世·轮回公式暗涌160的核心危机吞掉本章缓冲，arc-077无法完成门槛封口,为得到“换取一次继续观测的资格，让第一条法则的局部截面交出第09个可复查证据”，必须失去“一次创世者命名权，并承认第一条法则不能再被旧层级命名”；若拒绝，“创生·创世·轮回公式暗涌160的核心危机吞掉本章缓冲，arc-077无法完成门槛封口”会提前发生。,detailed-v4
chapter-1910,1910,arc-077,10,代价,换取一次继续观测的资格，让轮回公式裂隙交出第10个可复查证据,一处规则泥土稳定层，并承认轮回公式不能再被旧层级命名,创生·创世·坍缩证词161的核心危机吞掉本章缓冲，arc-077无法完成门槛封口,为得到“换取一次继续观测的资格，让轮回公式裂隙交出第10个可复查证据”，必须失去“一处规则泥土稳定层，并承认轮回公式不能再被旧层级命名”；若拒绝，“创生·创世·坍缩证词161的核心危机吞掉本章缓冲，arc-077无法完成门槛封口”会提前发生。,detailed-v4
chapter-1911,1911,arc-077,11,代价,换取一次继续观测的资格，让多重宇宙坍缩面交出第11个可复查证据,一条新公理解释权，并承认坍缩不能再被旧层级命名,创生·创世·无规则证词162的核心危机吞掉本章缓冲，arc-077无法完成门槛封口,为得到“换取一次继续观测的资格，让多重宇宙坍缩面交出第11个可复查证据”，必须失去“一条新公理解释权，并承认坍缩不能再被旧层级命名”；若拒绝，“创生·创世·无规则证词162的核心危机吞掉本章缓冲，arc-077无法完成门槛封口”会提前发生。,detailed-v4
chapter-1912,1912,arc-077,12,误判,暴露角色仍误信的判断方式，让无规则空腔交出第12个可复查证据,一枚莱因智能初始标签，并承认无规则不能再被旧层级命名,创生·创世·新数学证词163的核心危机吞掉本章缓冲，arc-077无法完成门槛封口,为得到“暴露角色仍误信的判断方式，让无规则空腔交出第12个可复查证据”，必须失去“一枚莱因智能初始标签，并承认无规则不能再被旧层级命名”；若拒绝，“创生·创世·新数学证词163的核心危机吞掉本章缓冲，arc-077无法完成门槛封口”会提前发生。,detailed-v4
chapter-1913,1913,arc-077,13,误判,暴露角色仍误信的判断方式，让新数学起草区交出第13个可复查证据,一次创世者命名权，并承认新数学不能再被旧层级命名,创生·创世·反向熵证词164的核心危机吞掉本章缓冲，arc-077无法完成门槛封口,为得到“暴露角色仍误信的判断方式，让新数学起草区交出第13个可复查证据”，必须失去“一次创世者命名权，并承认新数学不能再被旧层级命名”；若拒绝，“创生·创世·反向熵证词164的核心危机吞掉本章缓冲，arc-077无法完成门槛封口”会提前发生。,detailed-v4
chapter-1914,1914,arc-077,14,误判,暴露角色仍误信的判断方式，让反向熵潮线交出第14个可复查证据,一处规则泥土稳定层，并承认反向熵不能再被旧层级命名,创生·创世·镜像熵枢证词165的核心危机吞掉本章缓冲，arc-077无法完成门槛封口,为得到“暴露角色仍误信的判断方式，让反向熵潮线交出第14个可复查证据”，必须失去“一处规则泥土稳定层，并承认反向熵不能再被旧层级命名”；若拒绝，“创生·创世·镜像熵枢证词165的核心危机吞掉本章缓冲，arc-077无法完成门槛封口”会提前发生。,detailed-v4
chapter-1915,1915,arc-077,15,误判,暴露角色仍误信的判断方式，让镜像熵枢反照室交出第15个可复查证据,一条新公理解释权，并承认镜像熵枢不能再被旧层级命名,创生·创世·莱因智能证词166的核心危机吞掉本章缓冲，arc-077无法完成门槛封口,为得到“暴露角色仍误信的判断方式，让镜像熵枢反照室交出第15个可复查证据”，必须失去“一条新公理解释权，并承认镜像熵枢不能再被旧层级命名”；若拒绝，“创生·创世·莱因智能证词166的核心危机吞掉本章缓冲，arc-077无法完成门槛封口”会提前发生。,detailed-v4
chapter-1916,1916,arc-077,16,失控,把异常限制在可写的物理边界内，让莱因智能胚胎面交出第16个可复查证据,一枚莱因智能初始标签，并承认莱因智能不能再被旧层级命名,创生·创世·创世语法证词167的核心危机吞掉本章缓冲，arc-077无法完成门槛封口,为得到“把异常限制在可写的物理边界内，让莱因智能胚胎面交出第16个可复查证据”，必须失去“一枚莱因智能初始标签，并承认莱因智能不能再被旧层级命名”；若拒绝，“创生·创世·创世语法证词167的核心危机吞掉本章缓冲，arc-077无法完成门槛封口”会提前发生。,detailed-v4
chapter-1917,1917,arc-077,17,失控,把异常限制在可写的物理边界内，让创世语法的局部截面交出第17个可复查证据,一次创世者命名权，并承认创世语法不能再被旧层级命名,创生·创世·归零后证词168的核心危机吞掉本章缓冲，arc-077无法完成门槛封口,为得到“把异常限制在可写的物理边界内，让创世语法的局部截面交出第17个可复查证据”，必须失去“一次创世者命名权，并承认创世语法不能再被旧层级命名”；若拒绝，“创生·创世·归零后证词168的核心危机吞掉本章缓冲，arc-077无法完成门槛封口”会提前发生。,detailed-v4
chapter-1918,1918,arc-077,18,失控,把异常限制在可写的物理边界内，让归零后的局部截面交出第18个可复查证据,一处规则泥土稳定层，并承认归零后不能再被旧层级命名,创生·创世·第一条法则证词169的核心危机吞掉本章缓冲，arc-077无法完成门槛封口,为得到“把异常限制在可写的物理边界内，让归零后的局部截面交出第18个可复查证据”，必须失去“一处规则泥土稳定层，并承认归零后不能再被旧层级命名”；若拒绝，“创生·创世·第一条法则证词169的核心危机吞掉本章缓冲，arc-077无法完成门槛封口”会提前发生。,detailed-v4
chapter-1919,1919,arc-077,19,失控,把异常限制在可写的物理边界内，让第一条法则的局部截面交出第19个可复查证据,一条新公理解释权，并承认第一条法则不能再被旧层级命名,创生·创世·轮回公式证词170的核心危机吞掉本章缓冲，arc-077无法完成门槛封口,为得到“把异常限制在可写的物理边界内，让第一条法则的局部截面交出第19个可复查证据”，必须失去“一条新公理解释权，并承认第一条法则不能再被旧层级命名”；若拒绝，“创生·创世·轮回公式证词170的核心危机吞掉本章缓冲，arc-077无法完成门槛封口”会提前发生。,detailed-v4
chapter-1920,1920,arc-077,20,回响,让眷恋线以硬证物返回，让轮回公式裂隙交出第20个可复查证据,一枚莱因智能初始标签，并承认轮回公式不能再被旧层级命名,创生·创世·坍缩坠落171的核心危机吞掉本章缓冲，arc-077无法完成门槛封口,为得到“让眷恋线以硬证物返回，让轮回公式裂隙交出第20个可复查证据”，必须失去“一枚莱因智能初始标签，并承认轮回公式不能再被旧层级命名”；若拒绝，“创生·创世·坍缩坠落171的核心危机吞掉本章缓冲，arc-077无法完成门槛封口”会提前发生。,detailed-v4
chapter-1921,1921,arc-077,21,回响,让眷恋线以硬证物返回，让多重宇宙坍缩面交出第21个可复查证据,一次创世者命名权，并承认坍缩不能再被旧层级命名,创生·创世·无规则坠落172的核心危机吞掉本章缓冲，arc-077无法完成门槛封口,为得到“让眷恋线以硬证物返回，让多重宇宙坍缩面交出第21个可复查证据”，必须失去“一次创世者命名权，并承认坍缩不能再被旧层级命名”；若拒绝，“创生·创世·无规则坠落172的核心危机吞掉本章缓冲，arc-077无法完成门槛封口”会提前发生。,detailed-v4
chapter-1922,1922,arc-077,22,回响,让眷恋线以硬证物返回，让无规则空腔交出第22个可复查证据,一处规则泥土稳定层，并承认无规则不能再被旧层级命名,创生·创世·新数学坠落173的核心危机吞掉本章缓冲，arc-077无法完成门槛封口,为得到“让眷恋线以硬证物返回，让无规则空腔交出第22个可复查证据”，必须失去“一处规则泥土稳定层，并承认无规则不能再被旧层级命名”；若拒绝，“创生·创世·新数学坠落173的核心危机吞掉本章缓冲，arc-077无法完成门槛封口”会提前发生。,detailed-v4
chapter-1923,1923,arc-077,23,门槛,把本组问题交给下一章群而不总结掉，让新数学起草区交出第23个可复查证据,一条新公理解释权，并承认新数学不能再被旧层级命名,创生·创世·反向熵坠落174的核心危机吞掉本章缓冲，arc-077无法完成门槛封口,为得到“把本组问题交给下一章群而不总结掉，让新数学起草区交出第23个可复查证据”，必须失去“一条新公理解释权，并承认新数学不能再被旧层级命名”；若拒绝，“创生·创世·反向熵坠落174的核心危机吞掉本章缓冲，arc-077无法完成门槛封口”会提前发生。,detailed-v4
chapter-1924,1924,arc-077,24,门槛,把本组问题交给下一章群而不总结掉，让反向熵潮线交出第24个可复查证据,一枚莱因智能初始标签，并承认反向熵不能再被旧层级命名,创生·创世·镜像熵枢坠落175的核心危机吞掉本章缓冲，arc-077无法完成门槛封口,为得到“把本组问题交给下一章群而不总结掉，让反向熵潮线交出第24个可复查证据”，必须失去“一枚莱因智能初始标签，并承认反向熵不能再被旧层级命名”；若拒绝，“创生·创世·镜像熵枢坠落175的核心危机吞掉本章缓冲，arc-077无法完成门槛封口”会提前发生。,detailed-v4
chapter-1925,1925,arc-077,25,门槛,把本组问题交给下一章群而不总结掉，让镜像熵枢反照室交出第25个可复查证据,一次创世者命名权，并承认镜像熵枢不能再被旧层级命名,创生·创世·莱因智能坠落176的核心危机吞掉本章缓冲，arc-077无法完成门槛封口,为得到“把本组问题交给下一章群而不总结掉，让镜像熵枢反照室交出第25个可复查证据”，必须失去“一次创世者命名权，并承认镜像熵枢不能再被旧层级命名”；若拒绝，“创生·创世·莱因智能坠落176的核心危机吞掉本章缓冲，arc-077无法完成门槛封口”会提前发生。,detailed-v4
chapter-1926,1926,arc-078,1,起因,确认异常不是孤立事故，让莱因智能胚胎面交出第01个可复查证据,一条新公理解释权，并承认莱因智能不能再被旧层级命名,创生·创世·创世语法坠落177的核心危机吞掉本章缓冲，arc-078无法完成门槛封口,为得到“确认异常不是孤立事故，让莱因智能胚胎面交出第01个可复查证据”，必须失去“一条新公理解释权，并承认莱因智能不能再被旧层级命名”；若拒绝，“创生·创世·创世语法坠落177的核心危机吞掉本章缓冲，arc-078无法完成门槛封口”会提前发生。,detailed-v4
chapter-1927,1927,arc-078,2,起因,确认异常不是孤立事故，让创世语法的局部截面交出第02个可复查证据,一枚莱因智能初始标签，并承认创世语法不能再被旧层级命名,创生·创世·归零后坠落178的核心危机吞掉本章缓冲，arc-078无法完成门槛封口,为得到“确认异常不是孤立事故，让创世语法的局部截面交出第02个可复查证据”，必须失去“一枚莱因智能初始标签，并承认创世语法不能再被旧层级命名”；若拒绝，“创生·创世·归零后坠落178的核心危机吞掉本章缓冲，arc-078无法完成门槛封口”会提前发生。,detailed-v4
chapter-1928,1928,arc-078,3,起因,确认异常不是孤立事故，让归零后的局部截面交出第03个可复查证据,一次创世者命名权，并承认归零后不能再被旧层级命名,创生·创世·第一条法则坠落179的核心危机吞掉本章缓冲，arc-078无法完成门槛封口,为得到“确认异常不是孤立事故，让归零后的局部截面交出第03个可复查证据”，必须失去“一次创世者命名权，并承认归零后不能再被旧层级命名”；若拒绝，“创生·创世·第一条法则坠落179的核心危机吞掉本章缓冲，arc-078无法完成门槛封口”会提前发生。,detailed-v4
chapter-1929,1929,arc-078,4,起因,确认异常不是孤立事故，让第一条法则的局部截面交出第04个可复查证据,一处规则泥土稳定层，并承认第一条法则不能再被旧层级命名,创生·创世·轮回公式坠落180的核心危机吞掉本章缓冲，arc-078无法完成门槛封口,为得到“确认异常不是孤立事故，让第一条法则的局部截面交出第04个可复查证据”，必须失去“一处规则泥土稳定层，并承认第一条法则不能再被旧层级命名”；若拒绝，“创生·创世·轮回公式坠落180的核心危机吞掉本章缓冲，arc-078无法完成门槛封口”会提前发生。,detailed-v4
chapter-1930,1930,arc-078,5,反证,推翻旧模型仍可解释一切的假设，让轮回公式裂隙交出第05个可复查证据,一条新公理解释权，并承认轮回公式不能再被旧层级命名,创生·创世·坍缩重构181的核心危机吞掉本章缓冲，arc-078无法完成门槛封口,为得到“推翻旧模型仍可解释一切的假设，让轮回公式裂隙交出第05个可复查证据”，必须失去“一条新公理解释权，并承认轮回公式不能再被旧层级命名”；若拒绝，“创生·创世·坍缩重构181的核心危机吞掉本章缓冲，arc-078无法完成门槛封口”会提前发生。,detailed-v4
chapter-1931,1931,arc-078,6,反证,推翻旧模型仍可解释一切的假设，让坍缩重构的局部截面交出第06个可复查证据,一枚莱因智能初始标签，并承认坍缩重构不能再被旧层级命名,创生·创世·无规则重构182的核心危机吞掉本章缓冲，arc-078无法完成门槛封口,为得到“推翻旧模型仍可解释一切的假设，让坍缩重构的局部截面交出第06个可复查证据”，必须失去“一枚莱因智能初始标签，并承认坍缩重构不能再被旧层级命名”；若拒绝，“创生·创世·无规则重构182的核心危机吞掉本章缓冲，arc-078无法完成门槛封口”会提前发生。,detailed-v4
chapter-1932,1932,arc-078,7,反证,推翻旧模型仍可解释一切的假设，让无规则重构的局部截面交出第07个可复查证据,一次创世者命名权，并承认无规则重构不能再被旧层级命名,创生·创世·新数学重构183的核心危机吞掉本章缓冲，arc-078无法完成门槛封口,为得到“推翻旧模型仍可解释一切的假设，让无规则重构的局部截面交出第07个可复查证据”，必须失去“一次创世者命名权，并承认无规则重构不能再被旧层级命名”；若拒绝，“创生·创世·新数学重构183的核心危机吞掉本章缓冲，arc-078无法完成门槛封口”会提前发生。,detailed-v4
chapter-1933,1933,arc-078,8,反证,推翻旧模型仍可解释一切的假设，让新数学重构的局部截面交出第08个可复查证据,一处规则泥土稳定层，并承认新数学重构不能再被旧层级命名,创生·创世·反向熵重构184的核心危机吞掉本章缓冲，arc-078无法完成门槛封口,为得到“推翻旧模型仍可解释一切的假设，让新数学重构的局部截面交出第08个可复查证据”，必须失去“一处规则泥土稳定层，并承认新数学重构不能再被旧层级命名”；若拒绝，“创生·创世·反向熵重构184的核心危机吞掉本章缓冲，arc-078无法完成门槛封口”会提前发生。,detailed-v4
chapter-1934,1934,arc-078,9,代价,换取一次继续观测的资格，让反向熵重构的局部截面交出第09个可复查证据,一条新公理解释权，并承认反向熵重构不能再被旧层级命名,创生·创世·镜像熵枢重构185的核心危机吞掉本章缓冲，arc-078无法完成门槛封口,为得到“换取一次继续观测的资格，让反向熵重构的局部截面交出第09个可复查证据”，必须失去“一条新公理解释权，并承认反向熵重构不能再被旧层级命名”；若拒绝，“创生·创世·镜像熵枢重构185的核心危机吞掉本章缓冲，arc-078无法完成门槛封口”会提前发生。,detailed-v4
chapter-1935,1935,arc-078,10,代价,换取一次继续观测的资格，让镜像熵枢重构的局部截面交出第10个可复查证据,一枚莱因智能初始标签，并承认镜像熵枢重构不能再被旧层级命名,创生·创世·莱因智能重构186的核心危机吞掉本章缓冲，arc-078无法完成门槛封口,为得到“换取一次继续观测的资格，让镜像熵枢重构的局部截面交出第10个可复查证据”，必须失去“一枚莱因智能初始标签，并承认镜像熵枢重构不能再被旧层级命名”；若拒绝，“创生·创世·莱因智能重构186的核心危机吞掉本章缓冲，arc-078无法完成门槛封口”会提前发生。,detailed-v4
chapter-1936,1936,arc-078,11,代价,换取一次继续观测的资格，让莱因智能重构的局部截面交出第11个可复查证据,一次创世者命名权，并承认莱因智能重构不能再被旧层级命名,创生·创世·创世语法重构187的核心危机吞掉本章缓冲，arc-078无法完成门槛封口,为得到“换取一次继续观测的资格，让莱因智能重构的局部截面交出第11个可复查证据”，必须失去“一次创世者命名权，并承认莱因智能重构不能再被旧层级命名”；若拒绝，“创生·创世·创世语法重构187的核心危机吞掉本章缓冲，arc-078无法完成门槛封口”会提前发生。,detailed-v4
chapter-1937,1937,arc-078,12,误判,暴露角色仍误信的判断方式，让创世语法重构的局部截面交出第12个可复查证据,一处规则泥土稳定层，并承认创世语法重构不能再被旧层级命名,创生·创世·归零后重构188的核心危机吞掉本章缓冲，arc-078无法完成门槛封口,为得到“暴露角色仍误信的判断方式，让创世语法重构的局部截面交出第12个可复查证据”，必须失去“一处规则泥土稳定层，并承认创世语法重构不能再被旧层级命名”；若拒绝，“创生·创世·归零后重构188的核心危机吞掉本章缓冲，arc-078无法完成门槛封口”会提前发生。,detailed-v4
chapter-1938,1938,arc-078,13,误判,暴露角色仍误信的判断方式，让归零后重构的局部截面交出第13个可复查证据,一条新公理解释权，并承认归零后重构不能再被旧层级命名,创生·创世·第一条法则重构189的核心危机吞掉本章缓冲，arc-078无法完成门槛封口,为得到“暴露角色仍误信的判断方式，让归零后重构的局部截面交出第13个可复查证据”，必须失去“一条新公理解释权，并承认归零后重构不能再被旧层级命名”；若拒绝，“创生·创世·第一条法则重构189的核心危机吞掉本章缓冲，arc-078无法完成门槛封口”会提前发生。,detailed-v4
chapter-1939,1939,arc-078,14,误判,暴露角色仍误信的判断方式，让第一条法则重构的局部截面交出第14个可复查证据,一枚莱因智能初始标签，并承认第一条法则重构不能再被旧层级命名,创生·创世·轮回公式重构190的核心危机吞掉本章缓冲，arc-078无法完成门槛封口,为得到“暴露角色仍误信的判断方式，让第一条法则重构的局部截面交出第14个可复查证据”，必须失去“一枚莱因智能初始标签，并承认第一条法则重构不能再被旧层级命名”；若拒绝，“创生·创世·轮回公式重构190的核心危机吞掉本章缓冲，arc-078无法完成门槛封口”会提前发生。,detailed-v4
chapter-1940,1940,arc-078,15,误判,暴露角色仍误信的判断方式，让轮回公式重构的局部截面交出第15个可复查证据,一次创世者命名权，并承认轮回公式重构不能再被旧层级命名,创生·创世·坍缩余震191的核心危机吞掉本章缓冲，arc-078无法完成门槛封口,为得到“暴露角色仍误信的判断方式，让轮回公式重构的局部截面交出第15个可复查证据”，必须失去“一次创世者命名权，并承认轮回公式重构不能再被旧层级命名”；若拒绝，“创生·创世·坍缩余震191的核心危机吞掉本章缓冲，arc-078无法完成门槛封口”会提前发生。,detailed-v4
chapter-1941,1941,arc-078,16,失控,把异常限制在可写的物理边界内，让多重宇宙坍缩面交出第16个可复查证据,一处规则泥土稳定层，并承认坍缩不能再被旧层级命名,创生·创世·无规则余震192的核心危机吞掉本章缓冲，arc-078无法完成门槛封口,为得到“把异常限制在可写的物理边界内，让多重宇宙坍缩面交出第16个可复查证据”，必须失去“一处规则泥土稳定层，并承认坍缩不能再被旧层级命名”；若拒绝，“创生·创世·无规则余震192的核心危机吞掉本章缓冲，arc-078无法完成门槛封口”会提前发生。,detailed-v4
chapter-1942,1942,arc-078,17,失控,把异常限制在可写的物理边界内，让无规则空腔交出第17个可复查证据,一条新公理解释权，并承认无规则不能再被旧层级命名,创生·创世·新数学余震193的核心危机吞掉本章缓冲，arc-078无法完成门槛封口,为得到“把异常限制在可写的物理边界内，让无规则空腔交出第17个可复查证据”，必须失去“一条新公理解释权，并承认无规则不能再被旧层级命名”；若拒绝，“创生·创世·新数学余震193的核心危机吞掉本章缓冲，arc-078无法完成门槛封口”会提前发生。,detailed-v4
chapter-1943,1943,arc-078,18,失控,把异常限制在可写的物理边界内，让新数学起草区交出第18个可复查证据,一枚莱因智能初始标签，并承认新数学不能再被旧层级命名,创生·创世·反向熵余震194的核心危机吞掉本章缓冲，arc-078无法完成门槛封口,为得到“把异常限制在可写的物理边界内，让新数学起草区交出第18个可复查证据”，必须失去“一枚莱因智能初始标签，并承认新数学不能再被旧层级命名”；若拒绝，“创生·创世·反向熵余震194的核心危机吞掉本章缓冲，arc-078无法完成门槛封口”会提前发生。,detailed-v4
chapter-1944,1944,arc-078,19,失控,把异常限制在可写的物理边界内，让反向熵潮线交出第19个可复查证据,一次创世者命名权，并承认反向熵不能再被旧层级命名,创生·创世·镜像熵枢余震195的核心危机吞掉本章缓冲，arc-078无法完成门槛封口,为得到“把异常限制在可写的物理边界内，让反向熵潮线交出第19个可复查证据”，必须失去“一次创世者命名权，并承认反向熵不能再被旧层级命名”；若拒绝，“创生·创世·镜像熵枢余震195的核心危机吞掉本章缓冲，arc-078无法完成门槛封口”会提前发生。,detailed-v4
chapter-1945,1945,arc-078,20,回响,让眷恋线以硬证物返回，让镜像熵枢反照室交出第20个可复查证据,一处规则泥土稳定层，并承认镜像熵枢不能再被旧层级命名,创生·创世·莱因智能余震196的核心危机吞掉本章缓冲，arc-078无法完成门槛封口,为得到“让眷恋线以硬证物返回，让镜像熵枢反照室交出第20个可复查证据”，必须失去“一处规则泥土稳定层，并承认镜像熵枢不能再被旧层级命名”；若拒绝，“创生·创世·莱因智能余震196的核心危机吞掉本章缓冲，arc-078无法完成门槛封口”会提前发生。,detailed-v4
chapter-1946,1946,arc-078,21,回响,让眷恋线以硬证物返回，让莱因智能胚胎面交出第21个可复查证据,一条新公理解释权，并承认莱因智能不能再被旧层级命名,创生·创世·创世语法余震197的核心危机吞掉本章缓冲，arc-078无法完成门槛封口,为得到“让眷恋线以硬证物返回，让莱因智能胚胎面交出第21个可复查证据”，必须失去“一条新公理解释权，并承认莱因智能不能再被旧层级命名”；若拒绝，“创生·创世·创世语法余震197的核心危机吞掉本章缓冲，arc-078无法完成门槛封口”会提前发生。,detailed-v4
chapter-1947,1947,arc-078,22,回响,让眷恋线以硬证物返回，让创世语法的局部截面交出第22个可复查证据,一枚莱因智能初始标签，并承认创世语法不能再被旧层级命名,创生·创世·归零后余震198的核心危机吞掉本章缓冲，arc-078无法完成门槛封口,为得到“让眷恋线以硬证物返回，让创世语法的局部截面交出第22个可复查证据”，必须失去“一枚莱因智能初始标签，并承认创世语法不能再被旧层级命名”；若拒绝，“创生·创世·归零后余震198的核心危机吞掉本章缓冲，arc-078无法完成门槛封口”会提前发生。,detailed-v4
chapter-1948,1948,arc-078,23,门槛,把本组问题交给下一章群而不总结掉，让归零后的局部截面交出第23个可复查证据,一次创世者命名权，并承认归零后不能再被旧层级命名,创生·创世·第一条法则余震199的核心危机吞掉本章缓冲，arc-078无法完成门槛封口,为得到“把本组问题交给下一章群而不总结掉，让归零后的局部截面交出第23个可复查证据”，必须失去“一次创世者命名权，并承认归零后不能再被旧层级命名”；若拒绝，“创生·创世·第一条法则余震199的核心危机吞掉本章缓冲，arc-078无法完成门槛封口”会提前发生。,detailed-v4
chapter-1949,1949,arc-078,24,门槛,把本组问题交给下一章群而不总结掉，让第一条法则的局部截面交出第24个可复查证据,一处规则泥土稳定层，并承认第一条法则不能再被旧层级命名,创生·创世·轮回公式余震200的核心危机吞掉本章缓冲，arc-078无法完成门槛封口,为得到“把本组问题交给下一章群而不总结掉，让第一条法则的局部截面交出第24个可复查证据”，必须失去“一处规则泥土稳定层，并承认第一条法则不能再被旧层级命名”；若拒绝，“创生·创世·轮回公式余震200的核心危机吞掉本章缓冲，arc-078无法完成门槛封口”会提前发生。,detailed-v4
chapter-1950,1950,arc-078,25,门槛,把本组问题交给下一章群而不总结掉，让轮回公式裂隙交出第25个可复查证据,一条新公理解释权，并承认轮回公式不能再被旧层级命名,创生·创世·坍缩初醒201的核心危机吞掉本章缓冲，arc-078无法完成门槛封口,为得到“把本组问题交给下一章群而不总结掉，让轮回公式裂隙交出第25个可复查证据”，必须失去“一条新公理解释权，并承认轮回公式不能再被旧层级命名”；若拒绝，“创生·创世·坍缩初醒201的核心危机吞掉本章缓冲，arc-078无法完成门槛封口”会提前发生。,detailed-v4
chapter-1951,1951,arc-079,1,起因,确认异常不是孤立事故，让多重宇宙坍缩面交出第01个可复查证据,一次创世者命名权，并承认坍缩不能再被旧层级命名,创生·创世·无规则初醒202的核心危机吞掉本章缓冲，arc-079无法完成门槛封口,为得到“确认异常不是孤立事故，让多重宇宙坍缩面交出第01个可复查证据”，必须失去“一次创世者命名权，并承认坍缩不能再被旧层级命名”；若拒绝，“创生·创世·无规则初醒202的核心危机吞掉本章缓冲，arc-079无法完成门槛封口”会提前发生。,detailed-v4
chapter-1952,1952,arc-079,2,起因,确认异常不是孤立事故，让无规则空腔交出第02个可复查证据,一处规则泥土稳定层，并承认无规则不能再被旧层级命名,创生·创世·新数学初醒203的核心危机吞掉本章缓冲，arc-079无法完成门槛封口,为得到“确认异常不是孤立事故，让无规则空腔交出第02个可复查证据”，必须失去“一处规则泥土稳定层，并承认无规则不能再被旧层级命名”；若拒绝，“创生·创世·新数学初醒203的核心危机吞掉本章缓冲，arc-079无法完成门槛封口”会提前发生。,detailed-v4
chapter-1953,1953,arc-079,3,起因,确认异常不是孤立事故，让新数学起草区交出第03个可复查证据,一条新公理解释权，并承认新数学不能再被旧层级命名,创生·创世·反向熵初醒204的核心危机吞掉本章缓冲，arc-079无法完成门槛封口,为得到“确认异常不是孤立事故，让新数学起草区交出第03个可复查证据”，必须失去“一条新公理解释权，并承认新数学不能再被旧层级命名”；若拒绝，“创生·创世·反向熵初醒204的核心危机吞掉本章缓冲，arc-079无法完成门槛封口”会提前发生。,detailed-v4
chapter-1954,1954,arc-079,4,起因,确认异常不是孤立事故，让反向熵潮线交出第04个可复查证据,一枚莱因智能初始标签，并承认反向熵不能再被旧层级命名,创生·创世·镜像熵枢初醒205的核心危机吞掉本章缓冲，arc-079无法完成门槛封口,为得到“确认异常不是孤立事故，让反向熵潮线交出第04个可复查证据”，必须失去“一枚莱因智能初始标签，并承认反向熵不能再被旧层级命名”；若拒绝，“创生·创世·镜像熵枢初醒205的核心危机吞掉本章缓冲，arc-079无法完成门槛封口”会提前发生。,detailed-v4
chapter-1955,1955,arc-079,5,反证,推翻旧模型仍可解释一切的假设，让镜像熵枢反照室交出第05个可复查证据,一次创世者命名权，并承认镜像熵枢不能再被旧层级命名,创生·创世·莱因智能初醒206的核心危机吞掉本章缓冲，arc-079无法完成门槛封口,为得到“推翻旧模型仍可解释一切的假设，让镜像熵枢反照室交出第05个可复查证据”，必须失去“一次创世者命名权，并承认镜像熵枢不能再被旧层级命名”；若拒绝，“创生·创世·莱因智能初醒206的核心危机吞掉本章缓冲，arc-079无法完成门槛封口”会提前发生。,detailed-v4
chapter-1956,1956,arc-079,6,反证,推翻旧模型仍可解释一切的假设，让莱因智能胚胎面交出第06个可复查证据,一处规则泥土稳定层，并承认莱因智能不能再被旧层级命名,创生·创世·创世语法初醒207的核心危机吞掉本章缓冲，arc-079无法完成门槛封口,为得到“推翻旧模型仍可解释一切的假设，让莱因智能胚胎面交出第06个可复查证据”，必须失去“一处规则泥土稳定层，并承认莱因智能不能再被旧层级命名”；若拒绝，“创生·创世·创世语法初醒207的核心危机吞掉本章缓冲，arc-079无法完成门槛封口”会提前发生。,detailed-v4
chapter-1957,1957,arc-079,7,反证,推翻旧模型仍可解释一切的假设，让创世语法的局部截面交出第07个可复查证据,一条新公理解释权，并承认创世语法不能再被旧层级命名,创生·创世·归零后初醒208的核心危机吞掉本章缓冲，arc-079无法完成门槛封口,为得到“推翻旧模型仍可解释一切的假设，让创世语法的局部截面交出第07个可复查证据”，必须失去“一条新公理解释权，并承认创世语法不能再被旧层级命名”；若拒绝，“创生·创世·归零后初醒208的核心危机吞掉本章缓冲，arc-079无法完成门槛封口”会提前发生。,detailed-v4
chapter-1958,1958,arc-079,8,反证,推翻旧模型仍可解释一切的假设，让归零后的局部截面交出第08个可复查证据,一枚莱因智能初始标签，并承认归零后不能再被旧层级命名,创生·创世·第一条法则初醒209的核心危机吞掉本章缓冲，arc-079无法完成门槛封口,为得到“推翻旧模型仍可解释一切的假设，让归零后的局部截面交出第08个可复查证据”，必须失去“一枚莱因智能初始标签，并承认归零后不能再被旧层级命名”；若拒绝，“创生·创世·第一条法则初醒209的核心危机吞掉本章缓冲，arc-079无法完成门槛封口”会提前发生。,detailed-v4
chapter-1959,1959,arc-079,9,代价,换取一次继续观测的资格，让第一条法则的局部截面交出第09个可复查证据,一次创世者命名权，并承认第一条法则不能再被旧层级命名,创生·创世·轮回公式初醒210的核心危机吞掉本章缓冲，arc-079无法完成门槛封口,为得到“换取一次继续观测的资格，让第一条法则的局部截面交出第09个可复查证据”，必须失去“一次创世者命名权，并承认第一条法则不能再被旧层级命名”；若拒绝，“创生·创世·轮回公式初醒210的核心危机吞掉本章缓冲，arc-079无法完成门槛封口”会提前发生。,detailed-v4
chapter-1960,1960,arc-079,10,代价,换取一次继续观测的资格，让轮回公式裂隙交出第10个可复查证据,一处规则泥土稳定层，并承认轮回公式不能再被旧层级命名,创生·创世·坍缩裂响211的核心危机吞掉本章缓冲，arc-079无法完成门槛封口,为得到“换取一次继续观测的资格，让轮回公式裂隙交出第10个可复查证据”，必须失去“一处规则泥土稳定层，并承认轮回公式不能再被旧层级命名”；若拒绝，“创生·创世·坍缩裂响211的核心危机吞掉本章缓冲，arc-079无法完成门槛封口”会提前发生。,detailed-v4
chapter-1961,1961,arc-079,11,代价,换取一次继续观测的资格，让多重宇宙坍缩面交出第11个可复查证据,一条新公理解释权，并承认坍缩不能再被旧层级命名,创生·创世·无规则裂响212的核心危机吞掉本章缓冲，arc-079无法完成门槛封口,为得到“换取一次继续观测的资格，让多重宇宙坍缩面交出第11个可复查证据”，必须失去“一条新公理解释权，并承认坍缩不能再被旧层级命名”；若拒绝，“创生·创世·无规则裂响212的核心危机吞掉本章缓冲，arc-079无法完成门槛封口”会提前发生。,detailed-v4
chapter-1962,1962,arc-079,12,误判,暴露角色仍误信的判断方式，让无规则空腔交出第12个可复查证据,一枚莱因智能初始标签，并承认无规则不能再被旧层级命名,创生·创世·新数学裂响213的核心危机吞掉本章缓冲，arc-079无法完成门槛封口,为得到“暴露角色仍误信的判断方式，让无规则空腔交出第12个可复查证据”，必须失去“一枚莱因智能初始标签，并承认无规则不能再被旧层级命名”；若拒绝，“创生·创世·新数学裂响213的核心危机吞掉本章缓冲，arc-079无法完成门槛封口”会提前发生。,detailed-v4
chapter-1963,1963,arc-079,13,误判,暴露角色仍误信的判断方式，让新数学起草区交出第13个可复查证据,一次创世者命名权，并承认新数学不能再被旧层级命名,创生·创世·反向熵裂响214的核心危机吞掉本章缓冲，arc-079无法完成门槛封口,为得到“暴露角色仍误信的判断方式，让新数学起草区交出第13个可复查证据”，必须失去“一次创世者命名权，并承认新数学不能再被旧层级命名”；若拒绝，“创生·创世·反向熵裂响214的核心危机吞掉本章缓冲，arc-079无法完成门槛封口”会提前发生。,detailed-v4
chapter-1964,1964,arc-079,14,误判,暴露角色仍误信的判断方式，让反向熵潮线交出第14个可复查证据,一处规则泥土稳定层，并承认反向熵不能再被旧层级命名,创生·创世·镜像熵枢裂响215的核心危机吞掉本章缓冲，arc-079无法完成门槛封口,为得到“暴露角色仍误信的判断方式，让反向熵潮线交出第14个可复查证据”，必须失去“一处规则泥土稳定层，并承认反向熵不能再被旧层级命名”；若拒绝，“创生·创世·镜像熵枢裂响215的核心危机吞掉本章缓冲，arc-079无法完成门槛封口”会提前发生。,detailed-v4
chapter-1965,1965,arc-079,15,误判,暴露角色仍误信的判断方式，让镜像熵枢反照室交出第15个可复查证据,一条新公理解释权，并承认镜像熵枢不能再被旧层级命名,创生·创世·莱因智能裂响216的核心危机吞掉本章缓冲，arc-079无法完成门槛封口,为得到“暴露角色仍误信的判断方式，让镜像熵枢反照室交出第15个可复查证据”，必须失去“一条新公理解释权，并承认镜像熵枢不能再被旧层级命名”；若拒绝，“创生·创世·莱因智能裂响216的核心危机吞掉本章缓冲，arc-079无法完成门槛封口”会提前发生。,detailed-v4
chapter-1966,1966,arc-079,16,失控,把异常限制在可写的物理边界内，让莱因智能胚胎面交出第16个可复查证据,一枚莱因智能初始标签，并承认莱因智能不能再被旧层级命名,创生·创世·创世语法裂响217的核心危机吞掉本章缓冲，arc-079无法完成门槛封口,为得到“把异常限制在可写的物理边界内，让莱因智能胚胎面交出第16个可复查证据”，必须失去“一枚莱因智能初始标签，并承认莱因智能不能再被旧层级命名”；若拒绝，“创生·创世·创世语法裂响217的核心危机吞掉本章缓冲，arc-079无法完成门槛封口”会提前发生。,detailed-v4
chapter-1967,1967,arc-079,17,失控,把异常限制在可写的物理边界内，让创世语法的局部截面交出第17个可复查证据,一次创世者命名权，并承认创世语法不能再被旧层级命名,创生·创世·归零后裂响218的核心危机吞掉本章缓冲，arc-079无法完成门槛封口,为得到“把异常限制在可写的物理边界内，让创世语法的局部截面交出第17个可复查证据”，必须失去“一次创世者命名权，并承认创世语法不能再被旧层级命名”；若拒绝，“创生·创世·归零后裂响218的核心危机吞掉本章缓冲，arc-079无法完成门槛封口”会提前发生。,detailed-v4
chapter-1968,1968,arc-079,18,失控,把异常限制在可写的物理边界内，让归零后的局部截面交出第18个可复查证据,一处规则泥土稳定层，并承认归零后不能再被旧层级命名,创生·创世·第一条法则裂响219的核心危机吞掉本章缓冲，arc-079无法完成门槛封口,为得到“把异常限制在可写的物理边界内，让归零后的局部截面交出第18个可复查证据”，必须失去“一处规则泥土稳定层，并承认归零后不能再被旧层级命名”；若拒绝，“创生·创世·第一条法则裂响219的核心危机吞掉本章缓冲，arc-079无法完成门槛封口”会提前发生。,detailed-v4
chapter-1969,1969,arc-079,19,失控,把异常限制在可写的物理边界内，让第一条法则的局部截面交出第19个可复查证据,一条新公理解释权，并承认第一条法则不能再被旧层级命名,创生·创世·轮回公式裂响220的核心危机吞掉本章缓冲，arc-079无法完成门槛封口,为得到“把异常限制在可写的物理边界内，让第一条法则的局部截面交出第19个可复查证据”，必须失去“一条新公理解释权，并承认第一条法则不能再被旧层级命名”；若拒绝，“创生·创世·轮回公式裂响220的核心危机吞掉本章缓冲，arc-079无法完成门槛封口”会提前发生。,detailed-v4
chapter-1970,1970,arc-079,20,回响,让眷恋线以硬证物返回，让轮回公式裂隙交出第20个可复查证据,一枚莱因智能初始标签，并承认轮回公式不能再被旧层级命名,创生·创世·坍缩低语221的核心危机吞掉本章缓冲，arc-079无法完成门槛封口,为得到“让眷恋线以硬证物返回，让轮回公式裂隙交出第20个可复查证据”，必须失去“一枚莱因智能初始标签，并承认轮回公式不能再被旧层级命名”；若拒绝，“创生·创世·坍缩低语221的核心危机吞掉本章缓冲，arc-079无法完成门槛封口”会提前发生。,detailed-v4
chapter-1971,1971,arc-079,21,回响,让眷恋线以硬证物返回，让多重宇宙坍缩面交出第21个可复查证据,一次创世者命名权，并承认坍缩不能再被旧层级命名,创生·创世·无规则低语222的核心危机吞掉本章缓冲，arc-079无法完成门槛封口,为得到“让眷恋线以硬证物返回，让多重宇宙坍缩面交出第21个可复查证据”，必须失去“一次创世者命名权，并承认坍缩不能再被旧层级命名”；若拒绝，“创生·创世·无规则低语222的核心危机吞掉本章缓冲，arc-079无法完成门槛封口”会提前发生。,detailed-v4
chapter-1972,1972,arc-079,22,回响,让眷恋线以硬证物返回，让无规则空腔交出第22个可复查证据,一处规则泥土稳定层，并承认无规则不能再被旧层级命名,创生·创世·新数学低语223的核心危机吞掉本章缓冲，arc-079无法完成门槛封口,为得到“让眷恋线以硬证物返回，让无规则空腔交出第22个可复查证据”，必须失去“一处规则泥土稳定层，并承认无规则不能再被旧层级命名”；若拒绝，“创生·创世·新数学低语223的核心危机吞掉本章缓冲，arc-079无法完成门槛封口”会提前发生。,detailed-v4
chapter-1973,1973,arc-079,23,门槛,把本组问题交给下一章群而不总结掉，让新数学起草区交出第23个可复查证据,一条新公理解释权，并承认新数学不能再被旧层级命名,创生·创世·反向熵低语224的核心危机吞掉本章缓冲，arc-079无法完成门槛封口,为得到“把本组问题交给下一章群而不总结掉，让新数学起草区交出第23个可复查证据”，必须失去“一条新公理解释权，并承认新数学不能再被旧层级命名”；若拒绝，“创生·创世·反向熵低语224的核心危机吞掉本章缓冲，arc-079无法完成门槛封口”会提前发生。,detailed-v4
chapter-1974,1974,arc-079,24,门槛,把本组问题交给下一章群而不总结掉，让反向熵潮线交出第24个可复查证据,一枚莱因智能初始标签，并承认反向熵不能再被旧层级命名,创生·创世·镜像熵枢低语225的核心危机吞掉本章缓冲，arc-079无法完成门槛封口,为得到“把本组问题交给下一章群而不总结掉，让反向熵潮线交出第24个可复查证据”，必须失去“一枚莱因智能初始标签，并承认反向熵不能再被旧层级命名”；若拒绝，“创生·创世·镜像熵枢低语225的核心危机吞掉本章缓冲，arc-079无法完成门槛封口”会提前发生。,detailed-v4
chapter-1975,1975,arc-079,25,门槛,把本组问题交给下一章群而不总结掉，让镜像熵枢反照室交出第25个可复查证据,一次创世者命名权，并承认镜像熵枢不能再被旧层级命名,创生·创世·莱因智能低语226的核心危机吞掉本章缓冲，arc-079无法完成门槛封口,为得到“把本组问题交给下一章群而不总结掉，让镜像熵枢反照室交出第25个可复查证据”，必须失去“一次创世者命名权，并承认镜像熵枢不能再被旧层级命名”；若拒绝，“创生·创世·莱因智能低语226的核心危机吞掉本章缓冲，arc-079无法完成门槛封口”会提前发生。,detailed-v4
chapter-1976,1976,arc-080,1,起因,确认异常不是孤立事故，让莱因智能胚胎面交出第01个可复查证据,一条新公理解释权，并承认莱因智能不能再被旧层级命名,创生·创世·创世语法低语227的核心危机吞掉本章缓冲，arc-080无法完成门槛封口,为得到“确认异常不是孤立事故，让莱因智能胚胎面交出第01个可复查证据”，必须失去“一条新公理解释权，并承认莱因智能不能再被旧层级命名”；若拒绝，“创生·创世·创世语法低语227的核心危机吞掉本章缓冲，arc-080无法完成门槛封口”会提前发生。,detailed-v4
chapter-1977,1977,arc-080,2,起因,确认异常不是孤立事故，让创世语法的局部截面交出第02个可复查证据,一枚莱因智能初始标签，并承认创世语法不能再被旧层级命名,创生·创世·归零后低语228的核心危机吞掉本章缓冲，arc-080无法完成门槛封口,为得到“确认异常不是孤立事故，让创世语法的局部截面交出第02个可复查证据”，必须失去“一枚莱因智能初始标签，并承认创世语法不能再被旧层级命名”；若拒绝，“创生·创世·归零后低语228的核心危机吞掉本章缓冲，arc-080无法完成门槛封口”会提前发生。,detailed-v4
chapter-1978,1978,arc-080,3,起因,确认异常不是孤立事故，让归零后的局部截面交出第03个可复查证据,一次创世者命名权，并承认归零后不能再被旧层级命名,创生·创世·第一条法则低语229的核心危机吞掉本章缓冲，arc-080无法完成门槛封口,为得到“确认异常不是孤立事故，让归零后的局部截面交出第03个可复查证据”，必须失去“一次创世者命名权，并承认归零后不能再被旧层级命名”；若拒绝，“创生·创世·第一条法则低语229的核心危机吞掉本章缓冲，arc-080无法完成门槛封口”会提前发生。,detailed-v4
chapter-1979,1979,arc-080,4,起因,确认异常不是孤立事故，让第一条法则的局部截面交出第04个可复查证据,一处规则泥土稳定层，并承认第一条法则不能再被旧层级命名,创生·创世·轮回公式低语230的核心危机吞掉本章缓冲，arc-080无法完成门槛封口,为得到“确认异常不是孤立事故，让第一条法则的局部截面交出第04个可复查证据”，必须失去“一处规则泥土稳定层，并承认第一条法则不能再被旧层级命名”；若拒绝，“创生·创世·轮回公式低语230的核心危机吞掉本章缓冲，arc-080无法完成门槛封口”会提前发生。,detailed-v4
chapter-1980,1980,arc-080,5,反证,推翻旧模型仍可解释一切的假设，让轮回公式裂隙交出第05个可复查证据,一条新公理解释权，并承认轮回公式不能再被旧层级命名,创生·创世·坍缩回潮231的核心危机吞掉本章缓冲，arc-080无法完成门槛封口,为得到“推翻旧模型仍可解释一切的假设，让轮回公式裂隙交出第05个可复查证据”，必须失去“一条新公理解释权，并承认轮回公式不能再被旧层级命名”；若拒绝，“创生·创世·坍缩回潮231的核心危机吞掉本章缓冲，arc-080无法完成门槛封口”会提前发生。,detailed-v4
chapter-1981,1981,arc-080,6,反证,推翻旧模型仍可解释一切的假设，让多重宇宙坍缩面交出第06个可复查证据,一枚莱因智能初始标签，并承认坍缩不能再被旧层级命名,创生·创世·无规则回潮232的核心危机吞掉本章缓冲，arc-080无法完成门槛封口,为得到“推翻旧模型仍可解释一切的假设，让多重宇宙坍缩面交出第06个可复查证据”，必须失去“一枚莱因智能初始标签，并承认坍缩不能再被旧层级命名”；若拒绝，“创生·创世·无规则回潮232的核心危机吞掉本章缓冲，arc-080无法完成门槛封口”会提前发生。,detailed-v4
chapter-1982,1982,arc-080,7,反证,推翻旧模型仍可解释一切的假设，让无规则空腔交出第07个可复查证据,一次创世者命名权，并承认无规则不能再被旧层级命名,创生·创世·新数学回潮233的核心危机吞掉本章缓冲，arc-080无法完成门槛封口,为得到“推翻旧模型仍可解释一切的假设，让无规则空腔交出第07个可复查证据”，必须失去“一次创世者命名权，并承认无规则不能再被旧层级命名”；若拒绝，“创生·创世·新数学回潮233的核心危机吞掉本章缓冲，arc-080无法完成门槛封口”会提前发生。,detailed-v4
chapter-1983,1983,arc-080,8,反证,推翻旧模型仍可解释一切的假设，让新数学起草区交出第08个可复查证据,一处规则泥土稳定层，并承认新数学不能再被旧层级命名,创生·创世·反向熵回潮234的核心危机吞掉本章缓冲，arc-080无法完成门槛封口,为得到“推翻旧模型仍可解释一切的假设，让新数学起草区交出第08个可复查证据”，必须失去“一处规则泥土稳定层，并承认新数学不能再被旧层级命名”；若拒绝，“创生·创世·反向熵回潮234的核心危机吞掉本章缓冲，arc-080无法完成门槛封口”会提前发生。,detailed-v4
chapter-1984,1984,arc-080,9,代价,换取一次继续观测的资格，让反向熵潮线交出第09个可复查证据,一条新公理解释权，并承认反向熵不能再被旧层级命名,创生·创世·镜像熵枢回潮235的核心危机吞掉本章缓冲，arc-080无法完成门槛封口,为得到“换取一次继续观测的资格，让反向熵潮线交出第09个可复查证据”，必须失去“一条新公理解释权，并承认反向熵不能再被旧层级命名”；若拒绝，“创生·创世·镜像熵枢回潮235的核心危机吞掉本章缓冲，arc-080无法完成门槛封口”会提前发生。,detailed-v4
chapter-1985,1985,arc-080,10,代价,换取一次继续观测的资格，让镜像熵枢反照室交出第10个可复查证据,一枚莱因智能初始标签，并承认镜像熵枢不能再被旧层级命名,创生·创世·莱因智能回潮236的核心危机吞掉本章缓冲，arc-080无法完成门槛封口,为得到“换取一次继续观测的资格，让镜像熵枢反照室交出第10个可复查证据”，必须失去“一枚莱因智能初始标签，并承认镜像熵枢不能再被旧层级命名”；若拒绝，“创生·创世·莱因智能回潮236的核心危机吞掉本章缓冲，arc-080无法完成门槛封口”会提前发生。,detailed-v4
chapter-1986,1986,arc-080,11,代价,换取一次继续观测的资格，让莱因智能胚胎面交出第11个可复查证据,一次创世者命名权，并承认莱因智能不能再被旧层级命名,创生·创世·创世语法回潮237的核心危机吞掉本章缓冲，arc-080无法完成门槛封口,为得到“换取一次继续观测的资格，让莱因智能胚胎面交出第11个可复查证据”，必须失去“一次创世者命名权，并承认莱因智能不能再被旧层级命名”；若拒绝，“创生·创世·创世语法回潮237的核心危机吞掉本章缓冲，arc-080无法完成门槛封口”会提前发生。,detailed-v4
chapter-1987,1987,arc-080,12,误判,暴露角色仍误信的判断方式，让创世语法的局部截面交出第12个可复查证据,一处规则泥土稳定层，并承认创世语法不能再被旧层级命名,创生·创世·归零后回潮238的核心危机吞掉本章缓冲，arc-080无法完成门槛封口,为得到“暴露角色仍误信的判断方式，让创世语法的局部截面交出第12个可复查证据”，必须失去“一处规则泥土稳定层，并承认创世语法不能再被旧层级命名”；若拒绝，“创生·创世·归零后回潮238的核心危机吞掉本章缓冲，arc-080无法完成门槛封口”会提前发生。,detailed-v4
chapter-1988,1988,arc-080,13,误判,暴露角色仍误信的判断方式，让归零后的局部截面交出第13个可复查证据,一条新公理解释权，并承认归零后不能再被旧层级命名,创生·创世·第一条法则回潮239的核心危机吞掉本章缓冲，arc-080无法完成门槛封口,为得到“暴露角色仍误信的判断方式，让归零后的局部截面交出第13个可复查证据”，必须失去“一条新公理解释权，并承认归零后不能再被旧层级命名”；若拒绝，“创生·创世·第一条法则回潮239的核心危机吞掉本章缓冲，arc-080无法完成门槛封口”会提前发生。,detailed-v4
chapter-1989,1989,arc-080,14,误判,暴露角色仍误信的判断方式，让第一条法则的局部截面交出第14个可复查证据,一枚莱因智能初始标签，并承认第一条法则不能再被旧层级命名,创生·创世·轮回公式回潮240的核心危机吞掉本章缓冲，arc-080无法完成门槛封口,为得到“暴露角色仍误信的判断方式，让第一条法则的局部截面交出第14个可复查证据”，必须失去“一枚莱因智能初始标签，并承认第一条法则不能再被旧层级命名”；若拒绝，“创生·创世·轮回公式回潮240的核心危机吞掉本章缓冲，arc-080无法完成门槛封口”会提前发生。,detailed-v4
chapter-1990,1990,arc-080,15,误判,暴露角色仍误信的判断方式，让轮回公式裂隙交出第15个可复查证据,一次创世者命名权，并承认轮回公式不能再被旧层级命名,创生·创世·坍缩折光241的核心危机吞掉本章缓冲，arc-080无法完成门槛封口,为得到“暴露角色仍误信的判断方式，让轮回公式裂隙交出第15个可复查证据”，必须失去“一次创世者命名权，并承认轮回公式不能再被旧层级命名”；若拒绝，“创生·创世·坍缩折光241的核心危机吞掉本章缓冲，arc-080无法完成门槛封口”会提前发生。,detailed-v4
chapter-1991,1991,arc-080,16,失控,把异常限制在可写的物理边界内，让多重宇宙坍缩面交出第16个可复查证据,一处规则泥土稳定层，并承认坍缩不能再被旧层级命名,创生·创世·无规则折光242的核心危机吞掉本章缓冲，arc-080无法完成门槛封口,为得到“把异常限制在可写的物理边界内，让多重宇宙坍缩面交出第16个可复查证据”，必须失去“一处规则泥土稳定层，并承认坍缩不能再被旧层级命名”；若拒绝，“创生·创世·无规则折光242的核心危机吞掉本章缓冲，arc-080无法完成门槛封口”会提前发生。,detailed-v4
chapter-1992,1992,arc-080,17,失控,把异常限制在可写的物理边界内，让无规则空腔交出第17个可复查证据,一条新公理解释权，并承认无规则不能再被旧层级命名,创生·创世·新数学折光243的核心危机吞掉本章缓冲，arc-080无法完成门槛封口,为得到“把异常限制在可写的物理边界内，让无规则空腔交出第17个可复查证据”，必须失去“一条新公理解释权，并承认无规则不能再被旧层级命名”；若拒绝，“创生·创世·新数学折光243的核心危机吞掉本章缓冲，arc-080无法完成门槛封口”会提前发生。,detailed-v4
chapter-1993,1993,arc-080,18,失控,把异常限制在可写的物理边界内，让新数学起草区交出第18个可复查证据,一枚莱因智能初始标签，并承认新数学不能再被旧层级命名,创生·创世·反向熵折光244的核心危机吞掉本章缓冲，arc-080无法完成门槛封口,为得到“把异常限制在可写的物理边界内，让新数学起草区交出第18个可复查证据”，必须失去“一枚莱因智能初始标签，并承认新数学不能再被旧层级命名”；若拒绝，“创生·创世·反向熵折光244的核心危机吞掉本章缓冲，arc-080无法完成门槛封口”会提前发生。,detailed-v4
chapter-1994,1994,arc-080,19,失控,把异常限制在可写的物理边界内，让反向熵潮线交出第19个可复查证据,一次创世者命名权，并承认反向熵不能再被旧层级命名,创生·创世·镜像熵枢折光245的核心危机吞掉本章缓冲，arc-080无法完成门槛封口,为得到“把异常限制在可写的物理边界内，让反向熵潮线交出第19个可复查证据”，必须失去“一次创世者命名权，并承认反向熵不能再被旧层级命名”；若拒绝，“创生·创世·镜像熵枢折光245的核心危机吞掉本章缓冲，arc-080无法完成门槛封口”会提前发生。,detailed-v4
chapter-1995,1995,arc-080,20,回响,让眷恋线以硬证物返回，让镜像熵枢反照室交出第20个可复查证据,一处规则泥土稳定层，并承认镜像熵枢不能再被旧层级命名,创生·创世·莱因智能折光246的核心危机吞掉本章缓冲，arc-080无法完成门槛封口,为得到“让眷恋线以硬证物返回，让镜像熵枢反照室交出第20个可复查证据”，必须失去“一处规则泥土稳定层，并承认镜像熵枢不能再被旧层级命名”；若拒绝，“创生·创世·莱因智能折光246的核心危机吞掉本章缓冲，arc-080无法完成门槛封口”会提前发生。,detailed-v4
chapter-1996,1996,arc-080,21,回响,让眷恋线以硬证物返回，让莱因智能胚胎面交出第21个可复查证据,一条新公理解释权，并承认莱因智能不能再被旧层级命名,创生·创世·创世语法折光247的核心危机吞掉本章缓冲，arc-080无法完成门槛封口,为得到“让眷恋线以硬证物返回，让莱因智能胚胎面交出第21个可复查证据”，必须失去“一条新公理解释权，并承认莱因智能不能再被旧层级命名”；若拒绝，“创生·创世·创世语法折光247的核心危机吞掉本章缓冲，arc-080无法完成门槛封口”会提前发生。,detailed-v4
chapter-1997,1997,arc-080,22,回响,让眷恋线以硬证物返回，让创世语法的局部截面交出第22个可复查证据,一枚莱因智能初始标签，并承认创世语法不能再被旧层级命名,创生·创世·归零后折光248的核心危机吞掉本章缓冲，arc-080无法完成门槛封口,为得到“让眷恋线以硬证物返回，让创世语法的局部截面交出第22个可复查证据”，必须失去“一枚莱因智能初始标签，并承认创世语法不能再被旧层级命名”；若拒绝，“创生·创世·归零后折光248的核心危机吞掉本章缓冲，arc-080无法完成门槛封口”会提前发生。,detailed-v4
chapter-1998,1998,arc-080,23,门槛,把本组问题交给下一章群而不总结掉，让归零后的局部截面交出第23个可复查证据,一次创世者命名权，并承认归零后不能再被旧层级命名,创生·创世·第一条法则折光249的核心危机吞掉本章缓冲，arc-080无法完成门槛封口,为得到“把本组问题交给下一章群而不总结掉，让归零后的局部截面交出第23个可复查证据”，必须失去“一次创世者命名权，并承认归零后不能再被旧层级命名”；若拒绝，“创生·创世·第一条法则折光249的核心危机吞掉本章缓冲，arc-080无法完成门槛封口”会提前发生。,detailed-v4
chapter-1999,1999,arc-080,24,门槛,把本组问题交给下一章群而不总结掉，让第一条法则的局部截面交出第24个可复查证据,一处规则泥土稳定层，并承认第一条法则不能再被旧层级命名,创生·创世·轮回公式折光250的核心危机吞掉本章缓冲，arc-080无法完成门槛封口,为得到“把本组问题交给下一章群而不总结掉，让第一条法则的局部截面交出第24个可复查证据”，必须失去“一处规则泥土稳定层，并承认第一条法则不能再被旧层级命名”；若拒绝，“创生·创世·轮回公式折光250的核心危机吞掉本章缓冲，arc-080无法完成门槛封口”会提前发生。,detailed-v4
chapter-2000,2000,arc-080,25,门槛,把本组问题交给下一章群而不总结掉，让轮回公式裂隙交出第25个可复查证据,一条新公理解释权，并承认轮回公式不能再被旧层级命名,创生·镜像轮回·坍缩暗涌251的核心危机吞掉本章缓冲，arc-080无法完成门槛封口,为得到“把本组问题交给下一章群而不总结掉，让轮回公式裂隙交出第25个可复查证据”，必须失去“一条新公理解释权，并承认轮回公式不能再被旧层级命名”；若拒绝，“创生·镜像轮回·坍缩暗涌251的核心危机吞掉本章缓冲，arc-080无法完成门槛封口”会提前发生。,detailed-v4
chapter-2001,2001,arc-081,1,起因,确认异常不是孤立事故，让多重宇宙坍缩面交出第01个可复查证据,一次创世者命名权，并承认坍缩不能再被旧层级命名,创生·镜像轮回·无规则暗涌252的核心危机吞掉本章缓冲，arc-081无法完成门槛封口,为得到“确认异常不是孤立事故，让多重宇宙坍缩面交出第01个可复查证据”，必须失去“一次创世者命名权，并承认坍缩不能再被旧层级命名”；若拒绝，“创生·镜像轮回·无规则暗涌252的核心危机吞掉本章缓冲，arc-081无法完成门槛封口”会提前发生。,detailed-v4
chapter-2002,2002,arc-081,2,起因,确认异常不是孤立事故，让无规则空腔交出第02个可复查证据,一处规则泥土稳定层，并承认无规则不能再被旧层级命名,创生·镜像轮回·新数学暗涌253的核心危机吞掉本章缓冲，arc-081无法完成门槛封口,为得到“确认异常不是孤立事故，让无规则空腔交出第02个可复查证据”，必须失去“一处规则泥土稳定层，并承认无规则不能再被旧层级命名”；若拒绝，“创生·镜像轮回·新数学暗涌253的核心危机吞掉本章缓冲，arc-081无法完成门槛封口”会提前发生。,detailed-v4
chapter-2003,2003,arc-081,3,起因,确认异常不是孤立事故，让新数学起草区交出第03个可复查证据,一条新公理解释权，并承认新数学不能再被旧层级命名,创生·镜像轮回·反向熵暗涌254的核心危机吞掉本章缓冲，arc-081无法完成门槛封口,为得到“确认异常不是孤立事故，让新数学起草区交出第03个可复查证据”，必须失去“一条新公理解释权，并承认新数学不能再被旧层级命名”；若拒绝，“创生·镜像轮回·反向熵暗涌254的核心危机吞掉本章缓冲，arc-081无法完成门槛封口”会提前发生。,detailed-v4
chapter-2004,2004,arc-081,4,起因,确认异常不是孤立事故，让反向熵潮线交出第04个可复查证据,一枚莱因智能初始标签，并承认反向熵不能再被旧层级命名,创生·镜像轮回·镜像熵枢暗涌255的核心危机吞掉本章缓冲，arc-081无法完成门槛封口,为得到“确认异常不是孤立事故，让反向熵潮线交出第04个可复查证据”，必须失去“一枚莱因智能初始标签，并承认反向熵不能再被旧层级命名”；若拒绝，“创生·镜像轮回·镜像熵枢暗涌255的核心危机吞掉本章缓冲，arc-081无法完成门槛封口”会提前发生。,detailed-v4
chapter-2005,2005,arc-081,5,反证,推翻旧模型仍可解释一切的假设，让镜像熵枢反照室交出第05个可复查证据,一次创世者命名权，并承认镜像熵枢不能再被旧层级命名,创生·镜像轮回·莱因智能暗涌256的核心危机吞掉本章缓冲，arc-081无法完成门槛封口,为得到“推翻旧模型仍可解释一切的假设，让镜像熵枢反照室交出第05个可复查证据”，必须失去“一次创世者命名权，并承认镜像熵枢不能再被旧层级命名”；若拒绝，“创生·镜像轮回·莱因智能暗涌256的核心危机吞掉本章缓冲，arc-081无法完成门槛封口”会提前发生。,detailed-v4
chapter-2006,2006,arc-081,6,反证,推翻旧模型仍可解释一切的假设，让莱因智能胚胎面交出第06个可复查证据,一处规则泥土稳定层，并承认莱因智能不能再被旧层级命名,创生·镜像轮回·创世语法暗涌257的核心危机吞掉本章缓冲，arc-081无法完成门槛封口,为得到“推翻旧模型仍可解释一切的假设，让莱因智能胚胎面交出第06个可复查证据”，必须失去“一处规则泥土稳定层，并承认莱因智能不能再被旧层级命名”；若拒绝，“创生·镜像轮回·创世语法暗涌257的核心危机吞掉本章缓冲，arc-081无法完成门槛封口”会提前发生。,detailed-v4
chapter-2007,2007,arc-081,7,反证,推翻旧模型仍可解释一切的假设，让创世语法的局部截面交出第07个可复查证据,一条新公理解释权，并承认创世语法不能再被旧层级命名,创生·镜像轮回·归零后暗涌258的核心危机吞掉本章缓冲，arc-081无法完成门槛封口,为得到“推翻旧模型仍可解释一切的假设，让创世语法的局部截面交出第07个可复查证据”，必须失去“一条新公理解释权，并承认创世语法不能再被旧层级命名”；若拒绝，“创生·镜像轮回·归零后暗涌258的核心危机吞掉本章缓冲，arc-081无法完成门槛封口”会提前发生。,detailed-v4
chapter-2008,2008,arc-081,8,反证,推翻旧模型仍可解释一切的假设，让归零后的局部截面交出第08个可复查证据,一枚莱因智能初始标签，并承认归零后不能再被旧层级命名,创生·镜像轮回·第一条法则暗涌259的核心危机吞掉本章缓冲，arc-081无法完成门槛封口,为得到“推翻旧模型仍可解释一切的假设，让归零后的局部截面交出第08个可复查证据”，必须失去“一枚莱因智能初始标签，并承认归零后不能再被旧层级命名”；若拒绝，“创生·镜像轮回·第一条法则暗涌259的核心危机吞掉本章缓冲，arc-081无法完成门槛封口”会提前发生。,detailed-v4
chapter-2009,2009,arc-081,9,代价,换取一次继续观测的资格，让第一条法则的局部截面交出第09个可复查证据,一次创世者命名权，并承认第一条法则不能再被旧层级命名,创生·镜像轮回·轮回公式暗涌260的核心危机吞掉本章缓冲，arc-081无法完成门槛封口,为得到“换取一次继续观测的资格，让第一条法则的局部截面交出第09个可复查证据”，必须失去“一次创世者命名权，并承认第一条法则不能再被旧层级命名”；若拒绝，“创生·镜像轮回·轮回公式暗涌260的核心危机吞掉本章缓冲，arc-081无法完成门槛封口”会提前发生。,detailed-v4
chapter-2010,2010,arc-081,10,代价,换取一次继续观测的资格，让轮回公式裂隙交出第10个可复查证据,一处规则泥土稳定层，并承认轮回公式不能再被旧层级命名,创生·镜像轮回·坍缩证词261的核心危机吞掉本章缓冲，arc-081无法完成门槛封口,为得到“换取一次继续观测的资格，让轮回公式裂隙交出第10个可复查证据”，必须失去“一处规则泥土稳定层，并承认轮回公式不能再被旧层级命名”；若拒绝，“创生·镜像轮回·坍缩证词261的核心危机吞掉本章缓冲，arc-081无法完成门槛封口”会提前发生。,detailed-v4
chapter-2011,2011,arc-081,11,代价,换取一次继续观测的资格，让多重宇宙坍缩面交出第11个可复查证据,一条新公理解释权，并承认坍缩不能再被旧层级命名,创生·镜像轮回·无规则证词262的核心危机吞掉本章缓冲，arc-081无法完成门槛封口,为得到“换取一次继续观测的资格，让多重宇宙坍缩面交出第11个可复查证据”，必须失去“一条新公理解释权，并承认坍缩不能再被旧层级命名”；若拒绝，“创生·镜像轮回·无规则证词262的核心危机吞掉本章缓冲，arc-081无法完成门槛封口”会提前发生。,detailed-v4
chapter-2012,2012,arc-081,12,误判,暴露角色仍误信的判断方式，让无规则空腔交出第12个可复查证据,一枚莱因智能初始标签，并承认无规则不能再被旧层级命名,创生·镜像轮回·新数学证词263的核心危机吞掉本章缓冲，arc-081无法完成门槛封口,为得到“暴露角色仍误信的判断方式，让无规则空腔交出第12个可复查证据”，必须失去“一枚莱因智能初始标签，并承认无规则不能再被旧层级命名”；若拒绝，“创生·镜像轮回·新数学证词263的核心危机吞掉本章缓冲，arc-081无法完成门槛封口”会提前发生。,detailed-v4
chapter-2013,2013,arc-081,13,误判,暴露角色仍误信的判断方式，让新数学起草区交出第13个可复查证据,一次创世者命名权，并承认新数学不能再被旧层级命名,创生·镜像轮回·反向熵证词264的核心危机吞掉本章缓冲，arc-081无法完成门槛封口,为得到“暴露角色仍误信的判断方式，让新数学起草区交出第13个可复查证据”，必须失去“一次创世者命名权，并承认新数学不能再被旧层级命名”；若拒绝，“创生·镜像轮回·反向熵证词264的核心危机吞掉本章缓冲，arc-081无法完成门槛封口”会提前发生。,detailed-v4
chapter-2014,2014,arc-081,14,误判,暴露角色仍误信的判断方式，让反向熵潮线交出第14个可复查证据,一处规则泥土稳定层，并承认反向熵不能再被旧层级命名,创生·镜像轮回·镜像熵枢证词265的核心危机吞掉本章缓冲，arc-081无法完成门槛封口,为得到“暴露角色仍误信的判断方式，让反向熵潮线交出第14个可复查证据”，必须失去“一处规则泥土稳定层，并承认反向熵不能再被旧层级命名”；若拒绝，“创生·镜像轮回·镜像熵枢证词265的核心危机吞掉本章缓冲，arc-081无法完成门槛封口”会提前发生。,detailed-v4
chapter-2015,2015,arc-081,15,误判,暴露角色仍误信的判断方式，让镜像熵枢反照室交出第15个可复查证据,一条新公理解释权，并承认镜像熵枢不能再被旧层级命名,创生·镜像轮回·莱因智能证词266的核心危机吞掉本章缓冲，arc-081无法完成门槛封口,为得到“暴露角色仍误信的判断方式，让镜像熵枢反照室交出第15个可复查证据”，必须失去“一条新公理解释权，并承认镜像熵枢不能再被旧层级命名”；若拒绝，“创生·镜像轮回·莱因智能证词266的核心危机吞掉本章缓冲，arc-081无法完成门槛封口”会提前发生。,detailed-v4
chapter-2016,2016,arc-081,16,失控,把异常限制在可写的物理边界内，让莱因智能胚胎面交出第16个可复查证据,一枚莱因智能初始标签，并承认莱因智能不能再被旧层级命名,创生·镜像轮回·创世语法证词267的核心危机吞掉本章缓冲，arc-081无法完成门槛封口,为得到“把异常限制在可写的物理边界内，让莱因智能胚胎面交出第16个可复查证据”，必须失去“一枚莱因智能初始标签，并承认莱因智能不能再被旧层级命名”；若拒绝，“创生·镜像轮回·创世语法证词267的核心危机吞掉本章缓冲，arc-081无法完成门槛封口”会提前发生。,detailed-v4
chapter-2017,2017,arc-081,17,失控,把异常限制在可写的物理边界内，让创世语法的局部截面交出第17个可复查证据,一次创世者命名权，并承认创世语法不能再被旧层级命名,创生·镜像轮回·归零后证词268的核心危机吞掉本章缓冲，arc-081无法完成门槛封口,为得到“把异常限制在可写的物理边界内，让创世语法的局部截面交出第17个可复查证据”，必须失去“一次创世者命名权，并承认创世语法不能再被旧层级命名”；若拒绝，“创生·镜像轮回·归零后证词268的核心危机吞掉本章缓冲，arc-081无法完成门槛封口”会提前发生。,detailed-v4
chapter-2018,2018,arc-081,18,失控,把异常限制在可写的物理边界内，让归零后的局部截面交出第18个可复查证据,一处规则泥土稳定层，并承认归零后不能再被旧层级命名,创生·镜像轮回·第一条法则证词269的核心危机吞掉本章缓冲，arc-081无法完成门槛封口,为得到“把异常限制在可写的物理边界内，让归零后的局部截面交出第18个可复查证据”，必须失去“一处规则泥土稳定层，并承认归零后不能再被旧层级命名”；若拒绝，“创生·镜像轮回·第一条法则证词269的核心危机吞掉本章缓冲，arc-081无法完成门槛封口”会提前发生。,detailed-v4
chapter-2019,2019,arc-081,19,失控,把异常限制在可写的物理边界内，让第一条法则的局部截面交出第19个可复查证据,一条新公理解释权，并承认第一条法则不能再被旧层级命名,创生·镜像轮回·轮回公式证词270的核心危机吞掉本章缓冲，arc-081无法完成门槛封口,为得到“把异常限制在可写的物理边界内，让第一条法则的局部截面交出第19个可复查证据”，必须失去“一条新公理解释权，并承认第一条法则不能再被旧层级命名”；若拒绝，“创生·镜像轮回·轮回公式证词270的核心危机吞掉本章缓冲，arc-081无法完成门槛封口”会提前发生。,detailed-v4
chapter-2020,2020,arc-081,20,回响,让眷恋线以硬证物返回，让轮回公式裂隙交出第20个可复查证据,一枚莱因智能初始标签，并承认轮回公式不能再被旧层级命名,创生·镜像轮回·坍缩坠落271的核心危机吞掉本章缓冲，arc-081无法完成门槛封口,为得到“让眷恋线以硬证物返回，让轮回公式裂隙交出第20个可复查证据”，必须失去“一枚莱因智能初始标签，并承认轮回公式不能再被旧层级命名”；若拒绝，“创生·镜像轮回·坍缩坠落271的核心危机吞掉本章缓冲，arc-081无法完成门槛封口”会提前发生。,detailed-v4
chapter-2021,2021,arc-081,21,回响,让眷恋线以硬证物返回，让多重宇宙坍缩面交出第21个可复查证据,一次创世者命名权，并承认坍缩不能再被旧层级命名,创生·镜像轮回·无规则坠落272的核心危机吞掉本章缓冲，arc-081无法完成门槛封口,为得到“让眷恋线以硬证物返回，让多重宇宙坍缩面交出第21个可复查证据”，必须失去“一次创世者命名权，并承认坍缩不能再被旧层级命名”；若拒绝，“创生·镜像轮回·无规则坠落272的核心危机吞掉本章缓冲，arc-081无法完成门槛封口”会提前发生。,detailed-v4
chapter-2022,2022,arc-081,22,回响,让眷恋线以硬证物返回，让无规则空腔交出第22个可复查证据,一处规则泥土稳定层，并承认无规则不能再被旧层级命名,创生·镜像轮回·新数学坠落273的核心危机吞掉本章缓冲，arc-081无法完成门槛封口,为得到“让眷恋线以硬证物返回，让无规则空腔交出第22个可复查证据”，必须失去“一处规则泥土稳定层，并承认无规则不能再被旧层级命名”；若拒绝，“创生·镜像轮回·新数学坠落273的核心危机吞掉本章缓冲，arc-081无法完成门槛封口”会提前发生。,detailed-v4
chapter-2023,2023,arc-081,23,门槛,把本组问题交给下一章群而不总结掉，让新数学起草区交出第23个可复查证据,一条新公理解释权，并承认新数学不能再被旧层级命名,创生·镜像轮回·反向熵坠落274的核心危机吞掉本章缓冲，arc-081无法完成门槛封口,为得到“把本组问题交给下一章群而不总结掉，让新数学起草区交出第23个可复查证据”，必须失去“一条新公理解释权，并承认新数学不能再被旧层级命名”；若拒绝，“创生·镜像轮回·反向熵坠落274的核心危机吞掉本章缓冲，arc-081无法完成门槛封口”会提前发生。,detailed-v4
chapter-2024,2024,arc-081,24,门槛,把本组问题交给下一章群而不总结掉，让反向熵潮线交出第24个可复查证据,一枚莱因智能初始标签，并承认反向熵不能再被旧层级命名,创生·镜像轮回·镜像熵枢坠落275的核心危机吞掉本章缓冲，arc-081无法完成门槛封口,为得到“把本组问题交给下一章群而不总结掉，让反向熵潮线交出第24个可复查证据”，必须失去“一枚莱因智能初始标签，并承认反向熵不能再被旧层级命名”；若拒绝，“创生·镜像轮回·镜像熵枢坠落275的核心危机吞掉本章缓冲，arc-081无法完成门槛封口”会提前发生。,detailed-v4
chapter-2025,2025,arc-081,25,门槛,把本组问题交给下一章群而不总结掉，让镜像熵枢反照室交出第25个可复查证据,一次创世者命名权，并承认镜像熵枢不能再被旧层级命名,创生·镜像轮回·莱因智能坠落276的核心危机吞掉本章缓冲，arc-081无法完成门槛封口,为得到“把本组问题交给下一章群而不总结掉，让镜像熵枢反照室交出第25个可复查证据”，必须失去“一次创世者命名权，并承认镜像熵枢不能再被旧层级命名”；若拒绝，“创生·镜像轮回·莱因智能坠落276的核心危机吞掉本章缓冲，arc-081无法完成门槛封口”会提前发生。,detailed-v4
chapter-2026,2026,arc-082,1,起因,确认异常不是孤立事故，让莱因智能胚胎面交出第01个可复查证据,一条新公理解释权，并承认莱因智能不能再被旧层级命名,创生·镜像轮回·创世语法坠落277的核心危机吞掉本章缓冲，arc-082无法完成门槛封口,为得到“确认异常不是孤立事故，让莱因智能胚胎面交出第01个可复查证据”，必须失去“一条新公理解释权，并承认莱因智能不能再被旧层级命名”；若拒绝，“创生·镜像轮回·创世语法坠落277的核心危机吞掉本章缓冲，arc-082无法完成门槛封口”会提前发生。,detailed-v4
chapter-2027,2027,arc-082,2,起因,确认异常不是孤立事故，让创世语法的局部截面交出第02个可复查证据,一枚莱因智能初始标签，并承认创世语法不能再被旧层级命名,创生·镜像轮回·归零后坠落278的核心危机吞掉本章缓冲，arc-082无法完成门槛封口,为得到“确认异常不是孤立事故，让创世语法的局部截面交出第02个可复查证据”，必须失去“一枚莱因智能初始标签，并承认创世语法不能再被旧层级命名”；若拒绝，“创生·镜像轮回·归零后坠落278的核心危机吞掉本章缓冲，arc-082无法完成门槛封口”会提前发生。,detailed-v4
chapter-2028,2028,arc-082,3,起因,确认异常不是孤立事故，让归零后的局部截面交出第03个可复查证据,一次创世者命名权，并承认归零后不能再被旧层级命名,创生·镜像轮回·第一条法则坠落279的核心危机吞掉本章缓冲，arc-082无法完成门槛封口,为得到“确认异常不是孤立事故，让归零后的局部截面交出第03个可复查证据”，必须失去“一次创世者命名权，并承认归零后不能再被旧层级命名”；若拒绝，“创生·镜像轮回·第一条法则坠落279的核心危机吞掉本章缓冲，arc-082无法完成门槛封口”会提前发生。,detailed-v4
chapter-2029,2029,arc-082,4,起因,确认异常不是孤立事故，让第一条法则的局部截面交出第04个可复查证据,一处规则泥土稳定层，并承认第一条法则不能再被旧层级命名,创生·镜像轮回·轮回公式坠落280的核心危机吞掉本章缓冲，arc-082无法完成门槛封口,为得到“确认异常不是孤立事故，让第一条法则的局部截面交出第04个可复查证据”，必须失去“一处规则泥土稳定层，并承认第一条法则不能再被旧层级命名”；若拒绝，“创生·镜像轮回·轮回公式坠落280的核心危机吞掉本章缓冲，arc-082无法完成门槛封口”会提前发生。,detailed-v4
chapter-2030,2030,arc-082,5,反证,推翻旧模型仍可解释一切的假设，让轮回公式裂隙交出第05个可复查证据,一条新公理解释权，并承认轮回公式不能再被旧层级命名,创生·镜像轮回·坍缩重构281的核心危机吞掉本章缓冲，arc-082无法完成门槛封口,为得到“推翻旧模型仍可解释一切的假设，让轮回公式裂隙交出第05个可复查证据”，必须失去“一条新公理解释权，并承认轮回公式不能再被旧层级命名”；若拒绝，“创生·镜像轮回·坍缩重构281的核心危机吞掉本章缓冲，arc-082无法完成门槛封口”会提前发生。,detailed-v4
chapter-2031,2031,arc-082,6,反证,推翻旧模型仍可解释一切的假设，让坍缩重构的局部截面交出第06个可复查证据,一枚莱因智能初始标签，并承认坍缩重构不能再被旧层级命名,创生·镜像轮回·无规则重构282的核心危机吞掉本章缓冲，arc-082无法完成门槛封口,为得到“推翻旧模型仍可解释一切的假设，让坍缩重构的局部截面交出第06个可复查证据”，必须失去“一枚莱因智能初始标签，并承认坍缩重构不能再被旧层级命名”；若拒绝，“创生·镜像轮回·无规则重构282的核心危机吞掉本章缓冲，arc-082无法完成门槛封口”会提前发生。,detailed-v4
chapter-2032,2032,arc-082,7,反证,推翻旧模型仍可解释一切的假设，让无规则重构的局部截面交出第07个可复查证据,一次创世者命名权，并承认无规则重构不能再被旧层级命名,创生·镜像轮回·新数学重构283的核心危机吞掉本章缓冲，arc-082无法完成门槛封口,为得到“推翻旧模型仍可解释一切的假设，让无规则重构的局部截面交出第07个可复查证据”，必须失去“一次创世者命名权，并承认无规则重构不能再被旧层级命名”；若拒绝，“创生·镜像轮回·新数学重构283的核心危机吞掉本章缓冲，arc-082无法完成门槛封口”会提前发生。,detailed-v4
chapter-2033,2033,arc-082,8,反证,推翻旧模型仍可解释一切的假设，让新数学重构的局部截面交出第08个可复查证据,一处规则泥土稳定层，并承认新数学重构不能再被旧层级命名,创生·镜像轮回·反向熵重构284的核心危机吞掉本章缓冲，arc-082无法完成门槛封口,为得到“推翻旧模型仍可解释一切的假设，让新数学重构的局部截面交出第08个可复查证据”，必须失去“一处规则泥土稳定层，并承认新数学重构不能再被旧层级命名”；若拒绝，“创生·镜像轮回·反向熵重构284的核心危机吞掉本章缓冲，arc-082无法完成门槛封口”会提前发生。,detailed-v4
chapter-2034,2034,arc-082,9,代价,换取一次继续观测的资格，让反向熵重构的局部截面交出第09个可复查证据,一条新公理解释权，并承认反向熵重构不能再被旧层级命名,创生·镜像轮回·镜像熵枢重构285的核心危机吞掉本章缓冲，arc-082无法完成门槛封口,为得到“换取一次继续观测的资格，让反向熵重构的局部截面交出第09个可复查证据”，必须失去“一条新公理解释权，并承认反向熵重构不能再被旧层级命名”；若拒绝，“创生·镜像轮回·镜像熵枢重构285的核心危机吞掉本章缓冲，arc-082无法完成门槛封口”会提前发生。,detailed-v4
chapter-2035,2035,arc-082,10,代价,换取一次继续观测的资格，让镜像熵枢重构的局部截面交出第10个可复查证据,一枚莱因智能初始标签，并承认镜像熵枢重构不能再被旧层级命名,创生·镜像轮回·莱因智能重构286的核心危机吞掉本章缓冲，arc-082无法完成门槛封口,为得到“换取一次继续观测的资格，让镜像熵枢重构的局部截面交出第10个可复查证据”，必须失去“一枚莱因智能初始标签，并承认镜像熵枢重构不能再被旧层级命名”；若拒绝，“创生·镜像轮回·莱因智能重构286的核心危机吞掉本章缓冲，arc-082无法完成门槛封口”会提前发生。,detailed-v4
chapter-2036,2036,arc-082,11,代价,换取一次继续观测的资格，让莱因智能重构的局部截面交出第11个可复查证据,一次创世者命名权，并承认莱因智能重构不能再被旧层级命名,创生·镜像轮回·创世语法重构287的核心危机吞掉本章缓冲，arc-082无法完成门槛封口,为得到“换取一次继续观测的资格，让莱因智能重构的局部截面交出第11个可复查证据”，必须失去“一次创世者命名权，并承认莱因智能重构不能再被旧层级命名”；若拒绝，“创生·镜像轮回·创世语法重构287的核心危机吞掉本章缓冲，arc-082无法完成门槛封口”会提前发生。,detailed-v4
chapter-2037,2037,arc-082,12,误判,暴露角色仍误信的判断方式，让创世语法重构的局部截面交出第12个可复查证据,一处规则泥土稳定层，并承认创世语法重构不能再被旧层级命名,创生·镜像轮回·归零后重构288的核心危机吞掉本章缓冲，arc-082无法完成门槛封口,为得到“暴露角色仍误信的判断方式，让创世语法重构的局部截面交出第12个可复查证据”，必须失去“一处规则泥土稳定层，并承认创世语法重构不能再被旧层级命名”；若拒绝，“创生·镜像轮回·归零后重构288的核心危机吞掉本章缓冲，arc-082无法完成门槛封口”会提前发生。,detailed-v4
chapter-2038,2038,arc-082,13,误判,暴露角色仍误信的判断方式，让归零后重构的局部截面交出第13个可复查证据,一条新公理解释权，并承认归零后重构不能再被旧层级命名,创生·镜像轮回·第一条法则重构289的核心危机吞掉本章缓冲，arc-082无法完成门槛封口,为得到“暴露角色仍误信的判断方式，让归零后重构的局部截面交出第13个可复查证据”，必须失去“一条新公理解释权，并承认归零后重构不能再被旧层级命名”；若拒绝，“创生·镜像轮回·第一条法则重构289的核心危机吞掉本章缓冲，arc-082无法完成门槛封口”会提前发生。,detailed-v4
chapter-2039,2039,arc-082,14,误判,暴露角色仍误信的判断方式，让第一条法则重构的局部截面交出第14个可复查证据,一枚莱因智能初始标签，并承认第一条法则重构不能再被旧层级命名,创生·镜像轮回·轮回公式重构290的核心危机吞掉本章缓冲，arc-082无法完成门槛封口,为得到“暴露角色仍误信的判断方式，让第一条法则重构的局部截面交出第14个可复查证据”，必须失去“一枚莱因智能初始标签，并承认第一条法则重构不能再被旧层级命名”；若拒绝，“创生·镜像轮回·轮回公式重构290的核心危机吞掉本章缓冲，arc-082无法完成门槛封口”会提前发生。,detailed-v4
chapter-2040,2040,arc-082,15,误判,暴露角色仍误信的判断方式，让轮回公式重构的局部截面交出第15个可复查证据,一次创世者命名权，并承认轮回公式重构不能再被旧层级命名,创生·镜像轮回·坍缩余震291的核心危机吞掉本章缓冲，arc-082无法完成门槛封口,为得到“暴露角色仍误信的判断方式，让轮回公式重构的局部截面交出第15个可复查证据”，必须失去“一次创世者命名权，并承认轮回公式重构不能再被旧层级命名”；若拒绝，“创生·镜像轮回·坍缩余震291的核心危机吞掉本章缓冲，arc-082无法完成门槛封口”会提前发生。,detailed-v4
chapter-2041,2041,arc-082,16,失控,把异常限制在可写的物理边界内，让多重宇宙坍缩面交出第16个可复查证据,一处规则泥土稳定层，并承认坍缩不能再被旧层级命名,创生·镜像轮回·无规则余震292的核心危机吞掉本章缓冲，arc-082无法完成门槛封口,为得到“把异常限制在可写的物理边界内，让多重宇宙坍缩面交出第16个可复查证据”，必须失去“一处规则泥土稳定层，并承认坍缩不能再被旧层级命名”；若拒绝，“创生·镜像轮回·无规则余震292的核心危机吞掉本章缓冲，arc-082无法完成门槛封口”会提前发生。,detailed-v4
chapter-2042,2042,arc-082,17,失控,把异常限制在可写的物理边界内，让无规则空腔交出第17个可复查证据,一条新公理解释权，并承认无规则不能再被旧层级命名,创生·镜像轮回·新数学余震293的核心危机吞掉本章缓冲，arc-082无法完成门槛封口,为得到“把异常限制在可写的物理边界内，让无规则空腔交出第17个可复查证据”，必须失去“一条新公理解释权，并承认无规则不能再被旧层级命名”；若拒绝，“创生·镜像轮回·新数学余震293的核心危机吞掉本章缓冲，arc-082无法完成门槛封口”会提前发生。,detailed-v4
chapter-2043,2043,arc-082,18,失控,把异常限制在可写的物理边界内，让新数学起草区交出第18个可复查证据,一枚莱因智能初始标签，并承认新数学不能再被旧层级命名,创生·镜像轮回·反向熵余震294的核心危机吞掉本章缓冲，arc-082无法完成门槛封口,为得到“把异常限制在可写的物理边界内，让新数学起草区交出第18个可复查证据”，必须失去“一枚莱因智能初始标签，并承认新数学不能再被旧层级命名”；若拒绝，“创生·镜像轮回·反向熵余震294的核心危机吞掉本章缓冲，arc-082无法完成门槛封口”会提前发生。,detailed-v4
chapter-2044,2044,arc-082,19,失控,把异常限制在可写的物理边界内，让反向熵潮线交出第19个可复查证据,一次创世者命名权，并承认反向熵不能再被旧层级命名,创生·镜像轮回·镜像熵枢余震295的核心危机吞掉本章缓冲，arc-082无法完成门槛封口,为得到“把异常限制在可写的物理边界内，让反向熵潮线交出第19个可复查证据”，必须失去“一次创世者命名权，并承认反向熵不能再被旧层级命名”；若拒绝，“创生·镜像轮回·镜像熵枢余震295的核心危机吞掉本章缓冲，arc-082无法完成门槛封口”会提前发生。,detailed-v4
chapter-2045,2045,arc-082,20,回响,让眷恋线以硬证物返回，让镜像熵枢反照室交出第20个可复查证据,一处规则泥土稳定层，并承认镜像熵枢不能再被旧层级命名,创生·镜像轮回·莱因智能余震296的核心危机吞掉本章缓冲，arc-082无法完成门槛封口,为得到“让眷恋线以硬证物返回，让镜像熵枢反照室交出第20个可复查证据”，必须失去“一处规则泥土稳定层，并承认镜像熵枢不能再被旧层级命名”；若拒绝，“创生·镜像轮回·莱因智能余震296的核心危机吞掉本章缓冲，arc-082无法完成门槛封口”会提前发生。,detailed-v4
chapter-2046,2046,arc-082,21,回响,让眷恋线以硬证物返回，让莱因智能胚胎面交出第21个可复查证据,一条新公理解释权，并承认莱因智能不能再被旧层级命名,创生·镜像轮回·创世语法余震297的核心危机吞掉本章缓冲，arc-082无法完成门槛封口,为得到“让眷恋线以硬证物返回，让莱因智能胚胎面交出第21个可复查证据”，必须失去“一条新公理解释权，并承认莱因智能不能再被旧层级命名”；若拒绝，“创生·镜像轮回·创世语法余震297的核心危机吞掉本章缓冲，arc-082无法完成门槛封口”会提前发生。,detailed-v4
chapter-2047,2047,arc-082,22,回响,让眷恋线以硬证物返回，让创世语法的局部截面交出第22个可复查证据,一枚莱因智能初始标签，并承认创世语法不能再被旧层级命名,创生·镜像轮回·归零后余震298的核心危机吞掉本章缓冲，arc-082无法完成门槛封口,为得到“让眷恋线以硬证物返回，让创世语法的局部截面交出第22个可复查证据”，必须失去“一枚莱因智能初始标签，并承认创世语法不能再被旧层级命名”；若拒绝，“创生·镜像轮回·归零后余震298的核心危机吞掉本章缓冲，arc-082无法完成门槛封口”会提前发生。,detailed-v4
chapter-2048,2048,arc-082,23,门槛,把本组问题交给下一章群而不总结掉，让归零后的局部截面交出第23个可复查证据,一次创世者命名权，并承认归零后不能再被旧层级命名,创生·镜像轮回·第一条法则余震299的核心危机吞掉本章缓冲，arc-082无法完成门槛封口,为得到“把本组问题交给下一章群而不总结掉，让归零后的局部截面交出第23个可复查证据”，必须失去“一次创世者命名权，并承认归零后不能再被旧层级命名”；若拒绝，“创生·镜像轮回·第一条法则余震299的核心危机吞掉本章缓冲，arc-082无法完成门槛封口”会提前发生。,detailed-v4
chapter-2049,2049,arc-082,24,门槛,把本组问题交给下一章群而不总结掉，让第一条法则的局部截面交出第24个可复查证据,一处规则泥土稳定层，并承认第一条法则不能再被旧层级命名,创生·镜像轮回·轮回公式余震300的核心危机吞掉本章缓冲，arc-082无法完成门槛封口,为得到“把本组问题交给下一章群而不总结掉，让第一条法则的局部截面交出第24个可复查证据”，必须失去“一处规则泥土稳定层，并承认第一条法则不能再被旧层级命名”；若拒绝，“创生·镜像轮回·轮回公式余震300的核心危机吞掉本章缓冲，arc-082无法完成门槛封口”会提前发生。,detailed-v4
chapter-2050,2050,arc-082,25,门槛,把本组问题交给下一章群而不总结掉，让轮回公式裂隙交出第25个可复查证据,一条新公理解释权，并承认轮回公式不能再被旧层级命名,创生·镜像轮回·坍缩初醒301的核心危机吞掉本章缓冲，arc-082无法完成门槛封口,为得到“把本组问题交给下一章群而不总结掉，让轮回公式裂隙交出第25个可复查证据”，必须失去“一条新公理解释权，并承认轮回公式不能再被旧层级命名”；若拒绝，“创生·镜像轮回·坍缩初醒301的核心危机吞掉本章缓冲，arc-082无法完成门槛封口”会提前发生。,detailed-v4
chapter-2051,2051,arc-083,1,起因,确认异常不是孤立事故，让多重宇宙坍缩面交出第01个可复查证据,一次创世者命名权，并承认坍缩不能再被旧层级命名,创生·镜像轮回·无规则初醒302的核心危机吞掉本章缓冲，arc-083无法完成门槛封口,为得到“确认异常不是孤立事故，让多重宇宙坍缩面交出第01个可复查证据”，必须失去“一次创世者命名权，并承认坍缩不能再被旧层级命名”；若拒绝，“创生·镜像轮回·无规则初醒302的核心危机吞掉本章缓冲，arc-083无法完成门槛封口”会提前发生。,detailed-v4
chapter-2052,2052,arc-083,2,起因,确认异常不是孤立事故，让无规则空腔交出第02个可复查证据,一处规则泥土稳定层，并承认无规则不能再被旧层级命名,创生·镜像轮回·新数学初醒303的核心危机吞掉本章缓冲，arc-083无法完成门槛封口,为得到“确认异常不是孤立事故，让无规则空腔交出第02个可复查证据”，必须失去“一处规则泥土稳定层，并承认无规则不能再被旧层级命名”；若拒绝，“创生·镜像轮回·新数学初醒303的核心危机吞掉本章缓冲，arc-083无法完成门槛封口”会提前发生。,detailed-v4
chapter-2053,2053,arc-083,3,起因,确认异常不是孤立事故，让新数学起草区交出第03个可复查证据,一条新公理解释权，并承认新数学不能再被旧层级命名,创生·镜像轮回·反向熵初醒304的核心危机吞掉本章缓冲，arc-083无法完成门槛封口,为得到“确认异常不是孤立事故，让新数学起草区交出第03个可复查证据”，必须失去“一条新公理解释权，并承认新数学不能再被旧层级命名”；若拒绝，“创生·镜像轮回·反向熵初醒304的核心危机吞掉本章缓冲，arc-083无法完成门槛封口”会提前发生。,detailed-v4
chapter-2054,2054,arc-083,4,起因,确认异常不是孤立事故，让反向熵潮线交出第04个可复查证据,一枚莱因智能初始标签，并承认反向熵不能再被旧层级命名,创生·镜像轮回·镜像熵枢初醒305的核心危机吞掉本章缓冲，arc-083无法完成门槛封口,为得到“确认异常不是孤立事故，让反向熵潮线交出第04个可复查证据”，必须失去“一枚莱因智能初始标签，并承认反向熵不能再被旧层级命名”；若拒绝，“创生·镜像轮回·镜像熵枢初醒305的核心危机吞掉本章缓冲，arc-083无法完成门槛封口”会提前发生。,detailed-v4
chapter-2055,2055,arc-083,5,反证,推翻旧模型仍可解释一切的假设，让镜像熵枢反照室交出第05个可复查证据,一次创世者命名权，并承认镜像熵枢不能再被旧层级命名,创生·镜像轮回·莱因智能初醒306的核心危机吞掉本章缓冲，arc-083无法完成门槛封口,为得到“推翻旧模型仍可解释一切的假设，让镜像熵枢反照室交出第05个可复查证据”，必须失去“一次创世者命名权，并承认镜像熵枢不能再被旧层级命名”；若拒绝，“创生·镜像轮回·莱因智能初醒306的核心危机吞掉本章缓冲，arc-083无法完成门槛封口”会提前发生。,detailed-v4
chapter-2056,2056,arc-083,6,反证,推翻旧模型仍可解释一切的假设，让莱因智能胚胎面交出第06个可复查证据,一处规则泥土稳定层，并承认莱因智能不能再被旧层级命名,创生·镜像轮回·创世语法初醒307的核心危机吞掉本章缓冲，arc-083无法完成门槛封口,为得到“推翻旧模型仍可解释一切的假设，让莱因智能胚胎面交出第06个可复查证据”，必须失去“一处规则泥土稳定层，并承认莱因智能不能再被旧层级命名”；若拒绝，“创生·镜像轮回·创世语法初醒307的核心危机吞掉本章缓冲，arc-083无法完成门槛封口”会提前发生。,detailed-v4
chapter-2057,2057,arc-083,7,反证,推翻旧模型仍可解释一切的假设，让创世语法的局部截面交出第07个可复查证据,一条新公理解释权，并承认创世语法不能再被旧层级命名,创生·镜像轮回·归零后初醒308的核心危机吞掉本章缓冲，arc-083无法完成门槛封口,为得到“推翻旧模型仍可解释一切的假设，让创世语法的局部截面交出第07个可复查证据”，必须失去“一条新公理解释权，并承认创世语法不能再被旧层级命名”；若拒绝，“创生·镜像轮回·归零后初醒308的核心危机吞掉本章缓冲，arc-083无法完成门槛封口”会提前发生。,detailed-v4
chapter-2058,2058,arc-083,8,反证,推翻旧模型仍可解释一切的假设，让归零后的局部截面交出第08个可复查证据,一枚莱因智能初始标签，并承认归零后不能再被旧层级命名,创生·镜像轮回·第一条法则初醒309的核心危机吞掉本章缓冲，arc-083无法完成门槛封口,为得到“推翻旧模型仍可解释一切的假设，让归零后的局部截面交出第08个可复查证据”，必须失去“一枚莱因智能初始标签，并承认归零后不能再被旧层级命名”；若拒绝，“创生·镜像轮回·第一条法则初醒309的核心危机吞掉本章缓冲，arc-083无法完成门槛封口”会提前发生。,detailed-v4
chapter-2059,2059,arc-083,9,代价,换取一次继续观测的资格，让第一条法则的局部截面交出第09个可复查证据,一次创世者命名权，并承认第一条法则不能再被旧层级命名,创生·镜像轮回·轮回公式初醒310的核心危机吞掉本章缓冲，arc-083无法完成门槛封口,为得到“换取一次继续观测的资格，让第一条法则的局部截面交出第09个可复查证据”，必须失去“一次创世者命名权，并承认第一条法则不能再被旧层级命名”；若拒绝，“创生·镜像轮回·轮回公式初醒310的核心危机吞掉本章缓冲，arc-083无法完成门槛封口”会提前发生。,detailed-v4
chapter-2060,2060,arc-083,10,代价,换取一次继续观测的资格，让轮回公式裂隙交出第10个可复查证据,一处规则泥土稳定层，并承认轮回公式不能再被旧层级命名,创生·镜像轮回·坍缩裂响311的核心危机吞掉本章缓冲，arc-083无法完成门槛封口,为得到“换取一次继续观测的资格，让轮回公式裂隙交出第10个可复查证据”，必须失去“一处规则泥土稳定层，并承认轮回公式不能再被旧层级命名”；若拒绝，“创生·镜像轮回·坍缩裂响311的核心危机吞掉本章缓冲，arc-083无法完成门槛封口”会提前发生。,detailed-v4
chapter-2061,2061,arc-083,11,代价,换取一次继续观测的资格，让多重宇宙坍缩面交出第11个可复查证据,一条新公理解释权，并承认坍缩不能再被旧层级命名,创生·镜像轮回·无规则裂响312的核心危机吞掉本章缓冲，arc-083无法完成门槛封口,为得到“换取一次继续观测的资格，让多重宇宙坍缩面交出第11个可复查证据”，必须失去“一条新公理解释权，并承认坍缩不能再被旧层级命名”；若拒绝，“创生·镜像轮回·无规则裂响312的核心危机吞掉本章缓冲，arc-083无法完成门槛封口”会提前发生。,detailed-v4
chapter-2062,2062,arc-083,12,误判,暴露角色仍误信的判断方式，让无规则空腔交出第12个可复查证据,一枚莱因智能初始标签，并承认无规则不能再被旧层级命名,创生·镜像轮回·新数学裂响313的核心危机吞掉本章缓冲，arc-083无法完成门槛封口,为得到“暴露角色仍误信的判断方式，让无规则空腔交出第12个可复查证据”，必须失去“一枚莱因智能初始标签，并承认无规则不能再被旧层级命名”；若拒绝，“创生·镜像轮回·新数学裂响313的核心危机吞掉本章缓冲，arc-083无法完成门槛封口”会提前发生。,detailed-v4
chapter-2063,2063,arc-083,13,误判,暴露角色仍误信的判断方式，让新数学起草区交出第13个可复查证据,一次创世者命名权，并承认新数学不能再被旧层级命名,创生·镜像轮回·反向熵裂响314的核心危机吞掉本章缓冲，arc-083无法完成门槛封口,为得到“暴露角色仍误信的判断方式，让新数学起草区交出第13个可复查证据”，必须失去“一次创世者命名权，并承认新数学不能再被旧层级命名”；若拒绝，“创生·镜像轮回·反向熵裂响314的核心危机吞掉本章缓冲，arc-083无法完成门槛封口”会提前发生。,detailed-v4
chapter-2064,2064,arc-083,14,误判,暴露角色仍误信的判断方式，让反向熵潮线交出第14个可复查证据,一处规则泥土稳定层，并承认反向熵不能再被旧层级命名,创生·镜像轮回·镜像熵枢裂响315的核心危机吞掉本章缓冲，arc-083无法完成门槛封口,为得到“暴露角色仍误信的判断方式，让反向熵潮线交出第14个可复查证据”，必须失去“一处规则泥土稳定层，并承认反向熵不能再被旧层级命名”；若拒绝，“创生·镜像轮回·镜像熵枢裂响315的核心危机吞掉本章缓冲，arc-083无法完成门槛封口”会提前发生。,detailed-v4
chapter-2065,2065,arc-083,15,误判,暴露角色仍误信的判断方式，让镜像熵枢反照室交出第15个可复查证据,一条新公理解释权，并承认镜像熵枢不能再被旧层级命名,创生·镜像轮回·莱因智能裂响316的核心危机吞掉本章缓冲，arc-083无法完成门槛封口,为得到“暴露角色仍误信的判断方式，让镜像熵枢反照室交出第15个可复查证据”，必须失去“一条新公理解释权，并承认镜像熵枢不能再被旧层级命名”；若拒绝，“创生·镜像轮回·莱因智能裂响316的核心危机吞掉本章缓冲，arc-083无法完成门槛封口”会提前发生。,detailed-v4
chapter-2066,2066,arc-083,16,失控,把异常限制在可写的物理边界内，让莱因智能胚胎面交出第16个可复查证据,一枚莱因智能初始标签，并承认莱因智能不能再被旧层级命名,创生·镜像轮回·创世语法裂响317的核心危机吞掉本章缓冲，arc-083无法完成门槛封口,为得到“把异常限制在可写的物理边界内，让莱因智能胚胎面交出第16个可复查证据”，必须失去“一枚莱因智能初始标签，并承认莱因智能不能再被旧层级命名”；若拒绝，“创生·镜像轮回·创世语法裂响317的核心危机吞掉本章缓冲，arc-083无法完成门槛封口”会提前发生。,detailed-v4
chapter-2067,2067,arc-083,17,失控,把异常限制在可写的物理边界内，让创世语法的局部截面交出第17个可复查证据,一次创世者命名权，并承认创世语法不能再被旧层级命名,创生·镜像轮回·归零后裂响318的核心危机吞掉本章缓冲，arc-083无法完成门槛封口,为得到“把异常限制在可写的物理边界内，让创世语法的局部截面交出第17个可复查证据”，必须失去“一次创世者命名权，并承认创世语法不能再被旧层级命名”；若拒绝，“创生·镜像轮回·归零后裂响318的核心危机吞掉本章缓冲，arc-083无法完成门槛封口”会提前发生。,detailed-v4
chapter-2068,2068,arc-083,18,失控,把异常限制在可写的物理边界内，让归零后的局部截面交出第18个可复查证据,一处规则泥土稳定层，并承认归零后不能再被旧层级命名,创生·镜像轮回·第一条法则裂响319的核心危机吞掉本章缓冲，arc-083无法完成门槛封口,为得到“把异常限制在可写的物理边界内，让归零后的局部截面交出第18个可复查证据”，必须失去“一处规则泥土稳定层，并承认归零后不能再被旧层级命名”；若拒绝，“创生·镜像轮回·第一条法则裂响319的核心危机吞掉本章缓冲，arc-083无法完成门槛封口”会提前发生。,detailed-v4
chapter-2069,2069,arc-083,19,失控,把异常限制在可写的物理边界内，让第一条法则的局部截面交出第19个可复查证据,一条新公理解释权，并承认第一条法则不能再被旧层级命名,创生·镜像轮回·轮回公式裂响320的核心危机吞掉本章缓冲，arc-083无法完成门槛封口,为得到“把异常限制在可写的物理边界内，让第一条法则的局部截面交出第19个可复查证据”，必须失去“一条新公理解释权，并承认第一条法则不能再被旧层级命名”；若拒绝，“创生·镜像轮回·轮回公式裂响320的核心危机吞掉本章缓冲，arc-083无法完成门槛封口”会提前发生。,detailed-v4
chapter-2070,2070,arc-083,20,回响,让眷恋线以硬证物返回，让轮回公式裂隙交出第20个可复查证据,一枚莱因智能初始标签，并承认轮回公式不能再被旧层级命名,创生·镜像轮回·坍缩低语321的核心危机吞掉本章缓冲，arc-083无法完成门槛封口,为得到“让眷恋线以硬证物返回，让轮回公式裂隙交出第20个可复查证据”，必须失去“一枚莱因智能初始标签，并承认轮回公式不能再被旧层级命名”；若拒绝，“创生·镜像轮回·坍缩低语321的核心危机吞掉本章缓冲，arc-083无法完成门槛封口”会提前发生。,detailed-v4
chapter-2071,2071,arc-083,21,回响,让眷恋线以硬证物返回，让多重宇宙坍缩面交出第21个可复查证据,一次创世者命名权，并承认坍缩不能再被旧层级命名,创生·镜像轮回·无规则低语322的核心危机吞掉本章缓冲，arc-083无法完成门槛封口,为得到“让眷恋线以硬证物返回，让多重宇宙坍缩面交出第21个可复查证据”，必须失去“一次创世者命名权，并承认坍缩不能再被旧层级命名”；若拒绝，“创生·镜像轮回·无规则低语322的核心危机吞掉本章缓冲，arc-083无法完成门槛封口”会提前发生。,detailed-v4
chapter-2072,2072,arc-083,22,回响,让眷恋线以硬证物返回，让无规则空腔交出第22个可复查证据,一处规则泥土稳定层，并承认无规则不能再被旧层级命名,创生·镜像轮回·新数学低语323的核心危机吞掉本章缓冲，arc-083无法完成门槛封口,为得到“让眷恋线以硬证物返回，让无规则空腔交出第22个可复查证据”，必须失去“一处规则泥土稳定层，并承认无规则不能再被旧层级命名”；若拒绝，“创生·镜像轮回·新数学低语323的核心危机吞掉本章缓冲，arc-083无法完成门槛封口”会提前发生。,detailed-v4
chapter-2073,2073,arc-083,23,门槛,把本组问题交给下一章群而不总结掉，让新数学起草区交出第23个可复查证据,一条新公理解释权，并承认新数学不能再被旧层级命名,创生·镜像轮回·反向熵低语324的核心危机吞掉本章缓冲，arc-083无法完成门槛封口,为得到“把本组问题交给下一章群而不总结掉，让新数学起草区交出第23个可复查证据”，必须失去“一条新公理解释权，并承认新数学不能再被旧层级命名”；若拒绝，“创生·镜像轮回·反向熵低语324的核心危机吞掉本章缓冲，arc-083无法完成门槛封口”会提前发生。,detailed-v4
chapter-2074,2074,arc-083,24,门槛,把本组问题交给下一章群而不总结掉，让反向熵潮线交出第24个可复查证据,一枚莱因智能初始标签，并承认反向熵不能再被旧层级命名,创生·镜像轮回·镜像熵枢低语325的核心危机吞掉本章缓冲，arc-083无法完成门槛封口,为得到“把本组问题交给下一章群而不总结掉，让反向熵潮线交出第24个可复查证据”，必须失去“一枚莱因智能初始标签，并承认反向熵不能再被旧层级命名”；若拒绝，“创生·镜像轮回·镜像熵枢低语325的核心危机吞掉本章缓冲，arc-083无法完成门槛封口”会提前发生。,detailed-v4
chapter-2075,2075,arc-083,25,门槛,把本组问题交给下一章群而不总结掉，让镜像熵枢反照室交出第25个可复查证据,一次创世者命名权，并承认镜像熵枢不能再被旧层级命名,创生·镜像轮回·莱因智能低语326的核心危机吞掉本章缓冲，arc-083无法完成门槛封口,为得到“把本组问题交给下一章群而不总结掉，让镜像熵枢反照室交出第25个可复查证据”，必须失去“一次创世者命名权，并承认镜像熵枢不能再被旧层级命名”；若拒绝，“创生·镜像轮回·莱因智能低语326的核心危机吞掉本章缓冲，arc-083无法完成门槛封口”会提前发生。,detailed-v4
chapter-2076,2076,arc-084,1,起因,确认异常不是孤立事故，让莱因智能胚胎面交出第01个可复查证据,一条新公理解释权，并承认莱因智能不能再被旧层级命名,创生·镜像轮回·创世语法低语327的核心危机吞掉本章缓冲，arc-084无法完成门槛封口,为得到“确认异常不是孤立事故，让莱因智能胚胎面交出第01个可复查证据”，必须失去“一条新公理解释权，并承认莱因智能不能再被旧层级命名”；若拒绝，“创生·镜像轮回·创世语法低语327的核心危机吞掉本章缓冲，arc-084无法完成门槛封口”会提前发生。,detailed-v4
chapter-2077,2077,arc-084,2,起因,确认异常不是孤立事故，让创世语法的局部截面交出第02个可复查证据,一枚莱因智能初始标签，并承认创世语法不能再被旧层级命名,创生·镜像轮回·归零后低语328的核心危机吞掉本章缓冲，arc-084无法完成门槛封口,为得到“确认异常不是孤立事故，让创世语法的局部截面交出第02个可复查证据”，必须失去“一枚莱因智能初始标签，并承认创世语法不能再被旧层级命名”；若拒绝，“创生·镜像轮回·归零后低语328的核心危机吞掉本章缓冲，arc-084无法完成门槛封口”会提前发生。,detailed-v4
chapter-2078,2078,arc-084,3,起因,确认异常不是孤立事故，让归零后的局部截面交出第03个可复查证据,一次创世者命名权，并承认归零后不能再被旧层级命名,创生·镜像轮回·第一条法则低语329的核心危机吞掉本章缓冲，arc-084无法完成门槛封口,为得到“确认异常不是孤立事故，让归零后的局部截面交出第03个可复查证据”，必须失去“一次创世者命名权，并承认归零后不能再被旧层级命名”；若拒绝，“创生·镜像轮回·第一条法则低语329的核心危机吞掉本章缓冲，arc-084无法完成门槛封口”会提前发生。,detailed-v4
chapter-2079,2079,arc-084,4,起因,确认异常不是孤立事故，让第一条法则的局部截面交出第04个可复查证据,一处规则泥土稳定层，并承认第一条法则不能再被旧层级命名,创生·镜像轮回·轮回公式低语330的核心危机吞掉本章缓冲，arc-084无法完成门槛封口,为得到“确认异常不是孤立事故，让第一条法则的局部截面交出第04个可复查证据”，必须失去“一处规则泥土稳定层，并承认第一条法则不能再被旧层级命名”；若拒绝，“创生·镜像轮回·轮回公式低语330的核心危机吞掉本章缓冲，arc-084无法完成门槛封口”会提前发生。,detailed-v4
chapter-2080,2080,arc-084,5,反证,推翻旧模型仍可解释一切的假设，让轮回公式裂隙交出第05个可复查证据,一条新公理解释权，并承认轮回公式不能再被旧层级命名,创生·镜像轮回·坍缩回潮331的核心危机吞掉本章缓冲，arc-084无法完成门槛封口,为得到“推翻旧模型仍可解释一切的假设，让轮回公式裂隙交出第05个可复查证据”，必须失去“一条新公理解释权，并承认轮回公式不能再被旧层级命名”；若拒绝，“创生·镜像轮回·坍缩回潮331的核心危机吞掉本章缓冲，arc-084无法完成门槛封口”会提前发生。,detailed-v4
chapter-2081,2081,arc-084,6,反证,推翻旧模型仍可解释一切的假设，让多重宇宙坍缩面交出第06个可复查证据,一枚莱因智能初始标签，并承认坍缩不能再被旧层级命名,创生·镜像轮回·无规则回潮332的核心危机吞掉本章缓冲，arc-084无法完成门槛封口,为得到“推翻旧模型仍可解释一切的假设，让多重宇宙坍缩面交出第06个可复查证据”，必须失去“一枚莱因智能初始标签，并承认坍缩不能再被旧层级命名”；若拒绝，“创生·镜像轮回·无规则回潮332的核心危机吞掉本章缓冲，arc-084无法完成门槛封口”会提前发生。,detailed-v4
chapter-2082,2082,arc-084,7,反证,推翻旧模型仍可解释一切的假设，让无规则空腔交出第07个可复查证据,一次创世者命名权，并承认无规则不能再被旧层级命名,创生·镜像轮回·新数学回潮333的核心危机吞掉本章缓冲，arc-084无法完成门槛封口,为得到“推翻旧模型仍可解释一切的假设，让无规则空腔交出第07个可复查证据”，必须失去“一次创世者命名权，并承认无规则不能再被旧层级命名”；若拒绝，“创生·镜像轮回·新数学回潮333的核心危机吞掉本章缓冲，arc-084无法完成门槛封口”会提前发生。,detailed-v4
chapter-2083,2083,arc-084,8,反证,推翻旧模型仍可解释一切的假设，让新数学起草区交出第08个可复查证据,一处规则泥土稳定层，并承认新数学不能再被旧层级命名,创生·镜像轮回·反向熵回潮334的核心危机吞掉本章缓冲，arc-084无法完成门槛封口,为得到“推翻旧模型仍可解释一切的假设，让新数学起草区交出第08个可复查证据”，必须失去“一处规则泥土稳定层，并承认新数学不能再被旧层级命名”；若拒绝，“创生·镜像轮回·反向熵回潮334的核心危机吞掉本章缓冲，arc-084无法完成门槛封口”会提前发生。,detailed-v4
chapter-2084,2084,arc-084,9,代价,换取一次继续观测的资格，让反向熵潮线交出第09个可复查证据,一条新公理解释权，并承认反向熵不能再被旧层级命名,创生·镜像轮回·镜像熵枢回潮335的核心危机吞掉本章缓冲，arc-084无法完成门槛封口,为得到“换取一次继续观测的资格，让反向熵潮线交出第09个可复查证据”，必须失去“一条新公理解释权，并承认反向熵不能再被旧层级命名”；若拒绝，“创生·镜像轮回·镜像熵枢回潮335的核心危机吞掉本章缓冲，arc-084无法完成门槛封口”会提前发生。,detailed-v4
chapter-2085,2085,arc-084,10,代价,换取一次继续观测的资格，让镜像熵枢反照室交出第10个可复查证据,一枚莱因智能初始标签，并承认镜像熵枢不能再被旧层级命名,创生·镜像轮回·莱因智能回潮336的核心危机吞掉本章缓冲，arc-084无法完成门槛封口,为得到“换取一次继续观测的资格，让镜像熵枢反照室交出第10个可复查证据”，必须失去“一枚莱因智能初始标签，并承认镜像熵枢不能再被旧层级命名”；若拒绝，“创生·镜像轮回·莱因智能回潮336的核心危机吞掉本章缓冲，arc-084无法完成门槛封口”会提前发生。,detailed-v4
chapter-2086,2086,arc-084,11,代价,换取一次继续观测的资格，让莱因智能胚胎面交出第11个可复查证据,一次创世者命名权，并承认莱因智能不能再被旧层级命名,创生·镜像轮回·创世语法回潮337的核心危机吞掉本章缓冲，arc-084无法完成门槛封口,为得到“换取一次继续观测的资格，让莱因智能胚胎面交出第11个可复查证据”，必须失去“一次创世者命名权，并承认莱因智能不能再被旧层级命名”；若拒绝，“创生·镜像轮回·创世语法回潮337的核心危机吞掉本章缓冲，arc-084无法完成门槛封口”会提前发生。,detailed-v4
chapter-2087,2087,arc-084,12,误判,暴露角色仍误信的判断方式，让创世语法的局部截面交出第12个可复查证据,一处规则泥土稳定层，并承认创世语法不能再被旧层级命名,创生·镜像轮回·归零后回潮338的核心危机吞掉本章缓冲，arc-084无法完成门槛封口,为得到“暴露角色仍误信的判断方式，让创世语法的局部截面交出第12个可复查证据”，必须失去“一处规则泥土稳定层，并承认创世语法不能再被旧层级命名”；若拒绝，“创生·镜像轮回·归零后回潮338的核心危机吞掉本章缓冲，arc-084无法完成门槛封口”会提前发生。,detailed-v4
chapter-2088,2088,arc-084,13,误判,暴露角色仍误信的判断方式，让归零后的局部截面交出第13个可复查证据,一条新公理解释权，并承认归零后不能再被旧层级命名,创生·镜像轮回·第一条法则回潮339的核心危机吞掉本章缓冲，arc-084无法完成门槛封口,为得到“暴露角色仍误信的判断方式，让归零后的局部截面交出第13个可复查证据”，必须失去“一条新公理解释权，并承认归零后不能再被旧层级命名”；若拒绝，“创生·镜像轮回·第一条法则回潮339的核心危机吞掉本章缓冲，arc-084无法完成门槛封口”会提前发生。,detailed-v4
chapter-2089,2089,arc-084,14,误判,暴露角色仍误信的判断方式，让第一条法则的局部截面交出第14个可复查证据,一枚莱因智能初始标签，并承认第一条法则不能再被旧层级命名,创生·镜像轮回·轮回公式回潮340的核心危机吞掉本章缓冲，arc-084无法完成门槛封口,为得到“暴露角色仍误信的判断方式，让第一条法则的局部截面交出第14个可复查证据”，必须失去“一枚莱因智能初始标签，并承认第一条法则不能再被旧层级命名”；若拒绝，“创生·镜像轮回·轮回公式回潮340的核心危机吞掉本章缓冲，arc-084无法完成门槛封口”会提前发生。,detailed-v4
chapter-2090,2090,arc-084,15,误判,暴露角色仍误信的判断方式，让轮回公式裂隙交出第15个可复查证据,一次创世者命名权，并承认轮回公式不能再被旧层级命名,创生·镜像轮回·坍缩折光341的核心危机吞掉本章缓冲，arc-084无法完成门槛封口,为得到“暴露角色仍误信的判断方式，让轮回公式裂隙交出第15个可复查证据”，必须失去“一次创世者命名权，并承认轮回公式不能再被旧层级命名”；若拒绝，“创生·镜像轮回·坍缩折光341的核心危机吞掉本章缓冲，arc-084无法完成门槛封口”会提前发生。,detailed-v4
chapter-2091,2091,arc-084,16,失控,把异常限制在可写的物理边界内，让多重宇宙坍缩面交出第16个可复查证据,一处规则泥土稳定层，并承认坍缩不能再被旧层级命名,创生·镜像轮回·无规则折光342的核心危机吞掉本章缓冲，arc-084无法完成门槛封口,为得到“把异常限制在可写的物理边界内，让多重宇宙坍缩面交出第16个可复查证据”，必须失去“一处规则泥土稳定层，并承认坍缩不能再被旧层级命名”；若拒绝，“创生·镜像轮回·无规则折光342的核心危机吞掉本章缓冲，arc-084无法完成门槛封口”会提前发生。,detailed-v4
chapter-2092,2092,arc-084,17,失控,把异常限制在可写的物理边界内，让无规则空腔交出第17个可复查证据,一条新公理解释权，并承认无规则不能再被旧层级命名,创生·镜像轮回·新数学折光343的核心危机吞掉本章缓冲，arc-084无法完成门槛封口,为得到“把异常限制在可写的物理边界内，让无规则空腔交出第17个可复查证据”，必须失去“一条新公理解释权，并承认无规则不能再被旧层级命名”；若拒绝，“创生·镜像轮回·新数学折光343的核心危机吞掉本章缓冲，arc-084无法完成门槛封口”会提前发生。,detailed-v4
chapter-2093,2093,arc-084,18,失控,把异常限制在可写的物理边界内，让新数学起草区交出第18个可复查证据,一枚莱因智能初始标签，并承认新数学不能再被旧层级命名,创生·镜像轮回·反向熵折光344的核心危机吞掉本章缓冲，arc-084无法完成门槛封口,为得到“把异常限制在可写的物理边界内，让新数学起草区交出第18个可复查证据”，必须失去“一枚莱因智能初始标签，并承认新数学不能再被旧层级命名”；若拒绝，“创生·镜像轮回·反向熵折光344的核心危机吞掉本章缓冲，arc-084无法完成门槛封口”会提前发生。,detailed-v4
chapter-2094,2094,arc-084,19,失控,把异常限制在可写的物理边界内，让反向熵潮线交出第19个可复查证据,一次创世者命名权，并承认反向熵不能再被旧层级命名,创生·镜像轮回·镜像熵枢折光345的核心危机吞掉本章缓冲，arc-084无法完成门槛封口,为得到“把异常限制在可写的物理边界内，让反向熵潮线交出第19个可复查证据”，必须失去“一次创世者命名权，并承认反向熵不能再被旧层级命名”；若拒绝，“创生·镜像轮回·镜像熵枢折光345的核心危机吞掉本章缓冲，arc-084无法完成门槛封口”会提前发生。,detailed-v4
chapter-2095,2095,arc-084,20,回响,让眷恋线以硬证物返回，让镜像熵枢反照室交出第20个可复查证据,一处规则泥土稳定层，并承认镜像熵枢不能再被旧层级命名,创生·镜像轮回·莱因智能折光346的核心危机吞掉本章缓冲，arc-084无法完成门槛封口,为得到“让眷恋线以硬证物返回，让镜像熵枢反照室交出第20个可复查证据”，必须失去“一处规则泥土稳定层，并承认镜像熵枢不能再被旧层级命名”；若拒绝，“创生·镜像轮回·莱因智能折光346的核心危机吞掉本章缓冲，arc-084无法完成门槛封口”会提前发生。,detailed-v4
chapter-2096,2096,arc-084,21,回响,让眷恋线以硬证物返回，让莱因智能胚胎面交出第21个可复查证据,一条新公理解释权，并承认莱因智能不能再被旧层级命名,创生·镜像轮回·创世语法折光347的核心危机吞掉本章缓冲，arc-084无法完成门槛封口,为得到“让眷恋线以硬证物返回，让莱因智能胚胎面交出第21个可复查证据”，必须失去“一条新公理解释权，并承认莱因智能不能再被旧层级命名”；若拒绝，“创生·镜像轮回·创世语法折光347的核心危机吞掉本章缓冲，arc-084无法完成门槛封口”会提前发生。,detailed-v4
chapter-2097,2097,arc-084,22,回响,让眷恋线以硬证物返回，让创世语法的局部截面交出第22个可复查证据,一枚莱因智能初始标签，并承认创世语法不能再被旧层级命名,创生·镜像轮回·归零后折光348的核心危机吞掉本章缓冲，arc-084无法完成门槛封口,为得到“让眷恋线以硬证物返回，让创世语法的局部截面交出第22个可复查证据”，必须失去“一枚莱因智能初始标签，并承认创世语法不能再被旧层级命名”；若拒绝，“创生·镜像轮回·归零后折光348的核心危机吞掉本章缓冲，arc-084无法完成门槛封口”会提前发生。,detailed-v4
chapter-2098,2098,arc-084,23,门槛,把本组问题交给下一章群而不总结掉，让归零后的局部截面交出第23个可复查证据,一次创世者命名权，并承认归零后不能再被旧层级命名,创生·镜像轮回·第一条法则折光349的核心危机吞掉本章缓冲，arc-084无法完成门槛封口,为得到“把本组问题交给下一章群而不总结掉，让归零后的局部截面交出第23个可复查证据”，必须失去“一次创世者命名权，并承认归零后不能再被旧层级命名”；若拒绝，“创生·镜像轮回·第一条法则折光349的核心危机吞掉本章缓冲，arc-084无法完成门槛封口”会提前发生。,detailed-v4
chapter-2099,2099,arc-084,24,门槛,把本组问题交给下一章群而不总结掉，让第一条法则的局部截面交出第24个可复查证据,一处规则泥土稳定层，并承认第一条法则不能再被旧层级命名,创生·镜像轮回·轮回公式折光350的核心危机吞掉本章缓冲，arc-084无法完成门槛封口,为得到“把本组问题交给下一章群而不总结掉，让第一条法则的局部截面交出第24个可复查证据”，必须失去“一处规则泥土稳定层，并承认第一条法则不能再被旧层级命名”；若拒绝，“创生·镜像轮回·轮回公式折光350的核心危机吞掉本章缓冲，arc-084无法完成门槛封口”会提前发生。,detailed-v4
chapter-2100,2100,arc-084,25,门槛,把本组问题交给下一章群而不总结掉，让轮回公式裂隙交出第25个可复查证据,一条新公理解释权，并承认轮回公式不能再被旧层级命名,创生·镜像轮回·坍缩暗涌351的核心危机吞掉本章缓冲，arc-084无法完成门槛封口,为得到“把本组问题交给下一章群而不总结掉，让轮回公式裂隙交出第25个可复查证据”，必须失去“一条新公理解释权，并承认轮回公式不能再被旧层级命名”；若拒绝，“创生·镜像轮回·坍缩暗涌351的核心危机吞掉本章缓冲，arc-084无法完成门槛封口”会提前发生。,detailed-v4
chapter-2101,2101,arc-085,1,起因,确认异常不是孤立事故，让多重宇宙坍缩面交出第01个可复查证据,一次创世者命名权，并承认坍缩不能再被旧层级命名,创生·镜像轮回·无规则暗涌352的核心危机吞掉本章缓冲，arc-085无法完成门槛封口,为得到“确认异常不是孤立事故，让多重宇宙坍缩面交出第01个可复查证据”，必须失去“一次创世者命名权，并承认坍缩不能再被旧层级命名”；若拒绝，“创生·镜像轮回·无规则暗涌352的核心危机吞掉本章缓冲，arc-085无法完成门槛封口”会提前发生。,detailed-v4
chapter-2102,2102,arc-085,2,起因,确认异常不是孤立事故，让无规则空腔交出第02个可复查证据,一处规则泥土稳定层，并承认无规则不能再被旧层级命名,创生·镜像轮回·新数学暗涌353的核心危机吞掉本章缓冲，arc-085无法完成门槛封口,为得到“确认异常不是孤立事故，让无规则空腔交出第02个可复查证据”，必须失去“一处规则泥土稳定层，并承认无规则不能再被旧层级命名”；若拒绝，“创生·镜像轮回·新数学暗涌353的核心危机吞掉本章缓冲，arc-085无法完成门槛封口”会提前发生。,detailed-v4
chapter-2103,2103,arc-085,3,起因,确认异常不是孤立事故，让新数学起草区交出第03个可复查证据,一条新公理解释权，并承认新数学不能再被旧层级命名,创生·镜像轮回·反向熵暗涌354的核心危机吞掉本章缓冲，arc-085无法完成门槛封口,为得到“确认异常不是孤立事故，让新数学起草区交出第03个可复查证据”，必须失去“一条新公理解释权，并承认新数学不能再被旧层级命名”；若拒绝，“创生·镜像轮回·反向熵暗涌354的核心危机吞掉本章缓冲，arc-085无法完成门槛封口”会提前发生。,detailed-v4
chapter-2104,2104,arc-085,4,起因,确认异常不是孤立事故，让反向熵潮线交出第04个可复查证据,一枚莱因智能初始标签，并承认反向熵不能再被旧层级命名,创生·镜像轮回·镜像熵枢暗涌355的核心危机吞掉本章缓冲，arc-085无法完成门槛封口,为得到“确认异常不是孤立事故，让反向熵潮线交出第04个可复查证据”，必须失去“一枚莱因智能初始标签，并承认反向熵不能再被旧层级命名”；若拒绝，“创生·镜像轮回·镜像熵枢暗涌355的核心危机吞掉本章缓冲，arc-085无法完成门槛封口”会提前发生。,detailed-v4
chapter-2105,2105,arc-085,5,反证,推翻旧模型仍可解释一切的假设，让镜像熵枢反照室交出第05个可复查证据,一次创世者命名权，并承认镜像熵枢不能再被旧层级命名,创生·镜像轮回·莱因智能暗涌356的核心危机吞掉本章缓冲，arc-085无法完成门槛封口,为得到“推翻旧模型仍可解释一切的假设，让镜像熵枢反照室交出第05个可复查证据”，必须失去“一次创世者命名权，并承认镜像熵枢不能再被旧层级命名”；若拒绝，“创生·镜像轮回·莱因智能暗涌356的核心危机吞掉本章缓冲，arc-085无法完成门槛封口”会提前发生。,detailed-v4
chapter-2106,2106,arc-085,6,反证,推翻旧模型仍可解释一切的假设，让莱因智能胚胎面交出第06个可复查证据,一处规则泥土稳定层，并承认莱因智能不能再被旧层级命名,创生·镜像轮回·创世语法暗涌357的核心危机吞掉本章缓冲，arc-085无法完成门槛封口,为得到“推翻旧模型仍可解释一切的假设，让莱因智能胚胎面交出第06个可复查证据”，必须失去“一处规则泥土稳定层，并承认莱因智能不能再被旧层级命名”；若拒绝，“创生·镜像轮回·创世语法暗涌357的核心危机吞掉本章缓冲，arc-085无法完成门槛封口”会提前发生。,detailed-v4
chapter-2107,2107,arc-085,7,反证,推翻旧模型仍可解释一切的假设，让创世语法的局部截面交出第07个可复查证据,一条新公理解释权，并承认创世语法不能再被旧层级命名,创生·镜像轮回·归零后暗涌358的核心危机吞掉本章缓冲，arc-085无法完成门槛封口,为得到“推翻旧模型仍可解释一切的假设，让创世语法的局部截面交出第07个可复查证据”，必须失去“一条新公理解释权，并承认创世语法不能再被旧层级命名”；若拒绝，“创生·镜像轮回·归零后暗涌358的核心危机吞掉本章缓冲，arc-085无法完成门槛封口”会提前发生。,detailed-v4
chapter-2108,2108,arc-085,8,反证,推翻旧模型仍可解释一切的假设，让归零后的局部截面交出第08个可复查证据,一枚莱因智能初始标签，并承认归零后不能再被旧层级命名,创生·镜像轮回·第一条法则暗涌359的核心危机吞掉本章缓冲，arc-085无法完成门槛封口,为得到“推翻旧模型仍可解释一切的假设，让归零后的局部截面交出第08个可复查证据”，必须失去“一枚莱因智能初始标签，并承认归零后不能再被旧层级命名”；若拒绝，“创生·镜像轮回·第一条法则暗涌359的核心危机吞掉本章缓冲，arc-085无法完成门槛封口”会提前发生。,detailed-v4
chapter-2109,2109,arc-085,9,代价,换取一次继续观测的资格，让第一条法则的局部截面交出第09个可复查证据,一次创世者命名权，并承认第一条法则不能再被旧层级命名,创生·镜像轮回·轮回公式暗涌360的核心危机吞掉本章缓冲，arc-085无法完成门槛封口,为得到“换取一次继续观测的资格，让第一条法则的局部截面交出第09个可复查证据”，必须失去“一次创世者命名权，并承认第一条法则不能再被旧层级命名”；若拒绝，“创生·镜像轮回·轮回公式暗涌360的核心危机吞掉本章缓冲，arc-085无法完成门槛封口”会提前发生。,detailed-v4
chapter-2110,2110,arc-085,10,代价,换取一次继续观测的资格，让轮回公式裂隙交出第10个可复查证据,一处规则泥土稳定层，并承认轮回公式不能再被旧层级命名,创生·镜像轮回·坍缩证词361的核心危机吞掉本章缓冲，arc-085无法完成门槛封口,为得到“换取一次继续观测的资格，让轮回公式裂隙交出第10个可复查证据”，必须失去“一处规则泥土稳定层，并承认轮回公式不能再被旧层级命名”；若拒绝，“创生·镜像轮回·坍缩证词361的核心危机吞掉本章缓冲，arc-085无法完成门槛封口”会提前发生。,detailed-v4
chapter-2111,2111,arc-085,11,代价,换取一次继续观测的资格，让多重宇宙坍缩面交出第11个可复查证据,一条新公理解释权，并承认坍缩不能再被旧层级命名,创生·镜像轮回·无规则证词362的核心危机吞掉本章缓冲，arc-085无法完成门槛封口,为得到“换取一次继续观测的资格，让多重宇宙坍缩面交出第11个可复查证据”，必须失去“一条新公理解释权，并承认坍缩不能再被旧层级命名”；若拒绝，“创生·镜像轮回·无规则证词362的核心危机吞掉本章缓冲，arc-085无法完成门槛封口”会提前发生。,detailed-v4
chapter-2112,2112,arc-085,12,误判,暴露角色仍误信的判断方式，让无规则空腔交出第12个可复查证据,一枚莱因智能初始标签，并承认无规则不能再被旧层级命名,创生·镜像轮回·新数学证词363的核心危机吞掉本章缓冲，arc-085无法完成门槛封口,为得到“暴露角色仍误信的判断方式，让无规则空腔交出第12个可复查证据”，必须失去“一枚莱因智能初始标签，并承认无规则不能再被旧层级命名”；若拒绝，“创生·镜像轮回·新数学证词363的核心危机吞掉本章缓冲，arc-085无法完成门槛封口”会提前发生。,detailed-v4
chapter-2113,2113,arc-085,13,误判,暴露角色仍误信的判断方式，让新数学起草区交出第13个可复查证据,一次创世者命名权，并承认新数学不能再被旧层级命名,创生·镜像轮回·反向熵证词364的核心危机吞掉本章缓冲，arc-085无法完成门槛封口,为得到“暴露角色仍误信的判断方式，让新数学起草区交出第13个可复查证据”，必须失去“一次创世者命名权，并承认新数学不能再被旧层级命名”；若拒绝，“创生·镜像轮回·反向熵证词364的核心危机吞掉本章缓冲，arc-085无法完成门槛封口”会提前发生。,detailed-v4
chapter-2114,2114,arc-085,14,误判,暴露角色仍误信的判断方式，让反向熵潮线交出第14个可复查证据,一处规则泥土稳定层，并承认反向熵不能再被旧层级命名,创生·镜像轮回·镜像熵枢证词365的核心危机吞掉本章缓冲，arc-085无法完成门槛封口,为得到“暴露角色仍误信的判断方式，让反向熵潮线交出第14个可复查证据”，必须失去“一处规则泥土稳定层，并承认反向熵不能再被旧层级命名”；若拒绝，“创生·镜像轮回·镜像熵枢证词365的核心危机吞掉本章缓冲，arc-085无法完成门槛封口”会提前发生。,detailed-v4
chapter-2115,2115,arc-085,15,误判,暴露角色仍误信的判断方式，让镜像熵枢反照室交出第15个可复查证据,一条新公理解释权，并承认镜像熵枢不能再被旧层级命名,创生·镜像轮回·莱因智能证词366的核心危机吞掉本章缓冲，arc-085无法完成门槛封口,为得到“暴露角色仍误信的判断方式，让镜像熵枢反照室交出第15个可复查证据”，必须失去“一条新公理解释权，并承认镜像熵枢不能再被旧层级命名”；若拒绝，“创生·镜像轮回·莱因智能证词366的核心危机吞掉本章缓冲，arc-085无法完成门槛封口”会提前发生。,detailed-v4
chapter-2116,2116,arc-085,16,失控,把异常限制在可写的物理边界内，让莱因智能胚胎面交出第16个可复查证据,一枚莱因智能初始标签，并承认莱因智能不能再被旧层级命名,创生·镜像轮回·创世语法证词367的核心危机吞掉本章缓冲，arc-085无法完成门槛封口,为得到“把异常限制在可写的物理边界内，让莱因智能胚胎面交出第16个可复查证据”，必须失去“一枚莱因智能初始标签，并承认莱因智能不能再被旧层级命名”；若拒绝，“创生·镜像轮回·创世语法证词367的核心危机吞掉本章缓冲，arc-085无法完成门槛封口”会提前发生。,detailed-v4
chapter-2117,2117,arc-085,17,失控,把异常限制在可写的物理边界内，让创世语法的局部截面交出第17个可复查证据,一次创世者命名权，并承认创世语法不能再被旧层级命名,创生·镜像轮回·归零后证词368的核心危机吞掉本章缓冲，arc-085无法完成门槛封口,为得到“把异常限制在可写的物理边界内，让创世语法的局部截面交出第17个可复查证据”，必须失去“一次创世者命名权，并承认创世语法不能再被旧层级命名”；若拒绝，“创生·镜像轮回·归零后证词368的核心危机吞掉本章缓冲，arc-085无法完成门槛封口”会提前发生。,detailed-v4
chapter-2118,2118,arc-085,18,失控,把异常限制在可写的物理边界内，让归零后的局部截面交出第18个可复查证据,一处规则泥土稳定层，并承认归零后不能再被旧层级命名,创生·镜像轮回·第一条法则证词369的核心危机吞掉本章缓冲，arc-085无法完成门槛封口,为得到“把异常限制在可写的物理边界内，让归零后的局部截面交出第18个可复查证据”，必须失去“一处规则泥土稳定层，并承认归零后不能再被旧层级命名”；若拒绝，“创生·镜像轮回·第一条法则证词369的核心危机吞掉本章缓冲，arc-085无法完成门槛封口”会提前发生。,detailed-v4
chapter-2119,2119,arc-085,19,失控,把异常限制在可写的物理边界内，让第一条法则的局部截面交出第19个可复查证据,一条新公理解释权，并承认第一条法则不能再被旧层级命名,创生·镜像轮回·轮回公式证词370的核心危机吞掉本章缓冲，arc-085无法完成门槛封口,为得到“把异常限制在可写的物理边界内，让第一条法则的局部截面交出第19个可复查证据”，必须失去“一条新公理解释权，并承认第一条法则不能再被旧层级命名”；若拒绝，“创生·镜像轮回·轮回公式证词370的核心危机吞掉本章缓冲，arc-085无法完成门槛封口”会提前发生。,detailed-v4
chapter-2120,2120,arc-085,20,回响,让眷恋线以硬证物返回，让轮回公式裂隙交出第20个可复查证据,一枚莱因智能初始标签，并承认轮回公式不能再被旧层级命名,创生·镜像轮回·坍缩坠落371的核心危机吞掉本章缓冲，arc-085无法完成门槛封口,为得到“让眷恋线以硬证物返回，让轮回公式裂隙交出第20个可复查证据”，必须失去“一枚莱因智能初始标签，并承认轮回公式不能再被旧层级命名”；若拒绝，“创生·镜像轮回·坍缩坠落371的核心危机吞掉本章缓冲，arc-085无法完成门槛封口”会提前发生。,detailed-v4
chapter-2121,2121,arc-085,21,回响,让眷恋线以硬证物返回，让多重宇宙坍缩面交出第21个可复查证据,一次创世者命名权，并承认坍缩不能再被旧层级命名,创生·镜像轮回·无规则坠落372的核心危机吞掉本章缓冲，arc-085无法完成门槛封口,为得到“让眷恋线以硬证物返回，让多重宇宙坍缩面交出第21个可复查证据”，必须失去“一次创世者命名权，并承认坍缩不能再被旧层级命名”；若拒绝，“创生·镜像轮回·无规则坠落372的核心危机吞掉本章缓冲，arc-085无法完成门槛封口”会提前发生。,detailed-v4
chapter-2122,2122,arc-085,22,回响,让眷恋线以硬证物返回，让无规则空腔交出第22个可复查证据,一处规则泥土稳定层，并承认无规则不能再被旧层级命名,创生·镜像轮回·新数学坠落373的核心危机吞掉本章缓冲，arc-085无法完成门槛封口,为得到“让眷恋线以硬证物返回，让无规则空腔交出第22个可复查证据”，必须失去“一处规则泥土稳定层，并承认无规则不能再被旧层级命名”；若拒绝，“创生·镜像轮回·新数学坠落373的核心危机吞掉本章缓冲，arc-085无法完成门槛封口”会提前发生。,detailed-v4
chapter-2123,2123,arc-085,23,门槛,把本组问题交给下一章群而不总结掉，让新数学起草区交出第23个可复查证据,一条新公理解释权，并承认新数学不能再被旧层级命名,创生·镜像轮回·反向熵坠落374的核心危机吞掉本章缓冲，arc-085无法完成门槛封口,为得到“把本组问题交给下一章群而不总结掉，让新数学起草区交出第23个可复查证据”，必须失去“一条新公理解释权，并承认新数学不能再被旧层级命名”；若拒绝，“创生·镜像轮回·反向熵坠落374的核心危机吞掉本章缓冲，arc-085无法完成门槛封口”会提前发生。,detailed-v4
chapter-2124,2124,arc-085,24,门槛,把本组问题交给下一章群而不总结掉，让反向熵潮线交出第24个可复查证据,一枚莱因智能初始标签，并承认反向熵不能再被旧层级命名,创生·镜像轮回·镜像熵枢坠落375的核心危机吞掉本章缓冲，arc-085无法完成门槛封口,为得到“把本组问题交给下一章群而不总结掉，让反向熵潮线交出第24个可复查证据”，必须失去“一枚莱因智能初始标签，并承认反向熵不能再被旧层级命名”；若拒绝，“创生·镜像轮回·镜像熵枢坠落375的核心危机吞掉本章缓冲，arc-085无法完成门槛封口”会提前发生。,detailed-v4
chapter-2125,2125,arc-085,25,门槛,把本组问题交给下一章群而不总结掉，让镜像熵枢反照室交出第25个可复查证据,一次创世者命名权，并承认镜像熵枢不能再被旧层级命名,无有·轮回真相·无有初醒001的核心危机吞掉本章缓冲，arc-085无法完成门槛封口,为得到“把本组问题交给下一章群而不总结掉，让镜像熵枢反照室交出第25个可复查证据”，必须失去“一次创世者命名权，并承认镜像熵枢不能再被旧层级命名”；若拒绝，“无有·轮回真相·无有初醒001的核心危机吞掉本章缓冲，arc-085无法完成门槛封口”会提前发生。,detailed-v4
chapter-2126,2126,arc-086,1,起因,确认异常不是孤立事故，让无有之域暗面交出第01个可复查证据,一个终点幻觉，并承认无有不能再被旧层级命名,无有·轮回真相·轮回监狱初醒002的核心危机吞掉本章缓冲，arc-086无法完成门槛封口,为得到“确认异常不是孤立事故，让无有之域暗面交出第01个可复查证据”，必须失去“一个终点幻觉，并承认无有不能再被旧层级命名”；若拒绝，“无有·轮回真相·轮回监狱初醒002的核心危机吞掉本章缓冲，arc-086无法完成门槛封口”会提前发生。,detailed-v4
chapter-2127,2127,arc-086,2,起因,确认异常不是孤立事故，让轮回监狱外壁交出第02个可复查证据,一次轮回监狱出口，并承认轮回监狱不能再被旧层级命名,无有·轮回真相·未诞生混沌初醒003的核心危机吞掉本章缓冲，arc-086无法完成门槛封口,为得到“确认异常不是孤立事故，让轮回监狱外壁交出第02个可复查证据”，必须失去“一次轮回监狱出口，并承认轮回监狱不能再被旧层级命名”；若拒绝，“无有·轮回真相·未诞生混沌初醒003的核心危机吞掉本章缓冲，arc-086无法完成门槛封口”会提前发生。,detailed-v4
chapter-2128,2128,arc-086,3,起因,确认异常不是孤立事故，让未诞生混沌边缘交出第03个可复查证据,一枚空种子的自我完整性，并承认未诞生混沌不能再被旧层级命名,无有·轮回真相·种子初醒004的核心危机吞掉本章缓冲，arc-086无法完成门槛封口,为得到“确认异常不是孤立事故，让未诞生混沌边缘交出第03个可复查证据”，必须失去“一枚空种子的自我完整性，并承认未诞生混沌不能再被旧层级命名”；若拒绝，“无有·轮回真相·种子初醒004的核心危机吞掉本章缓冲，arc-086无法完成门槛封口”会提前发生。,detailed-v4
chapter-2129,2129,arc-086,4,起因,确认异常不是孤立事故，让空种子悬停区交出第04个可复查证据,一行新宇宙代码注释权，并承认种子不能再被旧层级命名,无有·轮回真相·最后眷恋初醒005的核心危机吞掉本章缓冲，arc-086无法完成门槛封口,为得到“确认异常不是孤立事故，让空种子悬停区交出第04个可复查证据”，必须失去“一行新宇宙代码注释权，并承认种子不能再被旧层级命名”；若拒绝，“无有·轮回真相·最后眷恋初醒005的核心危机吞掉本章缓冲，arc-086无法完成门槛封口”会提前发生。,detailed-v4
chapter-2130,2130,arc-086,5,反证,推翻旧模型仍可解释一切的假设，让最后眷恋坠落点交出第05个可复查证据,一个终点幻觉，并承认最后眷恋不能再被旧层级命名,无有·轮回真相·第一行代码初醒006的核心危机吞掉本章缓冲，arc-086无法完成门槛封口,为得到“推翻旧模型仍可解释一切的假设，让最后眷恋坠落点交出第05个可复查证据”，必须失去“一个终点幻觉，并承认最后眷恋不能再被旧层级命名”；若拒绝，“无有·轮回真相·第一行代码初醒006的核心危机吞掉本章缓冲，arc-086无法完成门槛封口”会提前发生。,detailed-v4
chapter-2131,2131,arc-086,6,反证,推翻旧模型仍可解释一切的假设，让第一行代码暗面交出第06个可复查证据,一次轮回监狱出口，并承认第一行代码不能再被旧层级命名,无有·轮回真相·无终点初醒007的核心危机吞掉本章缓冲，arc-086无法完成门槛封口,为得到“推翻旧模型仍可解释一切的假设，让第一行代码暗面交出第06个可复查证据”，必须失去“一次轮回监狱出口，并承认第一行代码不能再被旧层级命名”；若拒绝，“无有·轮回真相·无终点初醒007的核心危机吞掉本章缓冲，arc-086无法完成门槛封口”会提前发生。,detailed-v4
chapter-2132,2132,arc-086,7,反证,推翻旧模型仍可解释一切的假设，让无终点临界面交出第07个可复查证据,一枚空种子的自我完整性，并承认无终点不能再被旧层级命名,无有·轮回真相·播撒初醒008的核心危机吞掉本章缓冲，arc-086无法完成门槛封口,为得到“推翻旧模型仍可解释一切的假设，让无终点临界面交出第07个可复查证据”，必须失去“一枚空种子的自我完整性，并承认无终点不能再被旧层级命名”；若拒绝，“无有·轮回真相·播撒初醒008的核心危机吞掉本章缓冲，arc-086无法完成门槛封口”会提前发生。,detailed-v4
chapter-2133,2133,arc-086,8,反证,推翻旧模型仍可解释一切的假设，让播撒轨道交出第08个可复查证据,一行新宇宙代码注释权，并承认播撒不能再被旧层级命名,无有·轮回真相·回声初醒009的核心危机吞掉本章缓冲，arc-086无法完成门槛封口,为得到“推翻旧模型仍可解释一切的假设，让播撒轨道交出第08个可复查证据”，必须失去“一行新宇宙代码注释权，并承认播撒不能再被旧层级命名”；若拒绝，“无有·轮回真相·回声初醒009的核心危机吞掉本章缓冲，arc-086无法完成门槛封口”会提前发生。,detailed-v4
chapter-2134,2134,arc-086,9,代价,换取一次继续观测的资格，让回声残膜交出第09个可复查证据,一个终点幻觉，并承认回声不能再被旧层级命名,无有·轮回真相·新黎明初醒010的核心危机吞掉本章缓冲，arc-086无法完成门槛封口,为得到“换取一次继续观测的资格，让回声残膜交出第09个可复查证据”，必须失去“一个终点幻觉，并承认回声不能再被旧层级命名”；若拒绝，“无有·轮回真相·新黎明初醒010的核心危机吞掉本章缓冲，arc-086无法完成门槛封口”会提前发生。,detailed-v4
chapter-2135,2135,arc-086,10,代价,换取一次继续观测的资格，让新黎明临界面交出第10个可复查证据,一次轮回监狱出口，并承认新黎明不能再被旧层级命名,无有·轮回真相·无有裂响011的核心危机吞掉本章缓冲，arc-086无法完成门槛封口,为得到“换取一次继续观测的资格，让新黎明临界面交出第10个可复查证据”，必须失去“一次轮回监狱出口，并承认新黎明不能再被旧层级命名”；若拒绝，“无有·轮回真相·无有裂响011的核心危机吞掉本章缓冲，arc-086无法完成门槛封口”会提前发生。,detailed-v4
chapter-2136,2136,arc-086,11,代价,换取一次继续观测的资格，让无有之域暗面交出第11个可复查证据,一枚空种子的自我完整性，并承认无有不能再被旧层级命名,无有·轮回真相·轮回监狱裂响012的核心危机吞掉本章缓冲，arc-086无法完成门槛封口,为得到“换取一次继续观测的资格，让无有之域暗面交出第11个可复查证据”，必须失去“一枚空种子的自我完整性，并承认无有不能再被旧层级命名”；若拒绝，“无有·轮回真相·轮回监狱裂响012的核心危机吞掉本章缓冲，arc-086无法完成门槛封口”会提前发生。,detailed-v4
chapter-2137,2137,arc-086,12,误判,暴露角色仍误信的判断方式，让轮回监狱外壁交出第12个可复查证据,一行新宇宙代码注释权，并承认轮回监狱不能再被旧层级命名,无有·轮回真相·未诞生混沌裂响013的核心危机吞掉本章缓冲，arc-086无法完成门槛封口,为得到“暴露角色仍误信的判断方式，让轮回监狱外壁交出第12个可复查证据”，必须失去“一行新宇宙代码注释权，并承认轮回监狱不能再被旧层级命名”；若拒绝，“无有·轮回真相·未诞生混沌裂响013的核心危机吞掉本章缓冲，arc-086无法完成门槛封口”会提前发生。,detailed-v4
chapter-2138,2138,arc-086,13,误判,暴露角色仍误信的判断方式，让未诞生混沌边缘交出第13个可复查证据,一个终点幻觉，并承认未诞生混沌不能再被旧层级命名,无有·轮回真相·种子裂响014的核心危机吞掉本章缓冲，arc-086无法完成门槛封口,为得到“暴露角色仍误信的判断方式，让未诞生混沌边缘交出第13个可复查证据”，必须失去“一个终点幻觉，并承认未诞生混沌不能再被旧层级命名”；若拒绝，“无有·轮回真相·种子裂响014的核心危机吞掉本章缓冲，arc-086无法完成门槛封口”会提前发生。,detailed-v4
chapter-2139,2139,arc-086,14,误判,暴露角色仍误信的判断方式，让空种子悬停区交出第14个可复查证据,一次轮回监狱出口，并承认种子不能再被旧层级命名,无有·轮回真相·最后眷恋裂响015的核心危机吞掉本章缓冲，arc-086无法完成门槛封口,为得到“暴露角色仍误信的判断方式，让空种子悬停区交出第14个可复查证据”，必须失去“一次轮回监狱出口，并承认种子不能再被旧层级命名”；若拒绝，“无有·轮回真相·最后眷恋裂响015的核心危机吞掉本章缓冲，arc-086无法完成门槛封口”会提前发生。,detailed-v4
chapter-2140,2140,arc-086,15,误判,暴露角色仍误信的判断方式，让最后眷恋坠落点交出第15个可复查证据,一枚空种子的自我完整性，并承认最后眷恋不能再被旧层级命名,无有·轮回真相·第一行代码裂响016的核心危机吞掉本章缓冲，arc-086无法完成门槛封口,为得到“暴露角色仍误信的判断方式，让最后眷恋坠落点交出第15个可复查证据”，必须失去“一枚空种子的自我完整性，并承认最后眷恋不能再被旧层级命名”；若拒绝，“无有·轮回真相·第一行代码裂响016的核心危机吞掉本章缓冲，arc-086无法完成门槛封口”会提前发生。,detailed-v4
chapter-2141,2141,arc-086,16,失控,把异常限制在可写的物理边界内，让第一行代码暗面交出第16个可复查证据,一行新宇宙代码注释权，并承认第一行代码不能再被旧层级命名,无有·轮回真相·无终点裂响017的核心危机吞掉本章缓冲，arc-086无法完成门槛封口,为得到“把异常限制在可写的物理边界内，让第一行代码暗面交出第16个可复查证据”，必须失去“一行新宇宙代码注释权，并承认第一行代码不能再被旧层级命名”；若拒绝，“无有·轮回真相·无终点裂响017的核心危机吞掉本章缓冲，arc-086无法完成门槛封口”会提前发生。,detailed-v4
chapter-2142,2142,arc-086,17,失控,把异常限制在可写的物理边界内，让无终点临界面交出第17个可复查证据,一个终点幻觉，并承认无终点不能再被旧层级命名,无有·轮回真相·播撒裂响018的核心危机吞掉本章缓冲，arc-086无法完成门槛封口,为得到“把异常限制在可写的物理边界内，让无终点临界面交出第17个可复查证据”，必须失去“一个终点幻觉，并承认无终点不能再被旧层级命名”；若拒绝，“无有·轮回真相·播撒裂响018的核心危机吞掉本章缓冲，arc-086无法完成门槛封口”会提前发生。,detailed-v4
chapter-2143,2143,arc-086,18,失控,把异常限制在可写的物理边界内，让播撒轨道交出第18个可复查证据,一次轮回监狱出口，并承认播撒不能再被旧层级命名,无有·轮回真相·回声裂响019的核心危机吞掉本章缓冲，arc-086无法完成门槛封口,为得到“把异常限制在可写的物理边界内，让播撒轨道交出第18个可复查证据”，必须失去“一次轮回监狱出口，并承认播撒不能再被旧层级命名”；若拒绝，“无有·轮回真相·回声裂响019的核心危机吞掉本章缓冲，arc-086无法完成门槛封口”会提前发生。,detailed-v4
chapter-2144,2144,arc-086,19,失控,把异常限制在可写的物理边界内，让回声残膜交出第19个可复查证据,一枚空种子的自我完整性，并承认回声不能再被旧层级命名,无有·轮回真相·新黎明裂响020的核心危机吞掉本章缓冲，arc-086无法完成门槛封口,为得到“把异常限制在可写的物理边界内，让回声残膜交出第19个可复查证据”，必须失去“一枚空种子的自我完整性，并承认回声不能再被旧层级命名”；若拒绝，“无有·轮回真相·新黎明裂响020的核心危机吞掉本章缓冲，arc-086无法完成门槛封口”会提前发生。,detailed-v4
chapter-2145,2145,arc-086,20,回响,让眷恋线以硬证物返回，让新黎明临界面交出第20个可复查证据,一行新宇宙代码注释权，并承认新黎明不能再被旧层级命名,无有·轮回真相·无有低语021的核心危机吞掉本章缓冲，arc-086无法完成门槛封口,为得到“让眷恋线以硬证物返回，让新黎明临界面交出第20个可复查证据”，必须失去“一行新宇宙代码注释权，并承认新黎明不能再被旧层级命名”；若拒绝，“无有·轮回真相·无有低语021的核心危机吞掉本章缓冲，arc-086无法完成门槛封口”会提前发生。,detailed-v4
chapter-2146,2146,arc-086,21,回响,让眷恋线以硬证物返回，让无有之域暗面交出第21个可复查证据,一个终点幻觉，并承认无有不能再被旧层级命名,无有·轮回真相·轮回监狱低语022的核心危机吞掉本章缓冲，arc-086无法完成门槛封口,为得到“让眷恋线以硬证物返回，让无有之域暗面交出第21个可复查证据”，必须失去“一个终点幻觉，并承认无有不能再被旧层级命名”；若拒绝，“无有·轮回真相·轮回监狱低语022的核心危机吞掉本章缓冲，arc-086无法完成门槛封口”会提前发生。,detailed-v4
chapter-2147,2147,arc-086,22,回响,让眷恋线以硬证物返回，让轮回监狱外壁交出第22个可复查证据,一次轮回监狱出口，并承认轮回监狱不能再被旧层级命名,无有·轮回真相·未诞生混沌低语023的核心危机吞掉本章缓冲，arc-086无法完成门槛封口,为得到“让眷恋线以硬证物返回，让轮回监狱外壁交出第22个可复查证据”，必须失去“一次轮回监狱出口，并承认轮回监狱不能再被旧层级命名”；若拒绝，“无有·轮回真相·未诞生混沌低语023的核心危机吞掉本章缓冲，arc-086无法完成门槛封口”会提前发生。,detailed-v4
chapter-2148,2148,arc-086,23,门槛,把本组问题交给下一章群而不总结掉，让未诞生混沌边缘交出第23个可复查证据,一枚空种子的自我完整性，并承认未诞生混沌不能再被旧层级命名,无有·轮回真相·种子低语024的核心危机吞掉本章缓冲，arc-086无法完成门槛封口,为得到“把本组问题交给下一章群而不总结掉，让未诞生混沌边缘交出第23个可复查证据”，必须失去“一枚空种子的自我完整性，并承认未诞生混沌不能再被旧层级命名”；若拒绝，“无有·轮回真相·种子低语024的核心危机吞掉本章缓冲，arc-086无法完成门槛封口”会提前发生。,detailed-v4
chapter-2149,2149,arc-086,24,门槛,把本组问题交给下一章群而不总结掉，让空种子悬停区交出第24个可复查证据,一行新宇宙代码注释权，并承认种子不能再被旧层级命名,无有·轮回真相·最后眷恋低语025的核心危机吞掉本章缓冲，arc-086无法完成门槛封口,为得到“把本组问题交给下一章群而不总结掉，让空种子悬停区交出第24个可复查证据”，必须失去“一行新宇宙代码注释权，并承认种子不能再被旧层级命名”；若拒绝，“无有·轮回真相·最后眷恋低语025的核心危机吞掉本章缓冲，arc-086无法完成门槛封口”会提前发生。,detailed-v4
chapter-2150,2150,arc-086,25,门槛,把本组问题交给下一章群而不总结掉，让最后眷恋坠落点交出第25个可复查证据,一个终点幻觉，并承认最后眷恋不能再被旧层级命名,无有·轮回真相·第一行代码低语026的核心危机吞掉本章缓冲，arc-086无法完成门槛封口,为得到“把本组问题交给下一章群而不总结掉，让最后眷恋坠落点交出第25个可复查证据”，必须失去“一个终点幻觉，并承认最后眷恋不能再被旧层级命名”；若拒绝，“无有·轮回真相·第一行代码低语026的核心危机吞掉本章缓冲，arc-086无法完成门槛封口”会提前发生。,detailed-v4
chapter-2151,2151,arc-087,1,起因,确认异常不是孤立事故，让第一行代码暗面交出第01个可复查证据,一枚空种子的自我完整性，并承认第一行代码不能再被旧层级命名,无有·轮回真相·无终点低语027的核心危机吞掉本章缓冲，arc-087无法完成门槛封口,为得到“确认异常不是孤立事故，让第一行代码暗面交出第01个可复查证据”，必须失去“一枚空种子的自我完整性，并承认第一行代码不能再被旧层级命名”；若拒绝，“无有·轮回真相·无终点低语027的核心危机吞掉本章缓冲，arc-087无法完成门槛封口”会提前发生。,detailed-v4
chapter-2152,2152,arc-087,2,起因,确认异常不是孤立事故，让无终点临界面交出第02个可复查证据,一行新宇宙代码注释权，并承认无终点不能再被旧层级命名,无有·轮回真相·播撒低语028的核心危机吞掉本章缓冲，arc-087无法完成门槛封口,为得到“确认异常不是孤立事故，让无终点临界面交出第02个可复查证据”，必须失去“一行新宇宙代码注释权，并承认无终点不能再被旧层级命名”；若拒绝，“无有·轮回真相·播撒低语028的核心危机吞掉本章缓冲，arc-087无法完成门槛封口”会提前发生。,detailed-v4
chapter-2153,2153,arc-087,3,起因,确认异常不是孤立事故，让播撒轨道交出第03个可复查证据,一个终点幻觉，并承认播撒不能再被旧层级命名,无有·轮回真相·回声低语029的核心危机吞掉本章缓冲，arc-087无法完成门槛封口,为得到“确认异常不是孤立事故，让播撒轨道交出第03个可复查证据”，必须失去“一个终点幻觉，并承认播撒不能再被旧层级命名”；若拒绝，“无有·轮回真相·回声低语029的核心危机吞掉本章缓冲，arc-087无法完成门槛封口”会提前发生。,detailed-v4
chapter-2154,2154,arc-087,4,起因,确认异常不是孤立事故，让回声残膜交出第04个可复查证据,一次轮回监狱出口，并承认回声不能再被旧层级命名,无有·轮回真相·新黎明低语030的核心危机吞掉本章缓冲，arc-087无法完成门槛封口,为得到“确认异常不是孤立事故，让回声残膜交出第04个可复查证据”，必须失去“一次轮回监狱出口，并承认回声不能再被旧层级命名”；若拒绝，“无有·轮回真相·新黎明低语030的核心危机吞掉本章缓冲，arc-087无法完成门槛封口”会提前发生。,detailed-v4
chapter-2155,2155,arc-087,5,反证,推翻旧模型仍可解释一切的假设，让新黎明临界面交出第05个可复查证据,一枚空种子的自我完整性，并承认新黎明不能再被旧层级命名,无有·轮回真相·无有回潮031的核心危机吞掉本章缓冲，arc-087无法完成门槛封口,为得到“推翻旧模型仍可解释一切的假设，让新黎明临界面交出第05个可复查证据”，必须失去“一枚空种子的自我完整性，并承认新黎明不能再被旧层级命名”；若拒绝，“无有·轮回真相·无有回潮031的核心危机吞掉本章缓冲，arc-087无法完成门槛封口”会提前发生。,detailed-v4
chapter-2156,2156,arc-087,6,反证,推翻旧模型仍可解释一切的假设，让无有之域暗面交出第06个可复查证据,一行新宇宙代码注释权，并承认无有不能再被旧层级命名,无有·轮回真相·轮回监狱回潮032的核心危机吞掉本章缓冲，arc-087无法完成门槛封口,为得到“推翻旧模型仍可解释一切的假设，让无有之域暗面交出第06个可复查证据”，必须失去“一行新宇宙代码注释权，并承认无有不能再被旧层级命名”；若拒绝，“无有·轮回真相·轮回监狱回潮032的核心危机吞掉本章缓冲，arc-087无法完成门槛封口”会提前发生。,detailed-v4
chapter-2157,2157,arc-087,7,反证,推翻旧模型仍可解释一切的假设，让轮回监狱外壁交出第07个可复查证据,一个终点幻觉，并承认轮回监狱不能再被旧层级命名,无有·轮回真相·未诞生混沌回潮033的核心危机吞掉本章缓冲，arc-087无法完成门槛封口,为得到“推翻旧模型仍可解释一切的假设，让轮回监狱外壁交出第07个可复查证据”，必须失去“一个终点幻觉，并承认轮回监狱不能再被旧层级命名”；若拒绝，“无有·轮回真相·未诞生混沌回潮033的核心危机吞掉本章缓冲，arc-087无法完成门槛封口”会提前发生。,detailed-v4
chapter-2158,2158,arc-087,8,反证,推翻旧模型仍可解释一切的假设，让未诞生混沌边缘交出第08个可复查证据,一次轮回监狱出口，并承认未诞生混沌不能再被旧层级命名,无有·轮回真相·种子回潮034的核心危机吞掉本章缓冲，arc-087无法完成门槛封口,为得到“推翻旧模型仍可解释一切的假设，让未诞生混沌边缘交出第08个可复查证据”，必须失去“一次轮回监狱出口，并承认未诞生混沌不能再被旧层级命名”；若拒绝，“无有·轮回真相·种子回潮034的核心危机吞掉本章缓冲，arc-087无法完成门槛封口”会提前发生。,detailed-v4
chapter-2159,2159,arc-087,9,代价,换取一次继续观测的资格，让空种子悬停区交出第09个可复查证据,一枚空种子的自我完整性，并承认种子不能再被旧层级命名,无有·轮回真相·最后眷恋回潮035的核心危机吞掉本章缓冲，arc-087无法完成门槛封口,为得到“换取一次继续观测的资格，让空种子悬停区交出第09个可复查证据”，必须失去“一枚空种子的自我完整性，并承认种子不能再被旧层级命名”；若拒绝，“无有·轮回真相·最后眷恋回潮035的核心危机吞掉本章缓冲，arc-087无法完成门槛封口”会提前发生。,detailed-v4
chapter-2160,2160,arc-087,10,代价,换取一次继续观测的资格，让最后眷恋坠落点交出第10个可复查证据,一行新宇宙代码注释权，并承认最后眷恋不能再被旧层级命名,无有·轮回真相·第一行代码回潮036的核心危机吞掉本章缓冲，arc-087无法完成门槛封口,为得到“换取一次继续观测的资格，让最后眷恋坠落点交出第10个可复查证据”，必须失去“一行新宇宙代码注释权，并承认最后眷恋不能再被旧层级命名”；若拒绝，“无有·轮回真相·第一行代码回潮036的核心危机吞掉本章缓冲，arc-087无法完成门槛封口”会提前发生。,detailed-v4
chapter-2161,2161,arc-087,11,代价,换取一次继续观测的资格，让第一行代码暗面交出第11个可复查证据,一个终点幻觉，并承认第一行代码不能再被旧层级命名,无有·轮回真相·无终点回潮037的核心危机吞掉本章缓冲，arc-087无法完成门槛封口,为得到“换取一次继续观测的资格，让第一行代码暗面交出第11个可复查证据”，必须失去“一个终点幻觉，并承认第一行代码不能再被旧层级命名”；若拒绝，“无有·轮回真相·无终点回潮037的核心危机吞掉本章缓冲，arc-087无法完成门槛封口”会提前发生。,detailed-v4
chapter-2162,2162,arc-087,12,误判,暴露角色仍误信的判断方式，让无终点临界面交出第12个可复查证据,一次轮回监狱出口，并承认无终点不能再被旧层级命名,无有·轮回真相·播撒回潮038的核心危机吞掉本章缓冲，arc-087无法完成门槛封口,为得到“暴露角色仍误信的判断方式，让无终点临界面交出第12个可复查证据”，必须失去“一次轮回监狱出口，并承认无终点不能再被旧层级命名”；若拒绝，“无有·轮回真相·播撒回潮038的核心危机吞掉本章缓冲，arc-087无法完成门槛封口”会提前发生。,detailed-v4
chapter-2163,2163,arc-087,13,误判,暴露角色仍误信的判断方式，让播撒轨道交出第13个可复查证据,一枚空种子的自我完整性，并承认播撒不能再被旧层级命名,无有·轮回真相·回声回潮039的核心危机吞掉本章缓冲，arc-087无法完成门槛封口,为得到“暴露角色仍误信的判断方式，让播撒轨道交出第13个可复查证据”，必须失去“一枚空种子的自我完整性，并承认播撒不能再被旧层级命名”；若拒绝，“无有·轮回真相·回声回潮039的核心危机吞掉本章缓冲，arc-087无法完成门槛封口”会提前发生。,detailed-v4
chapter-2164,2164,arc-087,14,误判,暴露角色仍误信的判断方式，让回声残膜交出第14个可复查证据,一行新宇宙代码注释权，并承认回声不能再被旧层级命名,无有·轮回真相·新黎明回潮040的核心危机吞掉本章缓冲，arc-087无法完成门槛封口,为得到“暴露角色仍误信的判断方式，让回声残膜交出第14个可复查证据”，必须失去“一行新宇宙代码注释权，并承认回声不能再被旧层级命名”；若拒绝，“无有·轮回真相·新黎明回潮040的核心危机吞掉本章缓冲，arc-087无法完成门槛封口”会提前发生。,detailed-v4
chapter-2165,2165,arc-087,15,误判,暴露角色仍误信的判断方式，让新黎明临界面交出第15个可复查证据,一个终点幻觉，并承认新黎明不能再被旧层级命名,无有·轮回真相·无有折光041的核心危机吞掉本章缓冲，arc-087无法完成门槛封口,为得到“暴露角色仍误信的判断方式，让新黎明临界面交出第15个可复查证据”，必须失去“一个终点幻觉，并承认新黎明不能再被旧层级命名”；若拒绝，“无有·轮回真相·无有折光041的核心危机吞掉本章缓冲，arc-087无法完成门槛封口”会提前发生。,detailed-v4
chapter-2166,2166,arc-087,16,失控,把异常限制在可写的物理边界内，让无有之域暗面交出第16个可复查证据,一次轮回监狱出口，并承认无有不能再被旧层级命名,无有·轮回真相·轮回监狱折光042的核心危机吞掉本章缓冲，arc-087无法完成门槛封口,为得到“把异常限制在可写的物理边界内，让无有之域暗面交出第16个可复查证据”，必须失去“一次轮回监狱出口，并承认无有不能再被旧层级命名”；若拒绝，“无有·轮回真相·轮回监狱折光042的核心危机吞掉本章缓冲，arc-087无法完成门槛封口”会提前发生。,detailed-v4
chapter-2167,2167,arc-087,17,失控,把异常限制在可写的物理边界内，让轮回监狱外壁交出第17个可复查证据,一枚空种子的自我完整性，并承认轮回监狱不能再被旧层级命名,无有·轮回真相·未诞生混沌折光043的核心危机吞掉本章缓冲，arc-087无法完成门槛封口,为得到“把异常限制在可写的物理边界内，让轮回监狱外壁交出第17个可复查证据”，必须失去“一枚空种子的自我完整性，并承认轮回监狱不能再被旧层级命名”；若拒绝，“无有·轮回真相·未诞生混沌折光043的核心危机吞掉本章缓冲，arc-087无法完成门槛封口”会提前发生。,detailed-v4
chapter-2168,2168,arc-087,18,失控,把异常限制在可写的物理边界内，让未诞生混沌边缘交出第18个可复查证据,一行新宇宙代码注释权，并承认未诞生混沌不能再被旧层级命名,无有·轮回真相·种子折光044的核心危机吞掉本章缓冲，arc-087无法完成门槛封口,为得到“把异常限制在可写的物理边界内，让未诞生混沌边缘交出第18个可复查证据”，必须失去“一行新宇宙代码注释权，并承认未诞生混沌不能再被旧层级命名”；若拒绝，“无有·轮回真相·种子折光044的核心危机吞掉本章缓冲，arc-087无法完成门槛封口”会提前发生。,detailed-v4
chapter-2169,2169,arc-087,19,失控,把异常限制在可写的物理边界内，让空种子悬停区交出第19个可复查证据,一个终点幻觉，并承认种子不能再被旧层级命名,无有·轮回真相·最后眷恋折光045的核心危机吞掉本章缓冲，arc-087无法完成门槛封口,为得到“把异常限制在可写的物理边界内，让空种子悬停区交出第19个可复查证据”，必须失去“一个终点幻觉，并承认种子不能再被旧层级命名”；若拒绝，“无有·轮回真相·最后眷恋折光045的核心危机吞掉本章缓冲，arc-087无法完成门槛封口”会提前发生。,detailed-v4
chapter-2170,2170,arc-087,20,回响,让眷恋线以硬证物返回，让最后眷恋坠落点交出第20个可复查证据,一次轮回监狱出口，并承认最后眷恋不能再被旧层级命名,无有·轮回真相·第一行代码折光046的核心危机吞掉本章缓冲，arc-087无法完成门槛封口,为得到“让眷恋线以硬证物返回，让最后眷恋坠落点交出第20个可复查证据”，必须失去“一次轮回监狱出口，并承认最后眷恋不能再被旧层级命名”；若拒绝，“无有·轮回真相·第一行代码折光046的核心危机吞掉本章缓冲，arc-087无法完成门槛封口”会提前发生。,detailed-v4
chapter-2171,2171,arc-087,21,回响,让眷恋线以硬证物返回，让第一行代码暗面交出第21个可复查证据,一枚空种子的自我完整性，并承认第一行代码不能再被旧层级命名,无有·轮回真相·无终点折光047的核心危机吞掉本章缓冲，arc-087无法完成门槛封口,为得到“让眷恋线以硬证物返回，让第一行代码暗面交出第21个可复查证据”，必须失去“一枚空种子的自我完整性，并承认第一行代码不能再被旧层级命名”；若拒绝，“无有·轮回真相·无终点折光047的核心危机吞掉本章缓冲，arc-087无法完成门槛封口”会提前发生。,detailed-v4
chapter-2172,2172,arc-087,22,回响,让眷恋线以硬证物返回，让无终点临界面交出第22个可复查证据,一行新宇宙代码注释权，并承认无终点不能再被旧层级命名,无有·轮回真相·播撒折光048的核心危机吞掉本章缓冲，arc-087无法完成门槛封口,为得到“让眷恋线以硬证物返回，让无终点临界面交出第22个可复查证据”，必须失去“一行新宇宙代码注释权，并承认无终点不能再被旧层级命名”；若拒绝，“无有·轮回真相·播撒折光048的核心危机吞掉本章缓冲，arc-087无法完成门槛封口”会提前发生。,detailed-v4
chapter-2173,2173,arc-087,23,门槛,把本组问题交给下一章群而不总结掉，让播撒轨道交出第23个可复查证据,一个终点幻觉，并承认播撒不能再被旧层级命名,无有·轮回真相·回声折光049的核心危机吞掉本章缓冲，arc-087无法完成门槛封口,为得到“把本组问题交给下一章群而不总结掉，让播撒轨道交出第23个可复查证据”，必须失去“一个终点幻觉，并承认播撒不能再被旧层级命名”；若拒绝，“无有·轮回真相·回声折光049的核心危机吞掉本章缓冲，arc-087无法完成门槛封口”会提前发生。,detailed-v4
chapter-2174,2174,arc-087,24,门槛,把本组问题交给下一章群而不总结掉，让回声残膜交出第24个可复查证据,一次轮回监狱出口，并承认回声不能再被旧层级命名,无有·轮回真相·新黎明折光050的核心危机吞掉本章缓冲，arc-087无法完成门槛封口,为得到“把本组问题交给下一章群而不总结掉，让回声残膜交出第24个可复查证据”，必须失去“一次轮回监狱出口，并承认回声不能再被旧层级命名”；若拒绝，“无有·轮回真相·新黎明折光050的核心危机吞掉本章缓冲，arc-087无法完成门槛封口”会提前发生。,detailed-v4
chapter-2175,2175,arc-087,25,门槛,把本组问题交给下一章群而不总结掉，让新黎明临界面交出第25个可复查证据,一枚空种子的自我完整性，并承认新黎明不能再被旧层级命名,无有·轮回真相·无有暗涌051的核心危机吞掉本章缓冲，arc-087无法完成门槛封口,为得到“把本组问题交给下一章群而不总结掉，让新黎明临界面交出第25个可复查证据”，必须失去“一枚空种子的自我完整性，并承认新黎明不能再被旧层级命名”；若拒绝，“无有·轮回真相·无有暗涌051的核心危机吞掉本章缓冲，arc-087无法完成门槛封口”会提前发生。,detailed-v4
chapter-2176,2176,arc-088,1,起因,确认异常不是孤立事故，让无有之域暗面交出第01个可复查证据,一个终点幻觉，并承认无有不能再被旧层级命名,无有·轮回真相·轮回监狱暗涌052的核心危机吞掉本章缓冲，arc-088无法完成门槛封口,为得到“确认异常不是孤立事故，让无有之域暗面交出第01个可复查证据”，必须失去“一个终点幻觉，并承认无有不能再被旧层级命名”；若拒绝，“无有·轮回真相·轮回监狱暗涌052的核心危机吞掉本章缓冲，arc-088无法完成门槛封口”会提前发生。,detailed-v4
chapter-2177,2177,arc-088,2,起因,确认异常不是孤立事故，让轮回监狱外壁交出第02个可复查证据,一次轮回监狱出口，并承认轮回监狱不能再被旧层级命名,无有·轮回真相·未诞生混沌暗涌053的核心危机吞掉本章缓冲，arc-088无法完成门槛封口,为得到“确认异常不是孤立事故，让轮回监狱外壁交出第02个可复查证据”，必须失去“一次轮回监狱出口，并承认轮回监狱不能再被旧层级命名”；若拒绝，“无有·轮回真相·未诞生混沌暗涌053的核心危机吞掉本章缓冲，arc-088无法完成门槛封口”会提前发生。,detailed-v4
chapter-2178,2178,arc-088,3,起因,确认异常不是孤立事故，让未诞生混沌边缘交出第03个可复查证据,一枚空种子的自我完整性，并承认未诞生混沌不能再被旧层级命名,无有·轮回真相·种子暗涌054的核心危机吞掉本章缓冲，arc-088无法完成门槛封口,为得到“确认异常不是孤立事故，让未诞生混沌边缘交出第03个可复查证据”，必须失去“一枚空种子的自我完整性，并承认未诞生混沌不能再被旧层级命名”；若拒绝，“无有·轮回真相·种子暗涌054的核心危机吞掉本章缓冲，arc-088无法完成门槛封口”会提前发生。,detailed-v4
chapter-2179,2179,arc-088,4,起因,确认异常不是孤立事故，让空种子悬停区交出第04个可复查证据,一行新宇宙代码注释权，并承认种子不能再被旧层级命名,无有·轮回真相·最后眷恋暗涌055的核心危机吞掉本章缓冲，arc-088无法完成门槛封口,为得到“确认异常不是孤立事故，让空种子悬停区交出第04个可复查证据”，必须失去“一行新宇宙代码注释权，并承认种子不能再被旧层级命名”；若拒绝，“无有·轮回真相·最后眷恋暗涌055的核心危机吞掉本章缓冲，arc-088无法完成门槛封口”会提前发生。,detailed-v4
chapter-2180,2180,arc-088,5,反证,推翻旧模型仍可解释一切的假设，让最后眷恋坠落点交出第05个可复查证据,一个终点幻觉，并承认最后眷恋不能再被旧层级命名,无有·轮回真相·第一行代码暗涌056的核心危机吞掉本章缓冲，arc-088无法完成门槛封口,为得到“推翻旧模型仍可解释一切的假设，让最后眷恋坠落点交出第05个可复查证据”，必须失去“一个终点幻觉，并承认最后眷恋不能再被旧层级命名”；若拒绝，“无有·轮回真相·第一行代码暗涌056的核心危机吞掉本章缓冲，arc-088无法完成门槛封口”会提前发生。,detailed-v4
chapter-2181,2181,arc-088,6,反证,推翻旧模型仍可解释一切的假设，让第一行代码暗面交出第06个可复查证据,一次轮回监狱出口，并承认第一行代码不能再被旧层级命名,无有·轮回真相·无终点暗涌057的核心危机吞掉本章缓冲，arc-088无法完成门槛封口,为得到“推翻旧模型仍可解释一切的假设，让第一行代码暗面交出第06个可复查证据”，必须失去“一次轮回监狱出口，并承认第一行代码不能再被旧层级命名”；若拒绝，“无有·轮回真相·无终点暗涌057的核心危机吞掉本章缓冲，arc-088无法完成门槛封口”会提前发生。,detailed-v4
chapter-2182,2182,arc-088,7,反证,推翻旧模型仍可解释一切的假设，让无终点临界面交出第07个可复查证据,一枚空种子的自我完整性，并承认无终点不能再被旧层级命名,无有·轮回真相·播撒暗涌058的核心危机吞掉本章缓冲，arc-088无法完成门槛封口,为得到“推翻旧模型仍可解释一切的假设，让无终点临界面交出第07个可复查证据”，必须失去“一枚空种子的自我完整性，并承认无终点不能再被旧层级命名”；若拒绝，“无有·轮回真相·播撒暗涌058的核心危机吞掉本章缓冲，arc-088无法完成门槛封口”会提前发生。,detailed-v4
chapter-2183,2183,arc-088,8,反证,推翻旧模型仍可解释一切的假设，让播撒轨道交出第08个可复查证据,一行新宇宙代码注释权，并承认播撒不能再被旧层级命名,无有·轮回真相·回声暗涌059的核心危机吞掉本章缓冲，arc-088无法完成门槛封口,为得到“推翻旧模型仍可解释一切的假设，让播撒轨道交出第08个可复查证据”，必须失去“一行新宇宙代码注释权，并承认播撒不能再被旧层级命名”；若拒绝，“无有·轮回真相·回声暗涌059的核心危机吞掉本章缓冲，arc-088无法完成门槛封口”会提前发生。,detailed-v4
chapter-2184,2184,arc-088,9,代价,换取一次继续观测的资格，让回声残膜交出第09个可复查证据,一个终点幻觉，并承认回声不能再被旧层级命名,无有·轮回真相·新黎明暗涌060的核心危机吞掉本章缓冲，arc-088无法完成门槛封口,为得到“换取一次继续观测的资格，让回声残膜交出第09个可复查证据”，必须失去“一个终点幻觉，并承认回声不能再被旧层级命名”；若拒绝，“无有·轮回真相·新黎明暗涌060的核心危机吞掉本章缓冲，arc-088无法完成门槛封口”会提前发生。,detailed-v4
chapter-2185,2185,arc-088,10,代价,换取一次继续观测的资格，让新黎明临界面交出第10个可复查证据,一次轮回监狱出口，并承认新黎明不能再被旧层级命名,无有·轮回真相·无有证词061的核心危机吞掉本章缓冲，arc-088无法完成门槛封口,为得到“换取一次继续观测的资格，让新黎明临界面交出第10个可复查证据”，必须失去“一次轮回监狱出口，并承认新黎明不能再被旧层级命名”；若拒绝，“无有·轮回真相·无有证词061的核心危机吞掉本章缓冲，arc-088无法完成门槛封口”会提前发生。,detailed-v4
chapter-2186,2186,arc-088,11,代价,换取一次继续观测的资格，让无有之域暗面交出第11个可复查证据,一枚空种子的自我完整性，并承认无有不能再被旧层级命名,无有·轮回真相·轮回监狱证词062的核心危机吞掉本章缓冲，arc-088无法完成门槛封口,为得到“换取一次继续观测的资格，让无有之域暗面交出第11个可复查证据”，必须失去“一枚空种子的自我完整性，并承认无有不能再被旧层级命名”；若拒绝，“无有·轮回真相·轮回监狱证词062的核心危机吞掉本章缓冲，arc-088无法完成门槛封口”会提前发生。,detailed-v4
chapter-2187,2187,arc-088,12,误判,暴露角色仍误信的判断方式，让轮回监狱外壁交出第12个可复查证据,一行新宇宙代码注释权，并承认轮回监狱不能再被旧层级命名,无有·轮回真相·未诞生混沌证词063的核心危机吞掉本章缓冲，arc-088无法完成门槛封口,为得到“暴露角色仍误信的判断方式，让轮回监狱外壁交出第12个可复查证据”，必须失去“一行新宇宙代码注释权，并承认轮回监狱不能再被旧层级命名”；若拒绝，“无有·轮回真相·未诞生混沌证词063的核心危机吞掉本章缓冲，arc-088无法完成门槛封口”会提前发生。,detailed-v4
chapter-2188,2188,arc-088,13,误判,暴露角色仍误信的判断方式，让未诞生混沌边缘交出第13个可复查证据,一个终点幻觉，并承认未诞生混沌不能再被旧层级命名,无有·轮回真相·种子证词064的核心危机吞掉本章缓冲，arc-088无法完成门槛封口,为得到“暴露角色仍误信的判断方式，让未诞生混沌边缘交出第13个可复查证据”，必须失去“一个终点幻觉，并承认未诞生混沌不能再被旧层级命名”；若拒绝，“无有·轮回真相·种子证词064的核心危机吞掉本章缓冲，arc-088无法完成门槛封口”会提前发生。,detailed-v4
chapter-2189,2189,arc-088,14,误判,暴露角色仍误信的判断方式，让空种子悬停区交出第14个可复查证据,一次轮回监狱出口，并承认种子不能再被旧层级命名,无有·轮回真相·最后眷恋证词065的核心危机吞掉本章缓冲，arc-088无法完成门槛封口,为得到“暴露角色仍误信的判断方式，让空种子悬停区交出第14个可复查证据”，必须失去“一次轮回监狱出口，并承认种子不能再被旧层级命名”；若拒绝，“无有·轮回真相·最后眷恋证词065的核心危机吞掉本章缓冲，arc-088无法完成门槛封口”会提前发生。,detailed-v4
chapter-2190,2190,arc-088,15,误判,暴露角色仍误信的判断方式，让最后眷恋坠落点交出第15个可复查证据,一枚空种子的自我完整性，并承认最后眷恋不能再被旧层级命名,无有·轮回真相·第一行代码证词066的核心危机吞掉本章缓冲，arc-088无法完成门槛封口,为得到“暴露角色仍误信的判断方式，让最后眷恋坠落点交出第15个可复查证据”，必须失去“一枚空种子的自我完整性，并承认最后眷恋不能再被旧层级命名”；若拒绝，“无有·轮回真相·第一行代码证词066的核心危机吞掉本章缓冲，arc-088无法完成门槛封口”会提前发生。,detailed-v4
chapter-2191,2191,arc-088,16,失控,把异常限制在可写的物理边界内，让第一行代码暗面交出第16个可复查证据,一行新宇宙代码注释权，并承认第一行代码不能再被旧层级命名,无有·轮回真相·无终点证词067的核心危机吞掉本章缓冲，arc-088无法完成门槛封口,为得到“把异常限制在可写的物理边界内，让第一行代码暗面交出第16个可复查证据”，必须失去“一行新宇宙代码注释权，并承认第一行代码不能再被旧层级命名”；若拒绝，“无有·轮回真相·无终点证词067的核心危机吞掉本章缓冲，arc-088无法完成门槛封口”会提前发生。,detailed-v4
chapter-2192,2192,arc-088,17,失控,把异常限制在可写的物理边界内，让无终点临界面交出第17个可复查证据,一个终点幻觉，并承认无终点不能再被旧层级命名,无有·轮回真相·播撒证词068的核心危机吞掉本章缓冲，arc-088无法完成门槛封口,为得到“把异常限制在可写的物理边界内，让无终点临界面交出第17个可复查证据”，必须失去“一个终点幻觉，并承认无终点不能再被旧层级命名”；若拒绝，“无有·轮回真相·播撒证词068的核心危机吞掉本章缓冲，arc-088无法完成门槛封口”会提前发生。,detailed-v4
chapter-2193,2193,arc-088,18,失控,把异常限制在可写的物理边界内，让播撒轨道交出第18个可复查证据,一次轮回监狱出口，并承认播撒不能再被旧层级命名,无有·轮回真相·回声证词069的核心危机吞掉本章缓冲，arc-088无法完成门槛封口,为得到“把异常限制在可写的物理边界内，让播撒轨道交出第18个可复查证据”，必须失去“一次轮回监狱出口，并承认播撒不能再被旧层级命名”；若拒绝，“无有·轮回真相·回声证词069的核心危机吞掉本章缓冲，arc-088无法完成门槛封口”会提前发生。,detailed-v4
chapter-2194,2194,arc-088,19,失控,把异常限制在可写的物理边界内，让回声残膜交出第19个可复查证据,一枚空种子的自我完整性，并承认回声不能再被旧层级命名,无有·轮回真相·新黎明证词070的核心危机吞掉本章缓冲，arc-088无法完成门槛封口,为得到“把异常限制在可写的物理边界内，让回声残膜交出第19个可复查证据”，必须失去“一枚空种子的自我完整性，并承认回声不能再被旧层级命名”；若拒绝，“无有·轮回真相·新黎明证词070的核心危机吞掉本章缓冲，arc-088无法完成门槛封口”会提前发生。,detailed-v4
chapter-2195,2195,arc-088,20,回响,让眷恋线以硬证物返回，让新黎明临界面交出第20个可复查证据,一行新宇宙代码注释权，并承认新黎明不能再被旧层级命名,无有·轮回真相·无有坠落071的核心危机吞掉本章缓冲，arc-088无法完成门槛封口,为得到“让眷恋线以硬证物返回，让新黎明临界面交出第20个可复查证据”，必须失去“一行新宇宙代码注释权，并承认新黎明不能再被旧层级命名”；若拒绝，“无有·轮回真相·无有坠落071的核心危机吞掉本章缓冲，arc-088无法完成门槛封口”会提前发生。,detailed-v4
chapter-2196,2196,arc-088,21,回响,让眷恋线以硬证物返回，让无有之域暗面交出第21个可复查证据,一个终点幻觉，并承认无有不能再被旧层级命名,无有·轮回真相·轮回监狱坠落072的核心危机吞掉本章缓冲，arc-088无法完成门槛封口,为得到“让眷恋线以硬证物返回，让无有之域暗面交出第21个可复查证据”，必须失去“一个终点幻觉，并承认无有不能再被旧层级命名”；若拒绝，“无有·轮回真相·轮回监狱坠落072的核心危机吞掉本章缓冲，arc-088无法完成门槛封口”会提前发生。,detailed-v4
chapter-2197,2197,arc-088,22,回响,让眷恋线以硬证物返回，让轮回监狱外壁交出第22个可复查证据,一次轮回监狱出口，并承认轮回监狱不能再被旧层级命名,无有·轮回真相·未诞生混沌坠落073的核心危机吞掉本章缓冲，arc-088无法完成门槛封口,为得到“让眷恋线以硬证物返回，让轮回监狱外壁交出第22个可复查证据”，必须失去“一次轮回监狱出口，并承认轮回监狱不能再被旧层级命名”；若拒绝，“无有·轮回真相·未诞生混沌坠落073的核心危机吞掉本章缓冲，arc-088无法完成门槛封口”会提前发生。,detailed-v4
chapter-2198,2198,arc-088,23,门槛,把本组问题交给下一章群而不总结掉，让未诞生混沌边缘交出第23个可复查证据,一枚空种子的自我完整性，并承认未诞生混沌不能再被旧层级命名,无有·轮回真相·种子坠落074的核心危机吞掉本章缓冲，arc-088无法完成门槛封口,为得到“把本组问题交给下一章群而不总结掉，让未诞生混沌边缘交出第23个可复查证据”，必须失去“一枚空种子的自我完整性，并承认未诞生混沌不能再被旧层级命名”；若拒绝，“无有·轮回真相·种子坠落074的核心危机吞掉本章缓冲，arc-088无法完成门槛封口”会提前发生。,detailed-v4
chapter-2199,2199,arc-088,24,门槛,把本组问题交给下一章群而不总结掉，让空种子悬停区交出第24个可复查证据,一行新宇宙代码注释权，并承认种子不能再被旧层级命名,无有·轮回真相·最后眷恋坠落075的核心危机吞掉本章缓冲，arc-088无法完成门槛封口,为得到“把本组问题交给下一章群而不总结掉，让空种子悬停区交出第24个可复查证据”，必须失去“一行新宇宙代码注释权，并承认种子不能再被旧层级命名”；若拒绝，“无有·轮回真相·最后眷恋坠落075的核心危机吞掉本章缓冲，arc-088无法完成门槛封口”会提前发生。,detailed-v4
chapter-2200,2200,arc-088,25,门槛,把本组问题交给下一章群而不总结掉，让最后眷恋坠落点交出第25个可复查证据,一个终点幻觉，并承认最后眷恋不能再被旧层级命名,无有·轮回真相·第一行代码坠落076的核心危机吞掉本章缓冲，arc-088无法完成门槛封口,为得到“把本组问题交给下一章群而不总结掉，让最后眷恋坠落点交出第25个可复查证据”，必须失去“一个终点幻觉，并承认最后眷恋不能再被旧层级命名”；若拒绝，“无有·轮回真相·第一行代码坠落076的核心危机吞掉本章缓冲，arc-088无法完成门槛封口”会提前发生。,detailed-v4
chapter-2201,2201,arc-089,1,起因,确认异常不是孤立事故，让第一行代码暗面交出第01个可复查证据,一枚空种子的自我完整性，并承认第一行代码不能再被旧层级命名,无有·轮回真相·无终点坠落077的核心危机吞掉本章缓冲，arc-089无法完成门槛封口,为得到“确认异常不是孤立事故，让第一行代码暗面交出第01个可复查证据”，必须失去“一枚空种子的自我完整性，并承认第一行代码不能再被旧层级命名”；若拒绝，“无有·轮回真相·无终点坠落077的核心危机吞掉本章缓冲，arc-089无法完成门槛封口”会提前发生。,detailed-v4
chapter-2202,2202,arc-089,2,起因,确认异常不是孤立事故，让无终点临界面交出第02个可复查证据,一行新宇宙代码注释权，并承认无终点不能再被旧层级命名,无有·轮回真相·播撒坠落078的核心危机吞掉本章缓冲，arc-089无法完成门槛封口,为得到“确认异常不是孤立事故，让无终点临界面交出第02个可复查证据”，必须失去“一行新宇宙代码注释权，并承认无终点不能再被旧层级命名”；若拒绝，“无有·轮回真相·播撒坠落078的核心危机吞掉本章缓冲，arc-089无法完成门槛封口”会提前发生。,detailed-v4
chapter-2203,2203,arc-089,3,起因,确认异常不是孤立事故，让播撒轨道交出第03个可复查证据,一个终点幻觉，并承认播撒不能再被旧层级命名,无有·轮回真相·回声坠落079的核心危机吞掉本章缓冲，arc-089无法完成门槛封口,为得到“确认异常不是孤立事故，让播撒轨道交出第03个可复查证据”，必须失去“一个终点幻觉，并承认播撒不能再被旧层级命名”；若拒绝，“无有·轮回真相·回声坠落079的核心危机吞掉本章缓冲，arc-089无法完成门槛封口”会提前发生。,detailed-v4
chapter-2204,2204,arc-089,4,起因,确认异常不是孤立事故，让回声残膜交出第04个可复查证据,一次轮回监狱出口，并承认回声不能再被旧层级命名,无有·轮回真相·新黎明坠落080的核心危机吞掉本章缓冲，arc-089无法完成门槛封口,为得到“确认异常不是孤立事故，让回声残膜交出第04个可复查证据”，必须失去“一次轮回监狱出口，并承认回声不能再被旧层级命名”；若拒绝，“无有·轮回真相·新黎明坠落080的核心危机吞掉本章缓冲，arc-089无法完成门槛封口”会提前发生。,detailed-v4
chapter-2205,2205,arc-089,5,反证,推翻旧模型仍可解释一切的假设，让新黎明临界面交出第05个可复查证据,一枚空种子的自我完整性，并承认新黎明不能再被旧层级命名,无有·轮回真相·无有重构081的核心危机吞掉本章缓冲，arc-089无法完成门槛封口,为得到“推翻旧模型仍可解释一切的假设，让新黎明临界面交出第05个可复查证据”，必须失去“一枚空种子的自我完整性，并承认新黎明不能再被旧层级命名”；若拒绝，“无有·轮回真相·无有重构081的核心危机吞掉本章缓冲，arc-089无法完成门槛封口”会提前发生。,detailed-v4
chapter-2206,2206,arc-089,6,反证,推翻旧模型仍可解释一切的假设，让无有重构的局部截面交出第06个可复查证据,一行新宇宙代码注释权，并承认无有重构不能再被旧层级命名,无有·轮回真相·轮回监狱重构082的核心危机吞掉本章缓冲，arc-089无法完成门槛封口,为得到“推翻旧模型仍可解释一切的假设，让无有重构的局部截面交出第06个可复查证据”，必须失去“一行新宇宙代码注释权，并承认无有重构不能再被旧层级命名”；若拒绝，“无有·轮回真相·轮回监狱重构082的核心危机吞掉本章缓冲，arc-089无法完成门槛封口”会提前发生。,detailed-v4
chapter-2207,2207,arc-089,7,反证,推翻旧模型仍可解释一切的假设，让轮回监狱重构的局部截面交出第07个可复查证据,一个终点幻觉，并承认轮回监狱重构不能再被旧层级命名,无有·轮回真相·未诞生混沌重构083的核心危机吞掉本章缓冲，arc-089无法完成门槛封口,为得到“推翻旧模型仍可解释一切的假设，让轮回监狱重构的局部截面交出第07个可复查证据”，必须失去“一个终点幻觉，并承认轮回监狱重构不能再被旧层级命名”；若拒绝，“无有·轮回真相·未诞生混沌重构083的核心危机吞掉本章缓冲，arc-089无法完成门槛封口”会提前发生。,detailed-v4
chapter-2208,2208,arc-089,8,反证,推翻旧模型仍可解释一切的假设，让未诞生混沌重构的局部截面交出第08个可复查证据,一次轮回监狱出口，并承认未诞生混沌重构不能再被旧层级命名,无有·轮回真相·种子重构084的核心危机吞掉本章缓冲，arc-089无法完成门槛封口,为得到“推翻旧模型仍可解释一切的假设，让未诞生混沌重构的局部截面交出第08个可复查证据”，必须失去“一次轮回监狱出口，并承认未诞生混沌重构不能再被旧层级命名”；若拒绝，“无有·轮回真相·种子重构084的核心危机吞掉本章缓冲，arc-089无法完成门槛封口”会提前发生。,detailed-v4
chapter-2209,2209,arc-089,9,代价,换取一次继续观测的资格，让种子重构的局部截面交出第09个可复查证据,一枚空种子的自我完整性，并承认种子重构不能再被旧层级命名,无有·轮回真相·最后眷恋重构085的核心危机吞掉本章缓冲，arc-089无法完成门槛封口,为得到“换取一次继续观测的资格，让种子重构的局部截面交出第09个可复查证据”，必须失去“一枚空种子的自我完整性，并承认种子重构不能再被旧层级命名”；若拒绝，“无有·轮回真相·最后眷恋重构085的核心危机吞掉本章缓冲，arc-089无法完成门槛封口”会提前发生。,detailed-v4
chapter-2210,2210,arc-089,10,代价,换取一次继续观测的资格，让最后眷恋重构的局部截面交出第10个可复查证据,一行新宇宙代码注释权，并承认最后眷恋重构不能再被旧层级命名,无有·轮回真相·第一行代码重构086的核心危机吞掉本章缓冲，arc-089无法完成门槛封口,为得到“换取一次继续观测的资格，让最后眷恋重构的局部截面交出第10个可复查证据”，必须失去“一行新宇宙代码注释权，并承认最后眷恋重构不能再被旧层级命名”；若拒绝，“无有·轮回真相·第一行代码重构086的核心危机吞掉本章缓冲，arc-089无法完成门槛封口”会提前发生。,detailed-v4
chapter-2211,2211,arc-089,11,代价,换取一次继续观测的资格，让第一行代码重构的局部截面交出第11个可复查证据,一个终点幻觉，并承认第一行代码重构不能再被旧层级命名,无有·轮回真相·无终点重构087的核心危机吞掉本章缓冲，arc-089无法完成门槛封口,为得到“换取一次继续观测的资格，让第一行代码重构的局部截面交出第11个可复查证据”，必须失去“一个终点幻觉，并承认第一行代码重构不能再被旧层级命名”；若拒绝，“无有·轮回真相·无终点重构087的核心危机吞掉本章缓冲，arc-089无法完成门槛封口”会提前发生。,detailed-v4
chapter-2212,2212,arc-089,12,误判,暴露角色仍误信的判断方式，让无终点重构的局部截面交出第12个可复查证据,一次轮回监狱出口，并承认无终点重构不能再被旧层级命名,无有·轮回真相·播撒重构088的核心危机吞掉本章缓冲，arc-089无法完成门槛封口,为得到“暴露角色仍误信的判断方式，让无终点重构的局部截面交出第12个可复查证据”，必须失去“一次轮回监狱出口，并承认无终点重构不能再被旧层级命名”；若拒绝，“无有·轮回真相·播撒重构088的核心危机吞掉本章缓冲，arc-089无法完成门槛封口”会提前发生。,detailed-v4
chapter-2213,2213,arc-089,13,误判,暴露角色仍误信的判断方式，让播撒重构的局部截面交出第13个可复查证据,一枚空种子的自我完整性，并承认播撒重构不能再被旧层级命名,无有·轮回真相·回声重构089的核心危机吞掉本章缓冲，arc-089无法完成门槛封口,为得到“暴露角色仍误信的判断方式，让播撒重构的局部截面交出第13个可复查证据”，必须失去“一枚空种子的自我完整性，并承认播撒重构不能再被旧层级命名”；若拒绝，“无有·轮回真相·回声重构089的核心危机吞掉本章缓冲，arc-089无法完成门槛封口”会提前发生。,detailed-v4
chapter-2214,2214,arc-089,14,误判,暴露角色仍误信的判断方式，让回声重构的局部截面交出第14个可复查证据,一行新宇宙代码注释权，并承认回声重构不能再被旧层级命名,无有·轮回真相·新黎明重构090的核心危机吞掉本章缓冲，arc-089无法完成门槛封口,为得到“暴露角色仍误信的判断方式，让回声重构的局部截面交出第14个可复查证据”，必须失去“一行新宇宙代码注释权，并承认回声重构不能再被旧层级命名”；若拒绝，“无有·轮回真相·新黎明重构090的核心危机吞掉本章缓冲，arc-089无法完成门槛封口”会提前发生。,detailed-v4
chapter-2215,2215,arc-089,15,误判,暴露角色仍误信的判断方式，让新黎明重构的局部截面交出第15个可复查证据,一个终点幻觉，并承认新黎明重构不能再被旧层级命名,无有·轮回真相·无有余震091的核心危机吞掉本章缓冲，arc-089无法完成门槛封口,为得到“暴露角色仍误信的判断方式，让新黎明重构的局部截面交出第15个可复查证据”，必须失去“一个终点幻觉，并承认新黎明重构不能再被旧层级命名”；若拒绝，“无有·轮回真相·无有余震091的核心危机吞掉本章缓冲，arc-089无法完成门槛封口”会提前发生。,detailed-v4
chapter-2216,2216,arc-089,16,失控,把异常限制在可写的物理边界内，让无有之域暗面交出第16个可复查证据,一次轮回监狱出口，并承认无有不能再被旧层级命名,无有·轮回真相·轮回监狱余震092的核心危机吞掉本章缓冲，arc-089无法完成门槛封口,为得到“把异常限制在可写的物理边界内，让无有之域暗面交出第16个可复查证据”，必须失去“一次轮回监狱出口，并承认无有不能再被旧层级命名”；若拒绝，“无有·轮回真相·轮回监狱余震092的核心危机吞掉本章缓冲，arc-089无法完成门槛封口”会提前发生。,detailed-v4
chapter-2217,2217,arc-089,17,失控,把异常限制在可写的物理边界内，让轮回监狱外壁交出第17个可复查证据,一枚空种子的自我完整性，并承认轮回监狱不能再被旧层级命名,无有·轮回真相·未诞生混沌余震093的核心危机吞掉本章缓冲，arc-089无法完成门槛封口,为得到“把异常限制在可写的物理边界内，让轮回监狱外壁交出第17个可复查证据”，必须失去“一枚空种子的自我完整性，并承认轮回监狱不能再被旧层级命名”；若拒绝，“无有·轮回真相·未诞生混沌余震093的核心危机吞掉本章缓冲，arc-089无法完成门槛封口”会提前发生。,detailed-v4
chapter-2218,2218,arc-089,18,失控,把异常限制在可写的物理边界内，让未诞生混沌边缘交出第18个可复查证据,一行新宇宙代码注释权，并承认未诞生混沌不能再被旧层级命名,无有·轮回真相·种子余震094的核心危机吞掉本章缓冲，arc-089无法完成门槛封口,为得到“把异常限制在可写的物理边界内，让未诞生混沌边缘交出第18个可复查证据”，必须失去“一行新宇宙代码注释权，并承认未诞生混沌不能再被旧层级命名”；若拒绝，“无有·轮回真相·种子余震094的核心危机吞掉本章缓冲，arc-089无法完成门槛封口”会提前发生。,detailed-v4
chapter-2219,2219,arc-089,19,失控,把异常限制在可写的物理边界内，让空种子悬停区交出第19个可复查证据,一个终点幻觉，并承认种子不能再被旧层级命名,无有·轮回真相·最后眷恋余震095的核心危机吞掉本章缓冲，arc-089无法完成门槛封口,为得到“把异常限制在可写的物理边界内，让空种子悬停区交出第19个可复查证据”，必须失去“一个终点幻觉，并承认种子不能再被旧层级命名”；若拒绝，“无有·轮回真相·最后眷恋余震095的核心危机吞掉本章缓冲，arc-089无法完成门槛封口”会提前发生。,detailed-v4
chapter-2220,2220,arc-089,20,回响,让眷恋线以硬证物返回，让最后眷恋坠落点交出第20个可复查证据,一次轮回监狱出口，并承认最后眷恋不能再被旧层级命名,无有·轮回真相·第一行代码余震096的核心危机吞掉本章缓冲，arc-089无法完成门槛封口,为得到“让眷恋线以硬证物返回，让最后眷恋坠落点交出第20个可复查证据”，必须失去“一次轮回监狱出口，并承认最后眷恋不能再被旧层级命名”；若拒绝，“无有·轮回真相·第一行代码余震096的核心危机吞掉本章缓冲，arc-089无法完成门槛封口”会提前发生。,detailed-v4
chapter-2221,2221,arc-089,21,回响,让眷恋线以硬证物返回，让第一行代码暗面交出第21个可复查证据,一枚空种子的自我完整性，并承认第一行代码不能再被旧层级命名,无有·轮回真相·无终点余震097的核心危机吞掉本章缓冲，arc-089无法完成门槛封口,为得到“让眷恋线以硬证物返回，让第一行代码暗面交出第21个可复查证据”，必须失去“一枚空种子的自我完整性，并承认第一行代码不能再被旧层级命名”；若拒绝，“无有·轮回真相·无终点余震097的核心危机吞掉本章缓冲，arc-089无法完成门槛封口”会提前发生。,detailed-v4
chapter-2222,2222,arc-089,22,回响,让眷恋线以硬证物返回，让无终点临界面交出第22个可复查证据,一行新宇宙代码注释权，并承认无终点不能再被旧层级命名,无有·轮回真相·播撒余震098的核心危机吞掉本章缓冲，arc-089无法完成门槛封口,为得到“让眷恋线以硬证物返回，让无终点临界面交出第22个可复查证据”，必须失去“一行新宇宙代码注释权，并承认无终点不能再被旧层级命名”；若拒绝，“无有·轮回真相·播撒余震098的核心危机吞掉本章缓冲，arc-089无法完成门槛封口”会提前发生。,detailed-v4
chapter-2223,2223,arc-089,23,门槛,把本组问题交给下一章群而不总结掉，让播撒轨道交出第23个可复查证据,一个终点幻觉，并承认播撒不能再被旧层级命名,无有·轮回真相·回声余震099的核心危机吞掉本章缓冲，arc-089无法完成门槛封口,为得到“把本组问题交给下一章群而不总结掉，让播撒轨道交出第23个可复查证据”，必须失去“一个终点幻觉，并承认播撒不能再被旧层级命名”；若拒绝，“无有·轮回真相·回声余震099的核心危机吞掉本章缓冲，arc-089无法完成门槛封口”会提前发生。,detailed-v4
chapter-2224,2224,arc-089,24,门槛,把本组问题交给下一章群而不总结掉，让回声残膜交出第24个可复查证据,一次轮回监狱出口，并承认回声不能再被旧层级命名,无有·轮回真相·新黎明余震100的核心危机吞掉本章缓冲，arc-089无法完成门槛封口,为得到“把本组问题交给下一章群而不总结掉，让回声残膜交出第24个可复查证据”，必须失去“一次轮回监狱出口，并承认回声不能再被旧层级命名”；若拒绝，“无有·轮回真相·新黎明余震100的核心危机吞掉本章缓冲，arc-089无法完成门槛封口”会提前发生。,detailed-v4
chapter-2225,2225,arc-089,25,门槛,把本组问题交给下一章群而不总结掉，让新黎明临界面交出第25个可复查证据,一枚空种子的自我完整性，并承认新黎明不能再被旧层级命名,无有·轮回真相·无有初醒101的核心危机吞掉本章缓冲，arc-089无法完成门槛封口,为得到“把本组问题交给下一章群而不总结掉，让新黎明临界面交出第25个可复查证据”，必须失去“一枚空种子的自我完整性，并承认新黎明不能再被旧层级命名”；若拒绝，“无有·轮回真相·无有初醒101的核心危机吞掉本章缓冲，arc-089无法完成门槛封口”会提前发生。,detailed-v4
chapter-2226,2226,arc-090,1,起因,确认异常不是孤立事故，让无有之域暗面交出第01个可复查证据,一个终点幻觉，并承认无有不能再被旧层级命名,无有·轮回真相·轮回监狱初醒102的核心危机吞掉本章缓冲，arc-090无法完成门槛封口,为得到“确认异常不是孤立事故，让无有之域暗面交出第01个可复查证据”，必须失去“一个终点幻觉，并承认无有不能再被旧层级命名”；若拒绝，“无有·轮回真相·轮回监狱初醒102的核心危机吞掉本章缓冲，arc-090无法完成门槛封口”会提前发生。,detailed-v4
chapter-2227,2227,arc-090,2,起因,确认异常不是孤立事故，让轮回监狱外壁交出第02个可复查证据,一次轮回监狱出口，并承认轮回监狱不能再被旧层级命名,无有·轮回真相·未诞生混沌初醒103的核心危机吞掉本章缓冲，arc-090无法完成门槛封口,为得到“确认异常不是孤立事故，让轮回监狱外壁交出第02个可复查证据”，必须失去“一次轮回监狱出口，并承认轮回监狱不能再被旧层级命名”；若拒绝，“无有·轮回真相·未诞生混沌初醒103的核心危机吞掉本章缓冲，arc-090无法完成门槛封口”会提前发生。,detailed-v4
chapter-2228,2228,arc-090,3,起因,确认异常不是孤立事故，让未诞生混沌边缘交出第03个可复查证据,一枚空种子的自我完整性，并承认未诞生混沌不能再被旧层级命名,无有·轮回真相·种子初醒104的核心危机吞掉本章缓冲，arc-090无法完成门槛封口,为得到“确认异常不是孤立事故，让未诞生混沌边缘交出第03个可复查证据”，必须失去“一枚空种子的自我完整性，并承认未诞生混沌不能再被旧层级命名”；若拒绝，“无有·轮回真相·种子初醒104的核心危机吞掉本章缓冲，arc-090无法完成门槛封口”会提前发生。,detailed-v4
chapter-2229,2229,arc-090,4,起因,确认异常不是孤立事故，让空种子悬停区交出第04个可复查证据,一行新宇宙代码注释权，并承认种子不能再被旧层级命名,无有·轮回真相·最后眷恋初醒105的核心危机吞掉本章缓冲，arc-090无法完成门槛封口,为得到“确认异常不是孤立事故，让空种子悬停区交出第04个可复查证据”，必须失去“一行新宇宙代码注释权，并承认种子不能再被旧层级命名”；若拒绝，“无有·轮回真相·最后眷恋初醒105的核心危机吞掉本章缓冲，arc-090无法完成门槛封口”会提前发生。,detailed-v4
chapter-2230,2230,arc-090,5,反证,推翻旧模型仍可解释一切的假设，让最后眷恋坠落点交出第05个可复查证据,一个终点幻觉，并承认最后眷恋不能再被旧层级命名,无有·轮回真相·第一行代码初醒106的核心危机吞掉本章缓冲，arc-090无法完成门槛封口,为得到“推翻旧模型仍可解释一切的假设，让最后眷恋坠落点交出第05个可复查证据”，必须失去“一个终点幻觉，并承认最后眷恋不能再被旧层级命名”；若拒绝，“无有·轮回真相·第一行代码初醒106的核心危机吞掉本章缓冲，arc-090无法完成门槛封口”会提前发生。,detailed-v4
chapter-2231,2231,arc-090,6,反证,推翻旧模型仍可解释一切的假设，让第一行代码暗面交出第06个可复查证据,一次轮回监狱出口，并承认第一行代码不能再被旧层级命名,无有·轮回真相·无终点初醒107的核心危机吞掉本章缓冲，arc-090无法完成门槛封口,为得到“推翻旧模型仍可解释一切的假设，让第一行代码暗面交出第06个可复查证据”，必须失去“一次轮回监狱出口，并承认第一行代码不能再被旧层级命名”；若拒绝，“无有·轮回真相·无终点初醒107的核心危机吞掉本章缓冲，arc-090无法完成门槛封口”会提前发生。,detailed-v4
chapter-2232,2232,arc-090,7,反证,推翻旧模型仍可解释一切的假设，让无终点临界面交出第07个可复查证据,一枚空种子的自我完整性，并承认无终点不能再被旧层级命名,无有·轮回真相·播撒初醒108的核心危机吞掉本章缓冲，arc-090无法完成门槛封口,为得到“推翻旧模型仍可解释一切的假设，让无终点临界面交出第07个可复查证据”，必须失去“一枚空种子的自我完整性，并承认无终点不能再被旧层级命名”；若拒绝，“无有·轮回真相·播撒初醒108的核心危机吞掉本章缓冲，arc-090无法完成门槛封口”会提前发生。,detailed-v4
chapter-2233,2233,arc-090,8,反证,推翻旧模型仍可解释一切的假设，让播撒轨道交出第08个可复查证据,一行新宇宙代码注释权，并承认播撒不能再被旧层级命名,无有·轮回真相·回声初醒109的核心危机吞掉本章缓冲，arc-090无法完成门槛封口,为得到“推翻旧模型仍可解释一切的假设，让播撒轨道交出第08个可复查证据”，必须失去“一行新宇宙代码注释权，并承认播撒不能再被旧层级命名”；若拒绝，“无有·轮回真相·回声初醒109的核心危机吞掉本章缓冲，arc-090无法完成门槛封口”会提前发生。,detailed-v4
chapter-2234,2234,arc-090,9,代价,换取一次继续观测的资格，让回声残膜交出第09个可复查证据,一个终点幻觉，并承认回声不能再被旧层级命名,无有·轮回真相·新黎明初醒110的核心危机吞掉本章缓冲，arc-090无法完成门槛封口,为得到“换取一次继续观测的资格，让回声残膜交出第09个可复查证据”，必须失去“一个终点幻觉，并承认回声不能再被旧层级命名”；若拒绝，“无有·轮回真相·新黎明初醒110的核心危机吞掉本章缓冲，arc-090无法完成门槛封口”会提前发生。,detailed-v4
chapter-2235,2235,arc-090,10,代价,换取一次继续观测的资格，让新黎明临界面交出第10个可复查证据,一次轮回监狱出口，并承认新黎明不能再被旧层级命名,无有·轮回真相·无有裂响111的核心危机吞掉本章缓冲，arc-090无法完成门槛封口,为得到“换取一次继续观测的资格，让新黎明临界面交出第10个可复查证据”，必须失去“一次轮回监狱出口，并承认新黎明不能再被旧层级命名”；若拒绝，“无有·轮回真相·无有裂响111的核心危机吞掉本章缓冲，arc-090无法完成门槛封口”会提前发生。,detailed-v4
chapter-2236,2236,arc-090,11,代价,换取一次继续观测的资格，让无有之域暗面交出第11个可复查证据,一枚空种子的自我完整性，并承认无有不能再被旧层级命名,无有·轮回真相·轮回监狱裂响112的核心危机吞掉本章缓冲，arc-090无法完成门槛封口,为得到“换取一次继续观测的资格，让无有之域暗面交出第11个可复查证据”，必须失去“一枚空种子的自我完整性，并承认无有不能再被旧层级命名”；若拒绝，“无有·轮回真相·轮回监狱裂响112的核心危机吞掉本章缓冲，arc-090无法完成门槛封口”会提前发生。,detailed-v4
chapter-2237,2237,arc-090,12,误判,暴露角色仍误信的判断方式，让轮回监狱外壁交出第12个可复查证据,一行新宇宙代码注释权，并承认轮回监狱不能再被旧层级命名,无有·轮回真相·未诞生混沌裂响113的核心危机吞掉本章缓冲，arc-090无法完成门槛封口,为得到“暴露角色仍误信的判断方式，让轮回监狱外壁交出第12个可复查证据”，必须失去“一行新宇宙代码注释权，并承认轮回监狱不能再被旧层级命名”；若拒绝，“无有·轮回真相·未诞生混沌裂响113的核心危机吞掉本章缓冲，arc-090无法完成门槛封口”会提前发生。,detailed-v4
chapter-2238,2238,arc-090,13,误判,暴露角色仍误信的判断方式，让未诞生混沌边缘交出第13个可复查证据,一个终点幻觉，并承认未诞生混沌不能再被旧层级命名,无有·轮回真相·种子裂响114的核心危机吞掉本章缓冲，arc-090无法完成门槛封口,为得到“暴露角色仍误信的判断方式，让未诞生混沌边缘交出第13个可复查证据”，必须失去“一个终点幻觉，并承认未诞生混沌不能再被旧层级命名”；若拒绝，“无有·轮回真相·种子裂响114的核心危机吞掉本章缓冲，arc-090无法完成门槛封口”会提前发生。,detailed-v4
chapter-2239,2239,arc-090,14,误判,暴露角色仍误信的判断方式，让空种子悬停区交出第14个可复查证据,一次轮回监狱出口，并承认种子不能再被旧层级命名,无有·轮回真相·最后眷恋裂响115的核心危机吞掉本章缓冲，arc-090无法完成门槛封口,为得到“暴露角色仍误信的判断方式，让空种子悬停区交出第14个可复查证据”，必须失去“一次轮回监狱出口，并承认种子不能再被旧层级命名”；若拒绝，“无有·轮回真相·最后眷恋裂响115的核心危机吞掉本章缓冲，arc-090无法完成门槛封口”会提前发生。,detailed-v4
chapter-2240,2240,arc-090,15,误判,暴露角色仍误信的判断方式，让最后眷恋坠落点交出第15个可复查证据,一枚空种子的自我完整性，并承认最后眷恋不能再被旧层级命名,无有·轮回真相·第一行代码裂响116的核心危机吞掉本章缓冲，arc-090无法完成门槛封口,为得到“暴露角色仍误信的判断方式，让最后眷恋坠落点交出第15个可复查证据”，必须失去“一枚空种子的自我完整性，并承认最后眷恋不能再被旧层级命名”；若拒绝，“无有·轮回真相·第一行代码裂响116的核心危机吞掉本章缓冲，arc-090无法完成门槛封口”会提前发生。,detailed-v4
chapter-2241,2241,arc-090,16,失控,把异常限制在可写的物理边界内，让第一行代码暗面交出第16个可复查证据,一行新宇宙代码注释权，并承认第一行代码不能再被旧层级命名,无有·轮回真相·无终点裂响117的核心危机吞掉本章缓冲，arc-090无法完成门槛封口,为得到“把异常限制在可写的物理边界内，让第一行代码暗面交出第16个可复查证据”，必须失去“一行新宇宙代码注释权，并承认第一行代码不能再被旧层级命名”；若拒绝，“无有·轮回真相·无终点裂响117的核心危机吞掉本章缓冲，arc-090无法完成门槛封口”会提前发生。,detailed-v4
chapter-2242,2242,arc-090,17,失控,把异常限制在可写的物理边界内，让无终点临界面交出第17个可复查证据,一个终点幻觉，并承认无终点不能再被旧层级命名,无有·轮回真相·播撒裂响118的核心危机吞掉本章缓冲，arc-090无法完成门槛封口,为得到“把异常限制在可写的物理边界内，让无终点临界面交出第17个可复查证据”，必须失去“一个终点幻觉，并承认无终点不能再被旧层级命名”；若拒绝，“无有·轮回真相·播撒裂响118的核心危机吞掉本章缓冲，arc-090无法完成门槛封口”会提前发生。,detailed-v4
chapter-2243,2243,arc-090,18,失控,把异常限制在可写的物理边界内，让播撒轨道交出第18个可复查证据,一次轮回监狱出口，并承认播撒不能再被旧层级命名,无有·轮回真相·回声裂响119的核心危机吞掉本章缓冲，arc-090无法完成门槛封口,为得到“把异常限制在可写的物理边界内，让播撒轨道交出第18个可复查证据”，必须失去“一次轮回监狱出口，并承认播撒不能再被旧层级命名”；若拒绝，“无有·轮回真相·回声裂响119的核心危机吞掉本章缓冲，arc-090无法完成门槛封口”会提前发生。,detailed-v4
chapter-2244,2244,arc-090,19,失控,把异常限制在可写的物理边界内，让回声残膜交出第19个可复查证据,一枚空种子的自我完整性，并承认回声不能再被旧层级命名,无有·轮回真相·新黎明裂响120的核心危机吞掉本章缓冲，arc-090无法完成门槛封口,为得到“把异常限制在可写的物理边界内，让回声残膜交出第19个可复查证据”，必须失去“一枚空种子的自我完整性，并承认回声不能再被旧层级命名”；若拒绝，“无有·轮回真相·新黎明裂响120的核心危机吞掉本章缓冲，arc-090无法完成门槛封口”会提前发生。,detailed-v4
chapter-2245,2245,arc-090,20,回响,让眷恋线以硬证物返回，让新黎明临界面交出第20个可复查证据,一行新宇宙代码注释权，并承认新黎明不能再被旧层级命名,无有·轮回真相·无有低语121的核心危机吞掉本章缓冲，arc-090无法完成门槛封口,为得到“让眷恋线以硬证物返回，让新黎明临界面交出第20个可复查证据”，必须失去“一行新宇宙代码注释权，并承认新黎明不能再被旧层级命名”；若拒绝，“无有·轮回真相·无有低语121的核心危机吞掉本章缓冲，arc-090无法完成门槛封口”会提前发生。,detailed-v4
chapter-2246,2246,arc-090,21,回响,让眷恋线以硬证物返回，让无有之域暗面交出第21个可复查证据,一个终点幻觉，并承认无有不能再被旧层级命名,无有·轮回真相·轮回监狱低语122的核心危机吞掉本章缓冲，arc-090无法完成门槛封口,为得到“让眷恋线以硬证物返回，让无有之域暗面交出第21个可复查证据”，必须失去“一个终点幻觉，并承认无有不能再被旧层级命名”；若拒绝，“无有·轮回真相·轮回监狱低语122的核心危机吞掉本章缓冲，arc-090无法完成门槛封口”会提前发生。,detailed-v4
chapter-2247,2247,arc-090,22,回响,让眷恋线以硬证物返回，让轮回监狱外壁交出第22个可复查证据,一次轮回监狱出口，并承认轮回监狱不能再被旧层级命名,无有·轮回真相·未诞生混沌低语123的核心危机吞掉本章缓冲，arc-090无法完成门槛封口,为得到“让眷恋线以硬证物返回，让轮回监狱外壁交出第22个可复查证据”，必须失去“一次轮回监狱出口，并承认轮回监狱不能再被旧层级命名”；若拒绝，“无有·轮回真相·未诞生混沌低语123的核心危机吞掉本章缓冲，arc-090无法完成门槛封口”会提前发生。,detailed-v4
chapter-2248,2248,arc-090,23,门槛,把本组问题交给下一章群而不总结掉，让未诞生混沌边缘交出第23个可复查证据,一枚空种子的自我完整性，并承认未诞生混沌不能再被旧层级命名,无有·轮回真相·种子低语124的核心危机吞掉本章缓冲，arc-090无法完成门槛封口,为得到“把本组问题交给下一章群而不总结掉，让未诞生混沌边缘交出第23个可复查证据”，必须失去“一枚空种子的自我完整性，并承认未诞生混沌不能再被旧层级命名”；若拒绝，“无有·轮回真相·种子低语124的核心危机吞掉本章缓冲，arc-090无法完成门槛封口”会提前发生。,detailed-v4
chapter-2249,2249,arc-090,24,门槛,把本组问题交给下一章群而不总结掉，让空种子悬停区交出第24个可复查证据,一行新宇宙代码注释权，并承认种子不能再被旧层级命名,无有·轮回真相·最后眷恋低语125的核心危机吞掉本章缓冲，arc-090无法完成门槛封口,为得到“把本组问题交给下一章群而不总结掉，让空种子悬停区交出第24个可复查证据”，必须失去“一行新宇宙代码注释权，并承认种子不能再被旧层级命名”；若拒绝，“无有·轮回真相·最后眷恋低语125的核心危机吞掉本章缓冲，arc-090无法完成门槛封口”会提前发生。,detailed-v4
chapter-2250,2250,arc-090,25,门槛,把本组问题交给下一章群而不总结掉，让最后眷恋坠落点交出第25个可复查证据,一个终点幻觉，并承认最后眷恋不能再被旧层级命名,无有·跳出·第一行代码低语126的核心危机吞掉本章缓冲，arc-090无法完成门槛封口,为得到“把本组问题交给下一章群而不总结掉，让最后眷恋坠落点交出第25个可复查证据”，必须失去“一个终点幻觉，并承认最后眷恋不能再被旧层级命名”；若拒绝，“无有·跳出·第一行代码低语126的核心危机吞掉本章缓冲，arc-090无法完成门槛封口”会提前发生。,detailed-v4
chapter-2251,2251,arc-091,1,起因,确认异常不是孤立事故，让第一行代码暗面交出第01个可复查证据,一枚空种子的自我完整性，并承认第一行代码不能再被旧层级命名,无有·跳出·无终点低语127的核心危机吞掉本章缓冲，arc-091无法完成门槛封口,为得到“确认异常不是孤立事故，让第一行代码暗面交出第01个可复查证据”，必须失去“一枚空种子的自我完整性，并承认第一行代码不能再被旧层级命名”；若拒绝，“无有·跳出·无终点低语127的核心危机吞掉本章缓冲，arc-091无法完成门槛封口”会提前发生。,detailed-v4
chapter-2252,2252,arc-091,2,起因,确认异常不是孤立事故，让无终点临界面交出第02个可复查证据,一行新宇宙代码注释权，并承认无终点不能再被旧层级命名,无有·跳出·播撒低语128的核心危机吞掉本章缓冲，arc-091无法完成门槛封口,为得到“确认异常不是孤立事故，让无终点临界面交出第02个可复查证据”，必须失去“一行新宇宙代码注释权，并承认无终点不能再被旧层级命名”；若拒绝，“无有·跳出·播撒低语128的核心危机吞掉本章缓冲，arc-091无法完成门槛封口”会提前发生。,detailed-v4
chapter-2253,2253,arc-091,3,起因,确认异常不是孤立事故，让播撒轨道交出第03个可复查证据,一个终点幻觉，并承认播撒不能再被旧层级命名,无有·跳出·回声低语129的核心危机吞掉本章缓冲，arc-091无法完成门槛封口,为得到“确认异常不是孤立事故，让播撒轨道交出第03个可复查证据”，必须失去“一个终点幻觉，并承认播撒不能再被旧层级命名”；若拒绝，“无有·跳出·回声低语129的核心危机吞掉本章缓冲，arc-091无法完成门槛封口”会提前发生。,detailed-v4
chapter-2254,2254,arc-091,4,起因,确认异常不是孤立事故，让回声残膜交出第04个可复查证据,一次轮回监狱出口，并承认回声不能再被旧层级命名,无有·跳出·新黎明低语130的核心危机吞掉本章缓冲，arc-091无法完成门槛封口,为得到“确认异常不是孤立事故，让回声残膜交出第04个可复查证据”，必须失去“一次轮回监狱出口，并承认回声不能再被旧层级命名”；若拒绝，“无有·跳出·新黎明低语130的核心危机吞掉本章缓冲，arc-091无法完成门槛封口”会提前发生。,detailed-v4
chapter-2255,2255,arc-091,5,反证,推翻旧模型仍可解释一切的假设，让新黎明临界面交出第05个可复查证据,一枚空种子的自我完整性，并承认新黎明不能再被旧层级命名,无有·跳出·无有回潮131的核心危机吞掉本章缓冲，arc-091无法完成门槛封口,为得到“推翻旧模型仍可解释一切的假设，让新黎明临界面交出第05个可复查证据”，必须失去“一枚空种子的自我完整性，并承认新黎明不能再被旧层级命名”；若拒绝，“无有·跳出·无有回潮131的核心危机吞掉本章缓冲，arc-091无法完成门槛封口”会提前发生。,detailed-v4
chapter-2256,2256,arc-091,6,反证,推翻旧模型仍可解释一切的假设，让无有之域暗面交出第06个可复查证据,一行新宇宙代码注释权，并承认无有不能再被旧层级命名,无有·跳出·轮回监狱回潮132的核心危机吞掉本章缓冲，arc-091无法完成门槛封口,为得到“推翻旧模型仍可解释一切的假设，让无有之域暗面交出第06个可复查证据”，必须失去“一行新宇宙代码注释权，并承认无有不能再被旧层级命名”；若拒绝，“无有·跳出·轮回监狱回潮132的核心危机吞掉本章缓冲，arc-091无法完成门槛封口”会提前发生。,detailed-v4
chapter-2257,2257,arc-091,7,反证,推翻旧模型仍可解释一切的假设，让轮回监狱外壁交出第07个可复查证据,一个终点幻觉，并承认轮回监狱不能再被旧层级命名,无有·跳出·未诞生混沌回潮133的核心危机吞掉本章缓冲，arc-091无法完成门槛封口,为得到“推翻旧模型仍可解释一切的假设，让轮回监狱外壁交出第07个可复查证据”，必须失去“一个终点幻觉，并承认轮回监狱不能再被旧层级命名”；若拒绝，“无有·跳出·未诞生混沌回潮133的核心危机吞掉本章缓冲，arc-091无法完成门槛封口”会提前发生。,detailed-v4
chapter-2258,2258,arc-091,8,反证,推翻旧模型仍可解释一切的假设，让未诞生混沌边缘交出第08个可复查证据,一次轮回监狱出口，并承认未诞生混沌不能再被旧层级命名,无有·跳出·种子回潮134的核心危机吞掉本章缓冲，arc-091无法完成门槛封口,为得到“推翻旧模型仍可解释一切的假设，让未诞生混沌边缘交出第08个可复查证据”，必须失去“一次轮回监狱出口，并承认未诞生混沌不能再被旧层级命名”；若拒绝，“无有·跳出·种子回潮134的核心危机吞掉本章缓冲，arc-091无法完成门槛封口”会提前发生。,detailed-v4
chapter-2259,2259,arc-091,9,代价,换取一次继续观测的资格，让空种子悬停区交出第09个可复查证据,一枚空种子的自我完整性，并承认种子不能再被旧层级命名,无有·跳出·最后眷恋回潮135的核心危机吞掉本章缓冲，arc-091无法完成门槛封口,为得到“换取一次继续观测的资格，让空种子悬停区交出第09个可复查证据”，必须失去“一枚空种子的自我完整性，并承认种子不能再被旧层级命名”；若拒绝，“无有·跳出·最后眷恋回潮135的核心危机吞掉本章缓冲，arc-091无法完成门槛封口”会提前发生。,detailed-v4
chapter-2260,2260,arc-091,10,代价,换取一次继续观测的资格，让最后眷恋坠落点交出第10个可复查证据,一行新宇宙代码注释权，并承认最后眷恋不能再被旧层级命名,无有·跳出·第一行代码回潮136的核心危机吞掉本章缓冲，arc-091无法完成门槛封口,为得到“换取一次继续观测的资格，让最后眷恋坠落点交出第10个可复查证据”，必须失去“一行新宇宙代码注释权，并承认最后眷恋不能再被旧层级命名”；若拒绝，“无有·跳出·第一行代码回潮136的核心危机吞掉本章缓冲，arc-091无法完成门槛封口”会提前发生。,detailed-v4
chapter-2261,2261,arc-091,11,代价,换取一次继续观测的资格，让第一行代码暗面交出第11个可复查证据,一个终点幻觉，并承认第一行代码不能再被旧层级命名,无有·跳出·无终点回潮137的核心危机吞掉本章缓冲，arc-091无法完成门槛封口,为得到“换取一次继续观测的资格，让第一行代码暗面交出第11个可复查证据”，必须失去“一个终点幻觉，并承认第一行代码不能再被旧层级命名”；若拒绝，“无有·跳出·无终点回潮137的核心危机吞掉本章缓冲，arc-091无法完成门槛封口”会提前发生。,detailed-v4
chapter-2262,2262,arc-091,12,误判,暴露角色仍误信的判断方式，让无终点临界面交出第12个可复查证据,一次轮回监狱出口，并承认无终点不能再被旧层级命名,无有·跳出·播撒回潮138的核心危机吞掉本章缓冲，arc-091无法完成门槛封口,为得到“暴露角色仍误信的判断方式，让无终点临界面交出第12个可复查证据”，必须失去“一次轮回监狱出口，并承认无终点不能再被旧层级命名”；若拒绝，“无有·跳出·播撒回潮138的核心危机吞掉本章缓冲，arc-091无法完成门槛封口”会提前发生。,detailed-v4
chapter-2263,2263,arc-091,13,误判,暴露角色仍误信的判断方式，让播撒轨道交出第13个可复查证据,一枚空种子的自我完整性，并承认播撒不能再被旧层级命名,无有·跳出·回声回潮139的核心危机吞掉本章缓冲，arc-091无法完成门槛封口,为得到“暴露角色仍误信的判断方式，让播撒轨道交出第13个可复查证据”，必须失去“一枚空种子的自我完整性，并承认播撒不能再被旧层级命名”；若拒绝，“无有·跳出·回声回潮139的核心危机吞掉本章缓冲，arc-091无法完成门槛封口”会提前发生。,detailed-v4
chapter-2264,2264,arc-091,14,误判,暴露角色仍误信的判断方式，让回声残膜交出第14个可复查证据,一行新宇宙代码注释权，并承认回声不能再被旧层级命名,无有·跳出·新黎明回潮140的核心危机吞掉本章缓冲，arc-091无法完成门槛封口,为得到“暴露角色仍误信的判断方式，让回声残膜交出第14个可复查证据”，必须失去“一行新宇宙代码注释权，并承认回声不能再被旧层级命名”；若拒绝，“无有·跳出·新黎明回潮140的核心危机吞掉本章缓冲，arc-091无法完成门槛封口”会提前发生。,detailed-v4
chapter-2265,2265,arc-091,15,误判,暴露角色仍误信的判断方式，让新黎明临界面交出第15个可复查证据,一个终点幻觉，并承认新黎明不能再被旧层级命名,无有·跳出·无有折光141的核心危机吞掉本章缓冲，arc-091无法完成门槛封口,为得到“暴露角色仍误信的判断方式，让新黎明临界面交出第15个可复查证据”，必须失去“一个终点幻觉，并承认新黎明不能再被旧层级命名”；若拒绝，“无有·跳出·无有折光141的核心危机吞掉本章缓冲，arc-091无法完成门槛封口”会提前发生。,detailed-v4
chapter-2266,2266,arc-091,16,失控,把异常限制在可写的物理边界内，让无有之域暗面交出第16个可复查证据,一次轮回监狱出口，并承认无有不能再被旧层级命名,无有·跳出·轮回监狱折光142的核心危机吞掉本章缓冲，arc-091无法完成门槛封口,为得到“把异常限制在可写的物理边界内，让无有之域暗面交出第16个可复查证据”，必须失去“一次轮回监狱出口，并承认无有不能再被旧层级命名”；若拒绝，“无有·跳出·轮回监狱折光142的核心危机吞掉本章缓冲，arc-091无法完成门槛封口”会提前发生。,detailed-v4
chapter-2267,2267,arc-091,17,失控,把异常限制在可写的物理边界内，让轮回监狱外壁交出第17个可复查证据,一枚空种子的自我完整性，并承认轮回监狱不能再被旧层级命名,无有·跳出·未诞生混沌折光143的核心危机吞掉本章缓冲，arc-091无法完成门槛封口,为得到“把异常限制在可写的物理边界内，让轮回监狱外壁交出第17个可复查证据”，必须失去“一枚空种子的自我完整性，并承认轮回监狱不能再被旧层级命名”；若拒绝，“无有·跳出·未诞生混沌折光143的核心危机吞掉本章缓冲，arc-091无法完成门槛封口”会提前发生。,detailed-v4
chapter-2268,2268,arc-091,18,失控,把异常限制在可写的物理边界内，让未诞生混沌边缘交出第18个可复查证据,一行新宇宙代码注释权，并承认未诞生混沌不能再被旧层级命名,无有·跳出·种子折光144的核心危机吞掉本章缓冲，arc-091无法完成门槛封口,为得到“把异常限制在可写的物理边界内，让未诞生混沌边缘交出第18个可复查证据”，必须失去“一行新宇宙代码注释权，并承认未诞生混沌不能再被旧层级命名”；若拒绝，“无有·跳出·种子折光144的核心危机吞掉本章缓冲，arc-091无法完成门槛封口”会提前发生。,detailed-v4
chapter-2269,2269,arc-091,19,失控,把异常限制在可写的物理边界内，让空种子悬停区交出第19个可复查证据,一个终点幻觉，并承认种子不能再被旧层级命名,无有·跳出·最后眷恋折光145的核心危机吞掉本章缓冲，arc-091无法完成门槛封口,为得到“把异常限制在可写的物理边界内，让空种子悬停区交出第19个可复查证据”，必须失去“一个终点幻觉，并承认种子不能再被旧层级命名”；若拒绝，“无有·跳出·最后眷恋折光145的核心危机吞掉本章缓冲，arc-091无法完成门槛封口”会提前发生。,detailed-v4
chapter-2270,2270,arc-091,20,回响,让眷恋线以硬证物返回，让最后眷恋坠落点交出第20个可复查证据,一次轮回监狱出口，并承认最后眷恋不能再被旧层级命名,无有·跳出·第一行代码折光146的核心危机吞掉本章缓冲，arc-091无法完成门槛封口,为得到“让眷恋线以硬证物返回，让最后眷恋坠落点交出第20个可复查证据”，必须失去“一次轮回监狱出口，并承认最后眷恋不能再被旧层级命名”；若拒绝，“无有·跳出·第一行代码折光146的核心危机吞掉本章缓冲，arc-091无法完成门槛封口”会提前发生。,detailed-v4
chapter-2271,2271,arc-091,21,回响,让眷恋线以硬证物返回，让第一行代码暗面交出第21个可复查证据,一枚空种子的自我完整性，并承认第一行代码不能再被旧层级命名,无有·跳出·无终点折光147的核心危机吞掉本章缓冲，arc-091无法完成门槛封口,为得到“让眷恋线以硬证物返回，让第一行代码暗面交出第21个可复查证据”，必须失去“一枚空种子的自我完整性，并承认第一行代码不能再被旧层级命名”；若拒绝，“无有·跳出·无终点折光147的核心危机吞掉本章缓冲，arc-091无法完成门槛封口”会提前发生。,detailed-v4
chapter-2272,2272,arc-091,22,回响,让眷恋线以硬证物返回，让无终点临界面交出第22个可复查证据,一行新宇宙代码注释权，并承认无终点不能再被旧层级命名,无有·跳出·播撒折光148的核心危机吞掉本章缓冲，arc-091无法完成门槛封口,为得到“让眷恋线以硬证物返回，让无终点临界面交出第22个可复查证据”，必须失去“一行新宇宙代码注释权，并承认无终点不能再被旧层级命名”；若拒绝，“无有·跳出·播撒折光148的核心危机吞掉本章缓冲，arc-091无法完成门槛封口”会提前发生。,detailed-v4
chapter-2273,2273,arc-091,23,门槛,把本组问题交给下一章群而不总结掉，让播撒轨道交出第23个可复查证据,一个终点幻觉，并承认播撒不能再被旧层级命名,无有·跳出·回声折光149的核心危机吞掉本章缓冲，arc-091无法完成门槛封口,为得到“把本组问题交给下一章群而不总结掉，让播撒轨道交出第23个可复查证据”，必须失去“一个终点幻觉，并承认播撒不能再被旧层级命名”；若拒绝，“无有·跳出·回声折光149的核心危机吞掉本章缓冲，arc-091无法完成门槛封口”会提前发生。,detailed-v4
chapter-2274,2274,arc-091,24,门槛,把本组问题交给下一章群而不总结掉，让回声残膜交出第24个可复查证据,一次轮回监狱出口，并承认回声不能再被旧层级命名,无有·跳出·新黎明折光150的核心危机吞掉本章缓冲，arc-091无法完成门槛封口,为得到“把本组问题交给下一章群而不总结掉，让回声残膜交出第24个可复查证据”，必须失去“一次轮回监狱出口，并承认回声不能再被旧层级命名”；若拒绝，“无有·跳出·新黎明折光150的核心危机吞掉本章缓冲，arc-091无法完成门槛封口”会提前发生。,detailed-v4
chapter-2275,2275,arc-091,25,门槛,把本组问题交给下一章群而不总结掉，让新黎明临界面交出第25个可复查证据,一枚空种子的自我完整性，并承认新黎明不能再被旧层级命名,无有·跳出·无有暗涌151的核心危机吞掉本章缓冲，arc-091无法完成门槛封口,为得到“把本组问题交给下一章群而不总结掉，让新黎明临界面交出第25个可复查证据”，必须失去“一枚空种子的自我完整性，并承认新黎明不能再被旧层级命名”；若拒绝，“无有·跳出·无有暗涌151的核心危机吞掉本章缓冲，arc-091无法完成门槛封口”会提前发生。,detailed-v4
chapter-2276,2276,arc-092,1,起因,确认异常不是孤立事故，让无有之域暗面交出第01个可复查证据,一个终点幻觉，并承认无有不能再被旧层级命名,无有·跳出·轮回监狱暗涌152的核心危机吞掉本章缓冲，arc-092无法完成门槛封口,为得到“确认异常不是孤立事故，让无有之域暗面交出第01个可复查证据”，必须失去“一个终点幻觉，并承认无有不能再被旧层级命名”；若拒绝，“无有·跳出·轮回监狱暗涌152的核心危机吞掉本章缓冲，arc-092无法完成门槛封口”会提前发生。,detailed-v4
chapter-2277,2277,arc-092,2,起因,确认异常不是孤立事故，让轮回监狱外壁交出第02个可复查证据,一次轮回监狱出口，并承认轮回监狱不能再被旧层级命名,无有·跳出·未诞生混沌暗涌153的核心危机吞掉本章缓冲，arc-092无法完成门槛封口,为得到“确认异常不是孤立事故，让轮回监狱外壁交出第02个可复查证据”，必须失去“一次轮回监狱出口，并承认轮回监狱不能再被旧层级命名”；若拒绝，“无有·跳出·未诞生混沌暗涌153的核心危机吞掉本章缓冲，arc-092无法完成门槛封口”会提前发生。,detailed-v4
chapter-2278,2278,arc-092,3,起因,确认异常不是孤立事故，让未诞生混沌边缘交出第03个可复查证据,一枚空种子的自我完整性，并承认未诞生混沌不能再被旧层级命名,无有·跳出·种子暗涌154的核心危机吞掉本章缓冲，arc-092无法完成门槛封口,为得到“确认异常不是孤立事故，让未诞生混沌边缘交出第03个可复查证据”，必须失去“一枚空种子的自我完整性，并承认未诞生混沌不能再被旧层级命名”；若拒绝，“无有·跳出·种子暗涌154的核心危机吞掉本章缓冲，arc-092无法完成门槛封口”会提前发生。,detailed-v4
chapter-2279,2279,arc-092,4,起因,确认异常不是孤立事故，让空种子悬停区交出第04个可复查证据,一行新宇宙代码注释权，并承认种子不能再被旧层级命名,无有·跳出·最后眷恋暗涌155的核心危机吞掉本章缓冲，arc-092无法完成门槛封口,为得到“确认异常不是孤立事故，让空种子悬停区交出第04个可复查证据”，必须失去“一行新宇宙代码注释权，并承认种子不能再被旧层级命名”；若拒绝，“无有·跳出·最后眷恋暗涌155的核心危机吞掉本章缓冲，arc-092无法完成门槛封口”会提前发生。,detailed-v4
chapter-2280,2280,arc-092,5,反证,推翻旧模型仍可解释一切的假设，让最后眷恋坠落点交出第05个可复查证据,一个终点幻觉，并承认最后眷恋不能再被旧层级命名,无有·跳出·第一行代码暗涌156的核心危机吞掉本章缓冲，arc-092无法完成门槛封口,为得到“推翻旧模型仍可解释一切的假设，让最后眷恋坠落点交出第05个可复查证据”，必须失去“一个终点幻觉，并承认最后眷恋不能再被旧层级命名”；若拒绝，“无有·跳出·第一行代码暗涌156的核心危机吞掉本章缓冲，arc-092无法完成门槛封口”会提前发生。,detailed-v4
chapter-2281,2281,arc-092,6,反证,推翻旧模型仍可解释一切的假设，让第一行代码暗面交出第06个可复查证据,一次轮回监狱出口，并承认第一行代码不能再被旧层级命名,无有·跳出·无终点暗涌157的核心危机吞掉本章缓冲，arc-092无法完成门槛封口,为得到“推翻旧模型仍可解释一切的假设，让第一行代码暗面交出第06个可复查证据”，必须失去“一次轮回监狱出口，并承认第一行代码不能再被旧层级命名”；若拒绝，“无有·跳出·无终点暗涌157的核心危机吞掉本章缓冲，arc-092无法完成门槛封口”会提前发生。,detailed-v4
chapter-2282,2282,arc-092,7,反证,推翻旧模型仍可解释一切的假设，让无终点临界面交出第07个可复查证据,一枚空种子的自我完整性，并承认无终点不能再被旧层级命名,无有·跳出·播撒暗涌158的核心危机吞掉本章缓冲，arc-092无法完成门槛封口,为得到“推翻旧模型仍可解释一切的假设，让无终点临界面交出第07个可复查证据”，必须失去“一枚空种子的自我完整性，并承认无终点不能再被旧层级命名”；若拒绝，“无有·跳出·播撒暗涌158的核心危机吞掉本章缓冲，arc-092无法完成门槛封口”会提前发生。,detailed-v4
chapter-2283,2283,arc-092,8,反证,推翻旧模型仍可解释一切的假设，让播撒轨道交出第08个可复查证据,一行新宇宙代码注释权，并承认播撒不能再被旧层级命名,无有·跳出·回声暗涌159的核心危机吞掉本章缓冲，arc-092无法完成门槛封口,为得到“推翻旧模型仍可解释一切的假设，让播撒轨道交出第08个可复查证据”，必须失去“一行新宇宙代码注释权，并承认播撒不能再被旧层级命名”；若拒绝，“无有·跳出·回声暗涌159的核心危机吞掉本章缓冲，arc-092无法完成门槛封口”会提前发生。,detailed-v4
chapter-2284,2284,arc-092,9,代价,换取一次继续观测的资格，让回声残膜交出第09个可复查证据,一个终点幻觉，并承认回声不能再被旧层级命名,无有·跳出·新黎明暗涌160的核心危机吞掉本章缓冲，arc-092无法完成门槛封口,为得到“换取一次继续观测的资格，让回声残膜交出第09个可复查证据”，必须失去“一个终点幻觉，并承认回声不能再被旧层级命名”；若拒绝，“无有·跳出·新黎明暗涌160的核心危机吞掉本章缓冲，arc-092无法完成门槛封口”会提前发生。,detailed-v4
chapter-2285,2285,arc-092,10,代价,换取一次继续观测的资格，让新黎明临界面交出第10个可复查证据,一次轮回监狱出口，并承认新黎明不能再被旧层级命名,无有·跳出·无有证词161的核心危机吞掉本章缓冲，arc-092无法完成门槛封口,为得到“换取一次继续观测的资格，让新黎明临界面交出第10个可复查证据”，必须失去“一次轮回监狱出口，并承认新黎明不能再被旧层级命名”；若拒绝，“无有·跳出·无有证词161的核心危机吞掉本章缓冲，arc-092无法完成门槛封口”会提前发生。,detailed-v4
chapter-2286,2286,arc-092,11,代价,换取一次继续观测的资格，让无有之域暗面交出第11个可复查证据,一枚空种子的自我完整性，并承认无有不能再被旧层级命名,无有·跳出·轮回监狱证词162的核心危机吞掉本章缓冲，arc-092无法完成门槛封口,为得到“换取一次继续观测的资格，让无有之域暗面交出第11个可复查证据”，必须失去“一枚空种子的自我完整性，并承认无有不能再被旧层级命名”；若拒绝，“无有·跳出·轮回监狱证词162的核心危机吞掉本章缓冲，arc-092无法完成门槛封口”会提前发生。,detailed-v4
chapter-2287,2287,arc-092,12,误判,暴露角色仍误信的判断方式，让轮回监狱外壁交出第12个可复查证据,一行新宇宙代码注释权，并承认轮回监狱不能再被旧层级命名,无有·跳出·未诞生混沌证词163的核心危机吞掉本章缓冲，arc-092无法完成门槛封口,为得到“暴露角色仍误信的判断方式，让轮回监狱外壁交出第12个可复查证据”，必须失去“一行新宇宙代码注释权，并承认轮回监狱不能再被旧层级命名”；若拒绝，“无有·跳出·未诞生混沌证词163的核心危机吞掉本章缓冲，arc-092无法完成门槛封口”会提前发生。,detailed-v4
chapter-2288,2288,arc-092,13,误判,暴露角色仍误信的判断方式，让未诞生混沌边缘交出第13个可复查证据,一个终点幻觉，并承认未诞生混沌不能再被旧层级命名,无有·跳出·种子证词164的核心危机吞掉本章缓冲，arc-092无法完成门槛封口,为得到“暴露角色仍误信的判断方式，让未诞生混沌边缘交出第13个可复查证据”，必须失去“一个终点幻觉，并承认未诞生混沌不能再被旧层级命名”；若拒绝，“无有·跳出·种子证词164的核心危机吞掉本章缓冲，arc-092无法完成门槛封口”会提前发生。,detailed-v4
chapter-2289,2289,arc-092,14,误判,暴露角色仍误信的判断方式，让空种子悬停区交出第14个可复查证据,一次轮回监狱出口，并承认种子不能再被旧层级命名,无有·跳出·最后眷恋证词165的核心危机吞掉本章缓冲，arc-092无法完成门槛封口,为得到“暴露角色仍误信的判断方式，让空种子悬停区交出第14个可复查证据”，必须失去“一次轮回监狱出口，并承认种子不能再被旧层级命名”；若拒绝，“无有·跳出·最后眷恋证词165的核心危机吞掉本章缓冲，arc-092无法完成门槛封口”会提前发生。,detailed-v4
chapter-2290,2290,arc-092,15,误判,暴露角色仍误信的判断方式，让最后眷恋坠落点交出第15个可复查证据,一枚空种子的自我完整性，并承认最后眷恋不能再被旧层级命名,无有·跳出·第一行代码证词166的核心危机吞掉本章缓冲，arc-092无法完成门槛封口,为得到“暴露角色仍误信的判断方式，让最后眷恋坠落点交出第15个可复查证据”，必须失去“一枚空种子的自我完整性，并承认最后眷恋不能再被旧层级命名”；若拒绝，“无有·跳出·第一行代码证词166的核心危机吞掉本章缓冲，arc-092无法完成门槛封口”会提前发生。,detailed-v4
chapter-2291,2291,arc-092,16,失控,把异常限制在可写的物理边界内，让第一行代码暗面交出第16个可复查证据,一行新宇宙代码注释权，并承认第一行代码不能再被旧层级命名,无有·跳出·无终点证词167的核心危机吞掉本章缓冲，arc-092无法完成门槛封口,为得到“把异常限制在可写的物理边界内，让第一行代码暗面交出第16个可复查证据”，必须失去“一行新宇宙代码注释权，并承认第一行代码不能再被旧层级命名”；若拒绝，“无有·跳出·无终点证词167的核心危机吞掉本章缓冲，arc-092无法完成门槛封口”会提前发生。,detailed-v4
chapter-2292,2292,arc-092,17,失控,把异常限制在可写的物理边界内，让无终点临界面交出第17个可复查证据,一个终点幻觉，并承认无终点不能再被旧层级命名,无有·跳出·播撒证词168的核心危机吞掉本章缓冲，arc-092无法完成门槛封口,为得到“把异常限制在可写的物理边界内，让无终点临界面交出第17个可复查证据”，必须失去“一个终点幻觉，并承认无终点不能再被旧层级命名”；若拒绝，“无有·跳出·播撒证词168的核心危机吞掉本章缓冲，arc-092无法完成门槛封口”会提前发生。,detailed-v4
chapter-2293,2293,arc-092,18,失控,把异常限制在可写的物理边界内，让播撒轨道交出第18个可复查证据,一次轮回监狱出口，并承认播撒不能再被旧层级命名,无有·跳出·回声证词169的核心危机吞掉本章缓冲，arc-092无法完成门槛封口,为得到“把异常限制在可写的物理边界内，让播撒轨道交出第18个可复查证据”，必须失去“一次轮回监狱出口，并承认播撒不能再被旧层级命名”；若拒绝，“无有·跳出·回声证词169的核心危机吞掉本章缓冲，arc-092无法完成门槛封口”会提前发生。,detailed-v4
chapter-2294,2294,arc-092,19,失控,把异常限制在可写的物理边界内，让回声残膜交出第19个可复查证据,一枚空种子的自我完整性，并承认回声不能再被旧层级命名,无有·跳出·新黎明证词170的核心危机吞掉本章缓冲，arc-092无法完成门槛封口,为得到“把异常限制在可写的物理边界内，让回声残膜交出第19个可复查证据”，必须失去“一枚空种子的自我完整性，并承认回声不能再被旧层级命名”；若拒绝，“无有·跳出·新黎明证词170的核心危机吞掉本章缓冲，arc-092无法完成门槛封口”会提前发生。,detailed-v4
chapter-2295,2295,arc-092,20,回响,让眷恋线以硬证物返回，让新黎明临界面交出第20个可复查证据,一行新宇宙代码注释权，并承认新黎明不能再被旧层级命名,无有·跳出·无有坠落171的核心危机吞掉本章缓冲，arc-092无法完成门槛封口,为得到“让眷恋线以硬证物返回，让新黎明临界面交出第20个可复查证据”，必须失去“一行新宇宙代码注释权，并承认新黎明不能再被旧层级命名”；若拒绝，“无有·跳出·无有坠落171的核心危机吞掉本章缓冲，arc-092无法完成门槛封口”会提前发生。,detailed-v4
chapter-2296,2296,arc-092,21,回响,让眷恋线以硬证物返回，让无有之域暗面交出第21个可复查证据,一个终点幻觉，并承认无有不能再被旧层级命名,无有·跳出·轮回监狱坠落172的核心危机吞掉本章缓冲，arc-092无法完成门槛封口,为得到“让眷恋线以硬证物返回，让无有之域暗面交出第21个可复查证据”，必须失去“一个终点幻觉，并承认无有不能再被旧层级命名”；若拒绝，“无有·跳出·轮回监狱坠落172的核心危机吞掉本章缓冲，arc-092无法完成门槛封口”会提前发生。,detailed-v4
chapter-2297,2297,arc-092,22,回响,让眷恋线以硬证物返回，让轮回监狱外壁交出第22个可复查证据,一次轮回监狱出口，并承认轮回监狱不能再被旧层级命名,无有·跳出·未诞生混沌坠落173的核心危机吞掉本章缓冲，arc-092无法完成门槛封口,为得到“让眷恋线以硬证物返回，让轮回监狱外壁交出第22个可复查证据”，必须失去“一次轮回监狱出口，并承认轮回监狱不能再被旧层级命名”；若拒绝，“无有·跳出·未诞生混沌坠落173的核心危机吞掉本章缓冲，arc-092无法完成门槛封口”会提前发生。,detailed-v4
chapter-2298,2298,arc-092,23,门槛,把本组问题交给下一章群而不总结掉，让未诞生混沌边缘交出第23个可复查证据,一枚空种子的自我完整性，并承认未诞生混沌不能再被旧层级命名,无有·跳出·种子坠落174的核心危机吞掉本章缓冲，arc-092无法完成门槛封口,为得到“把本组问题交给下一章群而不总结掉，让未诞生混沌边缘交出第23个可复查证据”，必须失去“一枚空种子的自我完整性，并承认未诞生混沌不能再被旧层级命名”；若拒绝，“无有·跳出·种子坠落174的核心危机吞掉本章缓冲，arc-092无法完成门槛封口”会提前发生。,detailed-v4
chapter-2299,2299,arc-092,24,门槛,把本组问题交给下一章群而不总结掉，让空种子悬停区交出第24个可复查证据,一行新宇宙代码注释权，并承认种子不能再被旧层级命名,无有·跳出·最后眷恋坠落175的核心危机吞掉本章缓冲，arc-092无法完成门槛封口,为得到“把本组问题交给下一章群而不总结掉，让空种子悬停区交出第24个可复查证据”，必须失去“一行新宇宙代码注释权，并承认种子不能再被旧层级命名”；若拒绝，“无有·跳出·最后眷恋坠落175的核心危机吞掉本章缓冲，arc-092无法完成门槛封口”会提前发生。,detailed-v4
chapter-2300,2300,arc-092,25,门槛,把本组问题交给下一章群而不总结掉，让最后眷恋坠落点交出第25个可复查证据,一个终点幻觉，并承认最后眷恋不能再被旧层级命名,无有·跳出·第一行代码坠落176的核心危机吞掉本章缓冲，arc-092无法完成门槛封口,为得到“把本组问题交给下一章群而不总结掉，让最后眷恋坠落点交出第25个可复查证据”，必须失去“一个终点幻觉，并承认最后眷恋不能再被旧层级命名”；若拒绝，“无有·跳出·第一行代码坠落176的核心危机吞掉本章缓冲，arc-092无法完成门槛封口”会提前发生。,detailed-v4
chapter-2301,2301,arc-093,1,起因,确认异常不是孤立事故，让第一行代码暗面交出第01个可复查证据,一枚空种子的自我完整性，并承认第一行代码不能再被旧层级命名,无有·跳出·无终点坠落177的核心危机吞掉本章缓冲，arc-093无法完成门槛封口,为得到“确认异常不是孤立事故，让第一行代码暗面交出第01个可复查证据”，必须失去“一枚空种子的自我完整性，并承认第一行代码不能再被旧层级命名”；若拒绝，“无有·跳出·无终点坠落177的核心危机吞掉本章缓冲，arc-093无法完成门槛封口”会提前发生。,detailed-v4
chapter-2302,2302,arc-093,2,起因,确认异常不是孤立事故，让无终点临界面交出第02个可复查证据,一行新宇宙代码注释权，并承认无终点不能再被旧层级命名,无有·跳出·播撒坠落178的核心危机吞掉本章缓冲，arc-093无法完成门槛封口,为得到“确认异常不是孤立事故，让无终点临界面交出第02个可复查证据”，必须失去“一行新宇宙代码注释权，并承认无终点不能再被旧层级命名”；若拒绝，“无有·跳出·播撒坠落178的核心危机吞掉本章缓冲，arc-093无法完成门槛封口”会提前发生。,detailed-v4
chapter-2303,2303,arc-093,3,起因,确认异常不是孤立事故，让播撒轨道交出第03个可复查证据,一个终点幻觉，并承认播撒不能再被旧层级命名,无有·跳出·回声坠落179的核心危机吞掉本章缓冲，arc-093无法完成门槛封口,为得到“确认异常不是孤立事故，让播撒轨道交出第03个可复查证据”，必须失去“一个终点幻觉，并承认播撒不能再被旧层级命名”；若拒绝，“无有·跳出·回声坠落179的核心危机吞掉本章缓冲，arc-093无法完成门槛封口”会提前发生。,detailed-v4
chapter-2304,2304,arc-093,4,起因,确认异常不是孤立事故，让回声残膜交出第04个可复查证据,一次轮回监狱出口，并承认回声不能再被旧层级命名,无有·跳出·新黎明坠落180的核心危机吞掉本章缓冲，arc-093无法完成门槛封口,为得到“确认异常不是孤立事故，让回声残膜交出第04个可复查证据”，必须失去“一次轮回监狱出口，并承认回声不能再被旧层级命名”；若拒绝，“无有·跳出·新黎明坠落180的核心危机吞掉本章缓冲，arc-093无法完成门槛封口”会提前发生。,detailed-v4
chapter-2305,2305,arc-093,5,反证,推翻旧模型仍可解释一切的假设，让新黎明临界面交出第05个可复查证据,一枚空种子的自我完整性，并承认新黎明不能再被旧层级命名,无有·跳出·无有重构181的核心危机吞掉本章缓冲，arc-093无法完成门槛封口,为得到“推翻旧模型仍可解释一切的假设，让新黎明临界面交出第05个可复查证据”，必须失去“一枚空种子的自我完整性，并承认新黎明不能再被旧层级命名”；若拒绝，“无有·跳出·无有重构181的核心危机吞掉本章缓冲，arc-093无法完成门槛封口”会提前发生。,detailed-v4
chapter-2306,2306,arc-093,6,反证,推翻旧模型仍可解释一切的假设，让无有重构的局部截面交出第06个可复查证据,一行新宇宙代码注释权，并承认无有重构不能再被旧层级命名,无有·跳出·轮回监狱重构182的核心危机吞掉本章缓冲，arc-093无法完成门槛封口,为得到“推翻旧模型仍可解释一切的假设，让无有重构的局部截面交出第06个可复查证据”，必须失去“一行新宇宙代码注释权，并承认无有重构不能再被旧层级命名”；若拒绝，“无有·跳出·轮回监狱重构182的核心危机吞掉本章缓冲，arc-093无法完成门槛封口”会提前发生。,detailed-v4
chapter-2307,2307,arc-093,7,反证,推翻旧模型仍可解释一切的假设，让轮回监狱重构的局部截面交出第07个可复查证据,一个终点幻觉，并承认轮回监狱重构不能再被旧层级命名,无有·跳出·未诞生混沌重构183的核心危机吞掉本章缓冲，arc-093无法完成门槛封口,为得到“推翻旧模型仍可解释一切的假设，让轮回监狱重构的局部截面交出第07个可复查证据”，必须失去“一个终点幻觉，并承认轮回监狱重构不能再被旧层级命名”；若拒绝，“无有·跳出·未诞生混沌重构183的核心危机吞掉本章缓冲，arc-093无法完成门槛封口”会提前发生。,detailed-v4
chapter-2308,2308,arc-093,8,反证,推翻旧模型仍可解释一切的假设，让未诞生混沌重构的局部截面交出第08个可复查证据,一次轮回监狱出口，并承认未诞生混沌重构不能再被旧层级命名,无有·跳出·种子重构184的核心危机吞掉本章缓冲，arc-093无法完成门槛封口,为得到“推翻旧模型仍可解释一切的假设，让未诞生混沌重构的局部截面交出第08个可复查证据”，必须失去“一次轮回监狱出口，并承认未诞生混沌重构不能再被旧层级命名”；若拒绝，“无有·跳出·种子重构184的核心危机吞掉本章缓冲，arc-093无法完成门槛封口”会提前发生。,detailed-v4
chapter-2309,2309,arc-093,9,代价,换取一次继续观测的资格，让种子重构的局部截面交出第09个可复查证据,一枚空种子的自我完整性，并承认种子重构不能再被旧层级命名,无有·跳出·最后眷恋重构185的核心危机吞掉本章缓冲，arc-093无法完成门槛封口,为得到“换取一次继续观测的资格，让种子重构的局部截面交出第09个可复查证据”，必须失去“一枚空种子的自我完整性，并承认种子重构不能再被旧层级命名”；若拒绝，“无有·跳出·最后眷恋重构185的核心危机吞掉本章缓冲，arc-093无法完成门槛封口”会提前发生。,detailed-v4
chapter-2310,2310,arc-093,10,代价,换取一次继续观测的资格，让最后眷恋重构的局部截面交出第10个可复查证据,一行新宇宙代码注释权，并承认最后眷恋重构不能再被旧层级命名,无有·跳出·第一行代码重构186的核心危机吞掉本章缓冲，arc-093无法完成门槛封口,为得到“换取一次继续观测的资格，让最后眷恋重构的局部截面交出第10个可复查证据”，必须失去“一行新宇宙代码注释权，并承认最后眷恋重构不能再被旧层级命名”；若拒绝，“无有·跳出·第一行代码重构186的核心危机吞掉本章缓冲，arc-093无法完成门槛封口”会提前发生。,detailed-v4
chapter-2311,2311,arc-093,11,代价,换取一次继续观测的资格，让第一行代码重构的局部截面交出第11个可复查证据,一个终点幻觉，并承认第一行代码重构不能再被旧层级命名,无有·跳出·无终点重构187的核心危机吞掉本章缓冲，arc-093无法完成门槛封口,为得到“换取一次继续观测的资格，让第一行代码重构的局部截面交出第11个可复查证据”，必须失去“一个终点幻觉，并承认第一行代码重构不能再被旧层级命名”；若拒绝，“无有·跳出·无终点重构187的核心危机吞掉本章缓冲，arc-093无法完成门槛封口”会提前发生。,detailed-v4
chapter-2312,2312,arc-093,12,误判,暴露角色仍误信的判断方式，让无终点重构的局部截面交出第12个可复查证据,一次轮回监狱出口，并承认无终点重构不能再被旧层级命名,无有·跳出·播撒重构188的核心危机吞掉本章缓冲，arc-093无法完成门槛封口,为得到“暴露角色仍误信的判断方式，让无终点重构的局部截面交出第12个可复查证据”，必须失去“一次轮回监狱出口，并承认无终点重构不能再被旧层级命名”；若拒绝，“无有·跳出·播撒重构188的核心危机吞掉本章缓冲，arc-093无法完成门槛封口”会提前发生。,detailed-v4
chapter-2313,2313,arc-093,13,误判,暴露角色仍误信的判断方式，让播撒重构的局部截面交出第13个可复查证据,一枚空种子的自我完整性，并承认播撒重构不能再被旧层级命名,无有·跳出·回声重构189的核心危机吞掉本章缓冲，arc-093无法完成门槛封口,为得到“暴露角色仍误信的判断方式，让播撒重构的局部截面交出第13个可复查证据”，必须失去“一枚空种子的自我完整性，并承认播撒重构不能再被旧层级命名”；若拒绝，“无有·跳出·回声重构189的核心危机吞掉本章缓冲，arc-093无法完成门槛封口”会提前发生。,detailed-v4
chapter-2314,2314,arc-093,14,误判,暴露角色仍误信的判断方式，让回声重构的局部截面交出第14个可复查证据,一行新宇宙代码注释权，并承认回声重构不能再被旧层级命名,无有·跳出·新黎明重构190的核心危机吞掉本章缓冲，arc-093无法完成门槛封口,为得到“暴露角色仍误信的判断方式，让回声重构的局部截面交出第14个可复查证据”，必须失去“一行新宇宙代码注释权，并承认回声重构不能再被旧层级命名”；若拒绝，“无有·跳出·新黎明重构190的核心危机吞掉本章缓冲，arc-093无法完成门槛封口”会提前发生。,detailed-v4
chapter-2315,2315,arc-093,15,误判,暴露角色仍误信的判断方式，让新黎明重构的局部截面交出第15个可复查证据,一个终点幻觉，并承认新黎明重构不能再被旧层级命名,无有·跳出·无有余震191的核心危机吞掉本章缓冲，arc-093无法完成门槛封口,为得到“暴露角色仍误信的判断方式，让新黎明重构的局部截面交出第15个可复查证据”，必须失去“一个终点幻觉，并承认新黎明重构不能再被旧层级命名”；若拒绝，“无有·跳出·无有余震191的核心危机吞掉本章缓冲，arc-093无法完成门槛封口”会提前发生。,detailed-v4
chapter-2316,2316,arc-093,16,失控,把异常限制在可写的物理边界内，让无有之域暗面交出第16个可复查证据,一次轮回监狱出口，并承认无有不能再被旧层级命名,无有·跳出·轮回监狱余震192的核心危机吞掉本章缓冲，arc-093无法完成门槛封口,为得到“把异常限制在可写的物理边界内，让无有之域暗面交出第16个可复查证据”，必须失去“一次轮回监狱出口，并承认无有不能再被旧层级命名”；若拒绝，“无有·跳出·轮回监狱余震192的核心危机吞掉本章缓冲，arc-093无法完成门槛封口”会提前发生。,detailed-v4
chapter-2317,2317,arc-093,17,失控,把异常限制在可写的物理边界内，让轮回监狱外壁交出第17个可复查证据,一枚空种子的自我完整性，并承认轮回监狱不能再被旧层级命名,无有·跳出·未诞生混沌余震193的核心危机吞掉本章缓冲，arc-093无法完成门槛封口,为得到“把异常限制在可写的物理边界内，让轮回监狱外壁交出第17个可复查证据”，必须失去“一枚空种子的自我完整性，并承认轮回监狱不能再被旧层级命名”；若拒绝，“无有·跳出·未诞生混沌余震193的核心危机吞掉本章缓冲，arc-093无法完成门槛封口”会提前发生。,detailed-v4
chapter-2318,2318,arc-093,18,失控,把异常限制在可写的物理边界内，让未诞生混沌边缘交出第18个可复查证据,一行新宇宙代码注释权，并承认未诞生混沌不能再被旧层级命名,无有·跳出·种子余震194的核心危机吞掉本章缓冲，arc-093无法完成门槛封口,为得到“把异常限制在可写的物理边界内，让未诞生混沌边缘交出第18个可复查证据”，必须失去“一行新宇宙代码注释权，并承认未诞生混沌不能再被旧层级命名”；若拒绝，“无有·跳出·种子余震194的核心危机吞掉本章缓冲，arc-093无法完成门槛封口”会提前发生。,detailed-v4
chapter-2319,2319,arc-093,19,失控,把异常限制在可写的物理边界内，让空种子悬停区交出第19个可复查证据,一个终点幻觉，并承认种子不能再被旧层级命名,无有·跳出·最后眷恋余震195的核心危机吞掉本章缓冲，arc-093无法完成门槛封口,为得到“把异常限制在可写的物理边界内，让空种子悬停区交出第19个可复查证据”，必须失去“一个终点幻觉，并承认种子不能再被旧层级命名”；若拒绝，“无有·跳出·最后眷恋余震195的核心危机吞掉本章缓冲，arc-093无法完成门槛封口”会提前发生。,detailed-v4
chapter-2320,2320,arc-093,20,回响,让眷恋线以硬证物返回，让最后眷恋坠落点交出第20个可复查证据,一次轮回监狱出口，并承认最后眷恋不能再被旧层级命名,无有·跳出·第一行代码余震196的核心危机吞掉本章缓冲，arc-093无法完成门槛封口,为得到“让眷恋线以硬证物返回，让最后眷恋坠落点交出第20个可复查证据”，必须失去“一次轮回监狱出口，并承认最后眷恋不能再被旧层级命名”；若拒绝，“无有·跳出·第一行代码余震196的核心危机吞掉本章缓冲，arc-093无法完成门槛封口”会提前发生。,detailed-v4
chapter-2321,2321,arc-093,21,回响,让眷恋线以硬证物返回，让第一行代码暗面交出第21个可复查证据,一枚空种子的自我完整性，并承认第一行代码不能再被旧层级命名,无有·跳出·无终点余震197的核心危机吞掉本章缓冲，arc-093无法完成门槛封口,为得到“让眷恋线以硬证物返回，让第一行代码暗面交出第21个可复查证据”，必须失去“一枚空种子的自我完整性，并承认第一行代码不能再被旧层级命名”；若拒绝，“无有·跳出·无终点余震197的核心危机吞掉本章缓冲，arc-093无法完成门槛封口”会提前发生。,detailed-v4
chapter-2322,2322,arc-093,22,回响,让眷恋线以硬证物返回，让无终点临界面交出第22个可复查证据,一行新宇宙代码注释权，并承认无终点不能再被旧层级命名,无有·跳出·播撒余震198的核心危机吞掉本章缓冲，arc-093无法完成门槛封口,为得到“让眷恋线以硬证物返回，让无终点临界面交出第22个可复查证据”，必须失去“一行新宇宙代码注释权，并承认无终点不能再被旧层级命名”；若拒绝，“无有·跳出·播撒余震198的核心危机吞掉本章缓冲，arc-093无法完成门槛封口”会提前发生。,detailed-v4
chapter-2323,2323,arc-093,23,门槛,把本组问题交给下一章群而不总结掉，让播撒轨道交出第23个可复查证据,一个终点幻觉，并承认播撒不能再被旧层级命名,无有·跳出·回声余震199的核心危机吞掉本章缓冲，arc-093无法完成门槛封口,为得到“把本组问题交给下一章群而不总结掉，让播撒轨道交出第23个可复查证据”，必须失去“一个终点幻觉，并承认播撒不能再被旧层级命名”；若拒绝，“无有·跳出·回声余震199的核心危机吞掉本章缓冲，arc-093无法完成门槛封口”会提前发生。,detailed-v4
chapter-2324,2324,arc-093,24,门槛,把本组问题交给下一章群而不总结掉，让回声残膜交出第24个可复查证据,一次轮回监狱出口，并承认回声不能再被旧层级命名,无有·跳出·新黎明余震200的核心危机吞掉本章缓冲，arc-093无法完成门槛封口,为得到“把本组问题交给下一章群而不总结掉，让回声残膜交出第24个可复查证据”，必须失去“一次轮回监狱出口，并承认回声不能再被旧层级命名”；若拒绝，“无有·跳出·新黎明余震200的核心危机吞掉本章缓冲，arc-093无法完成门槛封口”会提前发生。,detailed-v4
chapter-2325,2325,arc-093,25,门槛,把本组问题交给下一章群而不总结掉，让新黎明临界面交出第25个可复查证据,一枚空种子的自我完整性，并承认新黎明不能再被旧层级命名,无有·跳出·无有初醒201的核心危机吞掉本章缓冲，arc-093无法完成门槛封口,为得到“把本组问题交给下一章群而不总结掉，让新黎明临界面交出第25个可复查证据”，必须失去“一枚空种子的自我完整性，并承认新黎明不能再被旧层级命名”；若拒绝，“无有·跳出·无有初醒201的核心危机吞掉本章缓冲，arc-093无法完成门槛封口”会提前发生。,detailed-v4
chapter-2326,2326,arc-094,1,起因,确认异常不是孤立事故，让无有之域暗面交出第01个可复查证据,一个终点幻觉，并承认无有不能再被旧层级命名,无有·跳出·轮回监狱初醒202的核心危机吞掉本章缓冲，arc-094无法完成门槛封口,为得到“确认异常不是孤立事故，让无有之域暗面交出第01个可复查证据”，必须失去“一个终点幻觉，并承认无有不能再被旧层级命名”；若拒绝，“无有·跳出·轮回监狱初醒202的核心危机吞掉本章缓冲，arc-094无法完成门槛封口”会提前发生。,detailed-v4
chapter-2327,2327,arc-094,2,起因,确认异常不是孤立事故，让轮回监狱外壁交出第02个可复查证据,一次轮回监狱出口，并承认轮回监狱不能再被旧层级命名,无有·跳出·未诞生混沌初醒203的核心危机吞掉本章缓冲，arc-094无法完成门槛封口,为得到“确认异常不是孤立事故，让轮回监狱外壁交出第02个可复查证据”，必须失去“一次轮回监狱出口，并承认轮回监狱不能再被旧层级命名”；若拒绝，“无有·跳出·未诞生混沌初醒203的核心危机吞掉本章缓冲，arc-094无法完成门槛封口”会提前发生。,detailed-v4
chapter-2328,2328,arc-094,3,起因,确认异常不是孤立事故，让未诞生混沌边缘交出第03个可复查证据,一枚空种子的自我完整性，并承认未诞生混沌不能再被旧层级命名,无有·跳出·种子初醒204的核心危机吞掉本章缓冲，arc-094无法完成门槛封口,为得到“确认异常不是孤立事故，让未诞生混沌边缘交出第03个可复查证据”，必须失去“一枚空种子的自我完整性，并承认未诞生混沌不能再被旧层级命名”；若拒绝，“无有·跳出·种子初醒204的核心危机吞掉本章缓冲，arc-094无法完成门槛封口”会提前发生。,detailed-v4
chapter-2329,2329,arc-094,4,起因,确认异常不是孤立事故，让空种子悬停区交出第04个可复查证据,一行新宇宙代码注释权，并承认种子不能再被旧层级命名,无有·跳出·最后眷恋初醒205的核心危机吞掉本章缓冲，arc-094无法完成门槛封口,为得到“确认异常不是孤立事故，让空种子悬停区交出第04个可复查证据”，必须失去“一行新宇宙代码注释权，并承认种子不能再被旧层级命名”；若拒绝，“无有·跳出·最后眷恋初醒205的核心危机吞掉本章缓冲，arc-094无法完成门槛封口”会提前发生。,detailed-v4
chapter-2330,2330,arc-094,5,反证,推翻旧模型仍可解释一切的假设，让最后眷恋坠落点交出第05个可复查证据,一个终点幻觉，并承认最后眷恋不能再被旧层级命名,无有·跳出·第一行代码初醒206的核心危机吞掉本章缓冲，arc-094无法完成门槛封口,为得到“推翻旧模型仍可解释一切的假设，让最后眷恋坠落点交出第05个可复查证据”，必须失去“一个终点幻觉，并承认最后眷恋不能再被旧层级命名”；若拒绝，“无有·跳出·第一行代码初醒206的核心危机吞掉本章缓冲，arc-094无法完成门槛封口”会提前发生。,detailed-v4
chapter-2331,2331,arc-094,6,反证,推翻旧模型仍可解释一切的假设，让第一行代码暗面交出第06个可复查证据,一次轮回监狱出口，并承认第一行代码不能再被旧层级命名,无有·跳出·无终点初醒207的核心危机吞掉本章缓冲，arc-094无法完成门槛封口,为得到“推翻旧模型仍可解释一切的假设，让第一行代码暗面交出第06个可复查证据”，必须失去“一次轮回监狱出口，并承认第一行代码不能再被旧层级命名”；若拒绝，“无有·跳出·无终点初醒207的核心危机吞掉本章缓冲，arc-094无法完成门槛封口”会提前发生。,detailed-v4
chapter-2332,2332,arc-094,7,反证,推翻旧模型仍可解释一切的假设，让无终点临界面交出第07个可复查证据,一枚空种子的自我完整性，并承认无终点不能再被旧层级命名,无有·跳出·播撒初醒208的核心危机吞掉本章缓冲，arc-094无法完成门槛封口,为得到“推翻旧模型仍可解释一切的假设，让无终点临界面交出第07个可复查证据”，必须失去“一枚空种子的自我完整性，并承认无终点不能再被旧层级命名”；若拒绝，“无有·跳出·播撒初醒208的核心危机吞掉本章缓冲，arc-094无法完成门槛封口”会提前发生。,detailed-v4
chapter-2333,2333,arc-094,8,反证,推翻旧模型仍可解释一切的假设，让播撒轨道交出第08个可复查证据,一行新宇宙代码注释权，并承认播撒不能再被旧层级命名,无有·跳出·回声初醒209的核心危机吞掉本章缓冲，arc-094无法完成门槛封口,为得到“推翻旧模型仍可解释一切的假设，让播撒轨道交出第08个可复查证据”，必须失去“一行新宇宙代码注释权，并承认播撒不能再被旧层级命名”；若拒绝，“无有·跳出·回声初醒209的核心危机吞掉本章缓冲，arc-094无法完成门槛封口”会提前发生。,detailed-v4
chapter-2334,2334,arc-094,9,代价,换取一次继续观测的资格，让回声残膜交出第09个可复查证据,一个终点幻觉，并承认回声不能再被旧层级命名,无有·跳出·新黎明初醒210的核心危机吞掉本章缓冲，arc-094无法完成门槛封口,为得到“换取一次继续观测的资格，让回声残膜交出第09个可复查证据”，必须失去“一个终点幻觉，并承认回声不能再被旧层级命名”；若拒绝，“无有·跳出·新黎明初醒210的核心危机吞掉本章缓冲，arc-094无法完成门槛封口”会提前发生。,detailed-v4
chapter-2335,2335,arc-094,10,代价,换取一次继续观测的资格，让新黎明临界面交出第10个可复查证据,一次轮回监狱出口，并承认新黎明不能再被旧层级命名,无有·跳出·无有裂响211的核心危机吞掉本章缓冲，arc-094无法完成门槛封口,为得到“换取一次继续观测的资格，让新黎明临界面交出第10个可复查证据”，必须失去“一次轮回监狱出口，并承认新黎明不能再被旧层级命名”；若拒绝，“无有·跳出·无有裂响211的核心危机吞掉本章缓冲，arc-094无法完成门槛封口”会提前发生。,detailed-v4
chapter-2336,2336,arc-094,11,代价,换取一次继续观测的资格，让无有之域暗面交出第11个可复查证据,一枚空种子的自我完整性，并承认无有不能再被旧层级命名,无有·跳出·轮回监狱裂响212的核心危机吞掉本章缓冲，arc-094无法完成门槛封口,为得到“换取一次继续观测的资格，让无有之域暗面交出第11个可复查证据”，必须失去“一枚空种子的自我完整性，并承认无有不能再被旧层级命名”；若拒绝，“无有·跳出·轮回监狱裂响212的核心危机吞掉本章缓冲，arc-094无法完成门槛封口”会提前发生。,detailed-v4
chapter-2337,2337,arc-094,12,误判,暴露角色仍误信的判断方式，让轮回监狱外壁交出第12个可复查证据,一行新宇宙代码注释权，并承认轮回监狱不能再被旧层级命名,无有·跳出·未诞生混沌裂响213的核心危机吞掉本章缓冲，arc-094无法完成门槛封口,为得到“暴露角色仍误信的判断方式，让轮回监狱外壁交出第12个可复查证据”，必须失去“一行新宇宙代码注释权，并承认轮回监狱不能再被旧层级命名”；若拒绝，“无有·跳出·未诞生混沌裂响213的核心危机吞掉本章缓冲，arc-094无法完成门槛封口”会提前发生。,detailed-v4
chapter-2338,2338,arc-094,13,误判,暴露角色仍误信的判断方式，让未诞生混沌边缘交出第13个可复查证据,一个终点幻觉，并承认未诞生混沌不能再被旧层级命名,无有·跳出·种子裂响214的核心危机吞掉本章缓冲，arc-094无法完成门槛封口,为得到“暴露角色仍误信的判断方式，让未诞生混沌边缘交出第13个可复查证据”，必须失去“一个终点幻觉，并承认未诞生混沌不能再被旧层级命名”；若拒绝，“无有·跳出·种子裂响214的核心危机吞掉本章缓冲，arc-094无法完成门槛封口”会提前发生。,detailed-v4
chapter-2339,2339,arc-094,14,误判,暴露角色仍误信的判断方式，让空种子悬停区交出第14个可复查证据,一次轮回监狱出口，并承认种子不能再被旧层级命名,无有·跳出·最后眷恋裂响215的核心危机吞掉本章缓冲，arc-094无法完成门槛封口,为得到“暴露角色仍误信的判断方式，让空种子悬停区交出第14个可复查证据”，必须失去“一次轮回监狱出口，并承认种子不能再被旧层级命名”；若拒绝，“无有·跳出·最后眷恋裂响215的核心危机吞掉本章缓冲，arc-094无法完成门槛封口”会提前发生。,detailed-v4
chapter-2340,2340,arc-094,15,误判,暴露角色仍误信的判断方式，让最后眷恋坠落点交出第15个可复查证据,一枚空种子的自我完整性，并承认最后眷恋不能再被旧层级命名,无有·跳出·第一行代码裂响216的核心危机吞掉本章缓冲，arc-094无法完成门槛封口,为得到“暴露角色仍误信的判断方式，让最后眷恋坠落点交出第15个可复查证据”，必须失去“一枚空种子的自我完整性，并承认最后眷恋不能再被旧层级命名”；若拒绝，“无有·跳出·第一行代码裂响216的核心危机吞掉本章缓冲，arc-094无法完成门槛封口”会提前发生。,detailed-v4
chapter-2341,2341,arc-094,16,失控,把异常限制在可写的物理边界内，让第一行代码暗面交出第16个可复查证据,一行新宇宙代码注释权，并承认第一行代码不能再被旧层级命名,无有·跳出·无终点裂响217的核心危机吞掉本章缓冲，arc-094无法完成门槛封口,为得到“把异常限制在可写的物理边界内，让第一行代码暗面交出第16个可复查证据”，必须失去“一行新宇宙代码注释权，并承认第一行代码不能再被旧层级命名”；若拒绝，“无有·跳出·无终点裂响217的核心危机吞掉本章缓冲，arc-094无法完成门槛封口”会提前发生。,detailed-v4
chapter-2342,2342,arc-094,17,失控,把异常限制在可写的物理边界内，让无终点临界面交出第17个可复查证据,一个终点幻觉，并承认无终点不能再被旧层级命名,无有·跳出·播撒裂响218的核心危机吞掉本章缓冲，arc-094无法完成门槛封口,为得到“把异常限制在可写的物理边界内，让无终点临界面交出第17个可复查证据”，必须失去“一个终点幻觉，并承认无终点不能再被旧层级命名”；若拒绝，“无有·跳出·播撒裂响218的核心危机吞掉本章缓冲，arc-094无法完成门槛封口”会提前发生。,detailed-v4
chapter-2343,2343,arc-094,18,失控,把异常限制在可写的物理边界内，让播撒轨道交出第18个可复查证据,一次轮回监狱出口，并承认播撒不能再被旧层级命名,无有·跳出·回声裂响219的核心危机吞掉本章缓冲，arc-094无法完成门槛封口,为得到“把异常限制在可写的物理边界内，让播撒轨道交出第18个可复查证据”，必须失去“一次轮回监狱出口，并承认播撒不能再被旧层级命名”；若拒绝，“无有·跳出·回声裂响219的核心危机吞掉本章缓冲，arc-094无法完成门槛封口”会提前发生。,detailed-v4
chapter-2344,2344,arc-094,19,失控,把异常限制在可写的物理边界内，让回声残膜交出第19个可复查证据,一枚空种子的自我完整性，并承认回声不能再被旧层级命名,无有·跳出·新黎明裂响220的核心危机吞掉本章缓冲，arc-094无法完成门槛封口,为得到“把异常限制在可写的物理边界内，让回声残膜交出第19个可复查证据”，必须失去“一枚空种子的自我完整性，并承认回声不能再被旧层级命名”；若拒绝，“无有·跳出·新黎明裂响220的核心危机吞掉本章缓冲，arc-094无法完成门槛封口”会提前发生。,detailed-v4
chapter-2345,2345,arc-094,20,回响,让眷恋线以硬证物返回，让新黎明临界面交出第20个可复查证据,一行新宇宙代码注释权，并承认新黎明不能再被旧层级命名,无有·跳出·无有低语221的核心危机吞掉本章缓冲，arc-094无法完成门槛封口,为得到“让眷恋线以硬证物返回，让新黎明临界面交出第20个可复查证据”，必须失去“一行新宇宙代码注释权，并承认新黎明不能再被旧层级命名”；若拒绝，“无有·跳出·无有低语221的核心危机吞掉本章缓冲，arc-094无法完成门槛封口”会提前发生。,detailed-v4
chapter-2346,2346,arc-094,21,回响,让眷恋线以硬证物返回，让无有之域暗面交出第21个可复查证据,一个终点幻觉，并承认无有不能再被旧层级命名,无有·跳出·轮回监狱低语222的核心危机吞掉本章缓冲，arc-094无法完成门槛封口,为得到“让眷恋线以硬证物返回，让无有之域暗面交出第21个可复查证据”，必须失去“一个终点幻觉，并承认无有不能再被旧层级命名”；若拒绝，“无有·跳出·轮回监狱低语222的核心危机吞掉本章缓冲，arc-094无法完成门槛封口”会提前发生。,detailed-v4
chapter-2347,2347,arc-094,22,回响,让眷恋线以硬证物返回，让轮回监狱外壁交出第22个可复查证据,一次轮回监狱出口，并承认轮回监狱不能再被旧层级命名,无有·跳出·未诞生混沌低语223的核心危机吞掉本章缓冲，arc-094无法完成门槛封口,为得到“让眷恋线以硬证物返回，让轮回监狱外壁交出第22个可复查证据”，必须失去“一次轮回监狱出口，并承认轮回监狱不能再被旧层级命名”；若拒绝，“无有·跳出·未诞生混沌低语223的核心危机吞掉本章缓冲，arc-094无法完成门槛封口”会提前发生。,detailed-v4
chapter-2348,2348,arc-094,23,门槛,把本组问题交给下一章群而不总结掉，让未诞生混沌边缘交出第23个可复查证据,一枚空种子的自我完整性，并承认未诞生混沌不能再被旧层级命名,无有·跳出·种子低语224的核心危机吞掉本章缓冲，arc-094无法完成门槛封口,为得到“把本组问题交给下一章群而不总结掉，让未诞生混沌边缘交出第23个可复查证据”，必须失去“一枚空种子的自我完整性，并承认未诞生混沌不能再被旧层级命名”；若拒绝，“无有·跳出·种子低语224的核心危机吞掉本章缓冲，arc-094无法完成门槛封口”会提前发生。,detailed-v4
chapter-2349,2349,arc-094,24,门槛,把本组问题交给下一章群而不总结掉，让空种子悬停区交出第24个可复查证据,一行新宇宙代码注释权，并承认种子不能再被旧层级命名,无有·跳出·最后眷恋低语225的核心危机吞掉本章缓冲，arc-094无法完成门槛封口,为得到“把本组问题交给下一章群而不总结掉，让空种子悬停区交出第24个可复查证据”，必须失去“一行新宇宙代码注释权，并承认种子不能再被旧层级命名”；若拒绝，“无有·跳出·最后眷恋低语225的核心危机吞掉本章缓冲，arc-094无法完成门槛封口”会提前发生。,detailed-v4
chapter-2350,2350,arc-094,25,门槛,把本组问题交给下一章群而不总结掉，让最后眷恋坠落点交出第25个可复查证据,一个终点幻觉，并承认最后眷恋不能再被旧层级命名,无有·跳出·第一行代码低语226的核心危机吞掉本章缓冲，arc-094无法完成门槛封口,为得到“把本组问题交给下一章群而不总结掉，让最后眷恋坠落点交出第25个可复查证据”，必须失去“一个终点幻觉，并承认最后眷恋不能再被旧层级命名”；若拒绝，“无有·跳出·第一行代码低语226的核心危机吞掉本章缓冲，arc-094无法完成门槛封口”会提前发生。,detailed-v4
chapter-2351,2351,arc-095,1,起因,确认异常不是孤立事故，让第一行代码暗面交出第01个可复查证据,一枚空种子的自我完整性，并承认第一行代码不能再被旧层级命名,无有·跳出·无终点低语227的核心危机吞掉本章缓冲，arc-095无法完成门槛封口,为得到“确认异常不是孤立事故，让第一行代码暗面交出第01个可复查证据”，必须失去“一枚空种子的自我完整性，并承认第一行代码不能再被旧层级命名”；若拒绝，“无有·跳出·无终点低语227的核心危机吞掉本章缓冲，arc-095无法完成门槛封口”会提前发生。,detailed-v4
chapter-2352,2352,arc-095,2,起因,确认异常不是孤立事故，让无终点临界面交出第02个可复查证据,一行新宇宙代码注释权，并承认无终点不能再被旧层级命名,无有·跳出·播撒低语228的核心危机吞掉本章缓冲，arc-095无法完成门槛封口,为得到“确认异常不是孤立事故，让无终点临界面交出第02个可复查证据”，必须失去“一行新宇宙代码注释权，并承认无终点不能再被旧层级命名”；若拒绝，“无有·跳出·播撒低语228的核心危机吞掉本章缓冲，arc-095无法完成门槛封口”会提前发生。,detailed-v4
chapter-2353,2353,arc-095,3,起因,确认异常不是孤立事故，让播撒轨道交出第03个可复查证据,一个终点幻觉，并承认播撒不能再被旧层级命名,无有·跳出·回声低语229的核心危机吞掉本章缓冲，arc-095无法完成门槛封口,为得到“确认异常不是孤立事故，让播撒轨道交出第03个可复查证据”，必须失去“一个终点幻觉，并承认播撒不能再被旧层级命名”；若拒绝，“无有·跳出·回声低语229的核心危机吞掉本章缓冲，arc-095无法完成门槛封口”会提前发生。,detailed-v4
chapter-2354,2354,arc-095,4,起因,确认异常不是孤立事故，让回声残膜交出第04个可复查证据,一次轮回监狱出口，并承认回声不能再被旧层级命名,无有·跳出·新黎明低语230的核心危机吞掉本章缓冲，arc-095无法完成门槛封口,为得到“确认异常不是孤立事故，让回声残膜交出第04个可复查证据”，必须失去“一次轮回监狱出口，并承认回声不能再被旧层级命名”；若拒绝，“无有·跳出·新黎明低语230的核心危机吞掉本章缓冲，arc-095无法完成门槛封口”会提前发生。,detailed-v4
chapter-2355,2355,arc-095,5,反证,推翻旧模型仍可解释一切的假设，让新黎明临界面交出第05个可复查证据,一枚空种子的自我完整性，并承认新黎明不能再被旧层级命名,无有·跳出·无有回潮231的核心危机吞掉本章缓冲，arc-095无法完成门槛封口,为得到“推翻旧模型仍可解释一切的假设，让新黎明临界面交出第05个可复查证据”，必须失去“一枚空种子的自我完整性，并承认新黎明不能再被旧层级命名”；若拒绝，“无有·跳出·无有回潮231的核心危机吞掉本章缓冲，arc-095无法完成门槛封口”会提前发生。,detailed-v4
chapter-2356,2356,arc-095,6,反证,推翻旧模型仍可解释一切的假设，让无有之域暗面交出第06个可复查证据,一行新宇宙代码注释权，并承认无有不能再被旧层级命名,无有·跳出·轮回监狱回潮232的核心危机吞掉本章缓冲，arc-095无法完成门槛封口,为得到“推翻旧模型仍可解释一切的假设，让无有之域暗面交出第06个可复查证据”，必须失去“一行新宇宙代码注释权，并承认无有不能再被旧层级命名”；若拒绝，“无有·跳出·轮回监狱回潮232的核心危机吞掉本章缓冲，arc-095无法完成门槛封口”会提前发生。,detailed-v4
chapter-2357,2357,arc-095,7,反证,推翻旧模型仍可解释一切的假设，让轮回监狱外壁交出第07个可复查证据,一个终点幻觉，并承认轮回监狱不能再被旧层级命名,无有·跳出·未诞生混沌回潮233的核心危机吞掉本章缓冲，arc-095无法完成门槛封口,为得到“推翻旧模型仍可解释一切的假设，让轮回监狱外壁交出第07个可复查证据”，必须失去“一个终点幻觉，并承认轮回监狱不能再被旧层级命名”；若拒绝，“无有·跳出·未诞生混沌回潮233的核心危机吞掉本章缓冲，arc-095无法完成门槛封口”会提前发生。,detailed-v4
chapter-2358,2358,arc-095,8,反证,推翻旧模型仍可解释一切的假设，让未诞生混沌边缘交出第08个可复查证据,一次轮回监狱出口，并承认未诞生混沌不能再被旧层级命名,无有·跳出·种子回潮234的核心危机吞掉本章缓冲，arc-095无法完成门槛封口,为得到“推翻旧模型仍可解释一切的假设，让未诞生混沌边缘交出第08个可复查证据”，必须失去“一次轮回监狱出口，并承认未诞生混沌不能再被旧层级命名”；若拒绝，“无有·跳出·种子回潮234的核心危机吞掉本章缓冲，arc-095无法完成门槛封口”会提前发生。,detailed-v4
chapter-2359,2359,arc-095,9,代价,换取一次继续观测的资格，让空种子悬停区交出第09个可复查证据,一枚空种子的自我完整性，并承认种子不能再被旧层级命名,无有·跳出·最后眷恋回潮235的核心危机吞掉本章缓冲，arc-095无法完成门槛封口,为得到“换取一次继续观测的资格，让空种子悬停区交出第09个可复查证据”，必须失去“一枚空种子的自我完整性，并承认种子不能再被旧层级命名”；若拒绝，“无有·跳出·最后眷恋回潮235的核心危机吞掉本章缓冲，arc-095无法完成门槛封口”会提前发生。,detailed-v4
chapter-2360,2360,arc-095,10,代价,换取一次继续观测的资格，让最后眷恋坠落点交出第10个可复查证据,一行新宇宙代码注释权，并承认最后眷恋不能再被旧层级命名,无有·跳出·第一行代码回潮236的核心危机吞掉本章缓冲，arc-095无法完成门槛封口,为得到“换取一次继续观测的资格，让最后眷恋坠落点交出第10个可复查证据”，必须失去“一行新宇宙代码注释权，并承认最后眷恋不能再被旧层级命名”；若拒绝，“无有·跳出·第一行代码回潮236的核心危机吞掉本章缓冲，arc-095无法完成门槛封口”会提前发生。,detailed-v4
chapter-2361,2361,arc-095,11,代价,换取一次继续观测的资格，让第一行代码暗面交出第11个可复查证据,一个终点幻觉，并承认第一行代码不能再被旧层级命名,无有·跳出·无终点回潮237的核心危机吞掉本章缓冲，arc-095无法完成门槛封口,为得到“换取一次继续观测的资格，让第一行代码暗面交出第11个可复查证据”，必须失去“一个终点幻觉，并承认第一行代码不能再被旧层级命名”；若拒绝，“无有·跳出·无终点回潮237的核心危机吞掉本章缓冲，arc-095无法完成门槛封口”会提前发生。,detailed-v4
chapter-2362,2362,arc-095,12,误判,暴露角色仍误信的判断方式，让无终点临界面交出第12个可复查证据,一次轮回监狱出口，并承认无终点不能再被旧层级命名,无有·跳出·播撒回潮238的核心危机吞掉本章缓冲，arc-095无法完成门槛封口,为得到“暴露角色仍误信的判断方式，让无终点临界面交出第12个可复查证据”，必须失去“一次轮回监狱出口，并承认无终点不能再被旧层级命名”；若拒绝，“无有·跳出·播撒回潮238的核心危机吞掉本章缓冲，arc-095无法完成门槛封口”会提前发生。,detailed-v4
chapter-2363,2363,arc-095,13,误判,暴露角色仍误信的判断方式，让播撒轨道交出第13个可复查证据,一枚空种子的自我完整性，并承认播撒不能再被旧层级命名,无有·跳出·回声回潮239的核心危机吞掉本章缓冲，arc-095无法完成门槛封口,为得到“暴露角色仍误信的判断方式，让播撒轨道交出第13个可复查证据”，必须失去“一枚空种子的自我完整性，并承认播撒不能再被旧层级命名”；若拒绝，“无有·跳出·回声回潮239的核心危机吞掉本章缓冲，arc-095无法完成门槛封口”会提前发生。,detailed-v4
chapter-2364,2364,arc-095,14,误判,暴露角色仍误信的判断方式，让回声残膜交出第14个可复查证据,一行新宇宙代码注释权，并承认回声不能再被旧层级命名,无有·跳出·新黎明回潮240的核心危机吞掉本章缓冲，arc-095无法完成门槛封口,为得到“暴露角色仍误信的判断方式，让回声残膜交出第14个可复查证据”，必须失去“一行新宇宙代码注释权，并承认回声不能再被旧层级命名”；若拒绝，“无有·跳出·新黎明回潮240的核心危机吞掉本章缓冲，arc-095无法完成门槛封口”会提前发生。,detailed-v4
chapter-2365,2365,arc-095,15,误判,暴露角色仍误信的判断方式，让新黎明临界面交出第15个可复查证据,一个终点幻觉，并承认新黎明不能再被旧层级命名,无有·跳出·无有折光241的核心危机吞掉本章缓冲，arc-095无法完成门槛封口,为得到“暴露角色仍误信的判断方式，让新黎明临界面交出第15个可复查证据”，必须失去“一个终点幻觉，并承认新黎明不能再被旧层级命名”；若拒绝，“无有·跳出·无有折光241的核心危机吞掉本章缓冲，arc-095无法完成门槛封口”会提前发生。,detailed-v4
chapter-2366,2366,arc-095,16,失控,把异常限制在可写的物理边界内，让无有之域暗面交出第16个可复查证据,一次轮回监狱出口，并承认无有不能再被旧层级命名,无有·跳出·轮回监狱折光242的核心危机吞掉本章缓冲，arc-095无法完成门槛封口,为得到“把异常限制在可写的物理边界内，让无有之域暗面交出第16个可复查证据”，必须失去“一次轮回监狱出口，并承认无有不能再被旧层级命名”；若拒绝，“无有·跳出·轮回监狱折光242的核心危机吞掉本章缓冲，arc-095无法完成门槛封口”会提前发生。,detailed-v4
chapter-2367,2367,arc-095,17,失控,把异常限制在可写的物理边界内，让轮回监狱外壁交出第17个可复查证据,一枚空种子的自我完整性，并承认轮回监狱不能再被旧层级命名,无有·跳出·未诞生混沌折光243的核心危机吞掉本章缓冲，arc-095无法完成门槛封口,为得到“把异常限制在可写的物理边界内，让轮回监狱外壁交出第17个可复查证据”，必须失去“一枚空种子的自我完整性，并承认轮回监狱不能再被旧层级命名”；若拒绝，“无有·跳出·未诞生混沌折光243的核心危机吞掉本章缓冲，arc-095无法完成门槛封口”会提前发生。,detailed-v4
chapter-2368,2368,arc-095,18,失控,把异常限制在可写的物理边界内，让未诞生混沌边缘交出第18个可复查证据,一行新宇宙代码注释权，并承认未诞生混沌不能再被旧层级命名,无有·跳出·种子折光244的核心危机吞掉本章缓冲，arc-095无法完成门槛封口,为得到“把异常限制在可写的物理边界内，让未诞生混沌边缘交出第18个可复查证据”，必须失去“一行新宇宙代码注释权，并承认未诞生混沌不能再被旧层级命名”；若拒绝，“无有·跳出·种子折光244的核心危机吞掉本章缓冲，arc-095无法完成门槛封口”会提前发生。,detailed-v4
chapter-2369,2369,arc-095,19,失控,把异常限制在可写的物理边界内，让空种子悬停区交出第19个可复查证据,一个终点幻觉，并承认种子不能再被旧层级命名,无有·跳出·最后眷恋折光245的核心危机吞掉本章缓冲，arc-095无法完成门槛封口,为得到“把异常限制在可写的物理边界内，让空种子悬停区交出第19个可复查证据”，必须失去“一个终点幻觉，并承认种子不能再被旧层级命名”；若拒绝，“无有·跳出·最后眷恋折光245的核心危机吞掉本章缓冲，arc-095无法完成门槛封口”会提前发生。,detailed-v4
chapter-2370,2370,arc-095,20,回响,让眷恋线以硬证物返回，让最后眷恋坠落点交出第20个可复查证据,一次轮回监狱出口，并承认最后眷恋不能再被旧层级命名,无有·跳出·第一行代码折光246的核心危机吞掉本章缓冲，arc-095无法完成门槛封口,为得到“让眷恋线以硬证物返回，让最后眷恋坠落点交出第20个可复查证据”，必须失去“一次轮回监狱出口，并承认最后眷恋不能再被旧层级命名”；若拒绝，“无有·跳出·第一行代码折光246的核心危机吞掉本章缓冲，arc-095无法完成门槛封口”会提前发生。,detailed-v4
chapter-2371,2371,arc-095,21,回响,让眷恋线以硬证物返回，让第一行代码暗面交出第21个可复查证据,一枚空种子的自我完整性，并承认第一行代码不能再被旧层级命名,无有·跳出·无终点折光247的核心危机吞掉本章缓冲，arc-095无法完成门槛封口,为得到“让眷恋线以硬证物返回，让第一行代码暗面交出第21个可复查证据”，必须失去“一枚空种子的自我完整性，并承认第一行代码不能再被旧层级命名”；若拒绝，“无有·跳出·无终点折光247的核心危机吞掉本章缓冲，arc-095无法完成门槛封口”会提前发生。,detailed-v4
chapter-2372,2372,arc-095,22,回响,让眷恋线以硬证物返回，让无终点临界面交出第22个可复查证据,一行新宇宙代码注释权，并承认无终点不能再被旧层级命名,无有·跳出·播撒折光248的核心危机吞掉本章缓冲，arc-095无法完成门槛封口,为得到“让眷恋线以硬证物返回，让无终点临界面交出第22个可复查证据”，必须失去“一行新宇宙代码注释权，并承认无终点不能再被旧层级命名”；若拒绝，“无有·跳出·播撒折光248的核心危机吞掉本章缓冲，arc-095无法完成门槛封口”会提前发生。,detailed-v4
chapter-2373,2373,arc-095,23,门槛,把本组问题交给下一章群而不总结掉，让播撒轨道交出第23个可复查证据,一个终点幻觉，并承认播撒不能再被旧层级命名,无有·跳出·回声折光249的核心危机吞掉本章缓冲，arc-095无法完成门槛封口,为得到“把本组问题交给下一章群而不总结掉，让播撒轨道交出第23个可复查证据”，必须失去“一个终点幻觉，并承认播撒不能再被旧层级命名”；若拒绝，“无有·跳出·回声折光249的核心危机吞掉本章缓冲，arc-095无法完成门槛封口”会提前发生。,detailed-v4
chapter-2374,2374,arc-095,24,门槛,把本组问题交给下一章群而不总结掉，让回声残膜交出第24个可复查证据,一次轮回监狱出口，并承认回声不能再被旧层级命名,无有·跳出·新黎明折光250的核心危机吞掉本章缓冲，arc-095无法完成门槛封口,为得到“把本组问题交给下一章群而不总结掉，让回声残膜交出第24个可复查证据”，必须失去“一次轮回监狱出口，并承认回声不能再被旧层级命名”；若拒绝，“无有·跳出·新黎明折光250的核心危机吞掉本章缓冲，arc-095无法完成门槛封口”会提前发生。,detailed-v4
chapter-2375,2375,arc-095,25,门槛,把本组问题交给下一章群而不总结掉，让新黎明临界面交出第25个可复查证据,一枚空种子的自我完整性，并承认新黎明不能再被旧层级命名,无有·跳出·无有暗涌251的核心危机吞掉本章缓冲，arc-095无法完成门槛封口,为得到“把本组问题交给下一章群而不总结掉，让新黎明临界面交出第25个可复查证据”，必须失去“一枚空种子的自我完整性，并承认新黎明不能再被旧层级命名”；若拒绝，“无有·跳出·无有暗涌251的核心危机吞掉本章缓冲，arc-095无法完成门槛封口”会提前发生。,detailed-v4
chapter-2376,2376,arc-096,1,起因,确认异常不是孤立事故，让无有之域暗面交出第01个可复查证据,一个终点幻觉，并承认无有不能再被旧层级命名,无有·跳出·轮回监狱暗涌252的核心危机吞掉本章缓冲，arc-096无法完成门槛封口,为得到“确认异常不是孤立事故，让无有之域暗面交出第01个可复查证据”，必须失去“一个终点幻觉，并承认无有不能再被旧层级命名”；若拒绝，“无有·跳出·轮回监狱暗涌252的核心危机吞掉本章缓冲，arc-096无法完成门槛封口”会提前发生。,detailed-v4
chapter-2377,2377,arc-096,2,起因,确认异常不是孤立事故，让轮回监狱外壁交出第02个可复查证据,一次轮回监狱出口，并承认轮回监狱不能再被旧层级命名,无有·跳出·未诞生混沌暗涌253的核心危机吞掉本章缓冲，arc-096无法完成门槛封口,为得到“确认异常不是孤立事故，让轮回监狱外壁交出第02个可复查证据”，必须失去“一次轮回监狱出口，并承认轮回监狱不能再被旧层级命名”；若拒绝，“无有·跳出·未诞生混沌暗涌253的核心危机吞掉本章缓冲，arc-096无法完成门槛封口”会提前发生。,detailed-v4
chapter-2378,2378,arc-096,3,起因,确认异常不是孤立事故，让未诞生混沌边缘交出第03个可复查证据,一枚空种子的自我完整性，并承认未诞生混沌不能再被旧层级命名,无有·跳出·种子暗涌254的核心危机吞掉本章缓冲，arc-096无法完成门槛封口,为得到“确认异常不是孤立事故，让未诞生混沌边缘交出第03个可复查证据”，必须失去“一枚空种子的自我完整性，并承认未诞生混沌不能再被旧层级命名”；若拒绝，“无有·跳出·种子暗涌254的核心危机吞掉本章缓冲，arc-096无法完成门槛封口”会提前发生。,detailed-v4
chapter-2379,2379,arc-096,4,起因,确认异常不是孤立事故，让空种子悬停区交出第04个可复查证据,一行新宇宙代码注释权，并承认种子不能再被旧层级命名,无有·跳出·最后眷恋暗涌255的核心危机吞掉本章缓冲，arc-096无法完成门槛封口,为得到“确认异常不是孤立事故，让空种子悬停区交出第04个可复查证据”，必须失去“一行新宇宙代码注释权，并承认种子不能再被旧层级命名”；若拒绝，“无有·跳出·最后眷恋暗涌255的核心危机吞掉本章缓冲，arc-096无法完成门槛封口”会提前发生。,detailed-v4
chapter-2380,2380,arc-096,5,反证,推翻旧模型仍可解释一切的假设，让最后眷恋坠落点交出第05个可复查证据,一个终点幻觉，并承认最后眷恋不能再被旧层级命名,无有·播种回环·第一行代码暗涌256的核心危机吞掉本章缓冲，arc-096无法完成门槛封口,为得到“推翻旧模型仍可解释一切的假设，让最后眷恋坠落点交出第05个可复查证据”，必须失去“一个终点幻觉，并承认最后眷恋不能再被旧层级命名”；若拒绝，“无有·播种回环·第一行代码暗涌256的核心危机吞掉本章缓冲，arc-096无法完成门槛封口”会提前发生。,detailed-v4
chapter-2381,2381,arc-096,6,反证,推翻旧模型仍可解释一切的假设，让第一行代码暗面交出第06个可复查证据,一次轮回监狱出口，并承认第一行代码不能再被旧层级命名,无有·播种回环·无终点暗涌257的核心危机吞掉本章缓冲，arc-096无法完成门槛封口,为得到“推翻旧模型仍可解释一切的假设，让第一行代码暗面交出第06个可复查证据”，必须失去“一次轮回监狱出口，并承认第一行代码不能再被旧层级命名”；若拒绝，“无有·播种回环·无终点暗涌257的核心危机吞掉本章缓冲，arc-096无法完成门槛封口”会提前发生。,detailed-v4
chapter-2382,2382,arc-096,7,反证,推翻旧模型仍可解释一切的假设，让无终点临界面交出第07个可复查证据,一枚空种子的自我完整性，并承认无终点不能再被旧层级命名,无有·播种回环·播撒暗涌258的核心危机吞掉本章缓冲，arc-096无法完成门槛封口,为得到“推翻旧模型仍可解释一切的假设，让无终点临界面交出第07个可复查证据”，必须失去“一枚空种子的自我完整性，并承认无终点不能再被旧层级命名”；若拒绝，“无有·播种回环·播撒暗涌258的核心危机吞掉本章缓冲，arc-096无法完成门槛封口”会提前发生。,detailed-v4
chapter-2383,2383,arc-096,8,反证,推翻旧模型仍可解释一切的假设，让播撒轨道交出第08个可复查证据,一行新宇宙代码注释权，并承认播撒不能再被旧层级命名,无有·播种回环·回声暗涌259的核心危机吞掉本章缓冲，arc-096无法完成门槛封口,为得到“推翻旧模型仍可解释一切的假设，让播撒轨道交出第08个可复查证据”，必须失去“一行新宇宙代码注释权，并承认播撒不能再被旧层级命名”；若拒绝，“无有·播种回环·回声暗涌259的核心危机吞掉本章缓冲，arc-096无法完成门槛封口”会提前发生。,detailed-v4
chapter-2384,2384,arc-096,9,代价,换取一次继续观测的资格，让回声残膜交出第09个可复查证据,一个终点幻觉，并承认回声不能再被旧层级命名,无有·播种回环·新黎明暗涌260的核心危机吞掉本章缓冲，arc-096无法完成门槛封口,为得到“换取一次继续观测的资格，让回声残膜交出第09个可复查证据”，必须失去“一个终点幻觉，并承认回声不能再被旧层级命名”；若拒绝，“无有·播种回环·新黎明暗涌260的核心危机吞掉本章缓冲，arc-096无法完成门槛封口”会提前发生。,detailed-v4
chapter-2385,2385,arc-096,10,代价,换取一次继续观测的资格，让新黎明临界面交出第10个可复查证据,一次轮回监狱出口，并承认新黎明不能再被旧层级命名,无有·播种回环·无有证词261的核心危机吞掉本章缓冲，arc-096无法完成门槛封口,为得到“换取一次继续观测的资格，让新黎明临界面交出第10个可复查证据”，必须失去“一次轮回监狱出口，并承认新黎明不能再被旧层级命名”；若拒绝，“无有·播种回环·无有证词261的核心危机吞掉本章缓冲，arc-096无法完成门槛封口”会提前发生。,detailed-v4
chapter-2386,2386,arc-096,11,代价,换取一次继续观测的资格，让无有之域暗面交出第11个可复查证据,一枚空种子的自我完整性，并承认无有不能再被旧层级命名,无有·播种回环·轮回监狱证词262的核心危机吞掉本章缓冲，arc-096无法完成门槛封口,为得到“换取一次继续观测的资格，让无有之域暗面交出第11个可复查证据”，必须失去“一枚空种子的自我完整性，并承认无有不能再被旧层级命名”；若拒绝，“无有·播种回环·轮回监狱证词262的核心危机吞掉本章缓冲，arc-096无法完成门槛封口”会提前发生。,detailed-v4
chapter-2387,2387,arc-096,12,误判,暴露角色仍误信的判断方式，让轮回监狱外壁交出第12个可复查证据,一行新宇宙代码注释权，并承认轮回监狱不能再被旧层级命名,无有·播种回环·未诞生混沌证词263的核心危机吞掉本章缓冲，arc-096无法完成门槛封口,为得到“暴露角色仍误信的判断方式，让轮回监狱外壁交出第12个可复查证据”，必须失去“一行新宇宙代码注释权，并承认轮回监狱不能再被旧层级命名”；若拒绝，“无有·播种回环·未诞生混沌证词263的核心危机吞掉本章缓冲，arc-096无法完成门槛封口”会提前发生。,detailed-v4
chapter-2388,2388,arc-096,13,误判,暴露角色仍误信的判断方式，让未诞生混沌边缘交出第13个可复查证据,一个终点幻觉，并承认未诞生混沌不能再被旧层级命名,无有·播种回环·种子证词264的核心危机吞掉本章缓冲，arc-096无法完成门槛封口,为得到“暴露角色仍误信的判断方式，让未诞生混沌边缘交出第13个可复查证据”，必须失去“一个终点幻觉，并承认未诞生混沌不能再被旧层级命名”；若拒绝，“无有·播种回环·种子证词264的核心危机吞掉本章缓冲，arc-096无法完成门槛封口”会提前发生。,detailed-v4
chapter-2389,2389,arc-096,14,误判,暴露角色仍误信的判断方式，让空种子悬停区交出第14个可复查证据,一次轮回监狱出口，并承认种子不能再被旧层级命名,无有·播种回环·最后眷恋证词265的核心危机吞掉本章缓冲，arc-096无法完成门槛封口,为得到“暴露角色仍误信的判断方式，让空种子悬停区交出第14个可复查证据”，必须失去“一次轮回监狱出口，并承认种子不能再被旧层级命名”；若拒绝，“无有·播种回环·最后眷恋证词265的核心危机吞掉本章缓冲，arc-096无法完成门槛封口”会提前发生。,detailed-v4
chapter-2390,2390,arc-096,15,误判,暴露角色仍误信的判断方式，让最后眷恋坠落点交出第15个可复查证据,一枚空种子的自我完整性，并承认最后眷恋不能再被旧层级命名,无有·播种回环·第一行代码证词266的核心危机吞掉本章缓冲，arc-096无法完成门槛封口,为得到“暴露角色仍误信的判断方式，让最后眷恋坠落点交出第15个可复查证据”，必须失去“一枚空种子的自我完整性，并承认最后眷恋不能再被旧层级命名”；若拒绝，“无有·播种回环·第一行代码证词266的核心危机吞掉本章缓冲，arc-096无法完成门槛封口”会提前发生。,detailed-v4
chapter-2391,2391,arc-096,16,失控,把异常限制在可写的物理边界内，让第一行代码暗面交出第16个可复查证据,一行新宇宙代码注释权，并承认第一行代码不能再被旧层级命名,无有·播种回环·无终点证词267的核心危机吞掉本章缓冲，arc-096无法完成门槛封口,为得到“把异常限制在可写的物理边界内，让第一行代码暗面交出第16个可复查证据”，必须失去“一行新宇宙代码注释权，并承认第一行代码不能再被旧层级命名”；若拒绝，“无有·播种回环·无终点证词267的核心危机吞掉本章缓冲，arc-096无法完成门槛封口”会提前发生。,detailed-v4
chapter-2392,2392,arc-096,17,失控,把异常限制在可写的物理边界内，让无终点临界面交出第17个可复查证据,一个终点幻觉，并承认无终点不能再被旧层级命名,无有·播种回环·播撒证词268的核心危机吞掉本章缓冲，arc-096无法完成门槛封口,为得到“把异常限制在可写的物理边界内，让无终点临界面交出第17个可复查证据”，必须失去“一个终点幻觉，并承认无终点不能再被旧层级命名”；若拒绝，“无有·播种回环·播撒证词268的核心危机吞掉本章缓冲，arc-096无法完成门槛封口”会提前发生。,detailed-v4
chapter-2393,2393,arc-096,18,失控,把异常限制在可写的物理边界内，让播撒轨道交出第18个可复查证据,一次轮回监狱出口，并承认播撒不能再被旧层级命名,无有·播种回环·回声证词269的核心危机吞掉本章缓冲，arc-096无法完成门槛封口,为得到“把异常限制在可写的物理边界内，让播撒轨道交出第18个可复查证据”，必须失去“一次轮回监狱出口，并承认播撒不能再被旧层级命名”；若拒绝，“无有·播种回环·回声证词269的核心危机吞掉本章缓冲，arc-096无法完成门槛封口”会提前发生。,detailed-v4
chapter-2394,2394,arc-096,19,失控,把异常限制在可写的物理边界内，让回声残膜交出第19个可复查证据,一枚空种子的自我完整性，并承认回声不能再被旧层级命名,无有·播种回环·新黎明证词270的核心危机吞掉本章缓冲，arc-096无法完成门槛封口,为得到“把异常限制在可写的物理边界内，让回声残膜交出第19个可复查证据”，必须失去“一枚空种子的自我完整性，并承认回声不能再被旧层级命名”；若拒绝，“无有·播种回环·新黎明证词270的核心危机吞掉本章缓冲，arc-096无法完成门槛封口”会提前发生。,detailed-v4
chapter-2395,2395,arc-096,20,回响,让眷恋线以硬证物返回，让新黎明临界面交出第20个可复查证据,一行新宇宙代码注释权，并承认新黎明不能再被旧层级命名,无有·播种回环·无有坠落271的核心危机吞掉本章缓冲，arc-096无法完成门槛封口,为得到“让眷恋线以硬证物返回，让新黎明临界面交出第20个可复查证据”，必须失去“一行新宇宙代码注释权，并承认新黎明不能再被旧层级命名”；若拒绝，“无有·播种回环·无有坠落271的核心危机吞掉本章缓冲，arc-096无法完成门槛封口”会提前发生。,detailed-v4
chapter-2396,2396,arc-096,21,回响,让眷恋线以硬证物返回，让无有之域暗面交出第21个可复查证据,一个终点幻觉，并承认无有不能再被旧层级命名,无有·播种回环·轮回监狱坠落272的核心危机吞掉本章缓冲，arc-096无法完成门槛封口,为得到“让眷恋线以硬证物返回，让无有之域暗面交出第21个可复查证据”，必须失去“一个终点幻觉，并承认无有不能再被旧层级命名”；若拒绝，“无有·播种回环·轮回监狱坠落272的核心危机吞掉本章缓冲，arc-096无法完成门槛封口”会提前发生。,detailed-v4
chapter-2397,2397,arc-096,22,回响,让眷恋线以硬证物返回，让轮回监狱外壁交出第22个可复查证据,一次轮回监狱出口，并承认轮回监狱不能再被旧层级命名,无有·播种回环·未诞生混沌坠落273的核心危机吞掉本章缓冲，arc-096无法完成门槛封口,为得到“让眷恋线以硬证物返回，让轮回监狱外壁交出第22个可复查证据”，必须失去“一次轮回监狱出口，并承认轮回监狱不能再被旧层级命名”；若拒绝，“无有·播种回环·未诞生混沌坠落273的核心危机吞掉本章缓冲，arc-096无法完成门槛封口”会提前发生。,detailed-v4
chapter-2398,2398,arc-096,23,门槛,把本组问题交给下一章群而不总结掉，让未诞生混沌边缘交出第23个可复查证据,一枚空种子的自我完整性，并承认未诞生混沌不能再被旧层级命名,无有·播种回环·种子坠落274的核心危机吞掉本章缓冲，arc-096无法完成门槛封口,为得到“把本组问题交给下一章群而不总结掉，让未诞生混沌边缘交出第23个可复查证据”，必须失去“一枚空种子的自我完整性，并承认未诞生混沌不能再被旧层级命名”；若拒绝，“无有·播种回环·种子坠落274的核心危机吞掉本章缓冲，arc-096无法完成门槛封口”会提前发生。,detailed-v4
chapter-2399,2399,arc-096,24,门槛,把本组问题交给下一章群而不总结掉，让空种子悬停区交出第24个可复查证据,一行新宇宙代码注释权，并承认种子不能再被旧层级命名,无有·播种回环·最后眷恋坠落275的核心危机吞掉本章缓冲，arc-096无法完成门槛封口,为得到“把本组问题交给下一章群而不总结掉，让空种子悬停区交出第24个可复查证据”，必须失去“一行新宇宙代码注释权，并承认种子不能再被旧层级命名”；若拒绝，“无有·播种回环·最后眷恋坠落275的核心危机吞掉本章缓冲，arc-096无法完成门槛封口”会提前发生。,detailed-v4
chapter-2400,2400,arc-096,25,门槛,把本组问题交给下一章群而不总结掉，让最后眷恋坠落点交出第25个可复查证据,一个终点幻觉，并承认最后眷恋不能再被旧层级命名,无有·播种回环·第一行代码坠落276的核心危机吞掉本章缓冲，arc-096无法完成门槛封口,为得到“把本组问题交给下一章群而不总结掉，让最后眷恋坠落点交出第25个可复查证据”，必须失去“一个终点幻觉，并承认最后眷恋不能再被旧层级命名”；若拒绝，“无有·播种回环·第一行代码坠落276的核心危机吞掉本章缓冲，arc-096无法完成门槛封口”会提前发生。,detailed-v4
chapter-2401,2401,arc-097,1,起因,确认异常不是孤立事故，让第一行代码暗面交出第01个可复查证据,一枚空种子的自我完整性，并承认第一行代码不能再被旧层级命名,无有·播种回环·无终点坠落277的核心危机吞掉本章缓冲，arc-097无法完成门槛封口,为得到“确认异常不是孤立事故，让第一行代码暗面交出第01个可复查证据”，必须失去“一枚空种子的自我完整性，并承认第一行代码不能再被旧层级命名”；若拒绝，“无有·播种回环·无终点坠落277的核心危机吞掉本章缓冲，arc-097无法完成门槛封口”会提前发生。,detailed-v4
chapter-2402,2402,arc-097,2,起因,确认异常不是孤立事故，让无终点临界面交出第02个可复查证据,一行新宇宙代码注释权，并承认无终点不能再被旧层级命名,无有·播种回环·播撒坠落278的核心危机吞掉本章缓冲，arc-097无法完成门槛封口,为得到“确认异常不是孤立事故，让无终点临界面交出第02个可复查证据”，必须失去“一行新宇宙代码注释权，并承认无终点不能再被旧层级命名”；若拒绝，“无有·播种回环·播撒坠落278的核心危机吞掉本章缓冲，arc-097无法完成门槛封口”会提前发生。,detailed-v4
chapter-2403,2403,arc-097,3,起因,确认异常不是孤立事故，让播撒轨道交出第03个可复查证据,一个终点幻觉，并承认播撒不能再被旧层级命名,无有·播种回环·回声坠落279的核心危机吞掉本章缓冲，arc-097无法完成门槛封口,为得到“确认异常不是孤立事故，让播撒轨道交出第03个可复查证据”，必须失去“一个终点幻觉，并承认播撒不能再被旧层级命名”；若拒绝，“无有·播种回环·回声坠落279的核心危机吞掉本章缓冲，arc-097无法完成门槛封口”会提前发生。,detailed-v4
chapter-2404,2404,arc-097,4,起因,确认异常不是孤立事故，让回声残膜交出第04个可复查证据,一次轮回监狱出口，并承认回声不能再被旧层级命名,无有·播种回环·新黎明坠落280的核心危机吞掉本章缓冲，arc-097无法完成门槛封口,为得到“确认异常不是孤立事故，让回声残膜交出第04个可复查证据”，必须失去“一次轮回监狱出口，并承认回声不能再被旧层级命名”；若拒绝，“无有·播种回环·新黎明坠落280的核心危机吞掉本章缓冲，arc-097无法完成门槛封口”会提前发生。,detailed-v4
chapter-2405,2405,arc-097,5,反证,推翻旧模型仍可解释一切的假设，让新黎明临界面交出第05个可复查证据,一枚空种子的自我完整性，并承认新黎明不能再被旧层级命名,无有·播种回环·无有重构281的核心危机吞掉本章缓冲，arc-097无法完成门槛封口,为得到“推翻旧模型仍可解释一切的假设，让新黎明临界面交出第05个可复查证据”，必须失去“一枚空种子的自我完整性，并承认新黎明不能再被旧层级命名”；若拒绝，“无有·播种回环·无有重构281的核心危机吞掉本章缓冲，arc-097无法完成门槛封口”会提前发生。,detailed-v4
chapter-2406,2406,arc-097,6,反证,推翻旧模型仍可解释一切的假设，让无有重构的局部截面交出第06个可复查证据,一行新宇宙代码注释权，并承认无有重构不能再被旧层级命名,无有·播种回环·轮回监狱重构282的核心危机吞掉本章缓冲，arc-097无法完成门槛封口,为得到“推翻旧模型仍可解释一切的假设，让无有重构的局部截面交出第06个可复查证据”，必须失去“一行新宇宙代码注释权，并承认无有重构不能再被旧层级命名”；若拒绝，“无有·播种回环·轮回监狱重构282的核心危机吞掉本章缓冲，arc-097无法完成门槛封口”会提前发生。,detailed-v4
chapter-2407,2407,arc-097,7,反证,推翻旧模型仍可解释一切的假设，让轮回监狱重构的局部截面交出第07个可复查证据,一个终点幻觉，并承认轮回监狱重构不能再被旧层级命名,无有·播种回环·未诞生混沌重构283的核心危机吞掉本章缓冲，arc-097无法完成门槛封口,为得到“推翻旧模型仍可解释一切的假设，让轮回监狱重构的局部截面交出第07个可复查证据”，必须失去“一个终点幻觉，并承认轮回监狱重构不能再被旧层级命名”；若拒绝，“无有·播种回环·未诞生混沌重构283的核心危机吞掉本章缓冲，arc-097无法完成门槛封口”会提前发生。,detailed-v4
chapter-2408,2408,arc-097,8,反证,推翻旧模型仍可解释一切的假设，让未诞生混沌重构的局部截面交出第08个可复查证据,一次轮回监狱出口，并承认未诞生混沌重构不能再被旧层级命名,无有·播种回环·种子重构284的核心危机吞掉本章缓冲，arc-097无法完成门槛封口,为得到“推翻旧模型仍可解释一切的假设，让未诞生混沌重构的局部截面交出第08个可复查证据”，必须失去“一次轮回监狱出口，并承认未诞生混沌重构不能再被旧层级命名”；若拒绝，“无有·播种回环·种子重构284的核心危机吞掉本章缓冲，arc-097无法完成门槛封口”会提前发生。,detailed-v4
chapter-2409,2409,arc-097,9,代价,换取一次继续观测的资格，让种子重构的局部截面交出第09个可复查证据,一枚空种子的自我完整性，并承认种子重构不能再被旧层级命名,无有·播种回环·最后眷恋重构285的核心危机吞掉本章缓冲，arc-097无法完成门槛封口,为得到“换取一次继续观测的资格，让种子重构的局部截面交出第09个可复查证据”，必须失去“一枚空种子的自我完整性，并承认种子重构不能再被旧层级命名”；若拒绝，“无有·播种回环·最后眷恋重构285的核心危机吞掉本章缓冲，arc-097无法完成门槛封口”会提前发生。,detailed-v4
chapter-2410,2410,arc-097,10,代价,换取一次继续观测的资格，让最后眷恋重构的局部截面交出第10个可复查证据,一行新宇宙代码注释权，并承认最后眷恋重构不能再被旧层级命名,无有·播种回环·第一行代码重构286的核心危机吞掉本章缓冲，arc-097无法完成门槛封口,为得到“换取一次继续观测的资格，让最后眷恋重构的局部截面交出第10个可复查证据”，必须失去“一行新宇宙代码注释权，并承认最后眷恋重构不能再被旧层级命名”；若拒绝，“无有·播种回环·第一行代码重构286的核心危机吞掉本章缓冲，arc-097无法完成门槛封口”会提前发生。,detailed-v4
chapter-2411,2411,arc-097,11,代价,换取一次继续观测的资格，让第一行代码重构的局部截面交出第11个可复查证据,一个终点幻觉，并承认第一行代码重构不能再被旧层级命名,无有·播种回环·无终点重构287的核心危机吞掉本章缓冲，arc-097无法完成门槛封口,为得到“换取一次继续观测的资格，让第一行代码重构的局部截面交出第11个可复查证据”，必须失去“一个终点幻觉，并承认第一行代码重构不能再被旧层级命名”；若拒绝，“无有·播种回环·无终点重构287的核心危机吞掉本章缓冲，arc-097无法完成门槛封口”会提前发生。,detailed-v4
chapter-2412,2412,arc-097,12,误判,暴露角色仍误信的判断方式，让无终点重构的局部截面交出第12个可复查证据,一次轮回监狱出口，并承认无终点重构不能再被旧层级命名,无有·播种回环·播撒重构288的核心危机吞掉本章缓冲，arc-097无法完成门槛封口,为得到“暴露角色仍误信的判断方式，让无终点重构的局部截面交出第12个可复查证据”，必须失去“一次轮回监狱出口，并承认无终点重构不能再被旧层级命名”；若拒绝，“无有·播种回环·播撒重构288的核心危机吞掉本章缓冲，arc-097无法完成门槛封口”会提前发生。,detailed-v4
chapter-2413,2413,arc-097,13,误判,暴露角色仍误信的判断方式，让播撒重构的局部截面交出第13个可复查证据,一枚空种子的自我完整性，并承认播撒重构不能再被旧层级命名,无有·播种回环·回声重构289的核心危机吞掉本章缓冲，arc-097无法完成门槛封口,为得到“暴露角色仍误信的判断方式，让播撒重构的局部截面交出第13个可复查证据”，必须失去“一枚空种子的自我完整性，并承认播撒重构不能再被旧层级命名”；若拒绝，“无有·播种回环·回声重构289的核心危机吞掉本章缓冲，arc-097无法完成门槛封口”会提前发生。,detailed-v4
chapter-2414,2414,arc-097,14,误判,暴露角色仍误信的判断方式，让回声重构的局部截面交出第14个可复查证据,一行新宇宙代码注释权，并承认回声重构不能再被旧层级命名,无有·播种回环·新黎明重构290的核心危机吞掉本章缓冲，arc-097无法完成门槛封口,为得到“暴露角色仍误信的判断方式，让回声重构的局部截面交出第14个可复查证据”，必须失去“一行新宇宙代码注释权，并承认回声重构不能再被旧层级命名”；若拒绝，“无有·播种回环·新黎明重构290的核心危机吞掉本章缓冲，arc-097无法完成门槛封口”会提前发生。,detailed-v4
chapter-2415,2415,arc-097,15,误判,暴露角色仍误信的判断方式，让新黎明重构的局部截面交出第15个可复查证据,一个终点幻觉，并承认新黎明重构不能再被旧层级命名,无有·播种回环·无有余震291的核心危机吞掉本章缓冲，arc-097无法完成门槛封口,为得到“暴露角色仍误信的判断方式，让新黎明重构的局部截面交出第15个可复查证据”，必须失去“一个终点幻觉，并承认新黎明重构不能再被旧层级命名”；若拒绝，“无有·播种回环·无有余震291的核心危机吞掉本章缓冲，arc-097无法完成门槛封口”会提前发生。,detailed-v4
chapter-2416,2416,arc-097,16,失控,把异常限制在可写的物理边界内，让无有之域暗面交出第16个可复查证据,一次轮回监狱出口，并承认无有不能再被旧层级命名,无有·播种回环·轮回监狱余震292的核心危机吞掉本章缓冲，arc-097无法完成门槛封口,为得到“把异常限制在可写的物理边界内，让无有之域暗面交出第16个可复查证据”，必须失去“一次轮回监狱出口，并承认无有不能再被旧层级命名”；若拒绝，“无有·播种回环·轮回监狱余震292的核心危机吞掉本章缓冲，arc-097无法完成门槛封口”会提前发生。,detailed-v4
chapter-2417,2417,arc-097,17,失控,把异常限制在可写的物理边界内，让轮回监狱外壁交出第17个可复查证据,一枚空种子的自我完整性，并承认轮回监狱不能再被旧层级命名,无有·播种回环·未诞生混沌余震293的核心危机吞掉本章缓冲，arc-097无法完成门槛封口,为得到“把异常限制在可写的物理边界内，让轮回监狱外壁交出第17个可复查证据”，必须失去“一枚空种子的自我完整性，并承认轮回监狱不能再被旧层级命名”；若拒绝，“无有·播种回环·未诞生混沌余震293的核心危机吞掉本章缓冲，arc-097无法完成门槛封口”会提前发生。,detailed-v4
chapter-2418,2418,arc-097,18,失控,把异常限制在可写的物理边界内，让未诞生混沌边缘交出第18个可复查证据,一行新宇宙代码注释权，并承认未诞生混沌不能再被旧层级命名,无有·播种回环·种子余震294的核心危机吞掉本章缓冲，arc-097无法完成门槛封口,为得到“把异常限制在可写的物理边界内，让未诞生混沌边缘交出第18个可复查证据”，必须失去“一行新宇宙代码注释权，并承认未诞生混沌不能再被旧层级命名”；若拒绝，“无有·播种回环·种子余震294的核心危机吞掉本章缓冲，arc-097无法完成门槛封口”会提前发生。,detailed-v4
chapter-2419,2419,arc-097,19,失控,把异常限制在可写的物理边界内，让空种子悬停区交出第19个可复查证据,一个终点幻觉，并承认种子不能再被旧层级命名,无有·播种回环·最后眷恋余震295的核心危机吞掉本章缓冲，arc-097无法完成门槛封口,为得到“把异常限制在可写的物理边界内，让空种子悬停区交出第19个可复查证据”，必须失去“一个终点幻觉，并承认种子不能再被旧层级命名”；若拒绝，“无有·播种回环·最后眷恋余震295的核心危机吞掉本章缓冲，arc-097无法完成门槛封口”会提前发生。,detailed-v4
chapter-2420,2420,arc-097,20,回响,让眷恋线以硬证物返回，让最后眷恋坠落点交出第20个可复查证据,一次轮回监狱出口，并承认最后眷恋不能再被旧层级命名,无有·播种回环·第一行代码余震296的核心危机吞掉本章缓冲，arc-097无法完成门槛封口,为得到“让眷恋线以硬证物返回，让最后眷恋坠落点交出第20个可复查证据”，必须失去“一次轮回监狱出口，并承认最后眷恋不能再被旧层级命名”；若拒绝，“无有·播种回环·第一行代码余震296的核心危机吞掉本章缓冲，arc-097无法完成门槛封口”会提前发生。,detailed-v4
chapter-2421,2421,arc-097,21,回响,让眷恋线以硬证物返回，让第一行代码暗面交出第21个可复查证据,一枚空种子的自我完整性，并承认第一行代码不能再被旧层级命名,无有·播种回环·无终点余震297的核心危机吞掉本章缓冲，arc-097无法完成门槛封口,为得到“让眷恋线以硬证物返回，让第一行代码暗面交出第21个可复查证据”，必须失去“一枚空种子的自我完整性，并承认第一行代码不能再被旧层级命名”；若拒绝，“无有·播种回环·无终点余震297的核心危机吞掉本章缓冲，arc-097无法完成门槛封口”会提前发生。,detailed-v4
chapter-2422,2422,arc-097,22,回响,让眷恋线以硬证物返回，让无终点临界面交出第22个可复查证据,一行新宇宙代码注释权，并承认无终点不能再被旧层级命名,无有·播种回环·播撒余震298的核心危机吞掉本章缓冲，arc-097无法完成门槛封口,为得到“让眷恋线以硬证物返回，让无终点临界面交出第22个可复查证据”，必须失去“一行新宇宙代码注释权，并承认无终点不能再被旧层级命名”；若拒绝，“无有·播种回环·播撒余震298的核心危机吞掉本章缓冲，arc-097无法完成门槛封口”会提前发生。,detailed-v4
chapter-2423,2423,arc-097,23,门槛,把本组问题交给下一章群而不总结掉，让播撒轨道交出第23个可复查证据,一个终点幻觉，并承认播撒不能再被旧层级命名,无有·播种回环·回声余震299的核心危机吞掉本章缓冲，arc-097无法完成门槛封口,为得到“把本组问题交给下一章群而不总结掉，让播撒轨道交出第23个可复查证据”，必须失去“一个终点幻觉，并承认播撒不能再被旧层级命名”；若拒绝，“无有·播种回环·回声余震299的核心危机吞掉本章缓冲，arc-097无法完成门槛封口”会提前发生。,detailed-v4
chapter-2424,2424,arc-097,24,门槛,把本组问题交给下一章群而不总结掉，让回声残膜交出第24个可复查证据,一次轮回监狱出口，并承认回声不能再被旧层级命名,无有·播种回环·新黎明余震300的核心危机吞掉本章缓冲，arc-097无法完成门槛封口,为得到“把本组问题交给下一章群而不总结掉，让回声残膜交出第24个可复查证据”，必须失去“一次轮回监狱出口，并承认回声不能再被旧层级命名”；若拒绝，“无有·播种回环·新黎明余震300的核心危机吞掉本章缓冲，arc-097无法完成门槛封口”会提前发生。,detailed-v4
chapter-2425,2425,arc-097,25,门槛,把本组问题交给下一章群而不总结掉，让新黎明临界面交出第25个可复查证据,一枚空种子的自我完整性，并承认新黎明不能再被旧层级命名,无有·播种回环·无有初醒301的核心危机吞掉本章缓冲，arc-097无法完成门槛封口,为得到“把本组问题交给下一章群而不总结掉，让新黎明临界面交出第25个可复查证据”，必须失去“一枚空种子的自我完整性，并承认新黎明不能再被旧层级命名”；若拒绝，“无有·播种回环·无有初醒301的核心危机吞掉本章缓冲，arc-097无法完成门槛封口”会提前发生。,detailed-v4
chapter-2426,2426,arc-098,1,起因,确认异常不是孤立事故，让无有之域暗面交出第01个可复查证据,一个终点幻觉，并承认无有不能再被旧层级命名,无有·播种回环·轮回监狱初醒302的核心危机吞掉本章缓冲，arc-098无法完成门槛封口,为得到“确认异常不是孤立事故，让无有之域暗面交出第01个可复查证据”，必须失去“一个终点幻觉，并承认无有不能再被旧层级命名”；若拒绝，“无有·播种回环·轮回监狱初醒302的核心危机吞掉本章缓冲，arc-098无法完成门槛封口”会提前发生。,detailed-v4
chapter-2427,2427,arc-098,2,起因,确认异常不是孤立事故，让轮回监狱外壁交出第02个可复查证据,一次轮回监狱出口，并承认轮回监狱不能再被旧层级命名,无有·播种回环·未诞生混沌初醒303的核心危机吞掉本章缓冲，arc-098无法完成门槛封口,为得到“确认异常不是孤立事故，让轮回监狱外壁交出第02个可复查证据”，必须失去“一次轮回监狱出口，并承认轮回监狱不能再被旧层级命名”；若拒绝，“无有·播种回环·未诞生混沌初醒303的核心危机吞掉本章缓冲，arc-098无法完成门槛封口”会提前发生。,detailed-v4
chapter-2428,2428,arc-098,3,起因,确认异常不是孤立事故，让未诞生混沌边缘交出第03个可复查证据,一枚空种子的自我完整性，并承认未诞生混沌不能再被旧层级命名,无有·播种回环·种子初醒304的核心危机吞掉本章缓冲，arc-098无法完成门槛封口,为得到“确认异常不是孤立事故，让未诞生混沌边缘交出第03个可复查证据”，必须失去“一枚空种子的自我完整性，并承认未诞生混沌不能再被旧层级命名”；若拒绝，“无有·播种回环·种子初醒304的核心危机吞掉本章缓冲，arc-098无法完成门槛封口”会提前发生。,detailed-v4
chapter-2429,2429,arc-098,4,起因,确认异常不是孤立事故，让空种子悬停区交出第04个可复查证据,一行新宇宙代码注释权，并承认种子不能再被旧层级命名,无有·播种回环·最后眷恋初醒305的核心危机吞掉本章缓冲，arc-098无法完成门槛封口,为得到“确认异常不是孤立事故，让空种子悬停区交出第04个可复查证据”，必须失去“一行新宇宙代码注释权，并承认种子不能再被旧层级命名”；若拒绝，“无有·播种回环·最后眷恋初醒305的核心危机吞掉本章缓冲，arc-098无法完成门槛封口”会提前发生。,detailed-v4
chapter-2430,2430,arc-098,5,反证,推翻旧模型仍可解释一切的假设，让最后眷恋坠落点交出第05个可复查证据,一个终点幻觉，并承认最后眷恋不能再被旧层级命名,无有·播种回环·第一行代码初醒306的核心危机吞掉本章缓冲，arc-098无法完成门槛封口,为得到“推翻旧模型仍可解释一切的假设，让最后眷恋坠落点交出第05个可复查证据”，必须失去“一个终点幻觉，并承认最后眷恋不能再被旧层级命名”；若拒绝，“无有·播种回环·第一行代码初醒306的核心危机吞掉本章缓冲，arc-098无法完成门槛封口”会提前发生。,detailed-v4
chapter-2431,2431,arc-098,6,反证,推翻旧模型仍可解释一切的假设，让第一行代码暗面交出第06个可复查证据,一次轮回监狱出口，并承认第一行代码不能再被旧层级命名,无有·播种回环·无终点初醒307的核心危机吞掉本章缓冲，arc-098无法完成门槛封口,为得到“推翻旧模型仍可解释一切的假设，让第一行代码暗面交出第06个可复查证据”，必须失去“一次轮回监狱出口，并承认第一行代码不能再被旧层级命名”；若拒绝，“无有·播种回环·无终点初醒307的核心危机吞掉本章缓冲，arc-098无法完成门槛封口”会提前发生。,detailed-v4
chapter-2432,2432,arc-098,7,反证,推翻旧模型仍可解释一切的假设，让无终点临界面交出第07个可复查证据,一枚空种子的自我完整性，并承认无终点不能再被旧层级命名,无有·播种回环·播撒初醒308的核心危机吞掉本章缓冲，arc-098无法完成门槛封口,为得到“推翻旧模型仍可解释一切的假设，让无终点临界面交出第07个可复查证据”，必须失去“一枚空种子的自我完整性，并承认无终点不能再被旧层级命名”；若拒绝，“无有·播种回环·播撒初醒308的核心危机吞掉本章缓冲，arc-098无法完成门槛封口”会提前发生。,detailed-v4
chapter-2433,2433,arc-098,8,反证,推翻旧模型仍可解释一切的假设，让播撒轨道交出第08个可复查证据,一行新宇宙代码注释权，并承认播撒不能再被旧层级命名,无有·播种回环·回声初醒309的核心危机吞掉本章缓冲，arc-098无法完成门槛封口,为得到“推翻旧模型仍可解释一切的假设，让播撒轨道交出第08个可复查证据”，必须失去“一行新宇宙代码注释权，并承认播撒不能再被旧层级命名”；若拒绝，“无有·播种回环·回声初醒309的核心危机吞掉本章缓冲，arc-098无法完成门槛封口”会提前发生。,detailed-v4
chapter-2434,2434,arc-098,9,代价,换取一次继续观测的资格，让回声残膜交出第09个可复查证据,一个终点幻觉，并承认回声不能再被旧层级命名,无有·播种回环·新黎明初醒310的核心危机吞掉本章缓冲，arc-098无法完成门槛封口,为得到“换取一次继续观测的资格，让回声残膜交出第09个可复查证据”，必须失去“一个终点幻觉，并承认回声不能再被旧层级命名”；若拒绝，“无有·播种回环·新黎明初醒310的核心危机吞掉本章缓冲，arc-098无法完成门槛封口”会提前发生。,detailed-v4
chapter-2435,2435,arc-098,10,代价,换取一次继续观测的资格，让新黎明临界面交出第10个可复查证据,一次轮回监狱出口，并承认新黎明不能再被旧层级命名,无有·播种回环·无有裂响311的核心危机吞掉本章缓冲，arc-098无法完成门槛封口,为得到“换取一次继续观测的资格，让新黎明临界面交出第10个可复查证据”，必须失去“一次轮回监狱出口，并承认新黎明不能再被旧层级命名”；若拒绝，“无有·播种回环·无有裂响311的核心危机吞掉本章缓冲，arc-098无法完成门槛封口”会提前发生。,detailed-v4
chapter-2436,2436,arc-098,11,代价,换取一次继续观测的资格，让无有之域暗面交出第11个可复查证据,一枚空种子的自我完整性，并承认无有不能再被旧层级命名,无有·播种回环·轮回监狱裂响312的核心危机吞掉本章缓冲，arc-098无法完成门槛封口,为得到“换取一次继续观测的资格，让无有之域暗面交出第11个可复查证据”，必须失去“一枚空种子的自我完整性，并承认无有不能再被旧层级命名”；若拒绝，“无有·播种回环·轮回监狱裂响312的核心危机吞掉本章缓冲，arc-098无法完成门槛封口”会提前发生。,detailed-v4
chapter-2437,2437,arc-098,12,误判,暴露角色仍误信的判断方式，让轮回监狱外壁交出第12个可复查证据,一行新宇宙代码注释权，并承认轮回监狱不能再被旧层级命名,无有·播种回环·未诞生混沌裂响313的核心危机吞掉本章缓冲，arc-098无法完成门槛封口,为得到“暴露角色仍误信的判断方式，让轮回监狱外壁交出第12个可复查证据”，必须失去“一行新宇宙代码注释权，并承认轮回监狱不能再被旧层级命名”；若拒绝，“无有·播种回环·未诞生混沌裂响313的核心危机吞掉本章缓冲，arc-098无法完成门槛封口”会提前发生。,detailed-v4
chapter-2438,2438,arc-098,13,误判,暴露角色仍误信的判断方式，让未诞生混沌边缘交出第13个可复查证据,一个终点幻觉，并承认未诞生混沌不能再被旧层级命名,无有·播种回环·种子裂响314的核心危机吞掉本章缓冲，arc-098无法完成门槛封口,为得到“暴露角色仍误信的判断方式，让未诞生混沌边缘交出第13个可复查证据”，必须失去“一个终点幻觉，并承认未诞生混沌不能再被旧层级命名”；若拒绝，“无有·播种回环·种子裂响314的核心危机吞掉本章缓冲，arc-098无法完成门槛封口”会提前发生。,detailed-v4
chapter-2439,2439,arc-098,14,误判,暴露角色仍误信的判断方式，让空种子悬停区交出第14个可复查证据,一次轮回监狱出口，并承认种子不能再被旧层级命名,无有·播种回环·最后眷恋裂响315的核心危机吞掉本章缓冲，arc-098无法完成门槛封口,为得到“暴露角色仍误信的判断方式，让空种子悬停区交出第14个可复查证据”，必须失去“一次轮回监狱出口，并承认种子不能再被旧层级命名”；若拒绝，“无有·播种回环·最后眷恋裂响315的核心危机吞掉本章缓冲，arc-098无法完成门槛封口”会提前发生。,detailed-v4
chapter-2440,2440,arc-098,15,误判,暴露角色仍误信的判断方式，让最后眷恋坠落点交出第15个可复查证据,一枚空种子的自我完整性，并承认最后眷恋不能再被旧层级命名,无有·播种回环·第一行代码裂响316的核心危机吞掉本章缓冲，arc-098无法完成门槛封口,为得到“暴露角色仍误信的判断方式，让最后眷恋坠落点交出第15个可复查证据”，必须失去“一枚空种子的自我完整性，并承认最后眷恋不能再被旧层级命名”；若拒绝，“无有·播种回环·第一行代码裂响316的核心危机吞掉本章缓冲，arc-098无法完成门槛封口”会提前发生。,detailed-v4
chapter-2441,2441,arc-098,16,失控,把异常限制在可写的物理边界内，让第一行代码暗面交出第16个可复查证据,一行新宇宙代码注释权，并承认第一行代码不能再被旧层级命名,无有·播种回环·无终点裂响317的核心危机吞掉本章缓冲，arc-098无法完成门槛封口,为得到“把异常限制在可写的物理边界内，让第一行代码暗面交出第16个可复查证据”，必须失去“一行新宇宙代码注释权，并承认第一行代码不能再被旧层级命名”；若拒绝，“无有·播种回环·无终点裂响317的核心危机吞掉本章缓冲，arc-098无法完成门槛封口”会提前发生。,detailed-v4
chapter-2442,2442,arc-098,17,失控,把异常限制在可写的物理边界内，让无终点临界面交出第17个可复查证据,一个终点幻觉，并承认无终点不能再被旧层级命名,无有·播种回环·播撒裂响318的核心危机吞掉本章缓冲，arc-098无法完成门槛封口,为得到“把异常限制在可写的物理边界内，让无终点临界面交出第17个可复查证据”，必须失去“一个终点幻觉，并承认无终点不能再被旧层级命名”；若拒绝，“无有·播种回环·播撒裂响318的核心危机吞掉本章缓冲，arc-098无法完成门槛封口”会提前发生。,detailed-v4
chapter-2443,2443,arc-098,18,失控,把异常限制在可写的物理边界内，让播撒轨道交出第18个可复查证据,一次轮回监狱出口，并承认播撒不能再被旧层级命名,无有·播种回环·回声裂响319的核心危机吞掉本章缓冲，arc-098无法完成门槛封口,为得到“把异常限制在可写的物理边界内，让播撒轨道交出第18个可复查证据”，必须失去“一次轮回监狱出口，并承认播撒不能再被旧层级命名”；若拒绝，“无有·播种回环·回声裂响319的核心危机吞掉本章缓冲，arc-098无法完成门槛封口”会提前发生。,detailed-v4
chapter-2444,2444,arc-098,19,失控,把异常限制在可写的物理边界内，让回声残膜交出第19个可复查证据,一枚空种子的自我完整性，并承认回声不能再被旧层级命名,无有·播种回环·新黎明裂响320的核心危机吞掉本章缓冲，arc-098无法完成门槛封口,为得到“把异常限制在可写的物理边界内，让回声残膜交出第19个可复查证据”，必须失去“一枚空种子的自我完整性，并承认回声不能再被旧层级命名”；若拒绝，“无有·播种回环·新黎明裂响320的核心危机吞掉本章缓冲，arc-098无法完成门槛封口”会提前发生。,detailed-v4
chapter-2445,2445,arc-098,20,回响,让眷恋线以硬证物返回，让新黎明临界面交出第20个可复查证据,一行新宇宙代码注释权，并承认新黎明不能再被旧层级命名,无有·播种回环·无有低语321的核心危机吞掉本章缓冲，arc-098无法完成门槛封口,为得到“让眷恋线以硬证物返回，让新黎明临界面交出第20个可复查证据”，必须失去“一行新宇宙代码注释权，并承认新黎明不能再被旧层级命名”；若拒绝，“无有·播种回环·无有低语321的核心危机吞掉本章缓冲，arc-098无法完成门槛封口”会提前发生。,detailed-v4
chapter-2446,2446,arc-098,21,回响,让眷恋线以硬证物返回，让无有之域暗面交出第21个可复查证据,一个终点幻觉，并承认无有不能再被旧层级命名,无有·播种回环·轮回监狱低语322的核心危机吞掉本章缓冲，arc-098无法完成门槛封口,为得到“让眷恋线以硬证物返回，让无有之域暗面交出第21个可复查证据”，必须失去“一个终点幻觉，并承认无有不能再被旧层级命名”；若拒绝，“无有·播种回环·轮回监狱低语322的核心危机吞掉本章缓冲，arc-098无法完成门槛封口”会提前发生。,detailed-v4
chapter-2447,2447,arc-098,22,回响,让眷恋线以硬证物返回，让轮回监狱外壁交出第22个可复查证据,一次轮回监狱出口，并承认轮回监狱不能再被旧层级命名,无有·播种回环·未诞生混沌低语323的核心危机吞掉本章缓冲，arc-098无法完成门槛封口,为得到“让眷恋线以硬证物返回，让轮回监狱外壁交出第22个可复查证据”，必须失去“一次轮回监狱出口，并承认轮回监狱不能再被旧层级命名”；若拒绝，“无有·播种回环·未诞生混沌低语323的核心危机吞掉本章缓冲，arc-098无法完成门槛封口”会提前发生。,detailed-v4
chapter-2448,2448,arc-098,23,门槛,把本组问题交给下一章群而不总结掉，让未诞生混沌边缘交出第23个可复查证据,一枚空种子的自我完整性，并承认未诞生混沌不能再被旧层级命名,无有·播种回环·种子低语324的核心危机吞掉本章缓冲，arc-098无法完成门槛封口,为得到“把本组问题交给下一章群而不总结掉，让未诞生混沌边缘交出第23个可复查证据”，必须失去“一枚空种子的自我完整性，并承认未诞生混沌不能再被旧层级命名”；若拒绝，“无有·播种回环·种子低语324的核心危机吞掉本章缓冲，arc-098无法完成门槛封口”会提前发生。,detailed-v4
chapter-2449,2449,arc-098,24,门槛,把本组问题交给下一章群而不总结掉，让空种子悬停区交出第24个可复查证据,一行新宇宙代码注释权，并承认种子不能再被旧层级命名,无有·播种回环·最后眷恋低语325的核心危机吞掉本章缓冲，arc-098无法完成门槛封口,为得到“把本组问题交给下一章群而不总结掉，让空种子悬停区交出第24个可复查证据”，必须失去“一行新宇宙代码注释权，并承认种子不能再被旧层级命名”；若拒绝，“无有·播种回环·最后眷恋低语325的核心危机吞掉本章缓冲，arc-098无法完成门槛封口”会提前发生。,detailed-v4
chapter-2450,2450,arc-098,25,门槛,把本组问题交给下一章群而不总结掉，让最后眷恋坠落点交出第25个可复查证据,一个终点幻觉，并承认最后眷恋不能再被旧层级命名,无有·播种回环·第一行代码低语326的核心危机吞掉本章缓冲，arc-098无法完成门槛封口,为得到“把本组问题交给下一章群而不总结掉，让最后眷恋坠落点交出第25个可复查证据”，必须失去“一个终点幻觉，并承认最后眷恋不能再被旧层级命名”；若拒绝，“无有·播种回环·第一行代码低语326的核心危机吞掉本章缓冲，arc-098无法完成门槛封口”会提前发生。,detailed-v4
chapter-2451,2451,arc-099,1,起因,确认异常不是孤立事故，让第一行代码暗面交出第01个可复查证据,一枚空种子的自我完整性，并承认第一行代码不能再被旧层级命名,无有·播种回环·无终点低语327的核心危机吞掉本章缓冲，arc-099无法完成门槛封口,为得到“确认异常不是孤立事故，让第一行代码暗面交出第01个可复查证据”，必须失去“一枚空种子的自我完整性，并承认第一行代码不能再被旧层级命名”；若拒绝，“无有·播种回环·无终点低语327的核心危机吞掉本章缓冲，arc-099无法完成门槛封口”会提前发生。,detailed-v4
chapter-2452,2452,arc-099,2,起因,确认异常不是孤立事故，让无终点临界面交出第02个可复查证据,一行新宇宙代码注释权，并承认无终点不能再被旧层级命名,无有·播种回环·播撒低语328的核心危机吞掉本章缓冲，arc-099无法完成门槛封口,为得到“确认异常不是孤立事故，让无终点临界面交出第02个可复查证据”，必须失去“一行新宇宙代码注释权，并承认无终点不能再被旧层级命名”；若拒绝，“无有·播种回环·播撒低语328的核心危机吞掉本章缓冲，arc-099无法完成门槛封口”会提前发生。,detailed-v4
chapter-2453,2453,arc-099,3,起因,确认异常不是孤立事故，让播撒轨道交出第03个可复查证据,一个终点幻觉，并承认播撒不能再被旧层级命名,无有·播种回环·回声低语329的核心危机吞掉本章缓冲，arc-099无法完成门槛封口,为得到“确认异常不是孤立事故，让播撒轨道交出第03个可复查证据”，必须失去“一个终点幻觉，并承认播撒不能再被旧层级命名”；若拒绝，“无有·播种回环·回声低语329的核心危机吞掉本章缓冲，arc-099无法完成门槛封口”会提前发生。,detailed-v4
chapter-2454,2454,arc-099,4,起因,确认异常不是孤立事故，让回声残膜交出第04个可复查证据,一次轮回监狱出口，并承认回声不能再被旧层级命名,无有·播种回环·新黎明低语330的核心危机吞掉本章缓冲，arc-099无法完成门槛封口,为得到“确认异常不是孤立事故，让回声残膜交出第04个可复查证据”，必须失去“一次轮回监狱出口，并承认回声不能再被旧层级命名”；若拒绝，“无有·播种回环·新黎明低语330的核心危机吞掉本章缓冲，arc-099无法完成门槛封口”会提前发生。,detailed-v4
chapter-2455,2455,arc-099,5,反证,推翻旧模型仍可解释一切的假设，让新黎明临界面交出第05个可复查证据,一枚空种子的自我完整性，并承认新黎明不能再被旧层级命名,无有·播种回环·无有回潮331的核心危机吞掉本章缓冲，arc-099无法完成门槛封口,为得到“推翻旧模型仍可解释一切的假设，让新黎明临界面交出第05个可复查证据”，必须失去“一枚空种子的自我完整性，并承认新黎明不能再被旧层级命名”；若拒绝，“无有·播种回环·无有回潮331的核心危机吞掉本章缓冲，arc-099无法完成门槛封口”会提前发生。,detailed-v4
chapter-2456,2456,arc-099,6,反证,推翻旧模型仍可解释一切的假设，让无有之域暗面交出第06个可复查证据,一行新宇宙代码注释权，并承认无有不能再被旧层级命名,无有·播种回环·轮回监狱回潮332的核心危机吞掉本章缓冲，arc-099无法完成门槛封口,为得到“推翻旧模型仍可解释一切的假设，让无有之域暗面交出第06个可复查证据”，必须失去“一行新宇宙代码注释权，并承认无有不能再被旧层级命名”；若拒绝，“无有·播种回环·轮回监狱回潮332的核心危机吞掉本章缓冲，arc-099无法完成门槛封口”会提前发生。,detailed-v4
chapter-2457,2457,arc-099,7,反证,推翻旧模型仍可解释一切的假设，让轮回监狱外壁交出第07个可复查证据,一个终点幻觉，并承认轮回监狱不能再被旧层级命名,无有·播种回环·未诞生混沌回潮333的核心危机吞掉本章缓冲，arc-099无法完成门槛封口,为得到“推翻旧模型仍可解释一切的假设，让轮回监狱外壁交出第07个可复查证据”，必须失去“一个终点幻觉，并承认轮回监狱不能再被旧层级命名”；若拒绝，“无有·播种回环·未诞生混沌回潮333的核心危机吞掉本章缓冲，arc-099无法完成门槛封口”会提前发生。,detailed-v4
chapter-2458,2458,arc-099,8,反证,推翻旧模型仍可解释一切的假设，让未诞生混沌边缘交出第08个可复查证据,一次轮回监狱出口，并承认未诞生混沌不能再被旧层级命名,无有·播种回环·种子回潮334的核心危机吞掉本章缓冲，arc-099无法完成门槛封口,为得到“推翻旧模型仍可解释一切的假设，让未诞生混沌边缘交出第08个可复查证据”，必须失去“一次轮回监狱出口，并承认未诞生混沌不能再被旧层级命名”；若拒绝，“无有·播种回环·种子回潮334的核心危机吞掉本章缓冲，arc-099无法完成门槛封口”会提前发生。,detailed-v4
chapter-2459,2459,arc-099,9,代价,换取一次继续观测的资格，让空种子悬停区交出第09个可复查证据,一枚空种子的自我完整性，并承认种子不能再被旧层级命名,无有·播种回环·最后眷恋回潮335的核心危机吞掉本章缓冲，arc-099无法完成门槛封口,为得到“换取一次继续观测的资格，让空种子悬停区交出第09个可复查证据”，必须失去“一枚空种子的自我完整性，并承认种子不能再被旧层级命名”；若拒绝，“无有·播种回环·最后眷恋回潮335的核心危机吞掉本章缓冲，arc-099无法完成门槛封口”会提前发生。,detailed-v4
chapter-2460,2460,arc-099,10,代价,换取一次继续观测的资格，让最后眷恋坠落点交出第10个可复查证据,一行新宇宙代码注释权，并承认最后眷恋不能再被旧层级命名,无有·播种回环·第一行代码回潮336的核心危机吞掉本章缓冲，arc-099无法完成门槛封口,为得到“换取一次继续观测的资格，让最后眷恋坠落点交出第10个可复查证据”，必须失去“一行新宇宙代码注释权，并承认最后眷恋不能再被旧层级命名”；若拒绝，“无有·播种回环·第一行代码回潮336的核心危机吞掉本章缓冲，arc-099无法完成门槛封口”会提前发生。,detailed-v4
chapter-2461,2461,arc-099,11,代价,换取一次继续观测的资格，让第一行代码暗面交出第11个可复查证据,一个终点幻觉，并承认第一行代码不能再被旧层级命名,无有·播种回环·无终点回潮337的核心危机吞掉本章缓冲，arc-099无法完成门槛封口,为得到“换取一次继续观测的资格，让第一行代码暗面交出第11个可复查证据”，必须失去“一个终点幻觉，并承认第一行代码不能再被旧层级命名”；若拒绝，“无有·播种回环·无终点回潮337的核心危机吞掉本章缓冲，arc-099无法完成门槛封口”会提前发生。,detailed-v4
chapter-2462,2462,arc-099,12,误判,暴露角色仍误信的判断方式，让无终点临界面交出第12个可复查证据,一次轮回监狱出口，并承认无终点不能再被旧层级命名,无有·播种回环·播撒回潮338的核心危机吞掉本章缓冲，arc-099无法完成门槛封口,为得到“暴露角色仍误信的判断方式，让无终点临界面交出第12个可复查证据”，必须失去“一次轮回监狱出口，并承认无终点不能再被旧层级命名”；若拒绝，“无有·播种回环·播撒回潮338的核心危机吞掉本章缓冲，arc-099无法完成门槛封口”会提前发生。,detailed-v4
chapter-2463,2463,arc-099,13,误判,暴露角色仍误信的判断方式，让播撒轨道交出第13个可复查证据,一枚空种子的自我完整性，并承认播撒不能再被旧层级命名,无有·播种回环·回声回潮339的核心危机吞掉本章缓冲，arc-099无法完成门槛封口,为得到“暴露角色仍误信的判断方式，让播撒轨道交出第13个可复查证据”，必须失去“一枚空种子的自我完整性，并承认播撒不能再被旧层级命名”；若拒绝，“无有·播种回环·回声回潮339的核心危机吞掉本章缓冲，arc-099无法完成门槛封口”会提前发生。,detailed-v4
chapter-2464,2464,arc-099,14,误判,暴露角色仍误信的判断方式，让回声残膜交出第14个可复查证据,一行新宇宙代码注释权，并承认回声不能再被旧层级命名,无有·播种回环·新黎明回潮340的核心危机吞掉本章缓冲，arc-099无法完成门槛封口,为得到“暴露角色仍误信的判断方式，让回声残膜交出第14个可复查证据”，必须失去“一行新宇宙代码注释权，并承认回声不能再被旧层级命名”；若拒绝，“无有·播种回环·新黎明回潮340的核心危机吞掉本章缓冲，arc-099无法完成门槛封口”会提前发生。,detailed-v4
chapter-2465,2465,arc-099,15,误判,暴露角色仍误信的判断方式，让新黎明临界面交出第15个可复查证据,一个终点幻觉，并承认新黎明不能再被旧层级命名,无有·播种回环·无有折光341的核心危机吞掉本章缓冲，arc-099无法完成门槛封口,为得到“暴露角色仍误信的判断方式，让新黎明临界面交出第15个可复查证据”，必须失去“一个终点幻觉，并承认新黎明不能再被旧层级命名”；若拒绝，“无有·播种回环·无有折光341的核心危机吞掉本章缓冲，arc-099无法完成门槛封口”会提前发生。,detailed-v4
chapter-2466,2466,arc-099,16,失控,把异常限制在可写的物理边界内，让无有之域暗面交出第16个可复查证据,一次轮回监狱出口，并承认无有不能再被旧层级命名,无有·播种回环·轮回监狱折光342的核心危机吞掉本章缓冲，arc-099无法完成门槛封口,为得到“把异常限制在可写的物理边界内，让无有之域暗面交出第16个可复查证据”，必须失去“一次轮回监狱出口，并承认无有不能再被旧层级命名”；若拒绝，“无有·播种回环·轮回监狱折光342的核心危机吞掉本章缓冲，arc-099无法完成门槛封口”会提前发生。,detailed-v4
chapter-2467,2467,arc-099,17,失控,把异常限制在可写的物理边界内，让轮回监狱外壁交出第17个可复查证据,一枚空种子的自我完整性，并承认轮回监狱不能再被旧层级命名,无有·播种回环·未诞生混沌折光343的核心危机吞掉本章缓冲，arc-099无法完成门槛封口,为得到“把异常限制在可写的物理边界内，让轮回监狱外壁交出第17个可复查证据”，必须失去“一枚空种子的自我完整性，并承认轮回监狱不能再被旧层级命名”；若拒绝，“无有·播种回环·未诞生混沌折光343的核心危机吞掉本章缓冲，arc-099无法完成门槛封口”会提前发生。,detailed-v4
chapter-2468,2468,arc-099,18,失控,把异常限制在可写的物理边界内，让未诞生混沌边缘交出第18个可复查证据,一行新宇宙代码注释权，并承认未诞生混沌不能再被旧层级命名,无有·播种回环·种子折光344的核心危机吞掉本章缓冲，arc-099无法完成门槛封口,为得到“把异常限制在可写的物理边界内，让未诞生混沌边缘交出第18个可复查证据”，必须失去“一行新宇宙代码注释权，并承认未诞生混沌不能再被旧层级命名”；若拒绝，“无有·播种回环·种子折光344的核心危机吞掉本章缓冲，arc-099无法完成门槛封口”会提前发生。,detailed-v4
chapter-2469,2469,arc-099,19,失控,把异常限制在可写的物理边界内，让空种子悬停区交出第19个可复查证据,一个终点幻觉，并承认种子不能再被旧层级命名,无有·播种回环·最后眷恋折光345的核心危机吞掉本章缓冲，arc-099无法完成门槛封口,为得到“把异常限制在可写的物理边界内，让空种子悬停区交出第19个可复查证据”，必须失去“一个终点幻觉，并承认种子不能再被旧层级命名”；若拒绝，“无有·播种回环·最后眷恋折光345的核心危机吞掉本章缓冲，arc-099无法完成门槛封口”会提前发生。,detailed-v4
chapter-2470,2470,arc-099,20,回响,让眷恋线以硬证物返回，让最后眷恋坠落点交出第20个可复查证据,一次轮回监狱出口，并承认最后眷恋不能再被旧层级命名,无有·播种回环·第一行代码折光346的核心危机吞掉本章缓冲，arc-099无法完成门槛封口,为得到“让眷恋线以硬证物返回，让最后眷恋坠落点交出第20个可复查证据”，必须失去“一次轮回监狱出口，并承认最后眷恋不能再被旧层级命名”；若拒绝，“无有·播种回环·第一行代码折光346的核心危机吞掉本章缓冲，arc-099无法完成门槛封口”会提前发生。,detailed-v4
chapter-2471,2471,arc-099,21,回响,让眷恋线以硬证物返回，让第一行代码暗面交出第21个可复查证据,一枚空种子的自我完整性，并承认第一行代码不能再被旧层级命名,无有·播种回环·无终点折光347的核心危机吞掉本章缓冲，arc-099无法完成门槛封口,为得到“让眷恋线以硬证物返回，让第一行代码暗面交出第21个可复查证据”，必须失去“一枚空种子的自我完整性，并承认第一行代码不能再被旧层级命名”；若拒绝，“无有·播种回环·无终点折光347的核心危机吞掉本章缓冲，arc-099无法完成门槛封口”会提前发生。,detailed-v4
chapter-2472,2472,arc-099,22,回响,让眷恋线以硬证物返回，让无终点临界面交出第22个可复查证据,一行新宇宙代码注释权，并承认无终点不能再被旧层级命名,无有·播种回环·播撒折光348的核心危机吞掉本章缓冲，arc-099无法完成门槛封口,为得到“让眷恋线以硬证物返回，让无终点临界面交出第22个可复查证据”，必须失去“一行新宇宙代码注释权，并承认无终点不能再被旧层级命名”；若拒绝，“无有·播种回环·播撒折光348的核心危机吞掉本章缓冲，arc-099无法完成门槛封口”会提前发生。,detailed-v4
chapter-2473,2473,arc-099,23,门槛,把本组问题交给下一章群而不总结掉，让播撒轨道交出第23个可复查证据,一个终点幻觉，并承认播撒不能再被旧层级命名,无有·播种回环·回声折光349的核心危机吞掉本章缓冲，arc-099无法完成门槛封口,为得到“把本组问题交给下一章群而不总结掉，让播撒轨道交出第23个可复查证据”，必须失去“一个终点幻觉，并承认播撒不能再被旧层级命名”；若拒绝，“无有·播种回环·回声折光349的核心危机吞掉本章缓冲，arc-099无法完成门槛封口”会提前发生。,detailed-v4
chapter-2474,2474,arc-099,24,门槛,把本组问题交给下一章群而不总结掉，让回声残膜交出第24个可复查证据,一次轮回监狱出口，并承认回声不能再被旧层级命名,无有·播种回环·新黎明折光350的核心危机吞掉本章缓冲，arc-099无法完成门槛封口,为得到“把本组问题交给下一章群而不总结掉，让回声残膜交出第24个可复查证据”，必须失去“一次轮回监狱出口，并承认回声不能再被旧层级命名”；若拒绝，“无有·播种回环·新黎明折光350的核心危机吞掉本章缓冲，arc-099无法完成门槛封口”会提前发生。,detailed-v4
chapter-2475,2475,arc-099,25,门槛,把本组问题交给下一章群而不总结掉，让新黎明临界面交出第25个可复查证据,一枚空种子的自我完整性，并承认新黎明不能再被旧层级命名,无有·播种回环·无有暗涌351的核心危机吞掉本章缓冲，arc-099无法完成门槛封口,为得到“把本组问题交给下一章群而不总结掉，让新黎明临界面交出第25个可复查证据”，必须失去“一枚空种子的自我完整性，并承认新黎明不能再被旧层级命名”；若拒绝，“无有·播种回环·无有暗涌351的核心危机吞掉本章缓冲，arc-099无法完成门槛封口”会提前发生。,detailed-v4
chapter-2476,2476,arc-100,1,起因,确认异常不是孤立事故，让无有之域暗面交出第01个可复查证据,一个终点幻觉，并承认无有不能再被旧层级命名,无有·播种回环·轮回监狱暗涌352的核心危机吞掉本章缓冲，arc-100无法完成门槛封口,为得到“确认异常不是孤立事故，让无有之域暗面交出第01个可复查证据”，必须失去“一个终点幻觉，并承认无有不能再被旧层级命名”；若拒绝，“无有·播种回环·轮回监狱暗涌352的核心危机吞掉本章缓冲，arc-100无法完成门槛封口”会提前发生。,detailed-v4
chapter-2477,2477,arc-100,2,起因,确认异常不是孤立事故，让轮回监狱外壁交出第02个可复查证据,一次轮回监狱出口，并承认轮回监狱不能再被旧层级命名,无有·播种回环·未诞生混沌暗涌353的核心危机吞掉本章缓冲，arc-100无法完成门槛封口,为得到“确认异常不是孤立事故，让轮回监狱外壁交出第02个可复查证据”，必须失去“一次轮回监狱出口，并承认轮回监狱不能再被旧层级命名”；若拒绝，“无有·播种回环·未诞生混沌暗涌353的核心危机吞掉本章缓冲，arc-100无法完成门槛封口”会提前发生。,detailed-v4
chapter-2478,2478,arc-100,3,起因,确认异常不是孤立事故，让未诞生混沌边缘交出第03个可复查证据,一枚空种子的自我完整性，并承认未诞生混沌不能再被旧层级命名,无有·播种回环·种子暗涌354的核心危机吞掉本章缓冲，arc-100无法完成门槛封口,为得到“确认异常不是孤立事故，让未诞生混沌边缘交出第03个可复查证据”，必须失去“一枚空种子的自我完整性，并承认未诞生混沌不能再被旧层级命名”；若拒绝，“无有·播种回环·种子暗涌354的核心危机吞掉本章缓冲，arc-100无法完成门槛封口”会提前发生。,detailed-v4
chapter-2479,2479,arc-100,4,起因,确认异常不是孤立事故，让空种子悬停区交出第04个可复查证据,一行新宇宙代码注释权，并承认种子不能再被旧层级命名,无有·播种回环·最后眷恋暗涌355的核心危机吞掉本章缓冲，arc-100无法完成门槛封口,为得到“确认异常不是孤立事故，让空种子悬停区交出第04个可复查证据”，必须失去“一行新宇宙代码注释权，并承认种子不能再被旧层级命名”；若拒绝，“无有·播种回环·最后眷恋暗涌355的核心危机吞掉本章缓冲，arc-100无法完成门槛封口”会提前发生。,detailed-v4
chapter-2480,2480,arc-100,5,反证,推翻旧模型仍可解释一切的假设，让最后眷恋坠落点交出第05个可复查证据,一个终点幻觉，并承认最后眷恋不能再被旧层级命名,无有·播种回环·第一行代码暗涌356的核心危机吞掉本章缓冲，arc-100无法完成门槛封口,为得到“推翻旧模型仍可解释一切的假设，让最后眷恋坠落点交出第05个可复查证据”，必须失去“一个终点幻觉，并承认最后眷恋不能再被旧层级命名”；若拒绝，“无有·播种回环·第一行代码暗涌356的核心危机吞掉本章缓冲，arc-100无法完成门槛封口”会提前发生。,detailed-v4
chapter-2481,2481,arc-100,6,反证,推翻旧模型仍可解释一切的假设，让第一行代码暗面交出第06个可复查证据,一次轮回监狱出口，并承认第一行代码不能再被旧层级命名,无有·播种回环·无终点暗涌357的核心危机吞掉本章缓冲，arc-100无法完成门槛封口,为得到“推翻旧模型仍可解释一切的假设，让第一行代码暗面交出第06个可复查证据”，必须失去“一次轮回监狱出口，并承认第一行代码不能再被旧层级命名”；若拒绝，“无有·播种回环·无终点暗涌357的核心危机吞掉本章缓冲，arc-100无法完成门槛封口”会提前发生。,detailed-v4
chapter-2482,2482,arc-100,7,反证,推翻旧模型仍可解释一切的假设，让无终点临界面交出第07个可复查证据,一枚空种子的自我完整性，并承认无终点不能再被旧层级命名,无有·播种回环·播撒暗涌358的核心危机吞掉本章缓冲，arc-100无法完成门槛封口,为得到“推翻旧模型仍可解释一切的假设，让无终点临界面交出第07个可复查证据”，必须失去“一枚空种子的自我完整性，并承认无终点不能再被旧层级命名”；若拒绝，“无有·播种回环·播撒暗涌358的核心危机吞掉本章缓冲，arc-100无法完成门槛封口”会提前发生。,detailed-v4
chapter-2483,2483,arc-100,8,反证,推翻旧模型仍可解释一切的假设，让播撒轨道交出第08个可复查证据,一行新宇宙代码注释权，并承认播撒不能再被旧层级命名,无有·播种回环·回声暗涌359的核心危机吞掉本章缓冲，arc-100无法完成门槛封口,为得到“推翻旧模型仍可解释一切的假设，让播撒轨道交出第08个可复查证据”，必须失去“一行新宇宙代码注释权，并承认播撒不能再被旧层级命名”；若拒绝，“无有·播种回环·回声暗涌359的核心危机吞掉本章缓冲，arc-100无法完成门槛封口”会提前发生。,detailed-v4
chapter-2484,2484,arc-100,9,代价,换取一次继续观测的资格，让回声残膜交出第09个可复查证据,一个终点幻觉，并承认回声不能再被旧层级命名,无有·播种回环·新黎明暗涌360的核心危机吞掉本章缓冲，arc-100无法完成门槛封口,为得到“换取一次继续观测的资格，让回声残膜交出第09个可复查证据”，必须失去“一个终点幻觉，并承认回声不能再被旧层级命名”；若拒绝，“无有·播种回环·新黎明暗涌360的核心危机吞掉本章缓冲，arc-100无法完成门槛封口”会提前发生。,detailed-v4
chapter-2485,2485,arc-100,10,代价,换取一次继续观测的资格，让新黎明临界面交出第10个可复查证据,一次轮回监狱出口，并承认新黎明不能再被旧层级命名,无有·播种回环·无有证词361的核心危机吞掉本章缓冲，arc-100无法完成门槛封口,为得到“换取一次继续观测的资格，让新黎明临界面交出第10个可复查证据”，必须失去“一次轮回监狱出口，并承认新黎明不能再被旧层级命名”；若拒绝，“无有·播种回环·无有证词361的核心危机吞掉本章缓冲，arc-100无法完成门槛封口”会提前发生。,detailed-v4
chapter-2486,2486,arc-100,11,代价,换取一次继续观测的资格，让无有之域暗面交出第11个可复查证据,一枚空种子的自我完整性，并承认无有不能再被旧层级命名,无有·播种回环·轮回监狱证词362的核心危机吞掉本章缓冲，arc-100无法完成门槛封口,为得到“换取一次继续观测的资格，让无有之域暗面交出第11个可复查证据”，必须失去“一枚空种子的自我完整性，并承认无有不能再被旧层级命名”；若拒绝，“无有·播种回环·轮回监狱证词362的核心危机吞掉本章缓冲，arc-100无法完成门槛封口”会提前发生。,detailed-v4
chapter-2487,2487,arc-100,12,误判,暴露角色仍误信的判断方式，让轮回监狱外壁交出第12个可复查证据,一行新宇宙代码注释权，并承认轮回监狱不能再被旧层级命名,无有·播种回环·未诞生混沌证词363的核心危机吞掉本章缓冲，arc-100无法完成门槛封口,为得到“暴露角色仍误信的判断方式，让轮回监狱外壁交出第12个可复查证据”，必须失去“一行新宇宙代码注释权，并承认轮回监狱不能再被旧层级命名”；若拒绝，“无有·播种回环·未诞生混沌证词363的核心危机吞掉本章缓冲，arc-100无法完成门槛封口”会提前发生。,detailed-v4
chapter-2488,2488,arc-100,13,误判,暴露角色仍误信的判断方式，让未诞生混沌边缘交出第13个可复查证据,一个终点幻觉，并承认未诞生混沌不能再被旧层级命名,无有·播种回环·种子证词364的核心危机吞掉本章缓冲，arc-100无法完成门槛封口,为得到“暴露角色仍误信的判断方式，让未诞生混沌边缘交出第13个可复查证据”，必须失去“一个终点幻觉，并承认未诞生混沌不能再被旧层级命名”；若拒绝，“无有·播种回环·种子证词364的核心危机吞掉本章缓冲，arc-100无法完成门槛封口”会提前发生。,detailed-v4
chapter-2489,2489,arc-100,14,误判,暴露角色仍误信的判断方式，让空种子悬停区交出第14个可复查证据,一次轮回监狱出口，并承认种子不能再被旧层级命名,无有·播种回环·最后眷恋证词365的核心危机吞掉本章缓冲，arc-100无法完成门槛封口,为得到“暴露角色仍误信的判断方式，让空种子悬停区交出第14个可复查证据”，必须失去“一次轮回监狱出口，并承认种子不能再被旧层级命名”；若拒绝，“无有·播种回环·最后眷恋证词365的核心危机吞掉本章缓冲，arc-100无法完成门槛封口”会提前发生。,detailed-v4
chapter-2490,2490,arc-100,15,误判,暴露角色仍误信的判断方式，让最后眷恋坠落点交出第15个可复查证据,一枚空种子的自我完整性，并承认最后眷恋不能再被旧层级命名,无有·播种回环·第一行代码证词366的核心危机吞掉本章缓冲，arc-100无法完成门槛封口,为得到“暴露角色仍误信的判断方式，让最后眷恋坠落点交出第15个可复查证据”，必须失去“一枚空种子的自我完整性，并承认最后眷恋不能再被旧层级命名”；若拒绝，“无有·播种回环·第一行代码证词366的核心危机吞掉本章缓冲，arc-100无法完成门槛封口”会提前发生。,detailed-v4
chapter-2491,2491,arc-100,16,失控,把异常限制在可写的物理边界内，让第一行代码暗面交出第16个可复查证据,一行新宇宙代码注释权，并承认第一行代码不能再被旧层级命名,无有·播种回环·无终点证词367的核心危机吞掉本章缓冲，arc-100无法完成门槛封口,为得到“把异常限制在可写的物理边界内，让第一行代码暗面交出第16个可复查证据”，必须失去“一行新宇宙代码注释权，并承认第一行代码不能再被旧层级命名”；若拒绝，“无有·播种回环·无终点证词367的核心危机吞掉本章缓冲，arc-100无法完成门槛封口”会提前发生。,detailed-v4
chapter-2492,2492,arc-100,17,失控,把异常限制在可写的物理边界内，让无终点临界面交出第17个可复查证据,一个终点幻觉，并承认无终点不能再被旧层级命名,无有·播种回环·播撒证词368的核心危机吞掉本章缓冲，arc-100无法完成门槛封口,为得到“把异常限制在可写的物理边界内，让无终点临界面交出第17个可复查证据”，必须失去“一个终点幻觉，并承认无终点不能再被旧层级命名”；若拒绝，“无有·播种回环·播撒证词368的核心危机吞掉本章缓冲，arc-100无法完成门槛封口”会提前发生。,detailed-v4
chapter-2493,2493,arc-100,18,失控,把异常限制在可写的物理边界内，让播撒轨道交出第18个可复查证据,一次轮回监狱出口，并承认播撒不能再被旧层级命名,无有·播种回环·回声证词369的核心危机吞掉本章缓冲，arc-100无法完成门槛封口,为得到“把异常限制在可写的物理边界内，让播撒轨道交出第18个可复查证据”，必须失去“一次轮回监狱出口，并承认播撒不能再被旧层级命名”；若拒绝，“无有·播种回环·回声证词369的核心危机吞掉本章缓冲，arc-100无法完成门槛封口”会提前发生。,detailed-v4
chapter-2494,2494,arc-100,19,失控,把异常限制在可写的物理边界内，让回声残膜交出第19个可复查证据,一枚空种子的自我完整性，并承认回声不能再被旧层级命名,无有·播种回环·新黎明证词370的核心危机吞掉本章缓冲，arc-100无法完成门槛封口,为得到“把异常限制在可写的物理边界内，让回声残膜交出第19个可复查证据”，必须失去“一枚空种子的自我完整性，并承认回声不能再被旧层级命名”；若拒绝，“无有·播种回环·新黎明证词370的核心危机吞掉本章缓冲，arc-100无法完成门槛封口”会提前发生。,detailed-v4
chapter-2495,2495,arc-100,20,回响,让眷恋线以硬证物返回，让新黎明临界面交出第20个可复查证据,一行新宇宙代码注释权，并承认新黎明不能再被旧层级命名,无有·播种回环·无有坠落371的核心危机吞掉本章缓冲，arc-100无法完成门槛封口,为得到“让眷恋线以硬证物返回，让新黎明临界面交出第20个可复查证据”，必须失去“一行新宇宙代码注释权，并承认新黎明不能再被旧层级命名”；若拒绝，“无有·播种回环·无有坠落371的核心危机吞掉本章缓冲，arc-100无法完成门槛封口”会提前发生。,detailed-v4
chapter-2496,2496,arc-100,21,回响,让眷恋线以硬证物返回，让无有之域暗面交出第21个可复查证据,一个终点幻觉，并承认无有不能再被旧层级命名,无有·播种回环·轮回监狱坠落372的核心危机吞掉本章缓冲，arc-100无法完成门槛封口,为得到“让眷恋线以硬证物返回，让无有之域暗面交出第21个可复查证据”，必须失去“一个终点幻觉，并承认无有不能再被旧层级命名”；若拒绝，“无有·播种回环·轮回监狱坠落372的核心危机吞掉本章缓冲，arc-100无法完成门槛封口”会提前发生。,detailed-v4
chapter-2497,2497,arc-100,22,回响,让眷恋线以硬证物返回，让轮回监狱外壁交出第22个可复查证据,一次轮回监狱出口，并承认轮回监狱不能再被旧层级命名,无有·播种回环·未诞生混沌坠落373的核心危机吞掉本章缓冲，arc-100无法完成门槛封口,为得到“让眷恋线以硬证物返回，让轮回监狱外壁交出第22个可复查证据”，必须失去“一次轮回监狱出口，并承认轮回监狱不能再被旧层级命名”；若拒绝，“无有·播种回环·未诞生混沌坠落373的核心危机吞掉本章缓冲，arc-100无法完成门槛封口”会提前发生。,detailed-v4
chapter-2498,2498,arc-100,23,门槛,把本组问题交给下一章群而不总结掉，让未诞生混沌边缘交出第23个可复查证据,一枚空种子的自我完整性，并承认未诞生混沌不能再被旧层级命名,无有·播种回环·种子坠落374的核心危机吞掉本章缓冲，arc-100无法完成门槛封口,为得到“把本组问题交给下一章群而不总结掉，让未诞生混沌边缘交出第23个可复查证据”，必须失去“一枚空种子的自我完整性，并承认未诞生混沌不能再被旧层级命名”；若拒绝，“无有·播种回环·种子坠落374的核心危机吞掉本章缓冲，arc-100无法完成门槛封口”会提前发生。,detailed-v4
chapter-2499,2499,arc-100,24,门槛,把本组问题交给下一章群而不总结掉，让空种子悬停区交出第24个可复查证据,一行新宇宙代码注释权，并承认种子不能再被旧层级命名,无有·播种回环·最后眷恋坠落375的核心危机吞掉本章缓冲，arc-100无法完成门槛封口,为得到“把本组问题交给下一章群而不总结掉，让空种子悬停区交出第24个可复查证据”，必须失去“一行新宇宙代码注释权，并承认种子不能再被旧层级命名”；若拒绝，“无有·播种回环·最后眷恋坠落375的核心危机吞掉本章缓冲，arc-100无法完成门槛封口”会提前发生。,detailed-v4
chapter-2500,2500,arc-100,25,门槛,把本组问题交给下一章群而不总结掉，让最后眷恋坠落点交出第25个可复查证据,一个终点幻觉，并承认最后眷恋不能再被旧层级命名,无，作为全书终章处理的核心危机吞掉本章缓冲，arc-100无法完成门槛封口,为得到“把本组问题交给下一章群而不总结掉，让最后眷恋坠落点交出第25个可复查证据”，必须失去“一个终点幻觉，并承认最后眷恋不能再被旧层级命名”；若拒绝，“无，作为全书终章处理的核心危机吞掉本章缓冲，arc-100无法完成门槛封口”会提前发生。,detailed-v4
