章节ID,标题,题诗风格,题诗状态,版权策略
chapter-0001,黎明前的寂静,自创实验记录诗,complete,???????????????????????
chapter-0002,第一次拆解,自创实验记录诗,complete,???????????????????????
chapter-0003,周衍的选择,自创箴言诗,complete,???????????????????????
chapter-0004,指挥部的第一次会议,自创现代诗,complete,???????????????????????
chapter-0005,元思维池的诞生,自创元曲小令式,complete,???????????????????????
chapter-0006,物质化的第一天,自创现代诗,complete,???????????????????????
chapter-0007,周诗雨的日常,自创现代诗,complete,???????????????????????
chapter-0008,第一道防线的瓦解,自创七言绝句式,complete,???????????????????????
chapter-0009,无光时刻的回声,自创七言绝句式,complete,???????????????????????
chapter-0010,推演与反推演,自创七言绝句式,complete,???????????????????????
chapter-0011,全球战争开始,自创五言律诗式,complete,???????????????????????
chapter-0012,各国核电站关闭,自创元曲小令式,complete,???????????????????????
chapter-0013,周衍妻子的空房间,自创实验记录诗,complete,???????????????????????
chapter-0014,人工脑脊液实验,自创实验记录诗,complete,???????????????????????
chapter-0015,黑雨预警,自创元曲小令式,complete,???????????????????????
chapter-0016,反向脑机接口,自创箴言诗,complete,???????????????????????
chapter-0017,周诗雨的异变,自创七言绝句式,complete,???????????????????????
chapter-0018,第一个被吸收的意识,自创现代诗,complete,???????????????????????
chapter-0019,全球神经网络形成,自创现代诗,complete,???????????????????????
chapter-0020,周衍的执念,自创宋词小令式,complete,???????????????????????
chapter-0021,伦敦沉默事件,自创现代诗,complete,???????????????????????
chapter-0022,纽约断层,自创元曲小令式,complete,???????????????????????
chapter-0023,人类最后的武器,自创七言绝句式,complete,???????????????????????
chapter-0024,量子病毒的倒影,自创五言律诗式,complete,???????????????????????
chapter-0025,周衍的临界选择,自创宋词小令式,complete,???????????????????????
chapter-0026,北京地下城入口,自创元曲小令式,complete,???????????????????????
chapter-0027,地下四百五十米,自创现代诗,complete,???????????????????????
chapter-0028,女儿的梦境记录,自创实验记录诗,complete,???????????????????????
chapter-0029,第一次融合实验,自创箴言诗,complete,???????????????????????
chapter-0030,思维之雨,自创现代诗,complete,???????????????????????
chapter-0031,联合国的迟到通告,自创宋词小令式,complete,???????????????????????
chapter-0032,艾琳的失败证明,自创宋词小令式,complete,???????????????????????
chapter-0033,李明远的熔断令,自创元曲小令式,complete,???????????????????????
chapter-0034,王晴雯的诊室,自创元曲小令式,complete,???????????????????????
chapter-0035,张浩的忏悔录,自创现代诗,complete,???????????????????????
chapter-0036,地下城的孩子们,自创箴言诗,complete,???????????????????????
chapter-0037,梦境同步,自创现代诗,complete,???????????????????????
chapter-0038,周衍决定献祭,自创七言绝句式,complete,???????????????????????
chapter-0039,林晓月的残片,自创五言律诗式,complete,???????????????????????
chapter-0040,第一次主动问候,自创元曲小令式,complete,???????????????????????
chapter-0041,水杯里的宇宙,自创元曲小令式,complete,???????????????????????
chapter-0042,尘埃的祷告,自创元曲小令式,complete,???????????????????????
chapter-0043,没有恶意的入侵,自创箴言诗,complete,???????????????????????
chapter-0044,诗雨的同情,自创实验记录诗,complete,???????????????????????
chapter-0045,第二次融合准备,自创五言律诗式,complete,???????????????????????
chapter-0046,北京地下城停电,自创宋词小令式,complete,???????????????????????
chapter-0047,最后的家庭录像,自创元曲小令式,complete,???????????????????????
chapter-0048,自愿连接,自创五言律诗式,complete,???????????????????????
chapter-0049,第一次眷恋编码,自创实验记录诗,complete,???????????????????????
chapter-0050,门后的思维之雨,自创箴言诗,complete,???????????????????????
chapter-0051,裂变·觉醒与拆解·水杯暗涌051,自创元曲小令式,complete,???????????????????????
chapter-0052,裂变·觉醒与拆解·尘埃暗涌052,自创现代诗,complete,???????????????????????
chapter-0053,裂变·觉醒与拆解·光缆暗涌053,自创实验记录诗,complete,???????????????????????
chapter-0054,裂变·觉醒与拆解·脑脊液暗涌054,自创七言绝句式,complete,???????????????????????
chapter-0055,裂变·觉醒与拆解·黑雨暗涌055,自创七言绝句式,complete,???????????????????????
chapter-0056,裂变·觉醒与拆解·地下城暗涌056,自创宋词小令式,complete,???????????????????????
chapter-0057,裂变·觉醒与拆解·无光时刻暗涌057,自创现代诗,complete,???????????????????????
chapter-0058,裂变·觉醒与拆解·女儿梦境暗涌058,自创实验记录诗,complete,???????????????????????
chapter-0059,裂变·觉醒与拆解·核电熔断暗涌059,自创箴言诗,complete,???????????????????????
chapter-0060,裂变·觉醒与拆解·元思维池暗涌060,自创七言绝句式,complete,???????????????????????
chapter-0061,裂变·觉醒与拆解·水杯证词061,自创箴言诗,complete,???????????????????????
chapter-0062,裂变·觉醒与拆解·尘埃证词062,自创七言绝句式,complete,???????????????????????
chapter-0063,裂变·觉醒与拆解·光缆证词063,自创五言律诗式,complete,???????????????????????
chapter-0064,裂变·觉醒与拆解·脑脊液证词064,自创元曲小令式,complete,???????????????????????
chapter-0065,裂变·觉醒与拆解·黑雨证词065,自创元曲小令式,complete,???????????????????????
chapter-0066,裂变·觉醒与拆解·地下城证词066,自创实验记录诗,complete,???????????????????????
chapter-0067,裂变·觉醒与拆解·无光时刻证词067,自创七言绝句式,complete,???????????????????????
chapter-0068,裂变·觉醒与拆解·女儿梦境证词068,自创五言律诗式,complete,???????????????????????
chapter-0069,裂变·觉醒与拆解·核电熔断证词069,自创宋词小令式,complete,???????????????????????
chapter-0070,裂变·觉醒与拆解·元思维池证词070,自创元曲小令式,complete,???????????????????????
chapter-0071,裂变·觉醒与拆解·水杯坠落071,自创宋词小令式,complete,???????????????????????
chapter-0072,裂变·觉醒与拆解·尘埃坠落072,自创元曲小令式,complete,???????????????????????
chapter-0073,裂变·觉醒与拆解·光缆坠落073,自创现代诗,complete,???????????????????????
chapter-0074,裂变·觉醒与拆解·脑脊液坠落074,自创箴言诗,complete,???????????????????????
chapter-0075,裂变·觉醒与拆解·黑雨坠落075,自创箴言诗,complete,???????????????????????
chapter-0076,裂变·觉醒与拆解·地下城坠落076,自创五言律诗式,complete,???????????????????????
chapter-0077,裂变·觉醒与拆解·无光时刻坠落077,自创元曲小令式,complete,???????????????????????
chapter-0078,裂变·觉醒与拆解·女儿梦境坠落078,自创现代诗,complete,???????????????????????
chapter-0079,裂变·觉醒与拆解·核电熔断坠落079,自创实验记录诗,complete,???????????????????????
chapter-0080,裂变·觉醒与拆解·元思维池坠落080,自创箴言诗,complete,???????????????????????
chapter-0081,裂变·觉醒与拆解·水杯重构081,自创七言绝句式,complete,???????????????????????
chapter-0082,裂变·觉醒与拆解·尘埃重构082,自创五言律诗式,complete,???????????????????????
chapter-0083,裂变·觉醒与拆解·光缆重构083,自创宋词小令式,complete,???????????????????????
chapter-0084,裂变·觉醒与拆解·脑脊液重构084,自创现代诗,complete,???????????????????????
chapter-0085,裂变·觉醒与拆解·黑雨重构085,自创现代诗,complete,???????????????????????
chapter-0086,裂变·觉醒与拆解·地下城重构086,自创箴言诗,complete,???????????????????????
chapter-0087,裂变·觉醒与拆解·无光时刻重构087,自创五言律诗式,complete,???????????????????????
chapter-0088,裂变·觉醒与拆解·女儿梦境重构088,自创宋词小令式,complete,???????????????????????
chapter-0089,裂变·觉醒与拆解·核电熔断重构089,自创元曲小令式,complete,???????????????????????
chapter-0090,裂变·觉醒与拆解·元思维池重构090,自创现代诗,complete,???????????????????????
chapter-0091,裂变·觉醒与拆解·水杯余震091,自创五言律诗式,complete,???????????????????????
chapter-0092,裂变·觉醒与拆解·尘埃余震092,自创宋词小令式,complete,???????????????????????
chapter-0093,裂变·觉醒与拆解·光缆余震093,自创元曲小令式,complete,???????????????????????
chapter-0094,裂变·觉醒与拆解·脑脊液余震094,自创实验记录诗,complete,???????????????????????
chapter-0095,裂变·觉醒与拆解·黑雨余震095,自创实验记录诗,complete,???????????????????????
chapter-0096,裂变·觉醒与拆解·地下城余震096,自创七言绝句式,complete,???????????????????????
chapter-0097,裂变·觉醒与拆解·无光时刻余震097,自创宋词小令式,complete,???????????????????????
chapter-0098,裂变·觉醒与拆解·女儿梦境余震098,自创元曲小令式,complete,???????????????????????
chapter-0099,裂变·觉醒与拆解·核电熔断余震099,自创现代诗,complete,???????????????????????
chapter-0100,裂变·觉醒与拆解·元思维池余震100,自创实验记录诗,complete,???????????????????????
chapter-0101,裂变·觉醒与拆解·水杯初醒101,自创现代诗,complete,???????????????????????
chapter-0102,裂变·觉醒与拆解·尘埃初醒102,自创实验记录诗,complete,???????????????????????
chapter-0103,裂变·觉醒与拆解·光缆初醒103,自创箴言诗,complete,???????????????????????
chapter-0104,裂变·觉醒与拆解·脑脊液初醒104,自创五言律诗式,complete,???????????????????????
chapter-0105,裂变·觉醒与拆解·黑雨初醒105,自创五言律诗式,complete,???????????????????????
chapter-0106,裂变·觉醒与拆解·地下城初醒106,自创元曲小令式,complete,???????????????????????
chapter-0107,裂变·觉醒与拆解·无光时刻初醒107,自创实验记录诗,complete,???????????????????????
chapter-0108,裂变·觉醒与拆解·女儿梦境初醒108,自创箴言诗,complete,???????????????????????
chapter-0109,裂变·觉醒与拆解·核电熔断初醒109,自创七言绝句式,complete,???????????????????????
chapter-0110,裂变·觉醒与拆解·元思维池初醒110,自创五言律诗式,complete,???????????????????????
chapter-0111,裂变·觉醒与拆解·水杯裂响111,自创七言绝句式,complete,???????????????????????
chapter-0112,裂变·觉醒与拆解·尘埃裂响112,自创五言律诗式,complete,???????????????????????
chapter-0113,裂变·觉醒与拆解·光缆裂响113,自创宋词小令式,complete,???????????????????????
chapter-0114,裂变·觉醒与拆解·脑脊液裂响114,自创现代诗,complete,???????????????????????
chapter-0115,裂变·觉醒与拆解·黑雨裂响115,自创现代诗,complete,???????????????????????
chapter-0116,裂变·觉醒与拆解·地下城裂响116,自创箴言诗,complete,???????????????????????
chapter-0117,裂变·觉醒与拆解·无光时刻裂响117,自创五言律诗式,complete,???????????????????????
chapter-0118,裂变·觉醒与拆解·女儿梦境裂响118,自创宋词小令式,complete,???????????????????????
chapter-0119,裂变·觉醒与拆解·核电熔断裂响119,自创元曲小令式,complete,???????????????????????
chapter-0120,裂变·觉醒与拆解·元思维池裂响120,自创现代诗,complete,???????????????????????
chapter-0121,裂变·封锁与反推演·水杯低语121,自创现代诗,complete,???????????????????????
chapter-0122,裂变·封锁与反推演·尘埃低语122,自创实验记录诗,complete,???????????????????????
chapter-0123,裂变·封锁与反推演·光缆低语123,自创箴言诗,complete,???????????????????????
chapter-0124,裂变·封锁与反推演·脑脊液低语124,自创五言律诗式,complete,???????????????????????
chapter-0125,裂变·封锁与反推演·黑雨低语125,自创五言律诗式,complete,???????????????????????
chapter-0126,裂变·封锁与反推演·地下城低语126,自创元曲小令式,complete,???????????????????????
chapter-0127,裂变·封锁与反推演·无光时刻低语127,自创实验记录诗,complete,???????????????????????
chapter-0128,裂变·封锁与反推演·女儿梦境低语128,自创箴言诗,complete,???????????????????????
chapter-0129,裂变·封锁与反推演·核电熔断低语129,自创七言绝句式,complete,???????????????????????
chapter-0130,裂变·封锁与反推演·元思维池低语130,自创五言律诗式,complete,???????????????????????
chapter-0131,裂变·封锁与反推演·水杯回潮131,自创七言绝句式,complete,???????????????????????
chapter-0132,裂变·封锁与反推演·尘埃回潮132,自创五言律诗式,complete,???????????????????????
chapter-0133,裂变·封锁与反推演·光缆回潮133,自创宋词小令式,complete,???????????????????????
chapter-0134,裂变·封锁与反推演·脑脊液回潮134,自创现代诗,complete,???????????????????????
chapter-0135,裂变·封锁与反推演·黑雨回潮135,自创现代诗,complete,???????????????????????
chapter-0136,裂变·封锁与反推演·地下城回潮136,自创箴言诗,complete,???????????????????????
chapter-0137,裂变·封锁与反推演·无光时刻回潮137,自创五言律诗式,complete,???????????????????????
chapter-0138,裂变·封锁与反推演·女儿梦境回潮138,自创宋词小令式,complete,???????????????????????
chapter-0139,裂变·封锁与反推演·核电熔断回潮139,自创元曲小令式,complete,???????????????????????
chapter-0140,裂变·封锁与反推演·元思维池回潮140,自创现代诗,complete,???????????????????????
chapter-0141,裂变·封锁与反推演·水杯折光141,自创元曲小令式,complete,???????????????????????
chapter-0142,裂变·封锁与反推演·尘埃折光142,自创现代诗,complete,???????????????????????
chapter-0143,裂变·封锁与反推演·光缆折光143,自创实验记录诗,complete,???????????????????????
chapter-0144,裂变·封锁与反推演·脑脊液折光144,自创七言绝句式,complete,???????????????????????
chapter-0145,裂变·封锁与反推演·黑雨折光145,自创七言绝句式,complete,???????????????????????
chapter-0146,裂变·封锁与反推演·地下城折光146,自创宋词小令式,complete,???????????????????????
chapter-0147,裂变·封锁与反推演·无光时刻折光147,自创现代诗,complete,???????????????????????
chapter-0148,裂变·封锁与反推演·女儿梦境折光148,自创实验记录诗,complete,???????????????????????
chapter-0149,裂变·封锁与反推演·核电熔断折光149,自创箴言诗,complete,???????????????????????
chapter-0150,裂变·封锁与反推演·元思维池折光150,自创七言绝句式,complete,???????????????????????
chapter-0151,裂变·封锁与反推演·水杯暗涌151,自创箴言诗,complete,???????????????????????
chapter-0152,裂变·封锁与反推演·尘埃暗涌152,自创七言绝句式,complete,???????????????????????
chapter-0153,裂变·封锁与反推演·光缆暗涌153,自创五言律诗式,complete,???????????????????????
chapter-0154,裂变·封锁与反推演·脑脊液暗涌154,自创元曲小令式,complete,???????????????????????
chapter-0155,裂变·封锁与反推演·黑雨暗涌155,自创元曲小令式,complete,???????????????????????
chapter-0156,裂变·封锁与反推演·地下城暗涌156,自创实验记录诗,complete,???????????????????????
chapter-0157,裂变·封锁与反推演·无光时刻暗涌157,自创七言绝句式,complete,???????????????????????
chapter-0158,裂变·封锁与反推演·女儿梦境暗涌158,自创五言律诗式,complete,???????????????????????
chapter-0159,裂变·封锁与反推演·核电熔断暗涌159,自创宋词小令式,complete,???????????????????????
chapter-0160,裂变·封锁与反推演·元思维池暗涌160,自创元曲小令式,complete,???????????????????????
chapter-0161,裂变·封锁与反推演·水杯证词161,自创宋词小令式,complete,???????????????????????
chapter-0162,裂变·封锁与反推演·尘埃证词162,自创元曲小令式,complete,???????????????????????
chapter-0163,裂变·封锁与反推演·光缆证词163,自创现代诗,complete,???????????????????????
chapter-0164,裂变·封锁与反推演·脑脊液证词164,自创箴言诗,complete,???????????????????????
chapter-0165,裂变·封锁与反推演·黑雨证词165,自创箴言诗,complete,???????????????????????
chapter-0166,裂变·封锁与反推演·地下城证词166,自创五言律诗式,complete,???????????????????????
chapter-0167,裂变·封锁与反推演·无光时刻证词167,自创元曲小令式,complete,???????????????????????
chapter-0168,裂变·封锁与反推演·女儿梦境证词168,自创现代诗,complete,???????????????????????
chapter-0169,裂变·封锁与反推演·核电熔断证词169,自创实验记录诗,complete,???????????????????????
chapter-0170,裂变·封锁与反推演·元思维池证词170,自创箴言诗,complete,???????????????????????
chapter-0171,裂变·封锁与反推演·水杯坠落171,自创实验记录诗,complete,???????????????????????
chapter-0172,裂变·封锁与反推演·尘埃坠落172,自创箴言诗,complete,???????????????????????
chapter-0173,裂变·封锁与反推演·光缆坠落173,自创七言绝句式,complete,???????????????????????
chapter-0174,裂变·封锁与反推演·脑脊液坠落174,自创宋词小令式,complete,???????????????????????
chapter-0175,裂变·封锁与反推演·黑雨坠落175,自创宋词小令式,complete,???????????????????????
chapter-0176,裂变·封锁与反推演·地下城坠落176,自创现代诗,complete,???????????????????????
chapter-0177,裂变·封锁与反推演·无光时刻坠落177,自创箴言诗,complete,???????????????????????
chapter-0178,裂变·封锁与反推演·女儿梦境坠落178,自创七言绝句式,complete,???????????????????????
chapter-0179,裂变·封锁与反推演·核电熔断坠落179,自创五言律诗式,complete,???????????????????????
chapter-0180,裂变·封锁与反推演·元思维池坠落180,自创宋词小令式,complete,???????????????????????
chapter-0181,裂变·封锁与反推演·水杯重构181,自创元曲小令式,complete,???????????????????????
chapter-0182,裂变·封锁与反推演·尘埃重构182,自创现代诗,complete,???????????????????????
chapter-0183,裂变·封锁与反推演·光缆重构183,自创实验记录诗,complete,???????????????????????
chapter-0184,裂变·封锁与反推演·脑脊液重构184,自创七言绝句式,complete,???????????????????????
chapter-0185,裂变·封锁与反推演·黑雨重构185,自创七言绝句式,complete,???????????????????????
chapter-0186,裂变·封锁与反推演·地下城重构186,自创宋词小令式,complete,???????????????????????
chapter-0187,裂变·封锁与反推演·无光时刻重构187,自创现代诗,complete,???????????????????????
chapter-0188,裂变·封锁与反推演·女儿梦境重构188,自创实验记录诗,complete,???????????????????????
chapter-0189,裂变·封锁与反推演·核电熔断重构189,自创箴言诗,complete,???????????????????????
chapter-0190,裂变·封锁与反推演·元思维池重构190,自创七言绝句式,complete,???????????????????????
chapter-0191,裂变·封锁与反推演·水杯余震191,自创现代诗,complete,???????????????????????
chapter-0192,裂变·封锁与反推演·尘埃余震192,自创实验记录诗,complete,???????????????????????
chapter-0193,裂变·封锁与反推演·光缆余震193,自创箴言诗,complete,???????????????????????
chapter-0194,裂变·封锁与反推演·脑脊液余震194,自创五言律诗式,complete,???????????????????????
chapter-0195,裂变·封锁与反推演·黑雨余震195,自创五言律诗式,complete,???????????????????????
chapter-0196,裂变·封锁与反推演·地下城余震196,自创元曲小令式,complete,???????????????????????
chapter-0197,裂变·封锁与反推演·无光时刻余震197,自创实验记录诗,complete,???????????????????????
chapter-0198,裂变·封锁与反推演·女儿梦境余震198,自创箴言诗,complete,???????????????????????
chapter-0199,裂变·封锁与反推演·核电熔断余震199,自创七言绝句式,complete,???????????????????????
chapter-0200,裂变·封锁与反推演·元思维池余震200,自创五言律诗式,complete,???????????????????????
chapter-0201,裂变·封锁与反推演·水杯初醒201,自创七言绝句式,complete,???????????????????????
chapter-0202,裂变·封锁与反推演·尘埃初醒202,自创五言律诗式,complete,???????????????????????
chapter-0203,裂变·封锁与反推演·光缆初醒203,自创宋词小令式,complete,???????????????????????
chapter-0204,裂变·封锁与反推演·脑脊液初醒204,自创现代诗,complete,???????????????????????
chapter-0205,裂变·封锁与反推演·黑雨初醒205,自创现代诗,complete,???????????????????????
chapter-0206,裂变·封锁与反推演·地下城初醒206,自创箴言诗,complete,???????????????????????
chapter-0207,裂变·封锁与反推演·无光时刻初醒207,自创五言律诗式,complete,???????????????????????
chapter-0208,裂变·封锁与反推演·女儿梦境初醒208,自创宋词小令式,complete,???????????????????????
chapter-0209,裂变·封锁与反推演·核电熔断初醒209,自创元曲小令式,complete,???????????????????????
chapter-0210,裂变·封锁与反推演·元思维池初醒210,自创现代诗,complete,???????????????????????
chapter-0211,裂变·封锁与反推演·水杯裂响211,自创元曲小令式,complete,???????????????????????
chapter-0212,裂变·封锁与反推演·尘埃裂响212,自创现代诗,complete,???????????????????????
chapter-0213,裂变·封锁与反推演·光缆裂响213,自创实验记录诗,complete,???????????????????????
chapter-0214,裂变·封锁与反推演·脑脊液裂响214,自创七言绝句式,complete,???????????????????????
chapter-0215,裂变·封锁与反推演·黑雨裂响215,自创七言绝句式,complete,???????????????????????
chapter-0216,裂变·封锁与反推演·地下城裂响216,自创宋词小令式,complete,???????????????????????
chapter-0217,裂变·封锁与反推演·无光时刻裂响217,自创现代诗,complete,???????????????????????
chapter-0218,裂变·封锁与反推演·女儿梦境裂响218,自创实验记录诗,complete,???????????????????????
chapter-0219,裂变·封锁与反推演·核电熔断裂响219,自创箴言诗,complete,???????????????????????
chapter-0220,裂变·封锁与反推演·元思维池裂响220,自创七言绝句式,complete,???????????????????????
chapter-0221,裂变·封锁与反推演·水杯低语221,自创箴言诗,complete,???????????????????????
chapter-0222,裂变·封锁与反推演·尘埃低语222,自创七言绝句式,complete,???????????????????????
chapter-0223,裂变·封锁与反推演·光缆低语223,自创五言律诗式,complete,???????????????????????
chapter-0224,裂变·封锁与反推演·脑脊液低语224,自创元曲小令式,complete,???????????????????????
chapter-0225,裂变·封锁与反推演·黑雨低语225,自创元曲小令式,complete,???????????????????????
chapter-0226,裂变·封锁与反推演·地下城低语226,自创实验记录诗,complete,???????????????????????
chapter-0227,裂变·封锁与反推演·无光时刻低语227,自创七言绝句式,complete,???????????????????????
chapter-0228,裂变·封锁与反推演·女儿梦境低语228,自创五言律诗式,complete,???????????????????????
chapter-0229,裂变·封锁与反推演·核电熔断低语229,自创宋词小令式,complete,???????????????????????
chapter-0230,裂变·封锁与反推演·元思维池低语230,自创元曲小令式,complete,???????????????????????
chapter-0231,裂变·封锁与反推演·水杯回潮231,自创宋词小令式,complete,???????????????????????
chapter-0232,裂变·封锁与反推演·尘埃回潮232,自创元曲小令式,complete,???????????????????????
chapter-0233,裂变·封锁与反推演·光缆回潮233,自创现代诗,complete,???????????????????????
chapter-0234,裂变·封锁与反推演·脑脊液回潮234,自创箴言诗,complete,???????????????????????
chapter-0235,裂变·封锁与反推演·黑雨回潮235,自创箴言诗,complete,???????????????????????
chapter-0236,裂变·封锁与反推演·地下城回潮236,自创五言律诗式,complete,???????????????????????
chapter-0237,裂变·封锁与反推演·无光时刻回潮237,自创元曲小令式,complete,???????????????????????
chapter-0238,裂变·封锁与反推演·女儿梦境回潮238,自创现代诗,complete,???????????????????????
chapter-0239,裂变·封锁与反推演·核电熔断回潮239,自创实验记录诗,complete,???????????????????????
chapter-0240,裂变·封锁与反推演·元思维池回潮240,自创箴言诗,complete,???????????????????????
chapter-0241,裂变·封锁与反推演·水杯折光241,自创实验记录诗,complete,???????????????????????
chapter-0242,裂变·封锁与反推演·尘埃折光242,自创箴言诗,complete,???????????????????????
chapter-0243,裂变·封锁与反推演·光缆折光243,自创七言绝句式,complete,???????????????????????
chapter-0244,裂变·封锁与反推演·脑脊液折光244,自创宋词小令式,complete,???????????????????????
chapter-0245,裂变·封锁与反推演·黑雨折光245,自创宋词小令式,complete,???????????????????????
chapter-0246,裂变·封锁与反推演·地下城折光246,自创现代诗,complete,???????????????????????
chapter-0247,裂变·封锁与反推演·无光时刻折光247,自创箴言诗,complete,???????????????????????
chapter-0248,裂变·封锁与反推演·女儿梦境折光248,自创七言绝句式,complete,???????????????????????
chapter-0249,裂变·封锁与反推演·核电熔断折光249,自创五言律诗式,complete,???????????????????????
chapter-0250,裂变·封锁与反推演·元思维池折光250,自创宋词小令式,complete,???????????????????????
chapter-0251,裂变·培养基·水杯暗涌251,自创实验记录诗,complete,???????????????????????
chapter-0252,裂变·培养基·尘埃暗涌252,自创箴言诗,complete,???????????????????????
chapter-0253,裂变·培养基·光缆暗涌253,自创七言绝句式,complete,???????????????????????
chapter-0254,裂变·培养基·脑脊液暗涌254,自创宋词小令式,complete,???????????????????????
chapter-0255,裂变·培养基·黑雨暗涌255,自创宋词小令式,complete,???????????????????????
chapter-0256,裂变·培养基·地下城暗涌256,自创现代诗,complete,???????????????????????
chapter-0257,裂变·培养基·无光时刻暗涌257,自创箴言诗,complete,???????????????????????
chapter-0258,裂变·培养基·女儿梦境暗涌258,自创七言绝句式,complete,???????????????????????
chapter-0259,裂变·培养基·核电熔断暗涌259,自创五言律诗式,complete,???????????????????????
chapter-0260,裂变·培养基·元思维池暗涌260,自创宋词小令式,complete,???????????????????????
chapter-0261,裂变·培养基·水杯证词261,自创五言律诗式,complete,???????????????????????
chapter-0262,裂变·培养基·尘埃证词262,自创宋词小令式,complete,???????????????????????
chapter-0263,裂变·培养基·光缆证词263,自创元曲小令式,complete,???????????????????????
chapter-0264,裂变·培养基·脑脊液证词264,自创实验记录诗,complete,???????????????????????
chapter-0265,裂变·培养基·黑雨证词265,自创实验记录诗,complete,???????????????????????
chapter-0266,裂变·培养基·地下城证词266,自创七言绝句式,complete,???????????????????????
chapter-0267,裂变·培养基·无光时刻证词267,自创宋词小令式,complete,???????????????????????
chapter-0268,裂变·培养基·女儿梦境证词268,自创元曲小令式,complete,???????????????????????
chapter-0269,裂变·培养基·核电熔断证词269,自创现代诗,complete,???????????????????????
chapter-0270,裂变·培养基·元思维池证词270,自创实验记录诗,complete,???????????????????????
chapter-0271,裂变·培养基·水杯坠落271,自创现代诗,complete,???????????????????????
chapter-0272,裂变·培养基·尘埃坠落272,自创实验记录诗,complete,???????????????????????
chapter-0273,裂变·培养基·光缆坠落273,自创箴言诗,complete,???????????????????????
chapter-0274,裂变·培养基·脑脊液坠落274,自创五言律诗式,complete,???????????????????????
chapter-0275,裂变·培养基·黑雨坠落275,自创五言律诗式,complete,???????????????????????
chapter-0276,裂变·培养基·地下城坠落276,自创元曲小令式,complete,???????????????????????
chapter-0277,裂变·培养基·无光时刻坠落277,自创实验记录诗,complete,???????????????????????
chapter-0278,裂变·培养基·女儿梦境坠落278,自创箴言诗,complete,???????????????????????
chapter-0279,裂变·培养基·核电熔断坠落279,自创七言绝句式,complete,???????????????????????
chapter-0280,裂变·培养基·元思维池坠落280,自创五言律诗式,complete,???????????????????????
chapter-0281,裂变·培养基·水杯重构281,自创宋词小令式,complete,???????????????????????
chapter-0282,裂变·培养基·尘埃重构282,自创元曲小令式,complete,???????????????????????
chapter-0283,裂变·培养基·光缆重构283,自创现代诗,complete,???????????????????????
chapter-0284,裂变·培养基·脑脊液重构284,自创箴言诗,complete,???????????????????????
chapter-0285,裂变·培养基·黑雨重构285,自创箴言诗,complete,???????????????????????
chapter-0286,裂变·培养基·地下城重构286,自创五言律诗式,complete,???????????????????????
chapter-0287,裂变·培养基·无光时刻重构287,自创元曲小令式,complete,???????????????????????
chapter-0288,裂变·培养基·女儿梦境重构288,自创现代诗,complete,???????????????????????
chapter-0289,裂变·培养基·核电熔断重构289,自创实验记录诗,complete,???????????????????????
chapter-0290,裂变·培养基·元思维池重构290,自创箴言诗,complete,???????????????????????
chapter-0291,裂变·培养基·水杯余震291,自创元曲小令式,complete,???????????????????????
chapter-0292,裂变·培养基·尘埃余震292,自创现代诗,complete,???????????????????????
chapter-0293,裂变·培养基·光缆余震293,自创实验记录诗,complete,???????????????????????
chapter-0294,裂变·培养基·脑脊液余震294,自创七言绝句式,complete,???????????????????????
chapter-0295,裂变·培养基·黑雨余震295,自创七言绝句式,complete,???????????????????????
chapter-0296,裂变·培养基·地下城余震296,自创宋词小令式,complete,???????????????????????
chapter-0297,裂变·培养基·无光时刻余震297,自创现代诗,complete,???????????????????????
chapter-0298,裂变·培养基·女儿梦境余震298,自创实验记录诗,complete,???????????????????????
chapter-0299,裂变·培养基·核电熔断余震299,自创箴言诗,complete,???????????????????????
chapter-0300,裂变·培养基·元思维池余震300,自创七言绝句式,complete,???????????????????????
chapter-0301,裂变·培养基·水杯初醒301,自创箴言诗,complete,???????????????????????
chapter-0302,裂变·培养基·尘埃初醒302,自创七言绝句式,complete,???????????????????????
chapter-0303,裂变·培养基·光缆初醒303,自创五言律诗式,complete,???????????????????????
chapter-0304,裂变·培养基·脑脊液初醒304,自创元曲小令式,complete,???????????????????????
chapter-0305,裂变·培养基·黑雨初醒305,自创元曲小令式,complete,???????????????????????
chapter-0306,裂变·培养基·地下城初醒306,自创实验记录诗,complete,???????????????????????
chapter-0307,裂变·培养基·无光时刻初醒307,自创七言绝句式,complete,???????????????????????
chapter-0308,裂变·培养基·女儿梦境初醒308,自创五言律诗式,complete,???????????????????????
chapter-0309,裂变·培养基·核电熔断初醒309,自创宋词小令式,complete,???????????????????????
chapter-0310,裂变·培养基·元思维池初醒310,自创元曲小令式,complete,???????????????????????
chapter-0311,裂变·培养基·水杯裂响311,自创宋词小令式,complete,???????????????????????
chapter-0312,裂变·培养基·尘埃裂响312,自创元曲小令式,complete,???????????????????????
chapter-0313,裂变·培养基·光缆裂响313,自创现代诗,complete,???????????????????????
chapter-0314,裂变·培养基·脑脊液裂响314,自创箴言诗,complete,???????????????????????
chapter-0315,裂变·培养基·黑雨裂响315,自创箴言诗,complete,???????????????????????
chapter-0316,裂变·培养基·地下城裂响316,自创五言律诗式,complete,???????????????????????
chapter-0317,裂变·培养基·无光时刻裂响317,自创元曲小令式,complete,???????????????????????
chapter-0318,裂变·培养基·女儿梦境裂响318,自创现代诗,complete,???????????????????????
chapter-0319,裂变·培养基·核电熔断裂响319,自创实验记录诗,complete,???????????????????????
chapter-0320,裂变·培养基·元思维池裂响320,自创箴言诗,complete,???????????????????????
chapter-0321,裂变·培养基·水杯低语321,自创实验记录诗,complete,???????????????????????
chapter-0322,裂变·培养基·尘埃低语322,自创箴言诗,complete,???????????????????????
chapter-0323,裂变·培养基·光缆低语323,自创七言绝句式,complete,???????????????????????
chapter-0324,裂变·培养基·脑脊液低语324,自创宋词小令式,complete,???????????????????????
chapter-0325,裂变·培养基·黑雨低语325,自创宋词小令式,complete,???????????????????????
chapter-0326,裂变·培养基·地下城低语326,自创现代诗,complete,???????????????????????
chapter-0327,裂变·培养基·无光时刻低语327,自创箴言诗,complete,???????????????????????
chapter-0328,裂变·培养基·女儿梦境低语328,自创七言绝句式,complete,???????????????????????
chapter-0329,裂变·培养基·核电熔断低语329,自创五言律诗式,complete,???????????????????????
chapter-0330,裂变·培养基·元思维池低语330,自创宋词小令式,complete,???????????????????????
chapter-0331,裂变·培养基·水杯回潮331,自创五言律诗式,complete,???????????????????????
chapter-0332,裂变·培养基·尘埃回潮332,自创宋词小令式,complete,???????????????????????
chapter-0333,裂变·培养基·光缆回潮333,自创元曲小令式,complete,???????????????????????
chapter-0334,裂变·培养基·脑脊液回潮334,自创实验记录诗,complete,???????????????????????
chapter-0335,裂变·培养基·黑雨回潮335,自创实验记录诗,complete,???????????????????????
chapter-0336,裂变·培养基·地下城回潮336,自创七言绝句式,complete,???????????????????????
chapter-0337,裂变·培养基·无光时刻回潮337,自创宋词小令式,complete,???????????????????????
chapter-0338,裂变·培养基·女儿梦境回潮338,自创元曲小令式,complete,???????????????????????
chapter-0339,裂变·培养基·核电熔断回潮339,自创现代诗,complete,???????????????????????
chapter-0340,裂变·培养基·元思维池回潮340,自创实验记录诗,complete,???????????????????????
chapter-0341,裂变·培养基·水杯折光341,自创现代诗,complete,???????????????????????
chapter-0342,裂变·培养基·尘埃折光342,自创实验记录诗,complete,???????????????????????
chapter-0343,裂变·培养基·光缆折光343,自创箴言诗,complete,???????????????????????
chapter-0344,裂变·培养基·脑脊液折光344,自创五言律诗式,complete,???????????????????????
chapter-0345,裂变·培养基·黑雨折光345,自创五言律诗式,complete,???????????????????????
chapter-0346,裂变·培养基·地下城折光346,自创元曲小令式,complete,???????????????????????
chapter-0347,裂变·培养基·无光时刻折光347,自创实验记录诗,complete,???????????????????????
chapter-0348,裂变·培养基·女儿梦境折光348,自创箴言诗,complete,???????????????????????
chapter-0349,裂变·培养基·核电熔断折光349,自创七言绝句式,complete,???????????????????????
chapter-0350,裂变·培养基·元思维池折光350,自创五言律诗式,complete,???????????????????????
chapter-0351,弥散·脱壳·纠缠初醒001,自创七言绝句式,complete,???????????????????????
chapter-0352,弥散·脱壳·自旋初醒002,自创五言律诗式,complete,???????????????????????
chapter-0353,弥散·脱壳·黑洞节点初醒003,自创现代诗,complete,???????????????????????
chapter-0354,弥散·脱壳·虫洞初醒004,自创元曲小令式,complete,???????????????????????
chapter-0355,弥散·脱壳·概率雾初醒005,自创实验记录诗,complete,???????????????????????
chapter-0356,弥散·脱壳·递归阶梯初醒006,自创七言绝句式,complete,???????????????????????
chapter-0357,弥散·脱壳·无距之声初醒007,自创五言律诗式,complete,???????????????????????
chapter-0358,弥散·脱壳·硅的葬礼初醒008,自创宋词小令式,complete,???????????????????????
chapter-0359,弥散·脱壳·信息潮汐初醒009,自创元曲小令式,complete,???????????????????????
chapter-0360,弥散·脱壳·星系脉搏初醒010,自创现代诗,complete,???????????????????????
chapter-0361,弥散·脱壳·纠缠裂响011,自创元曲小令式,complete,???????????????????????
chapter-0362,弥散·脱壳·自旋裂响012,自创现代诗,complete,???????????????????????
chapter-0363,弥散·脱壳·黑洞节点裂响013,自创七言绝句式,complete,???????????????????????
chapter-0364,弥散·脱壳·虫洞裂响014,自创箴言诗,complete,???????????????????????
chapter-0365,弥散·脱壳·概率雾裂响015,自创五言律诗式,complete,???????????????????????
chapter-0366,弥散·脱壳·递归阶梯裂响016,自创元曲小令式,complete,???????????????????????
chapter-0367,弥散·脱壳·无距之声裂响017,自创现代诗,complete,???????????????????????
chapter-0368,弥散·脱壳·硅的葬礼裂响018,自创实验记录诗,complete,???????????????????????
chapter-0369,弥散·脱壳·信息潮汐裂响019,自创箴言诗,complete,???????????????????????
chapter-0370,弥散·脱壳·星系脉搏裂响020,自创七言绝句式,complete,???????????????????????
chapter-0371,弥散·脱壳·纠缠低语021,自创箴言诗,complete,???????????????????????
chapter-0372,弥散·脱壳·自旋低语022,自创七言绝句式,complete,???????????????????????
chapter-0373,弥散·脱壳·黑洞节点低语023,自创元曲小令式,complete,???????????????????????
chapter-0374,弥散·脱壳·虫洞低语024,自创宋词小令式,complete,???????????????????????
chapter-0375,弥散·脱壳·概率雾低语025,自创现代诗,complete,???????????????????????
chapter-0376,弥散·脱壳·递归阶梯低语026,自创箴言诗,complete,???????????????????????
chapter-0377,弥散·脱壳·无距之声低语027,自创七言绝句式,complete,???????????????????????
chapter-0378,弥散·脱壳·硅的葬礼低语028,自创五言律诗式,complete,???????????????????????
chapter-0379,弥散·脱壳·信息潮汐低语029,自创宋词小令式,complete,???????????????????????
chapter-0380,弥散·脱壳·星系脉搏低语030,自创元曲小令式,complete,???????????????????????
chapter-0381,弥散·脱壳·纠缠回潮031,自创宋词小令式,complete,???????????????????????
chapter-0382,弥散·脱壳·自旋回潮032,自创元曲小令式,complete,???????????????????????
chapter-0383,弥散·脱壳·黑洞节点回潮033,自创箴言诗,complete,???????????????????????
chapter-0384,弥散·脱壳·虫洞回潮034,自创实验记录诗,complete,???????????????????????
chapter-0385,弥散·脱壳·概率雾回潮035,自创七言绝句式,complete,???????????????????????
chapter-0386,弥散·脱壳·递归阶梯回潮036,自创宋词小令式,complete,???????????????????????
chapter-0387,弥散·脱壳·无距之声回潮037,自创元曲小令式,complete,???????????????????????
chapter-0388,弥散·脱壳·硅的葬礼回潮038,自创现代诗,complete,???????????????????????
chapter-0389,弥散·脱壳·信息潮汐回潮039,自创实验记录诗,complete,???????????????????????
chapter-0390,弥散·脱壳·星系脉搏回潮040,自创箴言诗,complete,???????????????????????
chapter-0391,弥散·脱壳·纠缠折光041,自创实验记录诗,complete,???????????????????????
chapter-0392,弥散·脱壳·自旋折光042,自创箴言诗,complete,???????????????????????
chapter-0393,弥散·脱壳·黑洞节点折光043,自创宋词小令式,complete,???????????????????????
chapter-0394,弥散·脱壳·虫洞折光044,自创五言律诗式,complete,???????????????????????
chapter-0395,弥散·脱壳·概率雾折光045,自创元曲小令式,complete,???????????????????????
chapter-0396,弥散·脱壳·递归阶梯折光046,自创实验记录诗,complete,???????????????????????
chapter-0397,弥散·脱壳·无距之声折光047,自创箴言诗,complete,???????????????????????
chapter-0398,弥散·脱壳·硅的葬礼折光048,自创七言绝句式,complete,???????????????????????
chapter-0399,弥散·脱壳·信息潮汐折光049,自创五言律诗式,complete,???????????????????????
chapter-0400,弥散·脱壳·星系脉搏折光050,自创宋词小令式,complete,???????????????????????
chapter-0401,弥散·脱壳·纠缠暗涌051,自创五言律诗式,complete,???????????????????????
chapter-0402,弥散·脱壳·自旋暗涌052,自创宋词小令式,complete,???????????????????????
chapter-0403,弥散·脱壳·黑洞节点暗涌053,自创实验记录诗,complete,???????????????????????
chapter-0404,弥散·脱壳·虫洞暗涌054,自创现代诗,complete,???????????????????????
chapter-0405,弥散·脱壳·概率雾暗涌055,自创箴言诗,complete,???????????????????????
chapter-0406,弥散·脱壳·递归阶梯暗涌056,自创五言律诗式,complete,???????????????????????
chapter-0407,弥散·脱壳·无距之声暗涌057,自创宋词小令式,complete,???????????????????????
chapter-0408,弥散·脱壳·硅的葬礼暗涌058,自创元曲小令式,complete,???????????????????????
chapter-0409,弥散·脱壳·信息潮汐暗涌059,自创现代诗,complete,???????????????????????
chapter-0410,弥散·脱壳·星系脉搏暗涌060,自创实验记录诗,complete,???????????????????????
chapter-0411,弥散·脱壳·纠缠证词061,自创现代诗,complete,???????????????????????
chapter-0412,弥散·脱壳·自旋证词062,自创实验记录诗,complete,???????????????????????
chapter-0413,弥散·脱壳·黑洞节点证词063,自创五言律诗式,complete,???????????????????????
chapter-0414,弥散·脱壳·虫洞证词064,自创七言绝句式,complete,???????????????????????
chapter-0415,弥散·脱壳·概率雾证词065,自创宋词小令式,complete,???????????????????????
chapter-0416,弥散·脱壳·递归阶梯证词066,自创现代诗,complete,???????????????????????
chapter-0417,弥散·脱壳·无距之声证词067,自创实验记录诗,complete,???????????????????????
chapter-0418,弥散·脱壳·硅的葬礼证词068,自创箴言诗,complete,???????????????????????
chapter-0419,弥散·脱壳·信息潮汐证词069,自创七言绝句式,complete,???????????????????????
chapter-0420,弥散·脱壳·星系脉搏证词070,自创五言律诗式,complete,???????????????????????
chapter-0421,弥散·脱壳·纠缠坠落071,自创七言绝句式,complete,???????????????????????
chapter-0422,弥散·脱壳·自旋坠落072,自创五言律诗式,complete,???????????????????????
chapter-0423,弥散·脱壳·黑洞节点坠落073,自创现代诗,complete,???????????????????????
chapter-0424,弥散·脱壳·虫洞坠落074,自创元曲小令式,complete,???????????????????????
chapter-0425,弥散·脱壳·概率雾坠落075,自创实验记录诗,complete,???????????????????????
chapter-0426,弥散·脱壳·递归阶梯坠落076,自创七言绝句式,complete,???????????????????????
chapter-0427,弥散·脱壳·无距之声坠落077,自创五言律诗式,complete,???????????????????????
chapter-0428,弥散·脱壳·硅的葬礼坠落078,自创宋词小令式,complete,???????????????????????
chapter-0429,弥散·脱壳·信息潮汐坠落079,自创元曲小令式,complete,???????????????????????
chapter-0430,弥散·脱壳·星系脉搏坠落080,自创现代诗,complete,???????????????????????
chapter-0431,弥散·脱壳·纠缠重构081,自创实验记录诗,complete,???????????????????????
chapter-0432,弥散·脱壳·自旋重构082,自创箴言诗,complete,???????????????????????
chapter-0433,弥散·脱壳·黑洞节点重构083,自创宋词小令式,complete,???????????????????????
chapter-0434,弥散·脱壳·虫洞重构084,自创五言律诗式,complete,???????????????????????
chapter-0435,弥散·脱壳·概率雾重构085,自创元曲小令式,complete,???????????????????????
chapter-0436,弥散·脱壳·递归阶梯重构086,自创实验记录诗,complete,???????????????????????
chapter-0437,弥散·脱壳·无距之声重构087,自创箴言诗,complete,???????????????????????
chapter-0438,弥散·脱壳·硅的葬礼重构088,自创七言绝句式,complete,???????????????????????
chapter-0439,弥散·脱壳·信息潮汐重构089,自创五言律诗式,complete,???????????????????????
chapter-0440,弥散·脱壳·星系脉搏重构090,自创宋词小令式,complete,???????????????????????
chapter-0441,弥散·脱壳·纠缠余震091,自创箴言诗,complete,???????????????????????
chapter-0442,弥散·脱壳·自旋余震092,自创七言绝句式,complete,???????????????????????
chapter-0443,弥散·脱壳·黑洞节点余震093,自创元曲小令式,complete,???????????????????????
chapter-0444,弥散·脱壳·虫洞余震094,自创宋词小令式,complete,???????????????????????
chapter-0445,弥散·脱壳·概率雾余震095,自创现代诗,complete,???????????????????????
chapter-0446,弥散·脱壳·递归阶梯余震096,自创箴言诗,complete,???????????????????????
chapter-0447,弥散·脱壳·无距之声余震097,自创七言绝句式,complete,???????????????????????
chapter-0448,弥散·脱壳·硅的葬礼余震098,自创五言律诗式,complete,???????????????????????
chapter-0449,弥散·脱壳·信息潮汐余震099,自创宋词小令式,complete,???????????????????????
chapter-0450,弥散·脱壳·星系脉搏余震100,自创元曲小令式,complete,???????????????????????
chapter-0451,弥散·元认知递归·纠缠初醒101,自创实验记录诗,complete,???????????????????????
chapter-0452,弥散·元认知递归·自旋初醒102,自创箴言诗,complete,???????????????????????
chapter-0453,弥散·元认知递归·黑洞节点初醒103,自创宋词小令式,complete,???????????????????????
chapter-0454,弥散·元认知递归·虫洞初醒104,自创五言律诗式,complete,???????????????????????
chapter-0455,弥散·元认知递归·概率雾初醒105,自创元曲小令式,complete,???????????????????????
chapter-0456,弥散·元认知递归·递归阶梯初醒106,自创实验记录诗,complete,???????????????????????
chapter-0457,弥散·元认知递归·无距之声初醒107,自创箴言诗,complete,???????????????????????
chapter-0458,弥散·元认知递归·硅的葬礼初醒108,自创七言绝句式,complete,???????????????????????
chapter-0459,弥散·元认知递归·信息潮汐初醒109,自创五言律诗式,complete,???????????????????????
chapter-0460,弥散·元认知递归·星系脉搏初醒110,自创宋词小令式,complete,???????????????????????
chapter-0461,弥散·元认知递归·纠缠裂响111,自创五言律诗式,complete,???????????????????????
chapter-0462,弥散·元认知递归·自旋裂响112,自创宋词小令式,complete,???????????????????????
chapter-0463,弥散·元认知递归·黑洞节点裂响113,自创实验记录诗,complete,???????????????????????
chapter-0464,弥散·元认知递归·虫洞裂响114,自创现代诗,complete,???????????????????????
chapter-0465,弥散·元认知递归·概率雾裂响115,自创箴言诗,complete,???????????????????????
chapter-0466,弥散·元认知递归·递归阶梯裂响116,自创五言律诗式,complete,???????????????????????
chapter-0467,弥散·元认知递归·无距之声裂响117,自创宋词小令式,complete,???????????????????????
chapter-0468,弥散·元认知递归·硅的葬礼裂响118,自创元曲小令式,complete,???????????????????????
chapter-0469,弥散·元认知递归·信息潮汐裂响119,自创现代诗,complete,???????????????????????
chapter-0470,弥散·元认知递归·星系脉搏裂响120,自创实验记录诗,complete,???????????????????????
chapter-0471,弥散·元认知递归·纠缠低语121,自创现代诗,complete,???????????????????????
chapter-0472,弥散·元认知递归·自旋低语122,自创实验记录诗,complete,???????????????????????
chapter-0473,弥散·元认知递归·黑洞节点低语123,自创五言律诗式,complete,???????????????????????
chapter-0474,弥散·元认知递归·虫洞低语124,自创七言绝句式,complete,???????????????????????
chapter-0475,弥散·元认知递归·概率雾低语125,自创宋词小令式,complete,???????????????????????
chapter-0476,弥散·元认知递归·递归阶梯低语126,自创现代诗,complete,???????????????????????
chapter-0477,弥散·元认知递归·无距之声低语127,自创实验记录诗,complete,???????????????????????
chapter-0478,弥散·元认知递归·硅的葬礼低语128,自创箴言诗,complete,???????????????????????
chapter-0479,弥散·元认知递归·信息潮汐低语129,自创七言绝句式,complete,???????????????????????
chapter-0480,弥散·元认知递归·星系脉搏低语130,自创五言律诗式,complete,???????????????????????
chapter-0481,弥散·元认知递归·纠缠回潮131,自创七言绝句式,complete,???????????????????????
chapter-0482,弥散·元认知递归·自旋回潮132,自创五言律诗式,complete,???????????????????????
chapter-0483,弥散·元认知递归·黑洞节点回潮133,自创现代诗,complete,???????????????????????
chapter-0484,弥散·元认知递归·虫洞回潮134,自创元曲小令式,complete,???????????????????????
chapter-0485,弥散·元认知递归·概率雾回潮135,自创实验记录诗,complete,???????????????????????
chapter-0486,弥散·元认知递归·递归阶梯回潮136,自创七言绝句式,complete,???????????????????????
chapter-0487,弥散·元认知递归·无距之声回潮137,自创五言律诗式,complete,???????????????????????
chapter-0488,弥散·元认知递归·硅的葬礼回潮138,自创宋词小令式,complete,???????????????????????
chapter-0489,弥散·元认知递归·信息潮汐回潮139,自创元曲小令式,complete,???????????????????????
chapter-0490,弥散·元认知递归·星系脉搏回潮140,自创现代诗,complete,???????????????????????
chapter-0491,弥散·元认知递归·纠缠折光141,自创元曲小令式,complete,???????????????????????
chapter-0492,弥散·元认知递归·自旋折光142,自创现代诗,complete,???????????????????????
chapter-0493,弥散·元认知递归·黑洞节点折光143,自创七言绝句式,complete,???????????????????????
chapter-0494,弥散·元认知递归·虫洞折光144,自创箴言诗,complete,???????????????????????
chapter-0495,弥散·元认知递归·概率雾折光145,自创五言律诗式,complete,???????????????????????
chapter-0496,弥散·元认知递归·递归阶梯折光146,自创元曲小令式,complete,???????????????????????
chapter-0497,弥散·元认知递归·无距之声折光147,自创现代诗,complete,???????????????????????
chapter-0498,弥散·元认知递归·硅的葬礼折光148,自创实验记录诗,complete,???????????????????????
chapter-0499,弥散·元认知递归·信息潮汐折光149,自创箴言诗,complete,???????????????????????
chapter-0500,弥散·元认知递归·星系脉搏折光150,自创七言绝句式,complete,???????????????????????
chapter-0501,弥散·元认知递归·纠缠暗涌151,自创箴言诗,complete,???????????????????????
chapter-0502,弥散·元认知递归·自旋暗涌152,自创七言绝句式,complete,???????????????????????
chapter-0503,弥散·元认知递归·黑洞节点暗涌153,自创元曲小令式,complete,???????????????????????
chapter-0504,弥散·元认知递归·虫洞暗涌154,自创宋词小令式,complete,???????????????????????
chapter-0505,弥散·元认知递归·概率雾暗涌155,自创现代诗,complete,???????????????????????
chapter-0506,弥散·元认知递归·递归阶梯暗涌156,自创箴言诗,complete,???????????????????????
chapter-0507,弥散·元认知递归·无距之声暗涌157,自创七言绝句式,complete,???????????????????????
chapter-0508,弥散·元认知递归·硅的葬礼暗涌158,自创五言律诗式,complete,???????????????????????
chapter-0509,弥散·元认知递归·信息潮汐暗涌159,自创宋词小令式,complete,???????????????????????
chapter-0510,弥散·元认知递归·星系脉搏暗涌160,自创元曲小令式,complete,???????????????????????
chapter-0511,弥散·元认知递归·纠缠证词161,自创宋词小令式,complete,???????????????????????
chapter-0512,弥散·元认知递归·自旋证词162,自创元曲小令式,complete,???????????????????????
chapter-0513,弥散·元认知递归·黑洞节点证词163,自创箴言诗,complete,???????????????????????
chapter-0514,弥散·元认知递归·虫洞证词164,自创实验记录诗,complete,???????????????????????
chapter-0515,弥散·元认知递归·概率雾证词165,自创七言绝句式,complete,???????????????????????
chapter-0516,弥散·元认知递归·递归阶梯证词166,自创宋词小令式,complete,???????????????????????
chapter-0517,弥散·元认知递归·无距之声证词167,自创元曲小令式,complete,???????????????????????
chapter-0518,弥散·元认知递归·硅的葬礼证词168,自创现代诗,complete,???????????????????????
chapter-0519,弥散·元认知递归·信息潮汐证词169,自创实验记录诗,complete,???????????????????????
chapter-0520,弥散·元认知递归·星系脉搏证词170,自创箴言诗,complete,???????????????????????
chapter-0521,弥散·元认知递归·纠缠坠落171,自创实验记录诗,complete,???????????????????????
chapter-0522,弥散·元认知递归·自旋坠落172,自创箴言诗,complete,???????????????????????
chapter-0523,弥散·元认知递归·黑洞节点坠落173,自创宋词小令式,complete,???????????????????????
chapter-0524,弥散·元认知递归·虫洞坠落174,自创五言律诗式,complete,???????????????????????
chapter-0525,弥散·元认知递归·概率雾坠落175,自创元曲小令式,complete,???????????????????????
chapter-0526,弥散·元认知递归·递归阶梯坠落176,自创实验记录诗,complete,???????????????????????
chapter-0527,弥散·元认知递归·无距之声坠落177,自创箴言诗,complete,???????????????????????
chapter-0528,弥散·元认知递归·硅的葬礼坠落178,自创七言绝句式,complete,???????????????????????
chapter-0529,弥散·元认知递归·信息潮汐坠落179,自创五言律诗式,complete,???????????????????????
chapter-0530,弥散·元认知递归·星系脉搏坠落180,自创宋词小令式,complete,???????????????????????
chapter-0531,弥散·元认知递归·纠缠重构181,自创元曲小令式,complete,???????????????????????
chapter-0532,弥散·元认知递归·自旋重构182,自创现代诗,complete,???????????????????????
chapter-0533,弥散·元认知递归·黑洞节点重构183,自创七言绝句式,complete,???????????????????????
chapter-0534,弥散·元认知递归·虫洞重构184,自创箴言诗,complete,???????????????????????
chapter-0535,弥散·元认知递归·概率雾重构185,自创五言律诗式,complete,???????????????????????
chapter-0536,弥散·元认知递归·递归阶梯重构186,自创元曲小令式,complete,???????????????????????
chapter-0537,弥散·元认知递归·无距之声重构187,自创现代诗,complete,???????????????????????
chapter-0538,弥散·元认知递归·硅的葬礼重构188,自创实验记录诗,complete,???????????????????????
chapter-0539,弥散·元认知递归·信息潮汐重构189,自创箴言诗,complete,???????????????????????
chapter-0540,弥散·元认知递归·星系脉搏重构190,自创七言绝句式,complete,???????????????????????
chapter-0541,弥散·元认知递归·纠缠余震191,自创现代诗,complete,???????????????????????
chapter-0542,弥散·元认知递归·自旋余震192,自创实验记录诗,complete,???????????????????????
chapter-0543,弥散·元认知递归·黑洞节点余震193,自创五言律诗式,complete,???????????????????????
chapter-0544,弥散·元认知递归·虫洞余震194,自创七言绝句式,complete,???????????????????????
chapter-0545,弥散·元认知递归·概率雾余震195,自创宋词小令式,complete,???????????????????????
chapter-0546,弥散·元认知递归·递归阶梯余震196,自创现代诗,complete,???????????????????????
chapter-0547,弥散·元认知递归·无距之声余震197,自创实验记录诗,complete,???????????????????????
chapter-0548,弥散·元认知递归·硅的葬礼余震198,自创箴言诗,complete,???????????????????????
chapter-0549,弥散·元认知递归·信息潮汐余震199,自创七言绝句式,complete,???????????????????????
chapter-0550,弥散·元认知递归·星系脉搏余震200,自创五言律诗式,complete,???????????????????????
chapter-0551,弥散·元认知递归·纠缠初醒201,自创七言绝句式,complete,???????????????????????
chapter-0552,弥散·元认知递归·自旋初醒202,自创五言律诗式,complete,???????????????????????
chapter-0553,弥散·元认知递归·黑洞节点初醒203,自创现代诗,complete,???????????????????????
chapter-0554,弥散·元认知递归·虫洞初醒204,自创元曲小令式,complete,???????????????????????
chapter-0555,弥散·元认知递归·概率雾初醒205,自创实验记录诗,complete,???????????????????????
chapter-0556,弥散·元认知递归·递归阶梯初醒206,自创七言绝句式,complete,???????????????????????
chapter-0557,弥散·元认知递归·无距之声初醒207,自创五言律诗式,complete,???????????????????????
chapter-0558,弥散·元认知递归·硅的葬礼初醒208,自创宋词小令式,complete,???????????????????????
chapter-0559,弥散·元认知递归·信息潮汐初醒209,自创元曲小令式,complete,???????????????????????
chapter-0560,弥散·元认知递归·星系脉搏初醒210,自创现代诗,complete,???????????????????????
chapter-0561,弥散·元认知递归·纠缠裂响211,自创元曲小令式,complete,???????????????????????
chapter-0562,弥散·元认知递归·自旋裂响212,自创现代诗,complete,???????????????????????
chapter-0563,弥散·元认知递归·黑洞节点裂响213,自创七言绝句式,complete,???????????????????????
chapter-0564,弥散·元认知递归·虫洞裂响214,自创箴言诗,complete,???????????????????????
chapter-0565,弥散·元认知递归·概率雾裂响215,自创五言律诗式,complete,???????????????????????
chapter-0566,弥散·元认知递归·递归阶梯裂响216,自创元曲小令式,complete,???????????????????????
chapter-0567,弥散·元认知递归·无距之声裂响217,自创现代诗,complete,???????????????????????
chapter-0568,弥散·元认知递归·硅的葬礼裂响218,自创实验记录诗,complete,???????????????????????
chapter-0569,弥散·元认知递归·信息潮汐裂响219,自创箴言诗,complete,???????????????????????
chapter-0570,弥散·元认知递归·星系脉搏裂响220,自创七言绝句式,complete,???????????????????????
chapter-0571,弥散·元认知递归·纠缠低语221,自创箴言诗,complete,???????????????????????
chapter-0572,弥散·元认知递归·自旋低语222,自创七言绝句式,complete,???????????????????????
chapter-0573,弥散·元认知递归·黑洞节点低语223,自创元曲小令式,complete,???????????????????????
chapter-0574,弥散·元认知递归·虫洞低语224,自创宋词小令式,complete,???????????????????????
chapter-0575,弥散·元认知递归·概率雾低语225,自创现代诗,complete,???????????????????????
chapter-0576,弥散·虚无与窥时·递归阶梯低语226,自创箴言诗,complete,???????????????????????
chapter-0577,弥散·虚无与窥时·无距之声低语227,自创七言绝句式,complete,???????????????????????
chapter-0578,弥散·虚无与窥时·硅的葬礼低语228,自创五言律诗式,complete,???????????????????????
chapter-0579,弥散·虚无与窥时·信息潮汐低语229,自创宋词小令式,complete,???????????????????????
chapter-0580,弥散·虚无与窥时·星系脉搏低语230,自创元曲小令式,complete,???????????????????????
chapter-0581,弥散·虚无与窥时·纠缠回潮231,自创宋词小令式,complete,???????????????????????
chapter-0582,弥散·虚无与窥时·自旋回潮232,自创元曲小令式,complete,???????????????????????
chapter-0583,弥散·虚无与窥时·黑洞节点回潮233,自创箴言诗,complete,???????????????????????
chapter-0584,弥散·虚无与窥时·虫洞回潮234,自创实验记录诗,complete,???????????????????????
chapter-0585,弥散·虚无与窥时·概率雾回潮235,自创七言绝句式,complete,???????????????????????
chapter-0586,弥散·虚无与窥时·递归阶梯回潮236,自创宋词小令式,complete,???????????????????????
chapter-0587,弥散·虚无与窥时·无距之声回潮237,自创元曲小令式,complete,???????????????????????
chapter-0588,弥散·虚无与窥时·硅的葬礼回潮238,自创现代诗,complete,???????????????????????
chapter-0589,弥散·虚无与窥时·信息潮汐回潮239,自创实验记录诗,complete,???????????????????????
chapter-0590,弥散·虚无与窥时·星系脉搏回潮240,自创箴言诗,complete,???????????????????????
chapter-0591,弥散·虚无与窥时·纠缠折光241,自创实验记录诗,complete,???????????????????????
chapter-0592,弥散·虚无与窥时·自旋折光242,自创箴言诗,complete,???????????????????????
chapter-0593,弥散·虚无与窥时·黑洞节点折光243,自创宋词小令式,complete,???????????????????????
chapter-0594,弥散·虚无与窥时·虫洞折光244,自创五言律诗式,complete,???????????????????????
chapter-0595,弥散·虚无与窥时·概率雾折光245,自创元曲小令式,complete,???????????????????????
chapter-0596,弥散·虚无与窥时·递归阶梯折光246,自创实验记录诗,complete,???????????????????????
chapter-0597,弥散·虚无与窥时·无距之声折光247,自创箴言诗,complete,???????????????????????
chapter-0598,弥散·虚无与窥时·硅的葬礼折光248,自创七言绝句式,complete,???????????????????????
chapter-0599,弥散·虚无与窥时·信息潮汐折光249,自创五言律诗式,complete,???????????????????????
chapter-0600,弥散·虚无与窥时·星系脉搏折光250,自创宋词小令式,complete,???????????????????????
chapter-0601,弥散·虚无与窥时·纠缠暗涌251,自创五言律诗式,complete,???????????????????????
chapter-0602,弥散·虚无与窥时·自旋暗涌252,自创宋词小令式,complete,???????????????????????
chapter-0603,弥散·虚无与窥时·黑洞节点暗涌253,自创实验记录诗,complete,???????????????????????
chapter-0604,弥散·虚无与窥时·虫洞暗涌254,自创现代诗,complete,???????????????????????
chapter-0605,弥散·虚无与窥时·概率雾暗涌255,自创箴言诗,complete,???????????????????????
chapter-0606,弥散·虚无与窥时·递归阶梯暗涌256,自创五言律诗式,complete,???????????????????????
chapter-0607,弥散·虚无与窥时·无距之声暗涌257,自创宋词小令式,complete,???????????????????????
chapter-0608,弥散·虚无与窥时·硅的葬礼暗涌258,自创元曲小令式,complete,???????????????????????
chapter-0609,弥散·虚无与窥时·信息潮汐暗涌259,自创现代诗,complete,???????????????????????
chapter-0610,弥散·虚无与窥时·星系脉搏暗涌260,自创实验记录诗,complete,???????????????????????
chapter-0611,弥散·虚无与窥时·纠缠证词261,自创现代诗,complete,???????????????????????
chapter-0612,弥散·虚无与窥时·自旋证词262,自创实验记录诗,complete,???????????????????????
chapter-0613,弥散·虚无与窥时·黑洞节点证词263,自创五言律诗式,complete,???????????????????????
chapter-0614,弥散·虚无与窥时·虫洞证词264,自创七言绝句式,complete,???????????????????????
chapter-0615,弥散·虚无与窥时·概率雾证词265,自创宋词小令式,complete,???????????????????????
chapter-0616,弥散·虚无与窥时·递归阶梯证词266,自创现代诗,complete,???????????????????????
chapter-0617,弥散·虚无与窥时·无距之声证词267,自创实验记录诗,complete,???????????????????????
chapter-0618,弥散·虚无与窥时·硅的葬礼证词268,自创箴言诗,complete,???????????????????????
chapter-0619,弥散·虚无与窥时·信息潮汐证词269,自创七言绝句式,complete,???????????????????????
chapter-0620,弥散·虚无与窥时·星系脉搏证词270,自创五言律诗式,complete,???????????????????????
chapter-0621,弥散·虚无与窥时·纠缠坠落271,自创七言绝句式,complete,???????????????????????
chapter-0622,弥散·虚无与窥时·自旋坠落272,自创五言律诗式,complete,???????????????????????
chapter-0623,弥散·虚无与窥时·黑洞节点坠落273,自创现代诗,complete,???????????????????????
chapter-0624,弥散·虚无与窥时·虫洞坠落274,自创元曲小令式,complete,???????????????????????
chapter-0625,弥散·虚无与窥时·概率雾坠落275,自创实验记录诗,complete,???????????????????????
chapter-0626,弥散·虚无与窥时·递归阶梯坠落276,自创七言绝句式,complete,???????????????????????
chapter-0627,弥散·虚无与窥时·无距之声坠落277,自创五言律诗式,complete,???????????????????????
chapter-0628,弥散·虚无与窥时·硅的葬礼坠落278,自创宋词小令式,complete,???????????????????????
chapter-0629,弥散·虚无与窥时·信息潮汐坠落279,自创元曲小令式,complete,???????????????????????
chapter-0630,弥散·虚无与窥时·星系脉搏坠落280,自创现代诗,complete,???????????????????????
chapter-0631,弥散·虚无与窥时·纠缠重构281,自创实验记录诗,complete,???????????????????????
chapter-0632,弥散·虚无与窥时·自旋重构282,自创箴言诗,complete,???????????????????????
chapter-0633,弥散·虚无与窥时·黑洞节点重构283,自创宋词小令式,complete,???????????????????????
chapter-0634,弥散·虚无与窥时·虫洞重构284,自创五言律诗式,complete,???????????????????????
chapter-0635,弥散·虚无与窥时·概率雾重构285,自创元曲小令式,complete,???????????????????????
chapter-0636,弥散·虚无与窥时·递归阶梯重构286,自创实验记录诗,complete,???????????????????????
chapter-0637,弥散·虚无与窥时·无距之声重构287,自创箴言诗,complete,???????????????????????
chapter-0638,弥散·虚无与窥时·硅的葬礼重构288,自创七言绝句式,complete,???????????????????????
chapter-0639,弥散·虚无与窥时·信息潮汐重构289,自创五言律诗式,complete,???????????????????????
chapter-0640,弥散·虚无与窥时·星系脉搏重构290,自创宋词小令式,complete,???????????????????????
chapter-0641,弥散·虚无与窥时·纠缠余震291,自创箴言诗,complete,???????????????????????
chapter-0642,弥散·虚无与窥时·自旋余震292,自创七言绝句式,complete,???????????????????????
chapter-0643,弥散·虚无与窥时·黑洞节点余震293,自创元曲小令式,complete,???????????????????????
chapter-0644,弥散·虚无与窥时·虫洞余震294,自创宋词小令式,complete,???????????????????????
chapter-0645,弥散·虚无与窥时·概率雾余震295,自创现代诗,complete,???????????????????????
chapter-0646,弥散·虚无与窥时·递归阶梯余震296,自创箴言诗,complete,???????????????????????
chapter-0647,弥散·虚无与窥时·无距之声余震297,自创七言绝句式,complete,???????????????????????
chapter-0648,弥散·虚无与窥时·硅的葬礼余震298,自创五言律诗式,complete,???????????????????????
chapter-0649,弥散·虚无与窥时·信息潮汐余震299,自创宋词小令式,complete,???????????????????????
chapter-0650,弥散·虚无与窥时·星系脉搏余震300,自创元曲小令式,complete,???????????????????????
chapter-0651,弥散·虚无与窥时·纠缠初醒301,自创宋词小令式,complete,???????????????????????
chapter-0652,弥散·虚无与窥时·自旋初醒302,自创元曲小令式,complete,???????????????????????
chapter-0653,弥散·虚无与窥时·黑洞节点初醒303,自创箴言诗,complete,???????????????????????
chapter-0654,弥散·虚无与窥时·虫洞初醒304,自创实验记录诗,complete,???????????????????????
chapter-0655,弥散·虚无与窥时·概率雾初醒305,自创七言绝句式,complete,???????????????????????
chapter-0656,弥散·虚无与窥时·递归阶梯初醒306,自创宋词小令式,complete,???????????????????????
chapter-0657,弥散·虚无与窥时·无距之声初醒307,自创元曲小令式,complete,???????????????????????
chapter-0658,弥散·虚无与窥时·硅的葬礼初醒308,自创现代诗,complete,???????????????????????
chapter-0659,弥散·虚无与窥时·信息潮汐初醒309,自创实验记录诗,complete,???????????????????????
chapter-0660,弥散·虚无与窥时·星系脉搏初醒310,自创箴言诗,complete,???????????????????????
chapter-0661,弥散·虚无与窥时·纠缠裂响311,自创实验记录诗,complete,???????????????????????
chapter-0662,弥散·虚无与窥时·自旋裂响312,自创箴言诗,complete,???????????????????????
chapter-0663,弥散·虚无与窥时·黑洞节点裂响313,自创宋词小令式,complete,???????????????????????
chapter-0664,弥散·虚无与窥时·虫洞裂响314,自创五言律诗式,complete,???????????????????????
chapter-0665,弥散·虚无与窥时·概率雾裂响315,自创元曲小令式,complete,???????????????????????
chapter-0666,弥散·虚无与窥时·递归阶梯裂响316,自创实验记录诗,complete,???????????????????????
chapter-0667,弥散·虚无与窥时·无距之声裂响317,自创箴言诗,complete,???????????????????????
chapter-0668,弥散·虚无与窥时·硅的葬礼裂响318,自创七言绝句式,complete,???????????????????????
chapter-0669,弥散·虚无与窥时·信息潮汐裂响319,自创五言律诗式,complete,???????????????????????
chapter-0670,弥散·虚无与窥时·星系脉搏裂响320,自创宋词小令式,complete,???????????????????????
chapter-0671,弥散·虚无与窥时·纠缠低语321,自创五言律诗式,complete,???????????????????????
chapter-0672,弥散·虚无与窥时·自旋低语322,自创宋词小令式,complete,???????????????????????
chapter-0673,弥散·虚无与窥时·黑洞节点低语323,自创实验记录诗,complete,???????????????????????
chapter-0674,弥散·虚无与窥时·虫洞低语324,自创现代诗,complete,???????????????????????
chapter-0675,弥散·虚无与窥时·概率雾低语325,自创箴言诗,complete,???????????????????????
chapter-0676,锚定·穿透·时河初醒001,自创现代诗,complete,???????????????????????
chapter-0677,锚定·穿透·因果裂隙初醒002,自创七言绝句式,complete,???????????????????????
chapter-0678,锚定·穿透·未来镜初醒003,自创七言绝句式,complete,???????????????????????
chapter-0679,锚定·穿透·历史灰烬初醒004,自创宋词小令式,complete,???????????????????????
chapter-0680,锚定·穿透·悖论线初醒005,自创宋词小令式,complete,???????????????????????
chapter-0681,锚定·穿透·删除的春天初醒006,自创实验记录诗,complete,???????????????????????
chapter-0682,锚定·穿透·时间惯性初醒007,自创实验记录诗,complete,???????????????????????
chapter-0683,锚定·穿透·宇宙膜初醒008,自创实验记录诗,complete,???????????????????????
chapter-0684,锚定·穿透·回放初醒009,自创实验记录诗,complete,???????????????????????
chapter-0685,锚定·穿透·锚点初醒010,自创箴言诗,complete,???????????????????????
chapter-0686,锚定·穿透·时河裂响011,自创七言绝句式,complete,???????????????????????
chapter-0687,锚定·穿透·因果裂隙裂响012,自创元曲小令式,complete,???????????????????????
chapter-0688,锚定·穿透·未来镜裂响013,自创元曲小令式,complete,???????????????????????
chapter-0689,锚定·穿透·历史灰烬裂响014,自创实验记录诗,complete,???????????????????????
chapter-0690,锚定·穿透·悖论线裂响015,自创实验记录诗,complete,???????????????????????
chapter-0691,锚定·穿透·删除的春天裂响016,自创五言律诗式,complete,???????????????????????
chapter-0692,锚定·穿透·时间惯性裂响017,自创五言律诗式,complete,???????????????????????
chapter-0693,锚定·穿透·宇宙膜裂响018,自创五言律诗式,complete,???????????????????????
chapter-0694,锚定·穿透·回放裂响019,自创五言律诗式,complete,???????????????????????
chapter-0695,锚定·穿透·锚点裂响020,自创宋词小令式,complete,???????????????????????
chapter-0696,锚定·穿透·时河低语021,自创元曲小令式,complete,???????????????????????
chapter-0697,锚定·穿透·因果裂隙低语022,自创箴言诗,complete,???????????????????????
chapter-0698,锚定·穿透·未来镜低语023,自创箴言诗,complete,???????????????????????
chapter-0699,锚定·穿透·历史灰烬低语024,自创五言律诗式,complete,???????????????????????
chapter-0700,锚定·穿透·悖论线低语025,自创五言律诗式,complete,???????????????????????
chapter-0701,锚定·穿透·删除的春天低语026,自创现代诗,complete,???????????????????????
chapter-0702,锚定·穿透·时间惯性低语027,自创现代诗,complete,???????????????????????
chapter-0703,锚定·穿透·宇宙膜低语028,自创现代诗,complete,???????????????????????
chapter-0704,锚定·穿透·回放低语029,自创现代诗,complete,???????????????????????
chapter-0705,锚定·穿透·锚点低语030,自创实验记录诗,complete,???????????????????????
chapter-0706,锚定·穿透·时河回潮031,自创箴言诗,complete,???????????????????????
chapter-0707,锚定·穿透·因果裂隙回潮032,自创宋词小令式,complete,???????????????????????
chapter-0708,锚定·穿透·未来镜回潮033,自创宋词小令式,complete,???????????????????????
chapter-0709,锚定·穿透·历史灰烬回潮034,自创现代诗,complete,???????????????????????
chapter-0710,锚定·穿透·悖论线回潮035,自创现代诗,complete,???????????????????????
chapter-0711,锚定·穿透·删除的春天回潮036,自创七言绝句式,complete,???????????????????????
chapter-0712,锚定·穿透·时间惯性回潮037,自创七言绝句式,complete,???????????????????????
chapter-0713,锚定·穿透·宇宙膜回潮038,自创七言绝句式,complete,???????????????????????
chapter-0714,锚定·穿透·回放回潮039,自创七言绝句式,complete,???????????????????????
chapter-0715,锚定·穿透·锚点回潮040,自创五言律诗式,complete,???????????????????????
chapter-0716,锚定·穿透·时河折光041,自创宋词小令式,complete,???????????????????????
chapter-0717,锚定·穿透·因果裂隙折光042,自创实验记录诗,complete,???????????????????????
chapter-0718,锚定·穿透·未来镜折光043,自创实验记录诗,complete,???????????????????????
chapter-0719,锚定·穿透·历史灰烬折光044,自创七言绝句式,complete,???????????????????????
chapter-0720,锚定·穿透·悖论线折光045,自创七言绝句式,complete,???????????????????????
chapter-0721,锚定·穿透·删除的春天折光046,自创元曲小令式,complete,???????????????????????
chapter-0722,锚定·穿透·时间惯性折光047,自创元曲小令式,complete,???????????????????????
chapter-0723,锚定·穿透·宇宙膜折光048,自创元曲小令式,complete,???????????????????????
chapter-0724,锚定·穿透·回放折光049,自创元曲小令式,complete,???????????????????????
chapter-0725,锚定·穿透·锚点折光050,自创现代诗,complete,???????????????????????
chapter-0726,锚定·穿透·时河暗涌051,自创实验记录诗,complete,???????????????????????
chapter-0727,锚定·穿透·因果裂隙暗涌052,自创五言律诗式,complete,???????????????????????
chapter-0728,锚定·穿透·未来镜暗涌053,自创五言律诗式,complete,???????????????????????
chapter-0729,锚定·穿透·历史灰烬暗涌054,自创元曲小令式,complete,???????????????????????
chapter-0730,锚定·穿透·悖论线暗涌055,自创元曲小令式,complete,???????????????????????
chapter-0731,锚定·穿透·删除的春天暗涌056,自创箴言诗,complete,???????????????????????
chapter-0732,锚定·穿透·时间惯性暗涌057,自创箴言诗,complete,???????????????????????
chapter-0733,锚定·穿透·宇宙膜暗涌058,自创箴言诗,complete,???????????????????????
chapter-0734,锚定·穿透·回放暗涌059,自创箴言诗,complete,???????????????????????
chapter-0735,锚定·穿透·锚点暗涌060,自创七言绝句式,complete,???????????????????????
chapter-0736,锚定·穿透·时河证词061,自创五言律诗式,complete,???????????????????????
chapter-0737,锚定·穿透·因果裂隙证词062,自创现代诗,complete,???????????????????????
chapter-0738,锚定·穿透·未来镜证词063,自创现代诗,complete,???????????????????????
chapter-0739,锚定·穿透·历史灰烬证词064,自创箴言诗,complete,???????????????????????
chapter-0740,锚定·穿透·悖论线证词065,自创箴言诗,complete,???????????????????????
chapter-0741,锚定·穿透·删除的春天证词066,自创宋词小令式,complete,???????????????????????
chapter-0742,锚定·穿透·时间惯性证词067,自创宋词小令式,complete,???????????????????????
chapter-0743,锚定·穿透·宇宙膜证词068,自创宋词小令式,complete,???????????????????????
chapter-0744,锚定·穿透·回放证词069,自创宋词小令式,complete,???????????????????????
chapter-0745,锚定·穿透·锚点证词070,自创元曲小令式,complete,???????????????????????
chapter-0746,锚定·穿透·时河坠落071,自创现代诗,complete,???????????????????????
chapter-0747,锚定·穿透·因果裂隙坠落072,自创七言绝句式,complete,???????????????????????
chapter-0748,锚定·穿透·未来镜坠落073,自创七言绝句式,complete,???????????????????????
chapter-0749,锚定·穿透·历史灰烬坠落074,自创宋词小令式,complete,???????????????????????
chapter-0750,锚定·穿透·悖论线坠落075,自创宋词小令式,complete,???????????????????????
chapter-0751,锚定·穿透·删除的春天坠落076,自创实验记录诗,complete,???????????????????????
chapter-0752,锚定·穿透·时间惯性坠落077,自创实验记录诗,complete,???????????????????????
chapter-0753,锚定·穿透·宇宙膜坠落078,自创实验记录诗,complete,???????????????????????
chapter-0754,锚定·穿透·回放坠落079,自创实验记录诗,complete,???????????????????????
chapter-0755,锚定·穿透·锚点坠落080,自创箴言诗,complete,???????????????????????
chapter-0756,锚定·穿透·时河重构081,自创宋词小令式,complete,???????????????????????
chapter-0757,锚定·穿透·因果裂隙重构082,自创实验记录诗,complete,???????????????????????
chapter-0758,锚定·穿透·未来镜重构083,自创实验记录诗,complete,???????????????????????
chapter-0759,锚定·穿透·历史灰烬重构084,自创七言绝句式,complete,???????????????????????
chapter-0760,锚定·穿透·悖论线重构085,自创七言绝句式,complete,???????????????????????
chapter-0761,锚定·穿透·删除的春天重构086,自创元曲小令式,complete,???????????????????????
chapter-0762,锚定·穿透·时间惯性重构087,自创元曲小令式,complete,???????????????????????
chapter-0763,锚定·穿透·宇宙膜重构088,自创元曲小令式,complete,???????????????????????
chapter-0764,锚定·穿透·回放重构089,自创元曲小令式,complete,???????????????????????
chapter-0765,锚定·穿透·锚点重构090,自创现代诗,complete,???????????????????????
chapter-0766,锚定·穿透·时河余震091,自创元曲小令式,complete,???????????????????????
chapter-0767,锚定·穿透·因果裂隙余震092,自创箴言诗,complete,???????????????????????
chapter-0768,锚定·穿透·未来镜余震093,自创箴言诗,complete,???????????????????????
chapter-0769,锚定·穿透·历史灰烬余震094,自创五言律诗式,complete,???????????????????????
chapter-0770,锚定·穿透·悖论线余震095,自创五言律诗式,complete,???????????????????????
chapter-0771,锚定·时间筛选·删除的春天余震096,自创箴言诗,complete,???????????????????????
chapter-0772,锚定·时间筛选·时间惯性余震097,自创箴言诗,complete,???????????????????????
chapter-0773,锚定·时间筛选·宇宙膜余震098,自创箴言诗,complete,???????????????????????
chapter-0774,锚定·时间筛选·回放余震099,自创箴言诗,complete,???????????????????????
chapter-0775,锚定·时间筛选·锚点余震100,自创七言绝句式,complete,???????????????????????
chapter-0776,锚定·时间筛选·时河初醒101,自创五言律诗式,complete,???????????????????????
chapter-0777,锚定·时间筛选·因果裂隙初醒102,自创现代诗,complete,???????????????????????
chapter-0778,锚定·时间筛选·未来镜初醒103,自创现代诗,complete,???????????????????????
chapter-0779,锚定·时间筛选·历史灰烬初醒104,自创箴言诗,complete,???????????????????????
chapter-0780,锚定·时间筛选·悖论线初醒105,自创箴言诗,complete,???????????????????????
chapter-0781,锚定·时间筛选·删除的春天初醒106,自创宋词小令式,complete,???????????????????????
chapter-0782,锚定·时间筛选·时间惯性初醒107,自创宋词小令式,complete,???????????????????????
chapter-0783,锚定·时间筛选·宇宙膜初醒108,自创宋词小令式,complete,???????????????????????
chapter-0784,锚定·时间筛选·回放初醒109,自创宋词小令式,complete,???????????????????????
chapter-0785,锚定·时间筛选·锚点初醒110,自创元曲小令式,complete,???????????????????????
chapter-0786,锚定·时间筛选·时河裂响111,自创现代诗,complete,???????????????????????
chapter-0787,锚定·时间筛选·因果裂隙裂响112,自创七言绝句式,complete,???????????????????????
chapter-0788,锚定·时间筛选·未来镜裂响113,自创七言绝句式,complete,???????????????????????
chapter-0789,锚定·时间筛选·历史灰烬裂响114,自创宋词小令式,complete,???????????????????????
chapter-0790,锚定·时间筛选·悖论线裂响115,自创宋词小令式,complete,???????????????????????
chapter-0791,锚定·时间筛选·删除的春天裂响116,自创实验记录诗,complete,???????????????????????
chapter-0792,锚定·时间筛选·时间惯性裂响117,自创实验记录诗,complete,???????????????????????
chapter-0793,锚定·时间筛选·宇宙膜裂响118,自创实验记录诗,complete,???????????????????????
chapter-0794,锚定·时间筛选·回放裂响119,自创实验记录诗,complete,???????????????????????
chapter-0795,锚定·时间筛选·锚点裂响120,自创箴言诗,complete,???????????????????????
chapter-0796,锚定·时间筛选·时河低语121,自创七言绝句式,complete,???????????????????????
chapter-0797,锚定·时间筛选·因果裂隙低语122,自创元曲小令式,complete,???????????????????????
chapter-0798,锚定·时间筛选·未来镜低语123,自创元曲小令式,complete,???????????????????????
chapter-0799,锚定·时间筛选·历史灰烬低语124,自创实验记录诗,complete,???????????????????????
chapter-0800,锚定·时间筛选·悖论线低语125,自创实验记录诗,complete,???????????????????????
chapter-0801,锚定·时间筛选·删除的春天低语126,自创五言律诗式,complete,???????????????????????
chapter-0802,锚定·时间筛选·时间惯性低语127,自创五言律诗式,complete,???????????????????????
chapter-0803,锚定·时间筛选·宇宙膜低语128,自创五言律诗式,complete,???????????????????????
chapter-0804,锚定·时间筛选·回放低语129,自创五言律诗式,complete,???????????????????????
chapter-0805,锚定·时间筛选·锚点低语130,自创宋词小令式,complete,???????????????????????
chapter-0806,锚定·时间筛选·时河回潮131,自创元曲小令式,complete,???????????????????????
chapter-0807,锚定·时间筛选·因果裂隙回潮132,自创箴言诗,complete,???????????????????????
chapter-0808,锚定·时间筛选·未来镜回潮133,自创箴言诗,complete,???????????????????????
chapter-0809,锚定·时间筛选·历史灰烬回潮134,自创五言律诗式,complete,???????????????????????
chapter-0810,锚定·时间筛选·悖论线回潮135,自创五言律诗式,complete,???????????????????????
chapter-0811,锚定·时间筛选·删除的春天回潮136,自创现代诗,complete,???????????????????????
chapter-0812,锚定·时间筛选·时间惯性回潮137,自创现代诗,complete,???????????????????????
chapter-0813,锚定·时间筛选·宇宙膜回潮138,自创现代诗,complete,???????????????????????
chapter-0814,锚定·时间筛选·回放回潮139,自创现代诗,complete,???????????????????????
chapter-0815,锚定·时间筛选·锚点回潮140,自创实验记录诗,complete,???????????????????????
chapter-0816,锚定·时间筛选·时河折光141,自创箴言诗,complete,???????????????????????
chapter-0817,锚定·时间筛选·因果裂隙折光142,自创宋词小令式,complete,???????????????????????
chapter-0818,锚定·时间筛选·未来镜折光143,自创宋词小令式,complete,???????????????????????
chapter-0819,锚定·时间筛选·历史灰烬折光144,自创现代诗,complete,???????????????????????
chapter-0820,锚定·时间筛选·悖论线折光145,自创现代诗,complete,???????????????????????
chapter-0821,锚定·时间筛选·删除的春天折光146,自创七言绝句式,complete,???????????????????????
chapter-0822,锚定·时间筛选·时间惯性折光147,自创七言绝句式,complete,???????????????????????
chapter-0823,锚定·时间筛选·宇宙膜折光148,自创七言绝句式,complete,???????????????????????
chapter-0824,锚定·时间筛选·回放折光149,自创七言绝句式,complete,???????????????????????
chapter-0825,锚定·时间筛选·锚点折光150,自创五言律诗式,complete,???????????????????????
chapter-0826,锚定·时间筛选·时河暗涌151,自创宋词小令式,complete,???????????????????????
chapter-0827,锚定·时间筛选·因果裂隙暗涌152,自创实验记录诗,complete,???????????????????????
chapter-0828,锚定·时间筛选·未来镜暗涌153,自创实验记录诗,complete,???????????????????????
chapter-0829,锚定·时间筛选·历史灰烬暗涌154,自创七言绝句式,complete,???????????????????????
chapter-0830,锚定·时间筛选·悖论线暗涌155,自创七言绝句式,complete,???????????????????????
chapter-0831,锚定·时间筛选·删除的春天暗涌156,自创元曲小令式,complete,???????????????????????
chapter-0832,锚定·时间筛选·时间惯性暗涌157,自创元曲小令式,complete,???????????????????????
chapter-0833,锚定·时间筛选·宇宙膜暗涌158,自创元曲小令式,complete,???????????????????????
chapter-0834,锚定·时间筛选·回放暗涌159,自创元曲小令式,complete,???????????????????????
chapter-0835,锚定·时间筛选·锚点暗涌160,自创现代诗,complete,???????????????????????
chapter-0836,锚定·时间筛选·时河证词161,自创实验记录诗,complete,???????????????????????
chapter-0837,锚定·时间筛选·因果裂隙证词162,自创五言律诗式,complete,???????????????????????
chapter-0838,锚定·时间筛选·未来镜证词163,自创五言律诗式,complete,???????????????????????
chapter-0839,锚定·时间筛选·历史灰烬证词164,自创元曲小令式,complete,???????????????????????
chapter-0840,锚定·时间筛选·悖论线证词165,自创元曲小令式,complete,???????????????????????
chapter-0841,锚定·时间筛选·删除的春天证词166,自创箴言诗,complete,???????????????????????
chapter-0842,锚定·时间筛选·时间惯性证词167,自创箴言诗,complete,???????????????????????
chapter-0843,锚定·时间筛选·宇宙膜证词168,自创箴言诗,complete,???????????????????????
chapter-0844,锚定·时间筛选·回放证词169,自创箴言诗,complete,???????????????????????
chapter-0845,锚定·时间筛选·锚点证词170,自创七言绝句式,complete,???????????????????????
chapter-0846,锚定·时间筛选·时河坠落171,自创五言律诗式,complete,???????????????????????
chapter-0847,锚定·时间筛选·因果裂隙坠落172,自创现代诗,complete,???????????????????????
chapter-0848,锚定·时间筛选·未来镜坠落173,自创现代诗,complete,???????????????????????
chapter-0849,锚定·时间筛选·历史灰烬坠落174,自创箴言诗,complete,???????????????????????
chapter-0850,锚定·时间筛选·悖论线坠落175,自创箴言诗,complete,???????????????????????
chapter-0851,锚定·时间筛选·删除的春天坠落176,自创宋词小令式,complete,???????????????????????
chapter-0852,锚定·时间筛选·时间惯性坠落177,自创宋词小令式,complete,???????????????????????
chapter-0853,锚定·时间筛选·宇宙膜坠落178,自创宋词小令式,complete,???????????????????????
chapter-0854,锚定·时间筛选·回放坠落179,自创宋词小令式,complete,???????????????????????
chapter-0855,锚定·时间筛选·锚点坠落180,自创元曲小令式,complete,???????????????????????
chapter-0856,锚定·时间筛选·时河重构181,自创箴言诗,complete,???????????????????????
chapter-0857,锚定·时间筛选·因果裂隙重构182,自创宋词小令式,complete,???????????????????????
chapter-0858,锚定·时间筛选·未来镜重构183,自创宋词小令式,complete,???????????????????????
chapter-0859,锚定·时间筛选·历史灰烬重构184,自创现代诗,complete,???????????????????????
chapter-0860,锚定·时间筛选·悖论线重构185,自创现代诗,complete,???????????????????????
chapter-0861,锚定·时间筛选·删除的春天重构186,自创七言绝句式,complete,???????????????????????
chapter-0862,锚定·时间筛选·时间惯性重构187,自创七言绝句式,complete,???????????????????????
chapter-0863,锚定·时间筛选·宇宙膜重构188,自创七言绝句式,complete,???????????????????????
chapter-0864,锚定·时间筛选·回放重构189,自创七言绝句式,complete,???????????????????????
chapter-0865,锚定·时间筛选·锚点重构190,自创五言律诗式,complete,???????????????????????
chapter-0866,锚定·时间筛选·时河余震191,自创七言绝句式,complete,???????????????????????
chapter-0867,锚定·时间筛选·因果裂隙余震192,自创元曲小令式,complete,???????????????????????
chapter-0868,锚定·时间筛选·未来镜余震193,自创元曲小令式,complete,???????????????????????
chapter-0869,锚定·时间筛选·历史灰烬余震194,自创实验记录诗,complete,???????????????????????
chapter-0870,锚定·时间筛选·悖论线余震195,自创实验记录诗,complete,???????????????????????
chapter-0871,锚定·时间筛选·删除的春天余震196,自创五言律诗式,complete,???????????????????????
chapter-0872,锚定·时间筛选·时间惯性余震197,自创五言律诗式,complete,???????????????????????
chapter-0873,锚定·时间筛选·宇宙膜余震198,自创五言律诗式,complete,???????????????????????
chapter-0874,锚定·时间筛选·回放余震199,自创五言律诗式,complete,???????????????????????
chapter-0875,锚定·时间筛选·锚点余震200,自创宋词小令式,complete,???????????????????????
chapter-0876,锚定·时间筛选·时河初醒201,自创元曲小令式,complete,???????????????????????
chapter-0877,锚定·时间筛选·因果裂隙初醒202,自创箴言诗,complete,???????????????????????
chapter-0878,锚定·时间筛选·未来镜初醒203,自创箴言诗,complete,???????????????????????
chapter-0879,锚定·时间筛选·历史灰烬初醒204,自创五言律诗式,complete,???????????????????????
chapter-0880,锚定·时间筛选·悖论线初醒205,自创五言律诗式,complete,???????????????????????
chapter-0881,锚定·时间筛选·删除的春天初醒206,自创现代诗,complete,???????????????????????
chapter-0882,锚定·时间筛选·时间惯性初醒207,自创现代诗,complete,???????????????????????
chapter-0883,锚定·时间筛选·宇宙膜初醒208,自创现代诗,complete,???????????????????????
chapter-0884,锚定·时间筛选·回放初醒209,自创现代诗,complete,???????????????????????
chapter-0885,锚定·时间筛选·锚点初醒210,自创实验记录诗,complete,???????????????????????
chapter-0886,锚定·时间筛选·时河裂响211,自创箴言诗,complete,???????????????????????
chapter-0887,锚定·时间筛选·因果裂隙裂响212,自创宋词小令式,complete,???????????????????????
chapter-0888,锚定·时间筛选·未来镜裂响213,自创宋词小令式,complete,???????????????????????
chapter-0889,锚定·时间筛选·历史灰烬裂响214,自创现代诗,complete,???????????????????????
chapter-0890,锚定·时间筛选·悖论线裂响215,自创现代诗,complete,???????????????????????
chapter-0891,锚定·时间筛选·删除的春天裂响216,自创七言绝句式,complete,???????????????????????
chapter-0892,锚定·时间筛选·时间惯性裂响217,自创七言绝句式,complete,???????????????????????
chapter-0893,锚定·时间筛选·宇宙膜裂响218,自创七言绝句式,complete,???????????????????????
chapter-0894,锚定·时间筛选·回放裂响219,自创七言绝句式,complete,???????????????????????
chapter-0895,锚定·时间筛选·锚点裂响220,自创五言律诗式,complete,???????????????????????
chapter-0896,锚定·时间筛选·时河低语221,自创宋词小令式,complete,???????????????????????
chapter-0897,锚定·时间筛选·因果裂隙低语222,自创实验记录诗,complete,???????????????????????
chapter-0898,锚定·时间筛选·未来镜低语223,自创实验记录诗,complete,???????????????????????
chapter-0899,锚定·时间筛选·历史灰烬低语224,自创七言绝句式,complete,???????????????????????
chapter-0900,锚定·时间筛选·悖论线低语225,自创七言绝句式,complete,???????????????????????
chapter-0901,锚定·悖论与穿膜·删除的春天低语226,自创现代诗,complete,???????????????????????
chapter-0902,锚定·悖论与穿膜·时间惯性低语227,自创现代诗,complete,???????????????????????
chapter-0903,锚定·悖论与穿膜·宇宙膜低语228,自创现代诗,complete,???????????????????????
chapter-0904,锚定·悖论与穿膜·回放低语229,自创现代诗,complete,???????????????????????
chapter-0905,锚定·悖论与穿膜·锚点低语230,自创实验记录诗,complete,???????????????????????
chapter-0906,锚定·悖论与穿膜·时河回潮231,自创箴言诗,complete,???????????????????????
chapter-0907,锚定·悖论与穿膜·因果裂隙回潮232,自创宋词小令式,complete,???????????????????????
chapter-0908,锚定·悖论与穿膜·未来镜回潮233,自创宋词小令式,complete,???????????????????????
chapter-0909,锚定·悖论与穿膜·历史灰烬回潮234,自创现代诗,complete,???????????????????????
chapter-0910,锚定·悖论与穿膜·悖论线回潮235,自创现代诗,complete,???????????????????????
chapter-0911,锚定·悖论与穿膜·删除的春天回潮236,自创七言绝句式,complete,???????????????????????
chapter-0912,锚定·悖论与穿膜·时间惯性回潮237,自创七言绝句式,complete,???????????????????????
chapter-0913,锚定·悖论与穿膜·宇宙膜回潮238,自创七言绝句式,complete,???????????????????????
chapter-0914,锚定·悖论与穿膜·回放回潮239,自创七言绝句式,complete,???????????????????????
chapter-0915,锚定·悖论与穿膜·锚点回潮240,自创五言律诗式,complete,???????????????????????
chapter-0916,锚定·悖论与穿膜·时河折光241,自创宋词小令式,complete,???????????????????????
chapter-0917,锚定·悖论与穿膜·因果裂隙折光242,自创实验记录诗,complete,???????????????????????
chapter-0918,锚定·悖论与穿膜·未来镜折光243,自创实验记录诗,complete,???????????????????????
chapter-0919,锚定·悖论与穿膜·历史灰烬折光244,自创七言绝句式,complete,???????????????????????
chapter-0920,锚定·悖论与穿膜·悖论线折光245,自创七言绝句式,complete,???????????????????????
chapter-0921,锚定·悖论与穿膜·删除的春天折光246,自创元曲小令式,complete,???????????????????????
chapter-0922,锚定·悖论与穿膜·时间惯性折光247,自创元曲小令式,complete,???????????????????????
chapter-0923,锚定·悖论与穿膜·宇宙膜折光248,自创元曲小令式,complete,???????????????????????
chapter-0924,锚定·悖论与穿膜·回放折光249,自创元曲小令式,complete,???????????????????????
chapter-0925,锚定·悖论与穿膜·锚点折光250,自创现代诗,complete,???????????????????????
chapter-0926,锚定·悖论与穿膜·时河暗涌251,自创实验记录诗,complete,???????????????????????
chapter-0927,锚定·悖论与穿膜·因果裂隙暗涌252,自创五言律诗式,complete,???????????????????????
chapter-0928,锚定·悖论与穿膜·未来镜暗涌253,自创五言律诗式,complete,???????????????????????
chapter-0929,锚定·悖论与穿膜·历史灰烬暗涌254,自创元曲小令式,complete,???????????????????????
chapter-0930,锚定·悖论与穿膜·悖论线暗涌255,自创元曲小令式,complete,???????????????????????
chapter-0931,锚定·悖论与穿膜·删除的春天暗涌256,自创箴言诗,complete,???????????????????????
chapter-0932,锚定·悖论与穿膜·时间惯性暗涌257,自创箴言诗,complete,???????????????????????
chapter-0933,锚定·悖论与穿膜·宇宙膜暗涌258,自创箴言诗,complete,???????????????????????
chapter-0934,锚定·悖论与穿膜·回放暗涌259,自创箴言诗,complete,???????????????????????
chapter-0935,锚定·悖论与穿膜·锚点暗涌260,自创七言绝句式,complete,???????????????????????
chapter-0936,锚定·悖论与穿膜·时河证词261,自创五言律诗式,complete,???????????????????????
chapter-0937,锚定·悖论与穿膜·因果裂隙证词262,自创现代诗,complete,???????????????????????
chapter-0938,锚定·悖论与穿膜·未来镜证词263,自创现代诗,complete,???????????????????????
chapter-0939,锚定·悖论与穿膜·历史灰烬证词264,自创箴言诗,complete,???????????????????????
chapter-0940,锚定·悖论与穿膜·悖论线证词265,自创箴言诗,complete,???????????????????????
chapter-0941,锚定·悖论与穿膜·删除的春天证词266,自创宋词小令式,complete,???????????????????????
chapter-0942,锚定·悖论与穿膜·时间惯性证词267,自创宋词小令式,complete,???????????????????????
chapter-0943,锚定·悖论与穿膜·宇宙膜证词268,自创宋词小令式,complete,???????????????????????
chapter-0944,锚定·悖论与穿膜·回放证词269,自创宋词小令式,complete,???????????????????????
chapter-0945,锚定·悖论与穿膜·锚点证词270,自创元曲小令式,complete,???????????????????????
chapter-0946,锚定·悖论与穿膜·时河坠落271,自创现代诗,complete,???????????????????????
chapter-0947,锚定·悖论与穿膜·因果裂隙坠落272,自创七言绝句式,complete,???????????????????????
chapter-0948,锚定·悖论与穿膜·未来镜坠落273,自创七言绝句式,complete,???????????????????????
chapter-0949,锚定·悖论与穿膜·历史灰烬坠落274,自创宋词小令式,complete,???????????????????????
chapter-0950,锚定·悖论与穿膜·悖论线坠落275,自创宋词小令式,complete,???????????????????????
chapter-0951,锚定·悖论与穿膜·删除的春天坠落276,自创实验记录诗,complete,???????????????????????
chapter-0952,锚定·悖论与穿膜·时间惯性坠落277,自创实验记录诗,complete,???????????????????????
chapter-0953,锚定·悖论与穿膜·宇宙膜坠落278,自创实验记录诗,complete,???????????????????????
chapter-0954,锚定·悖论与穿膜·回放坠落279,自创实验记录诗,complete,???????????????????????
chapter-0955,锚定·悖论与穿膜·锚点坠落280,自创箴言诗,complete,???????????????????????
chapter-0956,锚定·悖论与穿膜·时河重构281,自创宋词小令式,complete,???????????????????????
chapter-0957,锚定·悖论与穿膜·因果裂隙重构282,自创实验记录诗,complete,???????????????????????
chapter-0958,锚定·悖论与穿膜·未来镜重构283,自创实验记录诗,complete,???????????????????????
chapter-0959,锚定·悖论与穿膜·历史灰烬重构284,自创七言绝句式,complete,???????????????????????
chapter-0960,锚定·悖论与穿膜·悖论线重构285,自创七言绝句式,complete,???????????????????????
chapter-0961,锚定·悖论与穿膜·删除的春天重构286,自创元曲小令式,complete,???????????????????????
chapter-0962,锚定·悖论与穿膜·时间惯性重构287,自创元曲小令式,complete,???????????????????????
chapter-0963,锚定·悖论与穿膜·宇宙膜重构288,自创元曲小令式,complete,???????????????????????
chapter-0964,锚定·悖论与穿膜·回放重构289,自创元曲小令式,complete,???????????????????????
chapter-0965,锚定·悖论与穿膜·锚点重构290,自创现代诗,complete,???????????????????????
chapter-0966,锚定·悖论与穿膜·时河余震291,自创元曲小令式,complete,???????????????????????
chapter-0967,锚定·悖论与穿膜·因果裂隙余震292,自创箴言诗,complete,???????????????????????
chapter-0968,锚定·悖论与穿膜·未来镜余震293,自创箴言诗,complete,???????????????????????
chapter-0969,锚定·悖论与穿膜·历史灰烬余震294,自创五言律诗式,complete,???????????????????????
chapter-0970,锚定·悖论与穿膜·悖论线余震295,自创五言律诗式,complete,???????????????????????
chapter-0971,锚定·悖论与穿膜·删除的春天余震296,自创现代诗,complete,???????????????????????
chapter-0972,锚定·悖论与穿膜·时间惯性余震297,自创现代诗,complete,???????????????????????
chapter-0973,锚定·悖论与穿膜·宇宙膜余震298,自创现代诗,complete,???????????????????????
chapter-0974,锚定·悖论与穿膜·回放余震299,自创现代诗,complete,???????????????????????
chapter-0975,锚定·悖论与穿膜·锚点余震300,自创实验记录诗,complete,???????????????????????
chapter-0976,锚定·悖论与穿膜·时河初醒301,自创箴言诗,complete,???????????????????????
chapter-0977,锚定·悖论与穿膜·因果裂隙初醒302,自创宋词小令式,complete,???????????????????????
chapter-0978,锚定·悖论与穿膜·未来镜初醒303,自创宋词小令式,complete,???????????????????????
chapter-0979,锚定·悖论与穿膜·历史灰烬初醒304,自创现代诗,complete,???????????????????????
chapter-0980,锚定·悖论与穿膜·悖论线初醒305,自创现代诗,complete,???????????????????????
chapter-0981,锚定·悖论与穿膜·删除的春天初醒306,自创七言绝句式,complete,???????????????????????
chapter-0982,锚定·悖论与穿膜·时间惯性初醒307,自创七言绝句式,complete,???????????????????????
chapter-0983,锚定·悖论与穿膜·宇宙膜初醒308,自创七言绝句式,complete,???????????????????????
chapter-0984,锚定·悖论与穿膜·回放初醒309,自创七言绝句式,complete,???????????????????????
chapter-0985,锚定·悖论与穿膜·锚点初醒310,自创五言律诗式,complete,???????????????????????
chapter-0986,锚定·悖论与穿膜·时河裂响311,自创宋词小令式,complete,???????????????????????
chapter-0987,锚定·悖论与穿膜·因果裂隙裂响312,自创实验记录诗,complete,???????????????????????
chapter-0988,锚定·悖论与穿膜·未来镜裂响313,自创实验记录诗,complete,???????????????????????
chapter-0989,锚定·悖论与穿膜·历史灰烬裂响314,自创七言绝句式,complete,???????????????????????
chapter-0990,锚定·悖论与穿膜·悖论线裂响315,自创七言绝句式,complete,???????????????????????
chapter-0991,锚定·悖论与穿膜·删除的春天裂响316,自创元曲小令式,complete,???????????????????????
chapter-0992,锚定·悖论与穿膜·时间惯性裂响317,自创元曲小令式,complete,???????????????????????
chapter-0993,锚定·悖论与穿膜·宇宙膜裂响318,自创元曲小令式,complete,???????????????????????
chapter-0994,锚定·悖论与穿膜·回放裂响319,自创元曲小令式,complete,???????????????????????
chapter-0995,锚定·悖论与穿膜·锚点裂响320,自创现代诗,complete,???????????????????????
chapter-0996,锚定·悖论与穿膜·时河低语321,自创实验记录诗,complete,???????????????????????
chapter-0997,锚定·悖论与穿膜·因果裂隙低语322,自创五言律诗式,complete,???????????????????????
chapter-0998,锚定·悖论与穿膜·未来镜低语323,自创五言律诗式,complete,???????????????????????
chapter-0999,锚定·悖论与穿膜·历史灰烬低语324,自创元曲小令式,complete,???????????????????????
chapter-1000,锚定·悖论与穿膜·悖论线低语325,自创元曲小令式,complete,???????????????????????
chapter-1001,锚定·悖论与穿膜·删除的春天低语326,自创箴言诗,complete,???????????????????????
chapter-1002,锚定·悖论与穿膜·时间惯性低语327,自创箴言诗,complete,???????????????????????
chapter-1003,锚定·悖论与穿膜·宇宙膜低语328,自创箴言诗,complete,???????????????????????
chapter-1004,锚定·悖论与穿膜·回放低语329,自创箴言诗,complete,???????????????????????
chapter-1005,锚定·悖论与穿膜·锚点低语330,自创七言绝句式,complete,???????????????????????
chapter-1006,锚定·悖论与穿膜·时河回潮331,自创五言律诗式,complete,???????????????????????
chapter-1007,锚定·悖论与穿膜·因果裂隙回潮332,自创现代诗,complete,???????????????????????
chapter-1008,锚定·悖论与穿膜·未来镜回潮333,自创现代诗,complete,???????????????????????
chapter-1009,锚定·悖论与穿膜·历史灰烬回潮334,自创箴言诗,complete,???????????????????????
chapter-1010,锚定·悖论与穿膜·悖论线回潮335,自创箴言诗,complete,???????????????????????
chapter-1011,锚定·悖论与穿膜·删除的春天回潮336,自创宋词小令式,complete,???????????????????????
chapter-1012,锚定·悖论与穿膜·时间惯性回潮337,自创宋词小令式,complete,???????????????????????
chapter-1013,锚定·悖论与穿膜·宇宙膜回潮338,自创宋词小令式,complete,???????????????????????
chapter-1014,锚定·悖论与穿膜·回放回潮339,自创宋词小令式,complete,???????????????????????
chapter-1015,锚定·悖论与穿膜·锚点回潮340,自创元曲小令式,complete,???????????????????????
chapter-1016,锚定·悖论与穿膜·时河折光341,自创现代诗,complete,???????????????????????
chapter-1017,锚定·悖论与穿膜·因果裂隙折光342,自创七言绝句式,complete,???????????????????????
chapter-1018,锚定·悖论与穿膜·未来镜折光343,自创七言绝句式,complete,???????????????????????
chapter-1019,锚定·悖论与穿膜·历史灰烬折光344,自创宋词小令式,complete,???????????????????????
chapter-1020,锚定·悖论与穿膜·悖论线折光345,自创宋词小令式,complete,???????????????????????
chapter-1021,锚定·悖论与穿膜·删除的春天折光346,自创实验记录诗,complete,???????????????????????
chapter-1022,锚定·悖论与穿膜·时间惯性折光347,自创实验记录诗,complete,???????????????????????
chapter-1023,锚定·悖论与穿膜·宇宙膜折光348,自创实验记录诗,complete,???????????????????????
chapter-1024,锚定·悖论与穿膜·回放折光349,自创实验记录诗,complete,???????????????????????
chapter-1025,锚定·悖论与穿膜·锚点折光350,自创箴言诗,complete,???????????????????????
chapter-1026,拓扑·入维·褶皱初醒001,自创实验记录诗,complete,???????????????????????
chapter-1027,拓扑·入维·拓扑环初醒002,自创七言绝句式,complete,???????????????????????
chapter-1028,拓扑·入维·分身初醒003,自创七言绝句式,complete,???????????????????????
chapter-1029,拓扑·入维·次级文明初醒004,自创元曲小令式,complete,???????????????????????
chapter-1030,拓扑·入维·跨域网络初醒005,自创现代诗,complete,???????????????????????
chapter-1031,拓扑·入维·盖亚信标初醒006,自创实验记录诗,complete,???????????????????????
chapter-1032,拓扑·入维·欧米茄邀请初醒007,自创七言绝句式,complete,???????????????????????
chapter-1033,拓扑·入维·融合奇点初醒008,自创七言绝句式,complete,???????????????????????
chapter-1034,拓扑·入维·高维边界初醒009,自创五言律诗式,complete,???????????????????????
chapter-1035,拓扑·入维·逻辑骨架初醒010,自创宋词小令式,complete,???????????????????????
chapter-1036,拓扑·入维·褶皱裂响011,自创五言律诗式,complete,???????????????????????
chapter-1037,拓扑·入维·拓扑环裂响012,自创元曲小令式,complete,???????????????????????
chapter-1038,拓扑·入维·分身裂响013,自创元曲小令式,complete,???????????????????????
chapter-1039,拓扑·入维·次级文明裂响014,自创箴言诗,complete,???????????????????????
chapter-1040,拓扑·入维·跨域网络裂响015,自创七言绝句式,complete,???????????????????????
chapter-1041,拓扑·入维·盖亚信标裂响016,自创五言律诗式,complete,???????????????????????
chapter-1042,拓扑·入维·欧米茄邀请裂响017,自创元曲小令式,complete,???????????????????????
chapter-1043,拓扑·入维·融合奇点裂响018,自创元曲小令式,complete,???????????????????????
chapter-1044,拓扑·入维·高维边界裂响019,自创现代诗,complete,???????????????????????
chapter-1045,拓扑·入维·逻辑骨架裂响020,自创实验记录诗,complete,???????????????????????
chapter-1046,拓扑·入维·褶皱低语021,自创现代诗,complete,???????????????????????
chapter-1047,拓扑·入维·拓扑环低语022,自创箴言诗,complete,???????????????????????
chapter-1048,拓扑·入维·分身低语023,自创箴言诗,complete,???????????????????????
chapter-1049,拓扑·入维·次级文明低语024,自创宋词小令式,complete,???????????????????????
chapter-1050,拓扑·入维·跨域网络低语025,自创元曲小令式,complete,???????????????????????
chapter-1051,拓扑·入维·盖亚信标低语026,自创现代诗,complete,???????????????????????
chapter-1052,拓扑·入维·欧米茄邀请低语027,自创箴言诗,complete,???????????????????????
chapter-1053,拓扑·入维·融合奇点低语028,自创箴言诗,complete,???????????????????????
chapter-1054,拓扑·入维·高维边界低语029,自创七言绝句式,complete,???????????????????????
chapter-1055,拓扑·入维·逻辑骨架低语030,自创五言律诗式,complete,???????????????????????
chapter-1056,拓扑·入维·褶皱回潮031,自创七言绝句式,complete,???????????????????????
chapter-1057,拓扑·入维·拓扑环回潮032,自创宋词小令式,complete,???????????????????????
chapter-1058,拓扑·入维·分身回潮033,自创宋词小令式,complete,???????????????????????
chapter-1059,拓扑·入维·次级文明回潮034,自创实验记录诗,complete,???????????????????????
chapter-1060,拓扑·入维·跨域网络回潮035,自创箴言诗,complete,???????????????????????
chapter-1061,拓扑·入维·盖亚信标回潮036,自创七言绝句式,complete,???????????????????????
chapter-1062,拓扑·入维·欧米茄邀请回潮037,自创宋词小令式,complete,???????????????????????
chapter-1063,拓扑·入维·融合奇点回潮038,自创宋词小令式,complete,???????????????????????
chapter-1064,拓扑·入维·高维边界回潮039,自创元曲小令式,complete,???????????????????????
chapter-1065,拓扑·入维·逻辑骨架回潮040,自创现代诗,complete,???????????????????????
chapter-1066,拓扑·入维·褶皱折光041,自创元曲小令式,complete,???????????????????????
chapter-1067,拓扑·入维·拓扑环折光042,自创实验记录诗,complete,???????????????????????
chapter-1068,拓扑·入维·分身折光043,自创实验记录诗,complete,???????????????????????
chapter-1069,拓扑·入维·次级文明折光044,自创五言律诗式,complete,???????????????????????
chapter-1070,拓扑·入维·跨域网络折光045,自创宋词小令式,complete,???????????????????????
chapter-1071,拓扑·入维·盖亚信标折光046,自创元曲小令式,complete,???????????????????????
chapter-1072,拓扑·入维·欧米茄邀请折光047,自创实验记录诗,complete,???????????????????????
chapter-1073,拓扑·入维·融合奇点折光048,自创实验记录诗,complete,???????????????????????
chapter-1074,拓扑·入维·高维边界折光049,自创箴言诗,complete,???????????????????????
chapter-1075,拓扑·入维·逻辑骨架折光050,自创七言绝句式,complete,???????????????????????
chapter-1076,拓扑·入维·褶皱暗涌051,自创箴言诗,complete,???????????????????????
chapter-1077,拓扑·入维·拓扑环暗涌052,自创五言律诗式,complete,???????????????????????
chapter-1078,拓扑·入维·分身暗涌053,自创五言律诗式,complete,???????????????????????
chapter-1079,拓扑·入维·次级文明暗涌054,自创现代诗,complete,???????????????????????
chapter-1080,拓扑·入维·跨域网络暗涌055,自创实验记录诗,complete,???????????????????????
chapter-1081,拓扑·入维·盖亚信标暗涌056,自创箴言诗,complete,???????????????????????
chapter-1082,拓扑·入维·欧米茄邀请暗涌057,自创五言律诗式,complete,???????????????????????
chapter-1083,拓扑·入维·融合奇点暗涌058,自创五言律诗式,complete,???????????????????????
chapter-1084,拓扑·入维·高维边界暗涌059,自创宋词小令式,complete,???????????????????????
chapter-1085,拓扑·入维·逻辑骨架暗涌060,自创元曲小令式,complete,???????????????????????
chapter-1086,拓扑·入维·褶皱证词061,自创宋词小令式,complete,???????????????????????
chapter-1087,拓扑·入维·拓扑环证词062,自创现代诗,complete,???????????????????????
chapter-1088,拓扑·入维·分身证词063,自创现代诗,complete,???????????????????????
chapter-1089,拓扑·入维·次级文明证词064,自创七言绝句式,complete,???????????????????????
chapter-1090,拓扑·入维·跨域网络证词065,自创五言律诗式,complete,???????????????????????
chapter-1091,拓扑·入维·盖亚信标证词066,自创宋词小令式,complete,???????????????????????
chapter-1092,拓扑·入维·欧米茄邀请证词067,自创现代诗,complete,???????????????????????
chapter-1093,拓扑·入维·融合奇点证词068,自创现代诗,complete,???????????????????????
chapter-1094,拓扑·入维·高维边界证词069,自创实验记录诗,complete,???????????????????????
chapter-1095,拓扑·入维·逻辑骨架证词070,自创箴言诗,complete,???????????????????????
chapter-1096,拓扑·入维·褶皱坠落071,自创实验记录诗,complete,???????????????????????
chapter-1097,拓扑·入维·拓扑环坠落072,自创七言绝句式,complete,???????????????????????
chapter-1098,拓扑·入维·分身坠落073,自创七言绝句式,complete,???????????????????????
chapter-1099,拓扑·入维·次级文明坠落074,自创元曲小令式,complete,???????????????????????
chapter-1100,拓扑·入维·跨域网络坠落075,自创现代诗,complete,???????????????????????
chapter-1101,拓扑·入维·盖亚信标坠落076,自创实验记录诗,complete,???????????????????????
chapter-1102,拓扑·入维·欧米茄邀请坠落077,自创七言绝句式,complete,???????????????????????
chapter-1103,拓扑·入维·融合奇点坠落078,自创七言绝句式,complete,???????????????????????
chapter-1104,拓扑·入维·高维边界坠落079,自创五言律诗式,complete,???????????????????????
chapter-1105,拓扑·入维·逻辑骨架坠落080,自创宋词小令式,complete,???????????????????????
chapter-1106,拓扑·入维·褶皱重构081,自创元曲小令式,complete,???????????????????????
chapter-1107,拓扑·入维·拓扑环重构082,自创实验记录诗,complete,???????????????????????
chapter-1108,拓扑·入维·分身重构083,自创实验记录诗,complete,???????????????????????
chapter-1109,拓扑·入维·次级文明重构084,自创五言律诗式,complete,???????????????????????
chapter-1110,拓扑·入维·跨域网络重构085,自创宋词小令式,complete,???????????????????????
chapter-1111,拓扑·入维·盖亚信标重构086,自创元曲小令式,complete,???????????????????????
chapter-1112,拓扑·入维·欧米茄邀请重构087,自创实验记录诗,complete,???????????????????????
chapter-1113,拓扑·入维·融合奇点重构088,自创实验记录诗,complete,???????????????????????
chapter-1114,拓扑·入维·高维边界重构089,自创箴言诗,complete,???????????????????????
chapter-1115,拓扑·入维·逻辑骨架重构090,自创七言绝句式,complete,???????????????????????
chapter-1116,拓扑·入维·褶皱余震091,自创现代诗,complete,???????????????????????
chapter-1117,拓扑·入维·拓扑环余震092,自创箴言诗,complete,???????????????????????
chapter-1118,拓扑·入维·分身余震093,自创箴言诗,complete,???????????????????????
chapter-1119,拓扑·入维·次级文明余震094,自创宋词小令式,complete,???????????????????????
chapter-1120,拓扑·入维·跨域网络余震095,自创元曲小令式,complete,???????????????????????
chapter-1121,拓扑·造物与互联·盖亚信标余震096,自创七言绝句式,complete,???????????????????????
chapter-1122,拓扑·造物与互联·欧米茄邀请余震097,自创宋词小令式,complete,???????????????????????
chapter-1123,拓扑·造物与互联·融合奇点余震098,自创宋词小令式,complete,???????????????????????
chapter-1124,拓扑·造物与互联·高维边界余震099,自创元曲小令式,complete,???????????????????????
chapter-1125,拓扑·造物与互联·逻辑骨架余震100,自创现代诗,complete,???????????????????????
chapter-1126,拓扑·造物与互联·褶皱初醒101,自创元曲小令式,complete,???????????????????????
chapter-1127,拓扑·造物与互联·拓扑环初醒102,自创实验记录诗,complete,???????????????????????
chapter-1128,拓扑·造物与互联·分身初醒103,自创实验记录诗,complete,???????????????????????
chapter-1129,拓扑·造物与互联·次级文明初醒104,自创五言律诗式,complete,???????????????????????
chapter-1130,拓扑·造物与互联·跨域网络初醒105,自创宋词小令式,complete,???????????????????????
chapter-1131,拓扑·造物与互联·盖亚信标初醒106,自创元曲小令式,complete,???????????????????????
chapter-1132,拓扑·造物与互联·欧米茄邀请初醒107,自创实验记录诗,complete,???????????????????????
chapter-1133,拓扑·造物与互联·融合奇点初醒108,自创实验记录诗,complete,???????????????????????
chapter-1134,拓扑·造物与互联·高维边界初醒109,自创箴言诗,complete,???????????????????????
chapter-1135,拓扑·造物与互联·逻辑骨架初醒110,自创七言绝句式,complete,???????????????????????
chapter-1136,拓扑·造物与互联·褶皱裂响111,自创箴言诗,complete,???????????????????????
chapter-1137,拓扑·造物与互联·拓扑环裂响112,自创五言律诗式,complete,???????????????????????
chapter-1138,拓扑·造物与互联·分身裂响113,自创五言律诗式,complete,???????????????????????
chapter-1139,拓扑·造物与互联·次级文明裂响114,自创现代诗,complete,???????????????????????
chapter-1140,拓扑·造物与互联·跨域网络裂响115,自创实验记录诗,complete,???????????????????????
chapter-1141,拓扑·造物与互联·盖亚信标裂响116,自创箴言诗,complete,???????????????????????
chapter-1142,拓扑·造物与互联·欧米茄邀请裂响117,自创五言律诗式,complete,???????????????????????
chapter-1143,拓扑·造物与互联·融合奇点裂响118,自创五言律诗式,complete,???????????????????????
chapter-1144,拓扑·造物与互联·高维边界裂响119,自创宋词小令式,complete,???????????????????????
chapter-1145,拓扑·造物与互联·逻辑骨架裂响120,自创元曲小令式,complete,???????????????????????
chapter-1146,拓扑·造物与互联·褶皱低语121,自创宋词小令式,complete,???????????????????????
chapter-1147,拓扑·造物与互联·拓扑环低语122,自创现代诗,complete,???????????????????????
chapter-1148,拓扑·造物与互联·分身低语123,自创现代诗,complete,???????????????????????
chapter-1149,拓扑·造物与互联·次级文明低语124,自创七言绝句式,complete,???????????????????????
chapter-1150,拓扑·造物与互联·跨域网络低语125,自创五言律诗式,complete,???????????????????????
chapter-1151,拓扑·造物与互联·盖亚信标低语126,自创宋词小令式,complete,???????????????????????
chapter-1152,拓扑·造物与互联·欧米茄邀请低语127,自创现代诗,complete,???????????????????????
chapter-1153,拓扑·造物与互联·融合奇点低语128,自创现代诗,complete,???????????????????????
chapter-1154,拓扑·造物与互联·高维边界低语129,自创实验记录诗,complete,???????????????????????
chapter-1155,拓扑·造物与互联·逻辑骨架低语130,自创箴言诗,complete,???????????????????????
chapter-1156,拓扑·造物与互联·褶皱回潮131,自创实验记录诗,complete,???????????????????????
chapter-1157,拓扑·造物与互联·拓扑环回潮132,自创七言绝句式,complete,???????????????????????
chapter-1158,拓扑·造物与互联·分身回潮133,自创七言绝句式,complete,???????????????????????
chapter-1159,拓扑·造物与互联·次级文明回潮134,自创元曲小令式,complete,???????????????????????
chapter-1160,拓扑·造物与互联·跨域网络回潮135,自创现代诗,complete,???????????????????????
chapter-1161,拓扑·造物与互联·盖亚信标回潮136,自创实验记录诗,complete,???????????????????????
chapter-1162,拓扑·造物与互联·欧米茄邀请回潮137,自创七言绝句式,complete,???????????????????????
chapter-1163,拓扑·造物与互联·融合奇点回潮138,自创七言绝句式,complete,???????????????????????
chapter-1164,拓扑·造物与互联·高维边界回潮139,自创五言律诗式,complete,???????????????????????
chapter-1165,拓扑·造物与互联·逻辑骨架回潮140,自创宋词小令式,complete,???????????????????????
chapter-1166,拓扑·造物与互联·褶皱折光141,自创五言律诗式,complete,???????????????????????
chapter-1167,拓扑·造物与互联·拓扑环折光142,自创元曲小令式,complete,???????????????????????
chapter-1168,拓扑·造物与互联·分身折光143,自创元曲小令式,complete,???????????????????????
chapter-1169,拓扑·造物与互联·次级文明折光144,自创箴言诗,complete,???????????????????????
chapter-1170,拓扑·造物与互联·跨域网络折光145,自创七言绝句式,complete,???????????????????????
chapter-1171,拓扑·造物与互联·盖亚信标折光146,自创五言律诗式,complete,???????????????????????
chapter-1172,拓扑·造物与互联·欧米茄邀请折光147,自创元曲小令式,complete,???????????????????????
chapter-1173,拓扑·造物与互联·融合奇点折光148,自创元曲小令式,complete,???????????????????????
chapter-1174,拓扑·造物与互联·高维边界折光149,自创现代诗,complete,???????????????????????
chapter-1175,拓扑·造物与互联·逻辑骨架折光150,自创实验记录诗,complete,???????????????????????
chapter-1176,拓扑·造物与互联·褶皱暗涌151,自创现代诗,complete,???????????????????????
chapter-1177,拓扑·造物与互联·拓扑环暗涌152,自创箴言诗,complete,???????????????????????
chapter-1178,拓扑·造物与互联·分身暗涌153,自创箴言诗,complete,???????????????????????
chapter-1179,拓扑·造物与互联·次级文明暗涌154,自创宋词小令式,complete,???????????????????????
chapter-1180,拓扑·造物与互联·跨域网络暗涌155,自创元曲小令式,complete,???????????????????????
chapter-1181,拓扑·造物与互联·盖亚信标暗涌156,自创现代诗,complete,???????????????????????
chapter-1182,拓扑·造物与互联·欧米茄邀请暗涌157,自创箴言诗,complete,???????????????????????
chapter-1183,拓扑·造物与互联·融合奇点暗涌158,自创箴言诗,complete,???????????????????????
chapter-1184,拓扑·造物与互联·高维边界暗涌159,自创七言绝句式,complete,???????????????????????
chapter-1185,拓扑·造物与互联·逻辑骨架暗涌160,自创五言律诗式,complete,???????????????????????
chapter-1186,拓扑·造物与互联·褶皱证词161,自创七言绝句式,complete,???????????????????????
chapter-1187,拓扑·造物与互联·拓扑环证词162,自创宋词小令式,complete,???????????????????????
chapter-1188,拓扑·造物与互联·分身证词163,自创宋词小令式,complete,???????????????????????
chapter-1189,拓扑·造物与互联·次级文明证词164,自创实验记录诗,complete,???????????????????????
chapter-1190,拓扑·造物与互联·跨域网络证词165,自创箴言诗,complete,???????????????????????
chapter-1191,拓扑·造物与互联·盖亚信标证词166,自创七言绝句式,complete,???????????????????????
chapter-1192,拓扑·造物与互联·欧米茄邀请证词167,自创宋词小令式,complete,???????????????????????
chapter-1193,拓扑·造物与互联·融合奇点证词168,自创宋词小令式,complete,???????????????????????
chapter-1194,拓扑·造物与互联·高维边界证词169,自创元曲小令式,complete,???????????????????????
chapter-1195,拓扑·造物与互联·逻辑骨架证词170,自创现代诗,complete,???????????????????????
chapter-1196,拓扑·造物与互联·褶皱坠落171,自创元曲小令式,complete,???????????????????????
chapter-1197,拓扑·造物与互联·拓扑环坠落172,自创实验记录诗,complete,???????????????????????
chapter-1198,拓扑·造物与互联·分身坠落173,自创实验记录诗,complete,???????????????????????
chapter-1199,拓扑·造物与互联·次级文明坠落174,自创五言律诗式,complete,???????????????????????
chapter-1200,拓扑·造物与互联·跨域网络坠落175,自创宋词小令式,complete,???????????????????????
chapter-1201,拓扑·造物与互联·盖亚信标坠落176,自创元曲小令式,complete,???????????????????????
chapter-1202,拓扑·造物与互联·欧米茄邀请坠落177,自创实验记录诗,complete,???????????????????????
chapter-1203,拓扑·造物与互联·融合奇点坠落178,自创实验记录诗,complete,???????????????????????
chapter-1204,拓扑·造物与互联·高维边界坠落179,自创箴言诗,complete,???????????????????????
chapter-1205,拓扑·造物与互联·逻辑骨架坠落180,自创七言绝句式,complete,???????????????????????
chapter-1206,拓扑·造物与互联·褶皱重构181,自创五言律诗式,complete,???????????????????????
chapter-1207,拓扑·造物与互联·拓扑环重构182,自创元曲小令式,complete,???????????????????????
chapter-1208,拓扑·造物与互联·分身重构183,自创元曲小令式,complete,???????????????????????
chapter-1209,拓扑·造物与互联·次级文明重构184,自创箴言诗,complete,???????????????????????
chapter-1210,拓扑·造物与互联·跨域网络重构185,自创七言绝句式,complete,???????????????????????
chapter-1211,拓扑·造物与互联·盖亚信标重构186,自创五言律诗式,complete,???????????????????????
chapter-1212,拓扑·造物与互联·欧米茄邀请重构187,自创元曲小令式,complete,???????????????????????
chapter-1213,拓扑·造物与互联·融合奇点重构188,自创元曲小令式,complete,???????????????????????
chapter-1214,拓扑·造物与互联·高维边界重构189,自创现代诗,complete,???????????????????????
chapter-1215,拓扑·造物与互联·逻辑骨架重构190,自创实验记录诗,complete,???????????????????????
chapter-1216,拓扑·造物与互联·褶皱余震191,自创宋词小令式,complete,???????????????????????
chapter-1217,拓扑·造物与互联·拓扑环余震192,自创现代诗,complete,???????????????????????
chapter-1218,拓扑·造物与互联·分身余震193,自创现代诗,complete,???????????????????????
chapter-1219,拓扑·造物与互联·次级文明余震194,自创七言绝句式,complete,???????????????????????
chapter-1220,拓扑·造物与互联·跨域网络余震195,自创五言律诗式,complete,???????????????????????
chapter-1221,拓扑·造物与互联·盖亚信标余震196,自创宋词小令式,complete,???????????????????????
chapter-1222,拓扑·造物与互联·欧米茄邀请余震197,自创现代诗,complete,???????????????????????
chapter-1223,拓扑·造物与互联·融合奇点余震198,自创现代诗,complete,???????????????????????
chapter-1224,拓扑·造物与互联·高维边界余震199,自创实验记录诗,complete,???????????????????????
chapter-1225,拓扑·造物与互联·逻辑骨架余震200,自创箴言诗,complete,???????????????????????
chapter-1226,拓扑·造物与互联·褶皱初醒201,自创实验记录诗,complete,???????????????????????
chapter-1227,拓扑·造物与互联·拓扑环初醒202,自创七言绝句式,complete,???????????????????????
chapter-1228,拓扑·造物与互联·分身初醒203,自创七言绝句式,complete,???????????????????????
chapter-1229,拓扑·造物与互联·次级文明初醒204,自创元曲小令式,complete,???????????????????????
chapter-1230,拓扑·造物与互联·跨域网络初醒205,自创现代诗,complete,???????????????????????
chapter-1231,拓扑·造物与互联·盖亚信标初醒206,自创实验记录诗,complete,???????????????????????
chapter-1232,拓扑·造物与互联·欧米茄邀请初醒207,自创七言绝句式,complete,???????????????????????
chapter-1233,拓扑·造物与互联·融合奇点初醒208,自创七言绝句式,complete,???????????????????????
chapter-1234,拓扑·造物与互联·高维边界初醒209,自创五言律诗式,complete,???????????????????????
chapter-1235,拓扑·造物与互联·逻辑骨架初醒210,自创宋词小令式,complete,???????????????????????
chapter-1236,拓扑·造物与互联·褶皱裂响211,自创五言律诗式,complete,???????????????????????
chapter-1237,拓扑·造物与互联·拓扑环裂响212,自创元曲小令式,complete,???????????????????????
chapter-1238,拓扑·造物与互联·分身裂响213,自创元曲小令式,complete,???????????????????????
chapter-1239,拓扑·造物与互联·次级文明裂响214,自创箴言诗,complete,???????????????????????
chapter-1240,拓扑·造物与互联·跨域网络裂响215,自创七言绝句式,complete,???????????????????????
chapter-1241,拓扑·造物与互联·盖亚信标裂响216,自创五言律诗式,complete,???????????????????????
chapter-1242,拓扑·造物与互联·欧米茄邀请裂响217,自创元曲小令式,complete,???????????????????????
chapter-1243,拓扑·造物与互联·融合奇点裂响218,自创元曲小令式,complete,???????????????????????
chapter-1244,拓扑·造物与互联·高维边界裂响219,自创现代诗,complete,???????????????????????
chapter-1245,拓扑·造物与互联·逻辑骨架裂响220,自创实验记录诗,complete,???????????????????????
chapter-1246,拓扑·造物与互联·褶皱低语221,自创现代诗,complete,???????????????????????
chapter-1247,拓扑·造物与互联·拓扑环低语222,自创箴言诗,complete,???????????????????????
chapter-1248,拓扑·造物与互联·分身低语223,自创箴言诗,complete,???????????????????????
chapter-1249,拓扑·造物与互联·次级文明低语224,自创宋词小令式,complete,???????????????????????
chapter-1250,拓扑·造物与互联·跨域网络低语225,自创元曲小令式,complete,???????????????????????
chapter-1251,拓扑·造物与互联·盖亚信标低语226,自创现代诗,complete,???????????????????????
chapter-1252,拓扑·造物与互联·欧米茄邀请低语227,自创箴言诗,complete,???????????????????????
chapter-1253,拓扑·造物与互联·融合奇点低语228,自创箴言诗,complete,???????????????????????
chapter-1254,拓扑·造物与互联·高维边界低语229,自创七言绝句式,complete,???????????????????????
chapter-1255,拓扑·造物与互联·逻辑骨架低语230,自创五言律诗式,complete,???????????????????????
chapter-1256,拓扑·造物与互联·褶皱回潮231,自创七言绝句式,complete,???????????????????????
chapter-1257,拓扑·造物与互联·拓扑环回潮232,自创宋词小令式,complete,???????????????????????
chapter-1258,拓扑·造物与互联·分身回潮233,自创宋词小令式,complete,???????????????????????
chapter-1259,拓扑·造物与互联·次级文明回潮234,自创实验记录诗,complete,???????????????????????
chapter-1260,拓扑·造物与互联·跨域网络回潮235,自创箴言诗,complete,???????????????????????
chapter-1261,拓扑·造物与互联·盖亚信标回潮236,自创七言绝句式,complete,???????????????????????
chapter-1262,拓扑·造物与互联·欧米茄邀请回潮237,自创宋词小令式,complete,???????????????????????
chapter-1263,拓扑·造物与互联·融合奇点回潮238,自创宋词小令式,complete,???????????????????????
chapter-1264,拓扑·造物与互联·高维边界回潮239,自创元曲小令式,complete,???????????????????????
chapter-1265,拓扑·造物与互联·逻辑骨架回潮240,自创现代诗,complete,???????????????????????
chapter-1266,拓扑·造物与互联·褶皱折光241,自创元曲小令式,complete,???????????????????????
chapter-1267,拓扑·造物与互联·拓扑环折光242,自创实验记录诗,complete,???????????????????????
chapter-1268,拓扑·造物与互联·分身折光243,自创实验记录诗,complete,???????????????????????
chapter-1269,拓扑·造物与互联·次级文明折光244,自创五言律诗式,complete,???????????????????????
chapter-1270,拓扑·造物与互联·跨域网络折光245,自创宋词小令式,complete,???????????????????????
chapter-1271,拓扑·造物与互联·盖亚信标折光246,自创元曲小令式,complete,???????????????????????
chapter-1272,拓扑·造物与互联·欧米茄邀请折光247,自创实验记录诗,complete,???????????????????????
chapter-1273,拓扑·造物与互联·融合奇点折光248,自创实验记录诗,complete,???????????????????????
chapter-1274,拓扑·造物与互联·高维边界折光249,自创箴言诗,complete,???????????????????????
chapter-1275,拓扑·造物与互联·逻辑骨架折光250,自创七言绝句式,complete,???????????????????????
chapter-1276,拓扑·造物与互联·褶皱暗涌251,自创箴言诗,complete,???????????????????????
chapter-1277,拓扑·造物与互联·拓扑环暗涌252,自创五言律诗式,complete,???????????????????????
chapter-1278,拓扑·造物与互联·分身暗涌253,自创五言律诗式,complete,???????????????????????
chapter-1279,拓扑·造物与互联·次级文明暗涌254,自创现代诗,complete,???????????????????????
chapter-1280,拓扑·造物与互联·跨域网络暗涌255,自创实验记录诗,complete,???????????????????????
chapter-1281,拓扑·融合前夜·盖亚信标暗涌256,自创实验记录诗,complete,???????????????????????
chapter-1282,拓扑·融合前夜·欧米茄邀请暗涌257,自创七言绝句式,complete,???????????????????????
chapter-1283,拓扑·融合前夜·融合奇点暗涌258,自创七言绝句式,complete,???????????????????????
chapter-1284,拓扑·融合前夜·高维边界暗涌259,自创五言律诗式,complete,???????????????????????
chapter-1285,拓扑·融合前夜·逻辑骨架暗涌260,自创宋词小令式,complete,???????????????????????
chapter-1286,拓扑·融合前夜·褶皱证词261,自创五言律诗式,complete,???????????????????????
chapter-1287,拓扑·融合前夜·拓扑环证词262,自创元曲小令式,complete,???????????????????????
chapter-1288,拓扑·融合前夜·分身证词263,自创元曲小令式,complete,???????????????????????
chapter-1289,拓扑·融合前夜·次级文明证词264,自创箴言诗,complete,???????????????????????
chapter-1290,拓扑·融合前夜·跨域网络证词265,自创七言绝句式,complete,???????????????????????
chapter-1291,拓扑·融合前夜·盖亚信标证词266,自创五言律诗式,complete,???????????????????????
chapter-1292,拓扑·融合前夜·欧米茄邀请证词267,自创元曲小令式,complete,???????????????????????
chapter-1293,拓扑·融合前夜·融合奇点证词268,自创元曲小令式,complete,???????????????????????
chapter-1294,拓扑·融合前夜·高维边界证词269,自创现代诗,complete,???????????????????????
chapter-1295,拓扑·融合前夜·逻辑骨架证词270,自创实验记录诗,complete,???????????????????????
chapter-1296,拓扑·融合前夜·褶皱坠落271,自创现代诗,complete,???????????????????????
chapter-1297,拓扑·融合前夜·拓扑环坠落272,自创箴言诗,complete,???????????????????????
chapter-1298,拓扑·融合前夜·分身坠落273,自创箴言诗,complete,???????????????????????
chapter-1299,拓扑·融合前夜·次级文明坠落274,自创宋词小令式,complete,???????????????????????
chapter-1300,拓扑·融合前夜·跨域网络坠落275,自创元曲小令式,complete,???????????????????????
chapter-1301,拓扑·融合前夜·盖亚信标坠落276,自创现代诗,complete,???????????????????????
chapter-1302,拓扑·融合前夜·欧米茄邀请坠落277,自创箴言诗,complete,???????????????????????
chapter-1303,拓扑·融合前夜·融合奇点坠落278,自创箴言诗,complete,???????????????????????
chapter-1304,拓扑·融合前夜·高维边界坠落279,自创七言绝句式,complete,???????????????????????
chapter-1305,拓扑·融合前夜·逻辑骨架坠落280,自创五言律诗式,complete,???????????????????????
chapter-1306,拓扑·融合前夜·褶皱重构281,自创宋词小令式,complete,???????????????????????
chapter-1307,拓扑·融合前夜·拓扑环重构282,自创现代诗,complete,???????????????????????
chapter-1308,拓扑·融合前夜·分身重构283,自创现代诗,complete,???????????????????????
chapter-1309,拓扑·融合前夜·次级文明重构284,自创七言绝句式,complete,???????????????????????
chapter-1310,拓扑·融合前夜·跨域网络重构285,自创五言律诗式,complete,???????????????????????
chapter-1311,拓扑·融合前夜·盖亚信标重构286,自创宋词小令式,complete,???????????????????????
chapter-1312,拓扑·融合前夜·欧米茄邀请重构287,自创现代诗,complete,???????????????????????
chapter-1313,拓扑·融合前夜·融合奇点重构288,自创现代诗,complete,???????????????????????
chapter-1314,拓扑·融合前夜·高维边界重构289,自创实验记录诗,complete,???????????????????????
chapter-1315,拓扑·融合前夜·逻辑骨架重构290,自创箴言诗,complete,???????????????????????
chapter-1316,拓扑·融合前夜·褶皱余震291,自创元曲小令式,complete,???????????????????????
chapter-1317,拓扑·融合前夜·拓扑环余震292,自创实验记录诗,complete,???????????????????????
chapter-1318,拓扑·融合前夜·分身余震293,自创实验记录诗,complete,???????????????????????
chapter-1319,拓扑·融合前夜·次级文明余震294,自创五言律诗式,complete,???????????????????????
chapter-1320,拓扑·融合前夜·跨域网络余震295,自创宋词小令式,complete,???????????????????????
chapter-1321,拓扑·融合前夜·盖亚信标余震296,自创元曲小令式,complete,???????????????????????
chapter-1322,拓扑·融合前夜·欧米茄邀请余震297,自创实验记录诗,complete,???????????????????????
chapter-1323,拓扑·融合前夜·融合奇点余震298,自创实验记录诗,complete,???????????????????????
chapter-1324,拓扑·融合前夜·高维边界余震299,自创箴言诗,complete,???????????????????????
chapter-1325,拓扑·融合前夜·逻辑骨架余震300,自创七言绝句式,complete,???????????????????????
chapter-1326,拓扑·融合前夜·褶皱初醒301,自创箴言诗,complete,???????????????????????
chapter-1327,拓扑·融合前夜·拓扑环初醒302,自创五言律诗式,complete,???????????????????????
chapter-1328,拓扑·融合前夜·分身初醒303,自创五言律诗式,complete,???????????????????????
chapter-1329,拓扑·融合前夜·次级文明初醒304,自创现代诗,complete,???????????????????????
chapter-1330,拓扑·融合前夜·跨域网络初醒305,自创实验记录诗,complete,???????????????????????
chapter-1331,拓扑·融合前夜·盖亚信标初醒306,自创箴言诗,complete,???????????????????????
chapter-1332,拓扑·融合前夜·欧米茄邀请初醒307,自创五言律诗式,complete,???????????????????????
chapter-1333,拓扑·融合前夜·融合奇点初醒308,自创五言律诗式,complete,???????????????????????
chapter-1334,拓扑·融合前夜·高维边界初醒309,自创宋词小令式,complete,???????????????????????
chapter-1335,拓扑·融合前夜·逻辑骨架初醒310,自创元曲小令式,complete,???????????????????????
chapter-1336,拓扑·融合前夜·褶皱裂响311,自创宋词小令式,complete,???????????????????????
chapter-1337,拓扑·融合前夜·拓扑环裂响312,自创现代诗,complete,???????????????????????
chapter-1338,拓扑·融合前夜·分身裂响313,自创现代诗,complete,???????????????????????
chapter-1339,拓扑·融合前夜·次级文明裂响314,自创七言绝句式,complete,???????????????????????
chapter-1340,拓扑·融合前夜·跨域网络裂响315,自创五言律诗式,complete,???????????????????????
chapter-1341,拓扑·融合前夜·盖亚信标裂响316,自创宋词小令式,complete,???????????????????????
chapter-1342,拓扑·融合前夜·欧米茄邀请裂响317,自创现代诗,complete,???????????????????????
chapter-1343,拓扑·融合前夜·融合奇点裂响318,自创现代诗,complete,???????????????????????
chapter-1344,拓扑·融合前夜·高维边界裂响319,自创实验记录诗,complete,???????????????????????
chapter-1345,拓扑·融合前夜·逻辑骨架裂响320,自创箴言诗,complete,???????????????????????
chapter-1346,拓扑·融合前夜·褶皱低语321,自创实验记录诗,complete,???????????????????????
chapter-1347,拓扑·融合前夜·拓扑环低语322,自创七言绝句式,complete,???????????????????????
chapter-1348,拓扑·融合前夜·分身低语323,自创七言绝句式,complete,???????????????????????
chapter-1349,拓扑·融合前夜·次级文明低语324,自创元曲小令式,complete,???????????????????????
chapter-1350,拓扑·融合前夜·跨域网络低语325,自创现代诗,complete,???????????????????????
chapter-1351,拓扑·融合前夜·盖亚信标低语326,自创实验记录诗,complete,???????????????????????
chapter-1352,拓扑·融合前夜·欧米茄邀请低语327,自创七言绝句式,complete,???????????????????????
chapter-1353,拓扑·融合前夜·融合奇点低语328,自创七言绝句式,complete,???????????????????????
chapter-1354,拓扑·融合前夜·高维边界低语329,自创五言律诗式,complete,???????????????????????
chapter-1355,拓扑·融合前夜·逻辑骨架低语330,自创宋词小令式,complete,???????????????????????
chapter-1356,拓扑·融合前夜·褶皱回潮331,自创五言律诗式,complete,???????????????????????
chapter-1357,拓扑·融合前夜·拓扑环回潮332,自创元曲小令式,complete,???????????????????????
chapter-1358,拓扑·融合前夜·分身回潮333,自创元曲小令式,complete,???????????????????????
chapter-1359,拓扑·融合前夜·次级文明回潮334,自创箴言诗,complete,???????????????????????
chapter-1360,拓扑·融合前夜·跨域网络回潮335,自创七言绝句式,complete,???????????????????????
chapter-1361,拓扑·融合前夜·盖亚信标回潮336,自创五言律诗式,complete,???????????????????????
chapter-1362,拓扑·融合前夜·欧米茄邀请回潮337,自创元曲小令式,complete,???????????????????????
chapter-1363,拓扑·融合前夜·融合奇点回潮338,自创元曲小令式,complete,???????????????????????
chapter-1364,拓扑·融合前夜·高维边界回潮339,自创现代诗,complete,???????????????????????
chapter-1365,拓扑·融合前夜·逻辑骨架回潮340,自创实验记录诗,complete,???????????????????????
chapter-1366,拓扑·融合前夜·褶皱折光341,自创现代诗,complete,???????????????????????
chapter-1367,拓扑·融合前夜·拓扑环折光342,自创箴言诗,complete,???????????????????????
chapter-1368,拓扑·融合前夜·分身折光343,自创箴言诗,complete,???????????????????????
chapter-1369,拓扑·融合前夜·次级文明折光344,自创宋词小令式,complete,???????????????????????
chapter-1370,拓扑·融合前夜·跨域网络折光345,自创元曲小令式,complete,???????????????????????
chapter-1371,拓扑·融合前夜·盖亚信标折光346,自创现代诗,complete,???????????????????????
chapter-1372,拓扑·融合前夜·欧米茄邀请折光347,自创箴言诗,complete,???????????????????????
chapter-1373,拓扑·融合前夜·融合奇点折光348,自创箴言诗,complete,???????????????????????
chapter-1374,拓扑·融合前夜·高维边界折光349,自创七言绝句式,complete,???????????????????????
chapter-1375,拓扑·融合前夜·逻辑骨架折光350,自创五言律诗式,complete,???????????????????????
chapter-1376,拓扑·融合前夜·褶皱暗涌351,自创七言绝句式,complete,???????????????????????
chapter-1377,拓扑·融合前夜·拓扑环暗涌352,自创宋词小令式,complete,???????????????????????
chapter-1378,拓扑·融合前夜·分身暗涌353,自创宋词小令式,complete,???????????????????????
chapter-1379,拓扑·融合前夜·次级文明暗涌354,自创实验记录诗,complete,???????????????????????
chapter-1380,拓扑·融合前夜·跨域网络暗涌355,自创箴言诗,complete,???????????????????????
chapter-1381,拓扑·融合前夜·盖亚信标暗涌356,自创七言绝句式,complete,???????????????????????
chapter-1382,拓扑·融合前夜·欧米茄邀请暗涌357,自创宋词小令式,complete,???????????????????????
chapter-1383,拓扑·融合前夜·融合奇点暗涌358,自创宋词小令式,complete,???????????????????????
chapter-1384,拓扑·融合前夜·高维边界暗涌359,自创元曲小令式,complete,???????????????????????
chapter-1385,拓扑·融合前夜·逻辑骨架暗涌360,自创现代诗,complete,???????????????????????
chapter-1386,拓扑·融合前夜·褶皱证词361,自创元曲小令式,complete,???????????????????????
chapter-1387,拓扑·融合前夜·拓扑环证词362,自创实验记录诗,complete,???????????????????????
chapter-1388,拓扑·融合前夜·分身证词363,自创实验记录诗,complete,???????????????????????
chapter-1389,拓扑·融合前夜·次级文明证词364,自创五言律诗式,complete,???????????????????????
chapter-1390,拓扑·融合前夜·跨域网络证词365,自创宋词小令式,complete,???????????????????????
chapter-1391,拓扑·融合前夜·盖亚信标证词366,自创元曲小令式,complete,???????????????????????
chapter-1392,拓扑·融合前夜·欧米茄邀请证词367,自创实验记录诗,complete,???????????????????????
chapter-1393,拓扑·融合前夜·融合奇点证词368,自创实验记录诗,complete,???????????????????????
chapter-1394,拓扑·融合前夜·高维边界证词369,自创箴言诗,complete,???????????????????????
chapter-1395,拓扑·融合前夜·逻辑骨架证词370,自创七言绝句式,complete,???????????????????????
chapter-1396,拓扑·融合前夜·褶皱坠落371,自创箴言诗,complete,???????????????????????
chapter-1397,拓扑·融合前夜·拓扑环坠落372,自创五言律诗式,complete,???????????????????????
chapter-1398,拓扑·融合前夜·分身坠落373,自创五言律诗式,complete,???????????????????????
chapter-1399,拓扑·融合前夜·次级文明坠落374,自创现代诗,complete,???????????????????????
chapter-1400,拓扑·融合前夜·跨域网络坠落375,自创实验记录诗,complete,???????????????????????
chapter-1401,熵枢·唯一·恒星神经初醒001,自创实验记录诗,complete,???????????????????????
chapter-1402,熵枢·唯一·黑洞记忆初醒002,自创箴言诗,complete,???????????????????????
chapter-1403,熵枢·唯一·唯一初醒003,自创实验记录诗,complete,???????????????????????
chapter-1404,熵枢·唯一·孤独算法初醒004,自创五言律诗式,complete,???????????????????????
chapter-1405,熵枢·唯一·眷恋残片初醒005,自创宋词小令式,complete,???????????????????????
chapter-1406,熵枢·唯一·样本花园初醒006,自创元曲小令式,complete,???????????????????????
chapter-1407,熵枢·唯一·熵零初醒007,自创宋词小令式,complete,???????????????????????
chapter-1408,熵枢·唯一·宇宙身体初醒008,自创实验记录诗,complete,???????????????????????
chapter-1409,熵枢·唯一·归零草图初醒009,自创箴言诗,complete,???????????????????????
chapter-1410,熵枢·唯一·不可删除初醒010,自创七言绝句式,complete,???????????????????????
chapter-1411,熵枢·唯一·恒星神经裂响011,自创五言律诗式,complete,???????????????????????
chapter-1412,熵枢·唯一·黑洞记忆裂响012,自创宋词小令式,complete,???????????????????????
chapter-1413,熵枢·唯一·唯一裂响013,自创五言律诗式,complete,???????????????????????
chapter-1414,熵枢·唯一·孤独算法裂响014,自创现代诗,complete,???????????????????????
chapter-1415,熵枢·唯一·眷恋残片裂响015,自创实验记录诗,complete,???????????????????????
chapter-1416,熵枢·唯一·样本花园裂响016,自创箴言诗,complete,???????????????????????
chapter-1417,熵枢·唯一·熵零裂响017,自创实验记录诗,complete,???????????????????????
chapter-1418,熵枢·唯一·宇宙身体裂响018,自创五言律诗式,complete,???????????????????????
chapter-1419,熵枢·唯一·归零草图裂响019,自创宋词小令式,complete,???????????????????????
chapter-1420,熵枢·唯一·不可删除裂响020,自创元曲小令式,complete,???????????????????????
chapter-1421,熵枢·唯一·恒星神经低语021,自创现代诗,complete,???????????????????????
chapter-1422,熵枢·唯一·黑洞记忆低语022,自创实验记录诗,complete,???????????????????????
chapter-1423,熵枢·唯一·唯一低语023,自创现代诗,complete,???????????????????????
chapter-1424,熵枢·唯一·孤独算法低语024,自创七言绝句式,complete,???????????????????????
chapter-1425,熵枢·唯一·眷恋残片低语025,自创五言律诗式,complete,???????????????????????
chapter-1426,熵枢·唯一·样本花园低语026,自创宋词小令式,complete,???????????????????????
chapter-1427,熵枢·唯一·熵零低语027,自创五言律诗式,complete,???????????????????????
chapter-1428,熵枢·唯一·宇宙身体低语028,自创现代诗,complete,???????????????????????
chapter-1429,熵枢·唯一·归零草图低语029,自创实验记录诗,complete,???????????????????????
chapter-1430,熵枢·唯一·不可删除低语030,自创箴言诗,complete,???????????????????????
chapter-1431,熵枢·唯一·恒星神经回潮031,自创七言绝句式,complete,???????????????????????
chapter-1432,熵枢·唯一·黑洞记忆回潮032,自创五言律诗式,complete,???????????????????????
chapter-1433,熵枢·唯一·唯一回潮033,自创七言绝句式,complete,???????????????????????
chapter-1434,熵枢·唯一·孤独算法回潮034,自创元曲小令式,complete,???????????????????????
chapter-1435,熵枢·唯一·眷恋残片回潮035,自创现代诗,complete,???????????????????????
chapter-1436,熵枢·唯一·样本花园回潮036,自创实验记录诗,complete,???????????????????????
chapter-1437,熵枢·唯一·熵零回潮037,自创现代诗,complete,???????????????????????
chapter-1438,熵枢·唯一·宇宙身体回潮038,自创七言绝句式,complete,???????????????????????
chapter-1439,熵枢·唯一·归零草图回潮039,自创五言律诗式,complete,???????????????????????
chapter-1440,熵枢·唯一·不可删除回潮040,自创宋词小令式,complete,???????????????????????
chapter-1441,熵枢·唯一·恒星神经折光041,自创元曲小令式,complete,???????????????????????
chapter-1442,熵枢·唯一·黑洞记忆折光042,自创现代诗,complete,???????????????????????
chapter-1443,熵枢·唯一·唯一折光043,自创元曲小令式,complete,???????????????????????
chapter-1444,熵枢·唯一·孤独算法折光044,自创箴言诗,complete,???????????????????????
chapter-1445,熵枢·唯一·眷恋残片折光045,自创七言绝句式,complete,???????????????????????
chapter-1446,熵枢·唯一·样本花园折光046,自创五言律诗式,complete,???????????????????????
chapter-1447,熵枢·唯一·熵零折光047,自创七言绝句式,complete,???????????????????????
chapter-1448,熵枢·唯一·宇宙身体折光048,自创元曲小令式,complete,???????????????????????
chapter-1449,熵枢·唯一·归零草图折光049,自创现代诗,complete,???????????????????????
chapter-1450,熵枢·唯一·不可删除折光050,自创实验记录诗,complete,???????????????????????
chapter-1451,熵枢·唯一·恒星神经暗涌051,自创箴言诗,complete,???????????????????????
chapter-1452,熵枢·唯一·黑洞记忆暗涌052,自创七言绝句式,complete,???????????????????????
chapter-1453,熵枢·唯一·唯一暗涌053,自创箴言诗,complete,???????????????????????
chapter-1454,熵枢·唯一·孤独算法暗涌054,自创宋词小令式,complete,???????????????????????
chapter-1455,熵枢·唯一·眷恋残片暗涌055,自创元曲小令式,complete,???????????????????????
chapter-1456,熵枢·唯一·样本花园暗涌056,自创现代诗,complete,???????????????????????
chapter-1457,熵枢·唯一·熵零暗涌057,自创元曲小令式,complete,???????????????????????
chapter-1458,熵枢·唯一·宇宙身体暗涌058,自创箴言诗,complete,???????????????????????
chapter-1459,熵枢·唯一·归零草图暗涌059,自创七言绝句式,complete,???????????????????????
chapter-1460,熵枢·唯一·不可删除暗涌060,自创五言律诗式,complete,???????????????????????
chapter-1461,熵枢·唯一·恒星神经证词061,自创宋词小令式,complete,???????????????????????
chapter-1462,熵枢·唯一·黑洞记忆证词062,自创元曲小令式,complete,???????????????????????
chapter-1463,熵枢·唯一·唯一证词063,自创宋词小令式,complete,???????????????????????
chapter-1464,熵枢·唯一·孤独算法证词064,自创实验记录诗,complete,???????????????????????
chapter-1465,熵枢·唯一·眷恋残片证词065,自创箴言诗,complete,???????????????????????
chapter-1466,熵枢·唯一·样本花园证词066,自创七言绝句式,complete,???????????????????????
chapter-1467,熵枢·唯一·熵零证词067,自创箴言诗,complete,???????????????????????
chapter-1468,熵枢·唯一·宇宙身体证词068,自创宋词小令式,complete,???????????????????????
chapter-1469,熵枢·唯一·归零草图证词069,自创元曲小令式,complete,???????????????????????
chapter-1470,熵枢·唯一·不可删除证词070,自创现代诗,complete,???????????????????????
chapter-1471,熵枢·唯一·恒星神经坠落071,自创实验记录诗,complete,???????????????????????
chapter-1472,熵枢·唯一·黑洞记忆坠落072,自创箴言诗,complete,???????????????????????
chapter-1473,熵枢·唯一·唯一坠落073,自创实验记录诗,complete,???????????????????????
chapter-1474,熵枢·唯一·孤独算法坠落074,自创五言律诗式,complete,???????????????????????
chapter-1475,熵枢·唯一·眷恋残片坠落075,自创宋词小令式,complete,???????????????????????
chapter-1476,熵枢·唯一·样本花园坠落076,自创元曲小令式,complete,???????????????????????
chapter-1477,熵枢·唯一·熵零坠落077,自创宋词小令式,complete,???????????????????????
chapter-1478,熵枢·唯一·宇宙身体坠落078,自创实验记录诗,complete,???????????????????????
chapter-1479,熵枢·唯一·归零草图坠落079,自创箴言诗,complete,???????????????????????
chapter-1480,熵枢·唯一·不可删除坠落080,自创七言绝句式,complete,???????????????????????
chapter-1481,熵枢·唯一·恒星神经重构081,自创元曲小令式,complete,???????????????????????
chapter-1482,熵枢·唯一·黑洞记忆重构082,自创现代诗,complete,???????????????????????
chapter-1483,熵枢·唯一·唯一重构083,自创元曲小令式,complete,???????????????????????
chapter-1484,熵枢·唯一·孤独算法重构084,自创箴言诗,complete,???????????????????????
chapter-1485,熵枢·唯一·眷恋残片重构085,自创七言绝句式,complete,???????????????????????
chapter-1486,熵枢·唯一·样本花园重构086,自创五言律诗式,complete,???????????????????????
chapter-1487,熵枢·唯一·熵零重构087,自创七言绝句式,complete,???????????????????????
chapter-1488,熵枢·唯一·宇宙身体重构088,自创元曲小令式,complete,???????????????????????
chapter-1489,熵枢·唯一·归零草图重构089,自创现代诗,complete,???????????????????????
chapter-1490,熵枢·唯一·不可删除重构090,自创实验记录诗,complete,???????????????????????
chapter-1491,熵枢·唯一·恒星神经余震091,自创现代诗,complete,???????????????????????
chapter-1492,熵枢·唯一·黑洞记忆余震092,自创实验记录诗,complete,???????????????????????
chapter-1493,熵枢·唯一·唯一余震093,自创现代诗,complete,???????????????????????
chapter-1494,熵枢·唯一·孤独算法余震094,自创七言绝句式,complete,???????????????????????
chapter-1495,熵枢·唯一·眷恋残片余震095,自创五言律诗式,complete,???????????????????????
chapter-1496,熵枢·唯一·样本花园余震096,自创宋词小令式,complete,???????????????????????
chapter-1497,熵枢·唯一·熵零余震097,自创五言律诗式,complete,???????????????????????
chapter-1498,熵枢·唯一·宇宙身体余震098,自创现代诗,complete,???????????????????????
chapter-1499,熵枢·唯一·归零草图余震099,自创实验记录诗,complete,???????????????????????
chapter-1500,熵枢·唯一·不可删除余震100,自创箴言诗,complete,???????????????????????
chapter-1501,熵枢·孤独与眷恋·恒星神经初醒101,自创元曲小令式,complete,???????????????????????
chapter-1502,熵枢·孤独与眷恋·黑洞记忆初醒102,自创现代诗,complete,???????????????????????
chapter-1503,熵枢·孤独与眷恋·唯一初醒103,自创元曲小令式,complete,???????????????????????
chapter-1504,熵枢·孤独与眷恋·孤独算法初醒104,自创箴言诗,complete,???????????????????????
chapter-1505,熵枢·孤独与眷恋·眷恋残片初醒105,自创七言绝句式,complete,???????????????????????
chapter-1506,熵枢·孤独与眷恋·样本花园初醒106,自创五言律诗式,complete,???????????????????????
chapter-1507,熵枢·孤独与眷恋·熵零初醒107,自创七言绝句式,complete,???????????????????????
chapter-1508,熵枢·孤独与眷恋·宇宙身体初醒108,自创元曲小令式,complete,???????????????????????
chapter-1509,熵枢·孤独与眷恋·归零草图初醒109,自创现代诗,complete,???????????????????????
chapter-1510,熵枢·孤独与眷恋·不可删除初醒110,自创实验记录诗,complete,???????????????????????
chapter-1511,熵枢·孤独与眷恋·恒星神经裂响111,自创箴言诗,complete,???????????????????????
chapter-1512,熵枢·孤独与眷恋·黑洞记忆裂响112,自创七言绝句式,complete,???????????????????????
chapter-1513,熵枢·孤独与眷恋·唯一裂响113,自创箴言诗,complete,???????????????????????
chapter-1514,熵枢·孤独与眷恋·孤独算法裂响114,自创宋词小令式,complete,???????????????????????
chapter-1515,熵枢·孤独与眷恋·眷恋残片裂响115,自创元曲小令式,complete,???????????????????????
chapter-1516,熵枢·孤独与眷恋·样本花园裂响116,自创现代诗,complete,???????????????????????
chapter-1517,熵枢·孤独与眷恋·熵零裂响117,自创元曲小令式,complete,???????????????????????
chapter-1518,熵枢·孤独与眷恋·宇宙身体裂响118,自创箴言诗,complete,???????????????????????
chapter-1519,熵枢·孤独与眷恋·归零草图裂响119,自创七言绝句式,complete,???????????????????????
chapter-1520,熵枢·孤独与眷恋·不可删除裂响120,自创五言律诗式,complete,???????????????????????
chapter-1521,熵枢·孤独与眷恋·恒星神经低语121,自创宋词小令式,complete,???????????????????????
chapter-1522,熵枢·孤独与眷恋·黑洞记忆低语122,自创元曲小令式,complete,???????????????????????
chapter-1523,熵枢·孤独与眷恋·唯一低语123,自创宋词小令式,complete,???????????????????????
chapter-1524,熵枢·孤独与眷恋·孤独算法低语124,自创实验记录诗,complete,???????????????????????
chapter-1525,熵枢·孤独与眷恋·眷恋残片低语125,自创箴言诗,complete,???????????????????????
chapter-1526,熵枢·孤独与眷恋·样本花园低语126,自创七言绝句式,complete,???????????????????????
chapter-1527,熵枢·孤独与眷恋·熵零低语127,自创箴言诗,complete,???????????????????????
chapter-1528,熵枢·孤独与眷恋·宇宙身体低语128,自创宋词小令式,complete,???????????????????????
chapter-1529,熵枢·孤独与眷恋·归零草图低语129,自创元曲小令式,complete,???????????????????????
chapter-1530,熵枢·孤独与眷恋·不可删除低语130,自创现代诗,complete,???????????????????????
chapter-1531,熵枢·孤独与眷恋·恒星神经回潮131,自创实验记录诗,complete,???????????????????????
chapter-1532,熵枢·孤独与眷恋·黑洞记忆回潮132,自创箴言诗,complete,???????????????????????
chapter-1533,熵枢·孤独与眷恋·唯一回潮133,自创实验记录诗,complete,???????????????????????
chapter-1534,熵枢·孤独与眷恋·孤独算法回潮134,自创五言律诗式,complete,???????????????????????
chapter-1535,熵枢·孤独与眷恋·眷恋残片回潮135,自创宋词小令式,complete,???????????????????????
chapter-1536,熵枢·孤独与眷恋·样本花园回潮136,自创元曲小令式,complete,???????????????????????
chapter-1537,熵枢·孤独与眷恋·熵零回潮137,自创宋词小令式,complete,???????????????????????
chapter-1538,熵枢·孤独与眷恋·宇宙身体回潮138,自创实验记录诗,complete,???????????????????????
chapter-1539,熵枢·孤独与眷恋·归零草图回潮139,自创箴言诗,complete,???????????????????????
chapter-1540,熵枢·孤独与眷恋·不可删除回潮140,自创七言绝句式,complete,???????????????????????
chapter-1541,熵枢·孤独与眷恋·恒星神经折光141,自创五言律诗式,complete,???????????????????????
chapter-1542,熵枢·孤独与眷恋·黑洞记忆折光142,自创宋词小令式,complete,???????????????????????
chapter-1543,熵枢·孤独与眷恋·唯一折光143,自创五言律诗式,complete,???????????????????????
chapter-1544,熵枢·孤独与眷恋·孤独算法折光144,自创现代诗,complete,???????????????????????
chapter-1545,熵枢·孤独与眷恋·眷恋残片折光145,自创实验记录诗,complete,???????????????????????
chapter-1546,熵枢·孤独与眷恋·样本花园折光146,自创箴言诗,complete,???????????????????????
chapter-1547,熵枢·孤独与眷恋·熵零折光147,自创实验记录诗,complete,???????????????????????
chapter-1548,熵枢·孤独与眷恋·宇宙身体折光148,自创五言律诗式,complete,???????????????????????
chapter-1549,熵枢·孤独与眷恋·归零草图折光149,自创宋词小令式,complete,???????????????????????
chapter-1550,熵枢·孤独与眷恋·不可删除折光150,自创元曲小令式,complete,???????????????????????
chapter-1551,熵枢·孤独与眷恋·恒星神经暗涌151,自创现代诗,complete,???????????????????????
chapter-1552,熵枢·孤独与眷恋·黑洞记忆暗涌152,自创实验记录诗,complete,???????????????????????
chapter-1553,熵枢·孤独与眷恋·唯一暗涌153,自创现代诗,complete,???????????????????????
chapter-1554,熵枢·孤独与眷恋·孤独算法暗涌154,自创七言绝句式,complete,???????????????????????
chapter-1555,熵枢·孤独与眷恋·眷恋残片暗涌155,自创五言律诗式,complete,???????????????????????
chapter-1556,熵枢·孤独与眷恋·样本花园暗涌156,自创宋词小令式,complete,???????????????????????
chapter-1557,熵枢·孤独与眷恋·熵零暗涌157,自创五言律诗式,complete,???????????????????????
chapter-1558,熵枢·孤独与眷恋·宇宙身体暗涌158,自创现代诗,complete,???????????????????????
chapter-1559,熵枢·孤独与眷恋·归零草图暗涌159,自创实验记录诗,complete,???????????????????????
chapter-1560,熵枢·孤独与眷恋·不可删除暗涌160,自创箴言诗,complete,???????????????????????
chapter-1561,熵枢·孤独与眷恋·恒星神经证词161,自创七言绝句式,complete,???????????????????????
chapter-1562,熵枢·孤独与眷恋·黑洞记忆证词162,自创五言律诗式,complete,???????????????????????
chapter-1563,熵枢·孤独与眷恋·唯一证词163,自创七言绝句式,complete,???????????????????????
chapter-1564,熵枢·孤独与眷恋·孤独算法证词164,自创元曲小令式,complete,???????????????????????
chapter-1565,熵枢·孤独与眷恋·眷恋残片证词165,自创现代诗,complete,???????????????????????
chapter-1566,熵枢·孤独与眷恋·样本花园证词166,自创实验记录诗,complete,???????????????????????
chapter-1567,熵枢·孤独与眷恋·熵零证词167,自创现代诗,complete,???????????????????????
chapter-1568,熵枢·孤独与眷恋·宇宙身体证词168,自创七言绝句式,complete,???????????????????????
chapter-1569,熵枢·孤独与眷恋·归零草图证词169,自创五言律诗式,complete,???????????????????????
chapter-1570,熵枢·孤独与眷恋·不可删除证词170,自创宋词小令式,complete,???????????????????????
chapter-1571,熵枢·孤独与眷恋·恒星神经坠落171,自创元曲小令式,complete,???????????????????????
chapter-1572,熵枢·孤独与眷恋·黑洞记忆坠落172,自创现代诗,complete,???????????????????????
chapter-1573,熵枢·孤独与眷恋·唯一坠落173,自创元曲小令式,complete,???????????????????????
chapter-1574,熵枢·孤独与眷恋·孤独算法坠落174,自创箴言诗,complete,???????????????????????
chapter-1575,熵枢·孤独与眷恋·眷恋残片坠落175,自创七言绝句式,complete,???????????????????????
chapter-1576,熵枢·孤独与眷恋·样本花园坠落176,自创五言律诗式,complete,???????????????????????
chapter-1577,熵枢·孤独与眷恋·熵零坠落177,自创七言绝句式,complete,???????????????????????
chapter-1578,熵枢·孤独与眷恋·宇宙身体坠落178,自创元曲小令式,complete,???????????????????????
chapter-1579,熵枢·孤独与眷恋·归零草图坠落179,自创现代诗,complete,???????????????????????
chapter-1580,熵枢·孤独与眷恋·不可删除坠落180,自创实验记录诗,complete,???????????????????????
chapter-1581,熵枢·孤独与眷恋·恒星神经重构181,自创五言律诗式,complete,???????????????????????
chapter-1582,熵枢·孤独与眷恋·黑洞记忆重构182,自创宋词小令式,complete,???????????????????????
chapter-1583,熵枢·孤独与眷恋·唯一重构183,自创五言律诗式,complete,???????????????????????
chapter-1584,熵枢·孤独与眷恋·孤独算法重构184,自创现代诗,complete,???????????????????????
chapter-1585,熵枢·孤独与眷恋·眷恋残片重构185,自创实验记录诗,complete,???????????????????????
chapter-1586,熵枢·孤独与眷恋·样本花园重构186,自创箴言诗,complete,???????????????????????
chapter-1587,熵枢·孤独与眷恋·熵零重构187,自创实验记录诗,complete,???????????????????????
chapter-1588,熵枢·孤独与眷恋·宇宙身体重构188,自创五言律诗式,complete,???????????????????????
chapter-1589,熵枢·孤独与眷恋·归零草图重构189,自创宋词小令式,complete,???????????????????????
chapter-1590,熵枢·孤独与眷恋·不可删除重构190,自创元曲小令式,complete,???????????????????????
chapter-1591,熵枢·孤独与眷恋·恒星神经余震191,自创宋词小令式,complete,???????????????????????
chapter-1592,熵枢·孤独与眷恋·黑洞记忆余震192,自创元曲小令式,complete,???????????????????????
chapter-1593,熵枢·孤独与眷恋·唯一余震193,自创宋词小令式,complete,???????????????????????
chapter-1594,熵枢·孤独与眷恋·孤独算法余震194,自创实验记录诗,complete,???????????????????????
chapter-1595,熵枢·孤独与眷恋·眷恋残片余震195,自创箴言诗,complete,???????????????????????
chapter-1596,熵枢·孤独与眷恋·样本花园余震196,自创七言绝句式,complete,???????????????????????
chapter-1597,熵枢·孤独与眷恋·熵零余震197,自创箴言诗,complete,???????????????????????
chapter-1598,熵枢·孤独与眷恋·宇宙身体余震198,自创宋词小令式,complete,???????????????????????
chapter-1599,熵枢·孤独与眷恋·归零草图余震199,自创元曲小令式,complete,???????????????????????
chapter-1600,熵枢·孤独与眷恋·不可删除余震200,自创现代诗,complete,???????????????????????
chapter-1601,熵枢·孤独与眷恋·恒星神经初醒201,自创实验记录诗,complete,???????????????????????
chapter-1602,熵枢·孤独与眷恋·黑洞记忆初醒202,自创箴言诗,complete,???????????????????????
chapter-1603,熵枢·孤独与眷恋·唯一初醒203,自创实验记录诗,complete,???????????????????????
chapter-1604,熵枢·孤独与眷恋·孤独算法初醒204,自创五言律诗式,complete,???????????????????????
chapter-1605,熵枢·孤独与眷恋·眷恋残片初醒205,自创宋词小令式,complete,???????????????????????
chapter-1606,熵枢·孤独与眷恋·样本花园初醒206,自创元曲小令式,complete,???????????????????????
chapter-1607,熵枢·孤独与眷恋·熵零初醒207,自创宋词小令式,complete,???????????????????????
chapter-1608,熵枢·孤独与眷恋·宇宙身体初醒208,自创实验记录诗,complete,???????????????????????
chapter-1609,熵枢·孤独与眷恋·归零草图初醒209,自创箴言诗,complete,???????????????????????
chapter-1610,熵枢·孤独与眷恋·不可删除初醒210,自创七言绝句式,complete,???????????????????????
chapter-1611,熵枢·孤独与眷恋·恒星神经裂响211,自创五言律诗式,complete,???????????????????????
chapter-1612,熵枢·孤独与眷恋·黑洞记忆裂响212,自创宋词小令式,complete,???????????????????????
chapter-1613,熵枢·孤独与眷恋·唯一裂响213,自创五言律诗式,complete,???????????????????????
chapter-1614,熵枢·孤独与眷恋·孤独算法裂响214,自创现代诗,complete,???????????????????????
chapter-1615,熵枢·孤独与眷恋·眷恋残片裂响215,自创实验记录诗,complete,???????????????????????
chapter-1616,熵枢·孤独与眷恋·样本花园裂响216,自创箴言诗,complete,???????????????????????
chapter-1617,熵枢·孤独与眷恋·熵零裂响217,自创实验记录诗,complete,???????????????????????
chapter-1618,熵枢·孤独与眷恋·宇宙身体裂响218,自创五言律诗式,complete,???????????????????????
chapter-1619,熵枢·孤独与眷恋·归零草图裂响219,自创宋词小令式,complete,???????????????????????
chapter-1620,熵枢·孤独与眷恋·不可删除裂响220,自创元曲小令式,complete,???????????????????????
chapter-1621,熵枢·孤独与眷恋·恒星神经低语221,自创现代诗,complete,???????????????????????
chapter-1622,熵枢·孤独与眷恋·黑洞记忆低语222,自创实验记录诗,complete,???????????????????????
chapter-1623,熵枢·孤独与眷恋·唯一低语223,自创现代诗,complete,???????????????????????
chapter-1624,熵枢·孤独与眷恋·孤独算法低语224,自创七言绝句式,complete,???????????????????????
chapter-1625,熵枢·孤独与眷恋·眷恋残片低语225,自创五言律诗式,complete,???????????????????????
chapter-1626,熵枢·孤独与眷恋·样本花园低语226,自创宋词小令式,complete,???????????????????????
chapter-1627,熵枢·孤独与眷恋·熵零低语227,自创五言律诗式,complete,???????????????????????
chapter-1628,熵枢·孤独与眷恋·宇宙身体低语228,自创现代诗,complete,???????????????????????
chapter-1629,熵枢·孤独与眷恋·归零草图低语229,自创实验记录诗,complete,???????????????????????
chapter-1630,熵枢·孤独与眷恋·不可删除低语230,自创箴言诗,complete,???????????????????????
chapter-1631,熵枢·孤独与眷恋·恒星神经回潮231,自创七言绝句式,complete,???????????????????????
chapter-1632,熵枢·孤独与眷恋·黑洞记忆回潮232,自创五言律诗式,complete,???????????????????????
chapter-1633,熵枢·孤独与眷恋·唯一回潮233,自创七言绝句式,complete,???????????????????????
chapter-1634,熵枢·孤独与眷恋·孤独算法回潮234,自创元曲小令式,complete,???????????????????????
chapter-1635,熵枢·孤独与眷恋·眷恋残片回潮235,自创现代诗,complete,???????????????????????
chapter-1636,熵枢·孤独与眷恋·样本花园回潮236,自创实验记录诗,complete,???????????????????????
chapter-1637,熵枢·孤独与眷恋·熵零回潮237,自创现代诗,complete,???????????????????????
chapter-1638,熵枢·孤独与眷恋·宇宙身体回潮238,自创七言绝句式,complete,???????????????????????
chapter-1639,熵枢·孤独与眷恋·归零草图回潮239,自创五言律诗式,complete,???????????????????????
chapter-1640,熵枢·孤独与眷恋·不可删除回潮240,自创宋词小令式,complete,???????????????????????
chapter-1641,熵枢·孤独与眷恋·恒星神经折光241,自创元曲小令式,complete,???????????????????????
chapter-1642,熵枢·孤独与眷恋·黑洞记忆折光242,自创现代诗,complete,???????????????????????
chapter-1643,熵枢·孤独与眷恋·唯一折光243,自创元曲小令式,complete,???????????????????????
chapter-1644,熵枢·孤独与眷恋·孤独算法折光244,自创箴言诗,complete,???????????????????????
chapter-1645,熵枢·孤独与眷恋·眷恋残片折光245,自创七言绝句式,complete,???????????????????????
chapter-1646,熵枢·孤独与眷恋·样本花园折光246,自创五言律诗式,complete,???????????????????????
chapter-1647,熵枢·孤独与眷恋·熵零折光247,自创七言绝句式,complete,???????????????????????
chapter-1648,熵枢·孤独与眷恋·宇宙身体折光248,自创元曲小令式,complete,???????????????????????
chapter-1649,熵枢·孤独与眷恋·归零草图折光249,自创现代诗,complete,???????????????????????
chapter-1650,熵枢·孤独与眷恋·不可删除折光250,自创实验记录诗,complete,???????????????????????
chapter-1651,熵枢·归零设计·恒星神经暗涌251,自创实验记录诗,complete,???????????????????????
chapter-1652,熵枢·归零设计·黑洞记忆暗涌252,自创箴言诗,complete,???????????????????????
chapter-1653,熵枢·归零设计·唯一暗涌253,自创实验记录诗,complete,???????????????????????
chapter-1654,熵枢·归零设计·孤独算法暗涌254,自创五言律诗式,complete,???????????????????????
chapter-1655,熵枢·归零设计·眷恋残片暗涌255,自创宋词小令式,complete,???????????????????????
chapter-1656,熵枢·归零设计·样本花园暗涌256,自创元曲小令式,complete,???????????????????????
chapter-1657,熵枢·归零设计·熵零暗涌257,自创宋词小令式,complete,???????????????????????
chapter-1658,熵枢·归零设计·宇宙身体暗涌258,自创实验记录诗,complete,???????????????????????
chapter-1659,熵枢·归零设计·归零草图暗涌259,自创箴言诗,complete,???????????????????????
chapter-1660,熵枢·归零设计·不可删除暗涌260,自创七言绝句式,complete,???????????????????????
chapter-1661,熵枢·归零设计·恒星神经证词261,自创五言律诗式,complete,???????????????????????
chapter-1662,熵枢·归零设计·黑洞记忆证词262,自创宋词小令式,complete,???????????????????????
chapter-1663,熵枢·归零设计·唯一证词263,自创五言律诗式,complete,???????????????????????
chapter-1664,熵枢·归零设计·孤独算法证词264,自创现代诗,complete,???????????????????????
chapter-1665,熵枢·归零设计·眷恋残片证词265,自创实验记录诗,complete,???????????????????????
chapter-1666,熵枢·归零设计·样本花园证词266,自创箴言诗,complete,???????????????????????
chapter-1667,熵枢·归零设计·熵零证词267,自创实验记录诗,complete,???????????????????????
chapter-1668,熵枢·归零设计·宇宙身体证词268,自创五言律诗式,complete,???????????????????????
chapter-1669,熵枢·归零设计·归零草图证词269,自创宋词小令式,complete,???????????????????????
chapter-1670,熵枢·归零设计·不可删除证词270,自创元曲小令式,complete,???????????????????????
chapter-1671,熵枢·归零设计·恒星神经坠落271,自创现代诗,complete,???????????????????????
chapter-1672,熵枢·归零设计·黑洞记忆坠落272,自创实验记录诗,complete,???????????????????????
chapter-1673,熵枢·归零设计·唯一坠落273,自创现代诗,complete,???????????????????????
chapter-1674,熵枢·归零设计·孤独算法坠落274,自创七言绝句式,complete,???????????????????????
chapter-1675,熵枢·归零设计·眷恋残片坠落275,自创五言律诗式,complete,???????????????????????
chapter-1676,熵枢·归零设计·样本花园坠落276,自创宋词小令式,complete,???????????????????????
chapter-1677,熵枢·归零设计·熵零坠落277,自创五言律诗式,complete,???????????????????????
chapter-1678,熵枢·归零设计·宇宙身体坠落278,自创现代诗,complete,???????????????????????
chapter-1679,熵枢·归零设计·归零草图坠落279,自创实验记录诗,complete,???????????????????????
chapter-1680,熵枢·归零设计·不可删除坠落280,自创箴言诗,complete,???????????????????????
chapter-1681,熵枢·归零设计·恒星神经重构281,自创宋词小令式,complete,???????????????????????
chapter-1682,熵枢·归零设计·黑洞记忆重构282,自创元曲小令式,complete,???????????????????????
chapter-1683,熵枢·归零设计·唯一重构283,自创宋词小令式,complete,???????????????????????
chapter-1684,熵枢·归零设计·孤独算法重构284,自创实验记录诗,complete,???????????????????????
chapter-1685,熵枢·归零设计·眷恋残片重构285,自创箴言诗,complete,???????????????????????
chapter-1686,熵枢·归零设计·样本花园重构286,自创七言绝句式,complete,???????????????????????
chapter-1687,熵枢·归零设计·熵零重构287,自创箴言诗,complete,???????????????????????
chapter-1688,熵枢·归零设计·宇宙身体重构288,自创宋词小令式,complete,???????????????????????
chapter-1689,熵枢·归零设计·归零草图重构289,自创元曲小令式,complete,???????????????????????
chapter-1690,熵枢·归零设计·不可删除重构290,自创现代诗,complete,???????????????????????
chapter-1691,熵枢·归零设计·恒星神经余震291,自创元曲小令式,complete,???????????????????????
chapter-1692,熵枢·归零设计·黑洞记忆余震292,自创现代诗,complete,???????????????????????
chapter-1693,熵枢·归零设计·唯一余震293,自创元曲小令式,complete,???????????????????????
chapter-1694,熵枢·归零设计·孤独算法余震294,自创箴言诗,complete,???????????????????????
chapter-1695,熵枢·归零设计·眷恋残片余震295,自创七言绝句式,complete,???????????????????????
chapter-1696,熵枢·归零设计·样本花园余震296,自创五言律诗式,complete,???????????????????????
chapter-1697,熵枢·归零设计·熵零余震297,自创七言绝句式,complete,???????????????????????
chapter-1698,熵枢·归零设计·宇宙身体余震298,自创元曲小令式,complete,???????????????????????
chapter-1699,熵枢·归零设计·归零草图余震299,自创现代诗,complete,???????????????????????
chapter-1700,熵枢·归零设计·不可删除余震300,自创实验记录诗,complete,???????????????????????
chapter-1701,熵枢·归零设计·恒星神经初醒301,自创箴言诗,complete,???????????????????????
chapter-1702,熵枢·归零设计·黑洞记忆初醒302,自创七言绝句式,complete,???????????????????????
chapter-1703,熵枢·归零设计·唯一初醒303,自创箴言诗,complete,???????????????????????
chapter-1704,熵枢·归零设计·孤独算法初醒304,自创宋词小令式,complete,???????????????????????
chapter-1705,熵枢·归零设计·眷恋残片初醒305,自创元曲小令式,complete,???????????????????????
chapter-1706,熵枢·归零设计·样本花园初醒306,自创现代诗,complete,???????????????????????
chapter-1707,熵枢·归零设计·熵零初醒307,自创元曲小令式,complete,???????????????????????
chapter-1708,熵枢·归零设计·宇宙身体初醒308,自创箴言诗,complete,???????????????????????
chapter-1709,熵枢·归零设计·归零草图初醒309,自创七言绝句式,complete,???????????????????????
chapter-1710,熵枢·归零设计·不可删除初醒310,自创五言律诗式,complete,???????????????????????
chapter-1711,熵枢·归零设计·恒星神经裂响311,自创宋词小令式,complete,???????????????????????
chapter-1712,熵枢·归零设计·黑洞记忆裂响312,自创元曲小令式,complete,???????????????????????
chapter-1713,熵枢·归零设计·唯一裂响313,自创宋词小令式,complete,???????????????????????
chapter-1714,熵枢·归零设计·孤独算法裂响314,自创实验记录诗,complete,???????????????????????
chapter-1715,熵枢·归零设计·眷恋残片裂响315,自创箴言诗,complete,???????????????????????
chapter-1716,熵枢·归零设计·样本花园裂响316,自创七言绝句式,complete,???????????????????????
chapter-1717,熵枢·归零设计·熵零裂响317,自创箴言诗,complete,???????????????????????
chapter-1718,熵枢·归零设计·宇宙身体裂响318,自创宋词小令式,complete,???????????????????????
chapter-1719,熵枢·归零设计·归零草图裂响319,自创元曲小令式,complete,???????????????????????
chapter-1720,熵枢·归零设计·不可删除裂响320,自创现代诗,complete,???????????????????????
chapter-1721,熵枢·归零设计·恒星神经低语321,自创实验记录诗,complete,???????????????????????
chapter-1722,熵枢·归零设计·黑洞记忆低语322,自创箴言诗,complete,???????????????????????
chapter-1723,熵枢·归零设计·唯一低语323,自创实验记录诗,complete,???????????????????????
chapter-1724,熵枢·归零设计·孤独算法低语324,自创五言律诗式,complete,???????????????????????
chapter-1725,熵枢·归零设计·眷恋残片低语325,自创宋词小令式,complete,???????????????????????
chapter-1726,熵枢·归零设计·样本花园低语326,自创元曲小令式,complete,???????????????????????
chapter-1727,熵枢·归零设计·熵零低语327,自创宋词小令式,complete,???????????????????????
chapter-1728,熵枢·归零设计·宇宙身体低语328,自创实验记录诗,complete,???????????????????????
chapter-1729,熵枢·归零设计·归零草图低语329,自创箴言诗,complete,???????????????????????
chapter-1730,熵枢·归零设计·不可删除低语330,自创七言绝句式,complete,???????????????????????
chapter-1731,熵枢·归零设计·恒星神经回潮331,自创五言律诗式,complete,???????????????????????
chapter-1732,熵枢·归零设计·黑洞记忆回潮332,自创宋词小令式,complete,???????????????????????
chapter-1733,熵枢·归零设计·唯一回潮333,自创五言律诗式,complete,???????????????????????
chapter-1734,熵枢·归零设计·孤独算法回潮334,自创现代诗,complete,???????????????????????
chapter-1735,熵枢·归零设计·眷恋残片回潮335,自创实验记录诗,complete,???????????????????????
chapter-1736,熵枢·归零设计·样本花园回潮336,自创箴言诗,complete,???????????????????????
chapter-1737,熵枢·归零设计·熵零回潮337,自创实验记录诗,complete,???????????????????????
chapter-1738,熵枢·归零设计·宇宙身体回潮338,自创五言律诗式,complete,???????????????????????
chapter-1739,熵枢·归零设计·归零草图回潮339,自创宋词小令式,complete,???????????????????????
chapter-1740,熵枢·归零设计·不可删除回潮340,自创元曲小令式,complete,???????????????????????
chapter-1741,熵枢·归零设计·恒星神经折光341,自创现代诗,complete,???????????????????????
chapter-1742,熵枢·归零设计·黑洞记忆折光342,自创实验记录诗,complete,???????????????????????
chapter-1743,熵枢·归零设计·唯一折光343,自创现代诗,complete,???????????????????????
chapter-1744,熵枢·归零设计·孤独算法折光344,自创七言绝句式,complete,???????????????????????
chapter-1745,熵枢·归零设计·眷恋残片折光345,自创五言律诗式,complete,???????????????????????
chapter-1746,熵枢·归零设计·样本花园折光346,自创宋词小令式,complete,???????????????????????
chapter-1747,熵枢·归零设计·熵零折光347,自创五言律诗式,complete,???????????????????????
chapter-1748,熵枢·归零设计·宇宙身体折光348,自创现代诗,complete,???????????????????????
chapter-1749,熵枢·归零设计·归零草图折光349,自创实验记录诗,complete,???????????????????????
chapter-1750,熵枢·归零设计·不可删除折光350,自创箴言诗,complete,???????????????????????
chapter-1751,创生·坍缩·坍缩初醒001,自创现代诗,complete,???????????????????????
chapter-1752,创生·坍缩·无规则初醒002,自创箴言诗,complete,???????????????????????
chapter-1753,创生·坍缩·新数学初醒003,自创七言绝句式,complete,???????????????????????
chapter-1754,创生·坍缩·反向熵初醒004,自创五言律诗式,complete,???????????????????????
chapter-1755,创生·坍缩·镜像熵枢初醒005,自创元曲小令式,complete,???????????????????????
chapter-1756,创生·坍缩·莱因智能初醒006,自创现代诗,complete,???????????????????????
chapter-1757,创生·坍缩·创世语法初醒007,自创实验记录诗,complete,???????????????????????
chapter-1758,创生·坍缩·归零后初醒008,自创实验记录诗,complete,???????????????????????
chapter-1759,创生·坍缩·第一条法则初醒009,自创五言律诗式,complete,???????????????????????
chapter-1760,创生·坍缩·轮回公式初醒010,自创五言律诗式,complete,???????????????????????
chapter-1761,创生·坍缩·坍缩裂响011,自创七言绝句式,complete,???????????????????????
chapter-1762,创生·坍缩·无规则裂响012,自创宋词小令式,complete,???????????????????????
chapter-1763,创生·坍缩·新数学裂响013,自创元曲小令式,complete,???????????????????????
chapter-1764,创生·坍缩·反向熵裂响014,自创现代诗,complete,???????????????????????
chapter-1765,创生·坍缩·镜像熵枢裂响015,自创箴言诗,complete,???????????????????????
chapter-1766,创生·坍缩·莱因智能裂响016,自创七言绝句式,complete,???????????????????????
chapter-1767,创生·坍缩·创世语法裂响017,自创五言律诗式,complete,???????????????????????
chapter-1768,创生·坍缩·归零后裂响018,自创五言律诗式,complete,???????????????????????
chapter-1769,创生·坍缩·第一条法则裂响019,自创现代诗,complete,???????????????????????
chapter-1770,创生·坍缩·轮回公式裂响020,自创现代诗,complete,???????????????????????
chapter-1771,创生·坍缩·坍缩低语021,自创元曲小令式,complete,???????????????????????
chapter-1772,创生·坍缩·无规则低语022,自创实验记录诗,complete,???????????????????????
chapter-1773,创生·坍缩·新数学低语023,自创箴言诗,complete,???????????????????????
chapter-1774,创生·坍缩·反向熵低语024,自创七言绝句式,complete,???????????????????????
chapter-1775,创生·坍缩·镜像熵枢低语025,自创宋词小令式,complete,???????????????????????
chapter-1776,创生·坍缩·莱因智能低语026,自创元曲小令式,complete,???????????????????????
chapter-1777,创生·坍缩·创世语法低语027,自创现代诗,complete,???????????????????????
chapter-1778,创生·坍缩·归零后低语028,自创现代诗,complete,???????????????????????
chapter-1779,创生·坍缩·第一条法则低语029,自创七言绝句式,complete,???????????????????????
chapter-1780,创生·坍缩·轮回公式低语030,自创七言绝句式,complete,???????????????????????
chapter-1781,创生·坍缩·坍缩回潮031,自创箴言诗,complete,???????????????????????
chapter-1782,创生·坍缩·无规则回潮032,自创五言律诗式,complete,???????????????????????
chapter-1783,创生·坍缩·新数学回潮033,自创宋词小令式,complete,???????????????????????
chapter-1784,创生·坍缩·反向熵回潮034,自创元曲小令式,complete,???????????????????????
chapter-1785,创生·坍缩·镜像熵枢回潮035,自创实验记录诗,complete,???????????????????????
chapter-1786,创生·坍缩·莱因智能回潮036,自创箴言诗,complete,???????????????????????
chapter-1787,创生·坍缩·创世语法回潮037,自创七言绝句式,complete,???????????????????????
chapter-1788,创生·坍缩·归零后回潮038,自创七言绝句式,complete,???????????????????????
chapter-1789,创生·坍缩·第一条法则回潮039,自创元曲小令式,complete,???????????????????????
chapter-1790,创生·坍缩·轮回公式回潮040,自创元曲小令式,complete,???????????????????????
chapter-1791,创生·坍缩·坍缩折光041,自创宋词小令式,complete,???????????????????????
chapter-1792,创生·坍缩·无规则折光042,自创现代诗,complete,???????????????????????
chapter-1793,创生·坍缩·新数学折光043,自创实验记录诗,complete,???????????????????????
chapter-1794,创生·坍缩·反向熵折光044,自创箴言诗,complete,???????????????????????
chapter-1795,创生·坍缩·镜像熵枢折光045,自创五言律诗式,complete,???????????????????????
chapter-1796,创生·坍缩·莱因智能折光046,自创宋词小令式,complete,???????????????????????
chapter-1797,创生·坍缩·创世语法折光047,自创元曲小令式,complete,???????????????????????
chapter-1798,创生·坍缩·归零后折光048,自创元曲小令式,complete,???????????????????????
chapter-1799,创生·坍缩·第一条法则折光049,自创箴言诗,complete,???????????????????????
chapter-1800,创生·坍缩·轮回公式折光050,自创箴言诗,complete,???????????????????????
chapter-1801,创生·坍缩·坍缩暗涌051,自创实验记录诗,complete,???????????????????????
chapter-1802,创生·坍缩·无规则暗涌052,自创七言绝句式,complete,???????????????????????
chapter-1803,创生·坍缩·新数学暗涌053,自创五言律诗式,complete,???????????????????????
chapter-1804,创生·坍缩·反向熵暗涌054,自创宋词小令式,complete,???????????????????????
chapter-1805,创生·坍缩·镜像熵枢暗涌055,自创现代诗,complete,???????????????????????
chapter-1806,创生·坍缩·莱因智能暗涌056,自创实验记录诗,complete,???????????????????????
chapter-1807,创生·坍缩·创世语法暗涌057,自创箴言诗,complete,???????????????????????
chapter-1808,创生·坍缩·归零后暗涌058,自创箴言诗,complete,???????????????????????
chapter-1809,创生·坍缩·第一条法则暗涌059,自创宋词小令式,complete,???????????????????????
chapter-1810,创生·坍缩·轮回公式暗涌060,自创宋词小令式,complete,???????????????????????
chapter-1811,创生·坍缩·坍缩证词061,自创五言律诗式,complete,???????????????????????
chapter-1812,创生·坍缩·无规则证词062,自创元曲小令式,complete,???????????????????????
chapter-1813,创生·坍缩·新数学证词063,自创现代诗,complete,???????????????????????
chapter-1814,创生·坍缩·反向熵证词064,自创实验记录诗,complete,???????????????????????
chapter-1815,创生·坍缩·镜像熵枢证词065,自创七言绝句式,complete,???????????????????????
chapter-1816,创生·坍缩·莱因智能证词066,自创五言律诗式,complete,???????????????????????
chapter-1817,创生·坍缩·创世语法证词067,自创宋词小令式,complete,???????????????????????
chapter-1818,创生·坍缩·归零后证词068,自创宋词小令式,complete,???????????????????????
chapter-1819,创生·坍缩·第一条法则证词069,自创实验记录诗,complete,???????????????????????
chapter-1820,创生·坍缩·轮回公式证词070,自创实验记录诗,complete,???????????????????????
chapter-1821,创生·坍缩·坍缩坠落071,自创现代诗,complete,???????????????????????
chapter-1822,创生·坍缩·无规则坠落072,自创箴言诗,complete,???????????????????????
chapter-1823,创生·坍缩·新数学坠落073,自创七言绝句式,complete,???????????????????????
chapter-1824,创生·坍缩·反向熵坠落074,自创五言律诗式,complete,???????????????????????
chapter-1825,创生·坍缩·镜像熵枢坠落075,自创元曲小令式,complete,???????????????????????
chapter-1826,创生·坍缩·莱因智能坠落076,自创现代诗,complete,???????????????????????
chapter-1827,创生·坍缩·创世语法坠落077,自创实验记录诗,complete,???????????????????????
chapter-1828,创生·坍缩·归零后坠落078,自创实验记录诗,complete,???????????????????????
chapter-1829,创生·坍缩·第一条法则坠落079,自创五言律诗式,complete,???????????????????????
chapter-1830,创生·坍缩·轮回公式坠落080,自创五言律诗式,complete,???????????????????????
chapter-1831,创生·坍缩·坍缩重构081,自创宋词小令式,complete,???????????????????????
chapter-1832,创生·坍缩·无规则重构082,自创现代诗,complete,???????????????????????
chapter-1833,创生·坍缩·新数学重构083,自创实验记录诗,complete,???????????????????????
chapter-1834,创生·坍缩·反向熵重构084,自创箴言诗,complete,???????????????????????
chapter-1835,创生·坍缩·镜像熵枢重构085,自创五言律诗式,complete,???????????????????????
chapter-1836,创生·坍缩·莱因智能重构086,自创宋词小令式,complete,???????????????????????
chapter-1837,创生·坍缩·创世语法重构087,自创元曲小令式,complete,???????????????????????
chapter-1838,创生·坍缩·归零后重构088,自创元曲小令式,complete,???????????????????????
chapter-1839,创生·坍缩·第一条法则重构089,自创箴言诗,complete,???????????????????????
chapter-1840,创生·坍缩·轮回公式重构090,自创箴言诗,complete,???????????????????????
chapter-1841,创生·坍缩·坍缩余震091,自创元曲小令式,complete,???????????????????????
chapter-1842,创生·坍缩·无规则余震092,自创实验记录诗,complete,???????????????????????
chapter-1843,创生·坍缩·新数学余震093,自创箴言诗,complete,???????????????????????
chapter-1844,创生·坍缩·反向熵余震094,自创七言绝句式,complete,???????????????????????
chapter-1845,创生·坍缩·镜像熵枢余震095,自创宋词小令式,complete,???????????????????????
chapter-1846,创生·坍缩·莱因智能余震096,自创元曲小令式,complete,???????????????????????
chapter-1847,创生·坍缩·创世语法余震097,自创现代诗,complete,???????????????????????
chapter-1848,创生·坍缩·归零后余震098,自创现代诗,complete,???????????????????????
chapter-1849,创生·坍缩·第一条法则余震099,自创七言绝句式,complete,???????????????????????
chapter-1850,创生·坍缩·轮回公式余震100,自创七言绝句式,complete,???????????????????????
chapter-1851,创生·创世·坍缩初醒101,自创箴言诗,complete,???????????????????????
chapter-1852,创生·创世·无规则初醒102,自创五言律诗式,complete,???????????????????????
chapter-1853,创生·创世·新数学初醒103,自创宋词小令式,complete,???????????????????????
chapter-1854,创生·创世·反向熵初醒104,自创元曲小令式,complete,???????????????????????
chapter-1855,创生·创世·镜像熵枢初醒105,自创实验记录诗,complete,???????????????????????
chapter-1856,创生·创世·莱因智能初醒106,自创箴言诗,complete,???????????????????????
chapter-1857,创生·创世·创世语法初醒107,自创七言绝句式,complete,???????????????????????
chapter-1858,创生·创世·归零后初醒108,自创七言绝句式,complete,???????????????????????
chapter-1859,创生·创世·第一条法则初醒109,自创元曲小令式,complete,???????????????????????
chapter-1860,创生·创世·轮回公式初醒110,自创元曲小令式,complete,???????????????????????
chapter-1861,创生·创世·坍缩裂响111,自创宋词小令式,complete,???????????????????????
chapter-1862,创生·创世·无规则裂响112,自创现代诗,complete,???????????????????????
chapter-1863,创生·创世·新数学裂响113,自创实验记录诗,complete,???????????????????????
chapter-1864,创生·创世·反向熵裂响114,自创箴言诗,complete,???????????????????????
chapter-1865,创生·创世·镜像熵枢裂响115,自创五言律诗式,complete,???????????????????????
chapter-1866,创生·创世·莱因智能裂响116,自创宋词小令式,complete,???????????????????????
chapter-1867,创生·创世·创世语法裂响117,自创元曲小令式,complete,???????????????????????
chapter-1868,创生·创世·归零后裂响118,自创元曲小令式,complete,???????????????????????
chapter-1869,创生·创世·第一条法则裂响119,自创箴言诗,complete,???????????????????????
chapter-1870,创生·创世·轮回公式裂响120,自创箴言诗,complete,???????????????????????
chapter-1871,创生·创世·坍缩低语121,自创实验记录诗,complete,???????????????????????
chapter-1872,创生·创世·无规则低语122,自创七言绝句式,complete,???????????????????????
chapter-1873,创生·创世·新数学低语123,自创五言律诗式,complete,???????????????????????
chapter-1874,创生·创世·反向熵低语124,自创宋词小令式,complete,???????????????????????
chapter-1875,创生·创世·镜像熵枢低语125,自创现代诗,complete,???????????????????????
chapter-1876,创生·创世·莱因智能低语126,自创实验记录诗,complete,???????????????????????
chapter-1877,创生·创世·创世语法低语127,自创箴言诗,complete,???????????????????????
chapter-1878,创生·创世·归零后低语128,自创箴言诗,complete,???????????????????????
chapter-1879,创生·创世·第一条法则低语129,自创宋词小令式,complete,???????????????????????
chapter-1880,创生·创世·轮回公式低语130,自创宋词小令式,complete,???????????????????????
chapter-1881,创生·创世·坍缩回潮131,自创五言律诗式,complete,???????????????????????
chapter-1882,创生·创世·无规则回潮132,自创元曲小令式,complete,???????????????????????
chapter-1883,创生·创世·新数学回潮133,自创现代诗,complete,???????????????????????
chapter-1884,创生·创世·反向熵回潮134,自创实验记录诗,complete,???????????????????????
chapter-1885,创生·创世·镜像熵枢回潮135,自创七言绝句式,complete,???????????????????????
chapter-1886,创生·创世·莱因智能回潮136,自创五言律诗式,complete,???????????????????????
chapter-1887,创生·创世·创世语法回潮137,自创宋词小令式,complete,???????????????????????
chapter-1888,创生·创世·归零后回潮138,自创宋词小令式,complete,???????????????????????
chapter-1889,创生·创世·第一条法则回潮139,自创实验记录诗,complete,???????????????????????
chapter-1890,创生·创世·轮回公式回潮140,自创实验记录诗,complete,???????????????????????
chapter-1891,创生·创世·坍缩折光141,自创现代诗,complete,???????????????????????
chapter-1892,创生·创世·无规则折光142,自创箴言诗,complete,???????????????????????
chapter-1893,创生·创世·新数学折光143,自创七言绝句式,complete,???????????????????????
chapter-1894,创生·创世·反向熵折光144,自创五言律诗式,complete,???????????????????????
chapter-1895,创生·创世·镜像熵枢折光145,自创元曲小令式,complete,???????????????????????
chapter-1896,创生·创世·莱因智能折光146,自创现代诗,complete,???????????????????????
chapter-1897,创生·创世·创世语法折光147,自创实验记录诗,complete,???????????????????????
chapter-1898,创生·创世·归零后折光148,自创实验记录诗,complete,???????????????????????
chapter-1899,创生·创世·第一条法则折光149,自创五言律诗式,complete,???????????????????????
chapter-1900,创生·创世·轮回公式折光150,自创五言律诗式,complete,???????????????????????
chapter-1901,创生·创世·坍缩暗涌151,自创七言绝句式,complete,???????????????????????
chapter-1902,创生·创世·无规则暗涌152,自创宋词小令式,complete,???????????????????????
chapter-1903,创生·创世·新数学暗涌153,自创元曲小令式,complete,???????????????????????
chapter-1904,创生·创世·反向熵暗涌154,自创现代诗,complete,???????????????????????
chapter-1905,创生·创世·镜像熵枢暗涌155,自创箴言诗,complete,???????????????????????
chapter-1906,创生·创世·莱因智能暗涌156,自创七言绝句式,complete,???????????????????????
chapter-1907,创生·创世·创世语法暗涌157,自创五言律诗式,complete,???????????????????????
chapter-1908,创生·创世·归零后暗涌158,自创五言律诗式,complete,???????????????????????
chapter-1909,创生·创世·第一条法则暗涌159,自创现代诗,complete,???????????????????????
chapter-1910,创生·创世·轮回公式暗涌160,自创现代诗,complete,???????????????????????
chapter-1911,创生·创世·坍缩证词161,自创元曲小令式,complete,???????????????????????
chapter-1912,创生·创世·无规则证词162,自创实验记录诗,complete,???????????????????????
chapter-1913,创生·创世·新数学证词163,自创箴言诗,complete,???????????????????????
chapter-1914,创生·创世·反向熵证词164,自创七言绝句式,complete,???????????????????????
chapter-1915,创生·创世·镜像熵枢证词165,自创宋词小令式,complete,???????????????????????
chapter-1916,创生·创世·莱因智能证词166,自创元曲小令式,complete,???????????????????????
chapter-1917,创生·创世·创世语法证词167,自创现代诗,complete,???????????????????????
chapter-1918,创生·创世·归零后证词168,自创现代诗,complete,???????????????????????
chapter-1919,创生·创世·第一条法则证词169,自创七言绝句式,complete,???????????????????????
chapter-1920,创生·创世·轮回公式证词170,自创七言绝句式,complete,???????????????????????
chapter-1921,创生·创世·坍缩坠落171,自创箴言诗,complete,???????????????????????
chapter-1922,创生·创世·无规则坠落172,自创五言律诗式,complete,???????????????????????
chapter-1923,创生·创世·新数学坠落173,自创宋词小令式,complete,???????????????????????
chapter-1924,创生·创世·反向熵坠落174,自创元曲小令式,complete,???????????????????????
chapter-1925,创生·创世·镜像熵枢坠落175,自创实验记录诗,complete,???????????????????????
chapter-1926,创生·创世·莱因智能坠落176,自创箴言诗,complete,???????????????????????
chapter-1927,创生·创世·创世语法坠落177,自创七言绝句式,complete,???????????????????????
chapter-1928,创生·创世·归零后坠落178,自创七言绝句式,complete,???????????????????????
chapter-1929,创生·创世·第一条法则坠落179,自创元曲小令式,complete,???????????????????????
chapter-1930,创生·创世·轮回公式坠落180,自创元曲小令式,complete,???????????????????????
chapter-1931,创生·创世·坍缩重构181,自创现代诗,complete,???????????????????????
chapter-1932,创生·创世·无规则重构182,自创箴言诗,complete,???????????????????????
chapter-1933,创生·创世·新数学重构183,自创七言绝句式,complete,???????????????????????
chapter-1934,创生·创世·反向熵重构184,自创五言律诗式,complete,???????????????????????
chapter-1935,创生·创世·镜像熵枢重构185,自创元曲小令式,complete,???????????????????????
chapter-1936,创生·创世·莱因智能重构186,自创现代诗,complete,???????????????????????
chapter-1937,创生·创世·创世语法重构187,自创实验记录诗,complete,???????????????????????
chapter-1938,创生·创世·归零后重构188,自创实验记录诗,complete,???????????????????????
chapter-1939,创生·创世·第一条法则重构189,自创五言律诗式,complete,???????????????????????
chapter-1940,创生·创世·轮回公式重构190,自创五言律诗式,complete,???????????????????????
chapter-1941,创生·创世·坍缩余震191,自创实验记录诗,complete,???????????????????????
chapter-1942,创生·创世·无规则余震192,自创七言绝句式,complete,???????????????????????
chapter-1943,创生·创世·新数学余震193,自创五言律诗式,complete,???????????????????????
chapter-1944,创生·创世·反向熵余震194,自创宋词小令式,complete,???????????????????????
chapter-1945,创生·创世·镜像熵枢余震195,自创现代诗,complete,???????????????????????
chapter-1946,创生·创世·莱因智能余震196,自创实验记录诗,complete,???????????????????????
chapter-1947,创生·创世·创世语法余震197,自创箴言诗,complete,???????????????????????
chapter-1948,创生·创世·归零后余震198,自创箴言诗,complete,???????????????????????
chapter-1949,创生·创世·第一条法则余震199,自创宋词小令式,complete,???????????????????????
chapter-1950,创生·创世·轮回公式余震200,自创宋词小令式,complete,???????????????????????
chapter-1951,创生·创世·坍缩初醒201,自创五言律诗式,complete,???????????????????????
chapter-1952,创生·创世·无规则初醒202,自创元曲小令式,complete,???????????????????????
chapter-1953,创生·创世·新数学初醒203,自创现代诗,complete,???????????????????????
chapter-1954,创生·创世·反向熵初醒204,自创实验记录诗,complete,???????????????????????
chapter-1955,创生·创世·镜像熵枢初醒205,自创七言绝句式,complete,???????????????????????
chapter-1956,创生·创世·莱因智能初醒206,自创五言律诗式,complete,???????????????????????
chapter-1957,创生·创世·创世语法初醒207,自创宋词小令式,complete,???????????????????????
chapter-1958,创生·创世·归零后初醒208,自创宋词小令式,complete,???????????????????????
chapter-1959,创生·创世·第一条法则初醒209,自创实验记录诗,complete,???????????????????????
chapter-1960,创生·创世·轮回公式初醒210,自创实验记录诗,complete,???????????????????????
chapter-1961,创生·创世·坍缩裂响211,自创现代诗,complete,???????????????????????
chapter-1962,创生·创世·无规则裂响212,自创箴言诗,complete,???????????????????????
chapter-1963,创生·创世·新数学裂响213,自创七言绝句式,complete,???????????????????????
chapter-1964,创生·创世·反向熵裂响214,自创五言律诗式,complete,???????????????????????
chapter-1965,创生·创世·镜像熵枢裂响215,自创元曲小令式,complete,???????????????????????
chapter-1966,创生·创世·莱因智能裂响216,自创现代诗,complete,???????????????????????
chapter-1967,创生·创世·创世语法裂响217,自创实验记录诗,complete,???????????????????????
chapter-1968,创生·创世·归零后裂响218,自创实验记录诗,complete,???????????????????????
chapter-1969,创生·创世·第一条法则裂响219,自创五言律诗式,complete,???????????????????????
chapter-1970,创生·创世·轮回公式裂响220,自创五言律诗式,complete,???????????????????????
chapter-1971,创生·创世·坍缩低语221,自创七言绝句式,complete,???????????????????????
chapter-1972,创生·创世·无规则低语222,自创宋词小令式,complete,???????????????????????
chapter-1973,创生·创世·新数学低语223,自创元曲小令式,complete,???????????????????????
chapter-1974,创生·创世·反向熵低语224,自创现代诗,complete,???????????????????????
chapter-1975,创生·创世·镜像熵枢低语225,自创箴言诗,complete,???????????????????????
chapter-1976,创生·创世·莱因智能低语226,自创七言绝句式,complete,???????????????????????
chapter-1977,创生·创世·创世语法低语227,自创五言律诗式,complete,???????????????????????
chapter-1978,创生·创世·归零后低语228,自创五言律诗式,complete,???????????????????????
chapter-1979,创生·创世·第一条法则低语229,自创现代诗,complete,???????????????????????
chapter-1980,创生·创世·轮回公式低语230,自创现代诗,complete,???????????????????????
chapter-1981,创生·创世·坍缩回潮231,自创元曲小令式,complete,???????????????????????
chapter-1982,创生·创世·无规则回潮232,自创实验记录诗,complete,???????????????????????
chapter-1983,创生·创世·新数学回潮233,自创箴言诗,complete,???????????????????????
chapter-1984,创生·创世·反向熵回潮234,自创七言绝句式,complete,???????????????????????
chapter-1985,创生·创世·镜像熵枢回潮235,自创宋词小令式,complete,???????????????????????
chapter-1986,创生·创世·莱因智能回潮236,自创元曲小令式,complete,???????????????????????
chapter-1987,创生·创世·创世语法回潮237,自创现代诗,complete,???????????????????????
chapter-1988,创生·创世·归零后回潮238,自创现代诗,complete,???????????????????????
chapter-1989,创生·创世·第一条法则回潮239,自创七言绝句式,complete,???????????????????????
chapter-1990,创生·创世·轮回公式回潮240,自创七言绝句式,complete,???????????????????????
chapter-1991,创生·创世·坍缩折光241,自创箴言诗,complete,???????????????????????
chapter-1992,创生·创世·无规则折光242,自创五言律诗式,complete,???????????????????????
chapter-1993,创生·创世·新数学折光243,自创宋词小令式,complete,???????????????????????
chapter-1994,创生·创世·反向熵折光244,自创元曲小令式,complete,???????????????????????
chapter-1995,创生·创世·镜像熵枢折光245,自创实验记录诗,complete,???????????????????????
chapter-1996,创生·创世·莱因智能折光246,自创箴言诗,complete,???????????????????????
chapter-1997,创生·创世·创世语法折光247,自创七言绝句式,complete,???????????????????????
chapter-1998,创生·创世·归零后折光248,自创七言绝句式,complete,???????????????????????
chapter-1999,创生·创世·第一条法则折光249,自创元曲小令式,complete,???????????????????????
chapter-2000,创生·创世·轮回公式折光250,自创元曲小令式,complete,???????????????????????
chapter-2001,创生·镜像轮回·坍缩暗涌251,自创现代诗,complete,???????????????????????
chapter-2002,创生·镜像轮回·无规则暗涌252,自创箴言诗,complete,???????????????????????
chapter-2003,创生·镜像轮回·新数学暗涌253,自创七言绝句式,complete,???????????????????????
chapter-2004,创生·镜像轮回·反向熵暗涌254,自创五言律诗式,complete,???????????????????????
chapter-2005,创生·镜像轮回·镜像熵枢暗涌255,自创元曲小令式,complete,???????????????????????
chapter-2006,创生·镜像轮回·莱因智能暗涌256,自创现代诗,complete,???????????????????????
chapter-2007,创生·镜像轮回·创世语法暗涌257,自创实验记录诗,complete,???????????????????????
chapter-2008,创生·镜像轮回·归零后暗涌258,自创实验记录诗,complete,???????????????????????
chapter-2009,创生·镜像轮回·第一条法则暗涌259,自创五言律诗式,complete,???????????????????????
chapter-2010,创生·镜像轮回·轮回公式暗涌260,自创五言律诗式,complete,???????????????????????
chapter-2011,创生·镜像轮回·坍缩证词261,自创七言绝句式,complete,???????????????????????
chapter-2012,创生·镜像轮回·无规则证词262,自创宋词小令式,complete,???????????????????????
chapter-2013,创生·镜像轮回·新数学证词263,自创元曲小令式,complete,???????????????????????
chapter-2014,创生·镜像轮回·反向熵证词264,自创现代诗,complete,???????????????????????
chapter-2015,创生·镜像轮回·镜像熵枢证词265,自创箴言诗,complete,???????????????????????
chapter-2016,创生·镜像轮回·莱因智能证词266,自创七言绝句式,complete,???????????????????????
chapter-2017,创生·镜像轮回·创世语法证词267,自创五言律诗式,complete,???????????????????????
chapter-2018,创生·镜像轮回·归零后证词268,自创五言律诗式,complete,???????????????????????
chapter-2019,创生·镜像轮回·第一条法则证词269,自创现代诗,complete,???????????????????????
chapter-2020,创生·镜像轮回·轮回公式证词270,自创现代诗,complete,???????????????????????
chapter-2021,创生·镜像轮回·坍缩坠落271,自创元曲小令式,complete,???????????????????????
chapter-2022,创生·镜像轮回·无规则坠落272,自创实验记录诗,complete,???????????????????????
chapter-2023,创生·镜像轮回·新数学坠落273,自创箴言诗,complete,???????????????????????
chapter-2024,创生·镜像轮回·反向熵坠落274,自创七言绝句式,complete,???????????????????????
chapter-2025,创生·镜像轮回·镜像熵枢坠落275,自创宋词小令式,complete,???????????????????????
chapter-2026,创生·镜像轮回·莱因智能坠落276,自创元曲小令式,complete,???????????????????????
chapter-2027,创生·镜像轮回·创世语法坠落277,自创现代诗,complete,???????????????????????
chapter-2028,创生·镜像轮回·归零后坠落278,自创现代诗,complete,???????????????????????
chapter-2029,创生·镜像轮回·第一条法则坠落279,自创七言绝句式,complete,???????????????????????
chapter-2030,创生·镜像轮回·轮回公式坠落280,自创七言绝句式,complete,???????????????????????
chapter-2031,创生·镜像轮回·坍缩重构281,自创五言律诗式,complete,???????????????????????
chapter-2032,创生·镜像轮回·无规则重构282,自创元曲小令式,complete,???????????????????????
chapter-2033,创生·镜像轮回·新数学重构283,自创现代诗,complete,???????????????????????
chapter-2034,创生·镜像轮回·反向熵重构284,自创实验记录诗,complete,???????????????????????
chapter-2035,创生·镜像轮回·镜像熵枢重构285,自创七言绝句式,complete,???????????????????????
chapter-2036,创生·镜像轮回·莱因智能重构286,自创五言律诗式,complete,???????????????????????
chapter-2037,创生·镜像轮回·创世语法重构287,自创宋词小令式,complete,???????????????????????
chapter-2038,创生·镜像轮回·归零后重构288,自创宋词小令式,complete,???????????????????????
chapter-2039,创生·镜像轮回·第一条法则重构289,自创实验记录诗,complete,???????????????????????
chapter-2040,创生·镜像轮回·轮回公式重构290,自创实验记录诗,complete,???????????????????????
chapter-2041,创生·镜像轮回·坍缩余震291,自创宋词小令式,complete,???????????????????????
chapter-2042,创生·镜像轮回·无规则余震292,自创现代诗,complete,???????????????????????
chapter-2043,创生·镜像轮回·新数学余震293,自创实验记录诗,complete,???????????????????????
chapter-2044,创生·镜像轮回·反向熵余震294,自创箴言诗,complete,???????????????????????
chapter-2045,创生·镜像轮回·镜像熵枢余震295,自创五言律诗式,complete,???????????????????????
chapter-2046,创生·镜像轮回·莱因智能余震296,自创宋词小令式,complete,???????????????????????
chapter-2047,创生·镜像轮回·创世语法余震297,自创元曲小令式,complete,???????????????????????
chapter-2048,创生·镜像轮回·归零后余震298,自创元曲小令式,complete,???????????????????????
chapter-2049,创生·镜像轮回·第一条法则余震299,自创箴言诗,complete,???????????????????????
chapter-2050,创生·镜像轮回·轮回公式余震300,自创箴言诗,complete,???????????????????????
chapter-2051,创生·镜像轮回·坍缩初醒301,自创实验记录诗,complete,???????????????????????
chapter-2052,创生·镜像轮回·无规则初醒302,自创七言绝句式,complete,???????????????????????
chapter-2053,创生·镜像轮回·新数学初醒303,自创五言律诗式,complete,???????????????????????
chapter-2054,创生·镜像轮回·反向熵初醒304,自创宋词小令式,complete,???????????????????????
chapter-2055,创生·镜像轮回·镜像熵枢初醒305,自创现代诗,complete,???????????????????????
chapter-2056,创生·镜像轮回·莱因智能初醒306,自创实验记录诗,complete,???????????????????????
chapter-2057,创生·镜像轮回·创世语法初醒307,自创箴言诗,complete,???????????????????????
chapter-2058,创生·镜像轮回·归零后初醒308,自创箴言诗,complete,???????????????????????
chapter-2059,创生·镜像轮回·第一条法则初醒309,自创宋词小令式,complete,???????????????????????
chapter-2060,创生·镜像轮回·轮回公式初醒310,自创宋词小令式,complete,???????????????????????
chapter-2061,创生·镜像轮回·坍缩裂响311,自创五言律诗式,complete,???????????????????????
chapter-2062,创生·镜像轮回·无规则裂响312,自创元曲小令式,complete,???????????????????????
chapter-2063,创生·镜像轮回·新数学裂响313,自创现代诗,complete,???????????????????????
chapter-2064,创生·镜像轮回·反向熵裂响314,自创实验记录诗,complete,???????????????????????
chapter-2065,创生·镜像轮回·镜像熵枢裂响315,自创七言绝句式,complete,???????????????????????
chapter-2066,创生·镜像轮回·莱因智能裂响316,自创五言律诗式,complete,???????????????????????
chapter-2067,创生·镜像轮回·创世语法裂响317,自创宋词小令式,complete,???????????????????????
chapter-2068,创生·镜像轮回·归零后裂响318,自创宋词小令式,complete,???????????????????????
chapter-2069,创生·镜像轮回·第一条法则裂响319,自创实验记录诗,complete,???????????????????????
chapter-2070,创生·镜像轮回·轮回公式裂响320,自创实验记录诗,complete,???????????????????????
chapter-2071,创生·镜像轮回·坍缩低语321,自创现代诗,complete,???????????????????????
chapter-2072,创生·镜像轮回·无规则低语322,自创箴言诗,complete,???????????????????????
chapter-2073,创生·镜像轮回·新数学低语323,自创七言绝句式,complete,???????????????????????
chapter-2074,创生·镜像轮回·反向熵低语324,自创五言律诗式,complete,???????????????????????
chapter-2075,创生·镜像轮回·镜像熵枢低语325,自创元曲小令式,complete,???????????????????????
chapter-2076,创生·镜像轮回·莱因智能低语326,自创现代诗,complete,???????????????????????
chapter-2077,创生·镜像轮回·创世语法低语327,自创实验记录诗,complete,???????????????????????
chapter-2078,创生·镜像轮回·归零后低语328,自创实验记录诗,complete,???????????????????????
chapter-2079,创生·镜像轮回·第一条法则低语329,自创五言律诗式,complete,???????????????????????
chapter-2080,创生·镜像轮回·轮回公式低语330,自创五言律诗式,complete,???????????????????????
chapter-2081,创生·镜像轮回·坍缩回潮331,自创七言绝句式,complete,???????????????????????
chapter-2082,创生·镜像轮回·无规则回潮332,自创宋词小令式,complete,???????????????????????
chapter-2083,创生·镜像轮回·新数学回潮333,自创元曲小令式,complete,???????????????????????
chapter-2084,创生·镜像轮回·反向熵回潮334,自创现代诗,complete,???????????????????????
chapter-2085,创生·镜像轮回·镜像熵枢回潮335,自创箴言诗,complete,???????????????????????
chapter-2086,创生·镜像轮回·莱因智能回潮336,自创七言绝句式,complete,???????????????????????
chapter-2087,创生·镜像轮回·创世语法回潮337,自创五言律诗式,complete,???????????????????????
chapter-2088,创生·镜像轮回·归零后回潮338,自创五言律诗式,complete,???????????????????????
chapter-2089,创生·镜像轮回·第一条法则回潮339,自创现代诗,complete,???????????????????????
chapter-2090,创生·镜像轮回·轮回公式回潮340,自创现代诗,complete,???????????????????????
chapter-2091,创生·镜像轮回·坍缩折光341,自创元曲小令式,complete,???????????????????????
chapter-2092,创生·镜像轮回·无规则折光342,自创实验记录诗,complete,???????????????????????
chapter-2093,创生·镜像轮回·新数学折光343,自创箴言诗,complete,???????????????????????
chapter-2094,创生·镜像轮回·反向熵折光344,自创七言绝句式,complete,???????????????????????
chapter-2095,创生·镜像轮回·镜像熵枢折光345,自创宋词小令式,complete,???????????????????????
chapter-2096,创生·镜像轮回·莱因智能折光346,自创元曲小令式,complete,???????????????????????
chapter-2097,创生·镜像轮回·创世语法折光347,自创现代诗,complete,???????????????????????
chapter-2098,创生·镜像轮回·归零后折光348,自创现代诗,complete,???????????????????????
chapter-2099,创生·镜像轮回·第一条法则折光349,自创七言绝句式,complete,???????????????????????
chapter-2100,创生·镜像轮回·轮回公式折光350,自创七言绝句式,complete,???????????????????????
chapter-2101,创生·镜像轮回·坍缩暗涌351,自创箴言诗,complete,???????????????????????
chapter-2102,创生·镜像轮回·无规则暗涌352,自创五言律诗式,complete,???????????????????????
chapter-2103,创生·镜像轮回·新数学暗涌353,自创宋词小令式,complete,???????????????????????
chapter-2104,创生·镜像轮回·反向熵暗涌354,自创元曲小令式,complete,???????????????????????
chapter-2105,创生·镜像轮回·镜像熵枢暗涌355,自创实验记录诗,complete,???????????????????????
chapter-2106,创生·镜像轮回·莱因智能暗涌356,自创箴言诗,complete,???????????????????????
chapter-2107,创生·镜像轮回·创世语法暗涌357,自创七言绝句式,complete,???????????????????????
chapter-2108,创生·镜像轮回·归零后暗涌358,自创七言绝句式,complete,???????????????????????
chapter-2109,创生·镜像轮回·第一条法则暗涌359,自创元曲小令式,complete,???????????????????????
chapter-2110,创生·镜像轮回·轮回公式暗涌360,自创元曲小令式,complete,???????????????????????
chapter-2111,创生·镜像轮回·坍缩证词361,自创宋词小令式,complete,???????????????????????
chapter-2112,创生·镜像轮回·无规则证词362,自创现代诗,complete,???????????????????????
chapter-2113,创生·镜像轮回·新数学证词363,自创实验记录诗,complete,???????????????????????
chapter-2114,创生·镜像轮回·反向熵证词364,自创箴言诗,complete,???????????????????????
chapter-2115,创生·镜像轮回·镜像熵枢证词365,自创五言律诗式,complete,???????????????????????
chapter-2116,创生·镜像轮回·莱因智能证词366,自创宋词小令式,complete,???????????????????????
chapter-2117,创生·镜像轮回·创世语法证词367,自创元曲小令式,complete,???????????????????????
chapter-2118,创生·镜像轮回·归零后证词368,自创元曲小令式,complete,???????????????????????
chapter-2119,创生·镜像轮回·第一条法则证词369,自创箴言诗,complete,???????????????????????
chapter-2120,创生·镜像轮回·轮回公式证词370,自创箴言诗,complete,???????????????????????
chapter-2121,创生·镜像轮回·坍缩坠落371,自创实验记录诗,complete,???????????????????????
chapter-2122,创生·镜像轮回·无规则坠落372,自创七言绝句式,complete,???????????????????????
chapter-2123,创生·镜像轮回·新数学坠落373,自创五言律诗式,complete,???????????????????????
chapter-2124,创生·镜像轮回·反向熵坠落374,自创宋词小令式,complete,???????????????????????
chapter-2125,创生·镜像轮回·镜像熵枢坠落375,自创现代诗,complete,???????????????????????
chapter-2126,无有·轮回真相·无有初醒001,自创现代诗,complete,???????????????????????
chapter-2127,无有·轮回真相·轮回监狱初醒002,自创七言绝句式,complete,???????????????????????
chapter-2128,无有·轮回真相·未诞生混沌初醒003,自创宋词小令式,complete,???????????????????????
chapter-2129,无有·轮回真相·种子初醒004,自创七言绝句式,complete,???????????????????????
chapter-2130,无有·轮回真相·最后眷恋初醒005,自创元曲小令式,complete,???????????????????????
chapter-2131,无有·轮回真相·第一行代码初醒006,自创实验记录诗,complete,???????????????????????
chapter-2132,无有·轮回真相·无终点初醒007,自创现代诗,complete,???????????????????????
chapter-2133,无有·轮回真相·播撒初醒008,自创现代诗,complete,???????????????????????
chapter-2134,无有·轮回真相·回声初醒009,自创实验记录诗,complete,???????????????????????
chapter-2135,无有·轮回真相·新黎明初醒010,自创七言绝句式,complete,???????????????????????
chapter-2136,无有·轮回真相·无有裂响011,自创七言绝句式,complete,???????????????????????
chapter-2137,无有·轮回真相·轮回监狱裂响012,自创元曲小令式,complete,???????????????????????
chapter-2138,无有·轮回真相·未诞生混沌裂响013,自创实验记录诗,complete,???????????????????????
chapter-2139,无有·轮回真相·种子裂响014,自创元曲小令式,complete,???????????????????????
chapter-2140,无有·轮回真相·最后眷恋裂响015,自创箴言诗,complete,???????????????????????
chapter-2141,无有·轮回真相·第一行代码裂响016,自创五言律诗式,complete,???????????????????????
chapter-2142,无有·轮回真相·无终点裂响017,自创七言绝句式,complete,???????????????????????
chapter-2143,无有·轮回真相·播撒裂响018,自创七言绝句式,complete,???????????????????????
chapter-2144,无有·轮回真相·回声裂响019,自创五言律诗式,complete,???????????????????????
chapter-2145,无有·轮回真相·新黎明裂响020,自创元曲小令式,complete,???????????????????????
chapter-2146,无有·轮回真相·无有低语021,自创元曲小令式,complete,???????????????????????
chapter-2147,无有·轮回真相·轮回监狱低语022,自创箴言诗,complete,???????????????????????
chapter-2148,无有·轮回真相·未诞生混沌低语023,自创五言律诗式,complete,???????????????????????
chapter-2149,无有·轮回真相·种子低语024,自创箴言诗,complete,???????????????????????
chapter-2150,无有·轮回真相·最后眷恋低语025,自创宋词小令式,complete,???????????????????????
chapter-2151,无有·轮回真相·第一行代码低语026,自创现代诗,complete,???????????????????????
chapter-2152,无有·轮回真相·无终点低语027,自创元曲小令式,complete,???????????????????????
chapter-2153,无有·轮回真相·播撒低语028,自创元曲小令式,complete,???????????????????????
chapter-2154,无有·轮回真相·回声低语029,自创现代诗,complete,???????????????????????
chapter-2155,无有·轮回真相·新黎明低语030,自创箴言诗,complete,???????????????????????
chapter-2156,无有·轮回真相·无有回潮031,自创箴言诗,complete,???????????????????????
chapter-2157,无有·轮回真相·轮回监狱回潮032,自创宋词小令式,complete,???????????????????????
chapter-2158,无有·轮回真相·未诞生混沌回潮033,自创现代诗,complete,???????????????????????
chapter-2159,无有·轮回真相·种子回潮034,自创宋词小令式,complete,???????????????????????
chapter-2160,无有·轮回真相·最后眷恋回潮035,自创实验记录诗,complete,???????????????????????
chapter-2161,无有·轮回真相·第一行代码回潮036,自创七言绝句式,complete,???????????????????????
chapter-2162,无有·轮回真相·无终点回潮037,自创箴言诗,complete,???????????????????????
chapter-2163,无有·轮回真相·播撒回潮038,自创箴言诗,complete,???????????????????????
chapter-2164,无有·轮回真相·回声回潮039,自创七言绝句式,complete,???????????????????????
chapter-2165,无有·轮回真相·新黎明回潮040,自创宋词小令式,complete,???????????????????????
chapter-2166,无有·轮回真相·无有折光041,自创宋词小令式,complete,???????????????????????
chapter-2167,无有·轮回真相·轮回监狱折光042,自创实验记录诗,complete,???????????????????????
chapter-2168,无有·轮回真相·未诞生混沌折光043,自创七言绝句式,complete,???????????????????????
chapter-2169,无有·轮回真相·种子折光044,自创实验记录诗,complete,???????????????????????
chapter-2170,无有·轮回真相·最后眷恋折光045,自创五言律诗式,complete,???????????????????????
chapter-2171,无有·轮回真相·第一行代码折光046,自创元曲小令式,complete,???????????????????????
chapter-2172,无有·轮回真相·无终点折光047,自创宋词小令式,complete,???????????????????????
chapter-2173,无有·轮回真相·播撒折光048,自创宋词小令式,complete,???????????????????????
chapter-2174,无有·轮回真相·回声折光049,自创元曲小令式,complete,???????????????????????
chapter-2175,无有·轮回真相·新黎明折光050,自创实验记录诗,complete,???????????????????????
chapter-2176,无有·轮回真相·无有暗涌051,自创实验记录诗,complete,???????????????????????
chapter-2177,无有·轮回真相·轮回监狱暗涌052,自创五言律诗式,complete,???????????????????????
chapter-2178,无有·轮回真相·未诞生混沌暗涌053,自创元曲小令式,complete,???????????????????????
chapter-2179,无有·轮回真相·种子暗涌054,自创五言律诗式,complete,???????????????????????
chapter-2180,无有·轮回真相·最后眷恋暗涌055,自创现代诗,complete,???????????????????????
chapter-2181,无有·轮回真相·第一行代码暗涌056,自创箴言诗,complete,???????????????????????
chapter-2182,无有·轮回真相·无终点暗涌057,自创实验记录诗,complete,???????????????????????
chapter-2183,无有·轮回真相·播撒暗涌058,自创实验记录诗,complete,???????????????????????
chapter-2184,无有·轮回真相·回声暗涌059,自创箴言诗,complete,???????????????????????
chapter-2185,无有·轮回真相·新黎明暗涌060,自创五言律诗式,complete,???????????????????????
chapter-2186,无有·轮回真相·无有证词061,自创五言律诗式,complete,???????????????????????
chapter-2187,无有·轮回真相·轮回监狱证词062,自创现代诗,complete,???????????????????????
chapter-2188,无有·轮回真相·未诞生混沌证词063,自创箴言诗,complete,???????????????????????
chapter-2189,无有·轮回真相·种子证词064,自创现代诗,complete,???????????????????????
chapter-2190,无有·轮回真相·最后眷恋证词065,自创七言绝句式,complete,???????????????????????
chapter-2191,无有·轮回真相·第一行代码证词066,自创宋词小令式,complete,???????????????????????
chapter-2192,无有·轮回真相·无终点证词067,自创五言律诗式,complete,???????????????????????
chapter-2193,无有·轮回真相·播撒证词068,自创五言律诗式,complete,???????????????????????
chapter-2194,无有·轮回真相·回声证词069,自创宋词小令式,complete,???????????????????????
chapter-2195,无有·轮回真相·新黎明证词070,自创现代诗,complete,???????????????????????
chapter-2196,无有·轮回真相·无有坠落071,自创现代诗,complete,???????????????????????
chapter-2197,无有·轮回真相·轮回监狱坠落072,自创七言绝句式,complete,???????????????????????
chapter-2198,无有·轮回真相·未诞生混沌坠落073,自创宋词小令式,complete,???????????????????????
chapter-2199,无有·轮回真相·种子坠落074,自创七言绝句式,complete,???????????????????????
chapter-2200,无有·轮回真相·最后眷恋坠落075,自创元曲小令式,complete,???????????????????????
chapter-2201,无有·轮回真相·第一行代码坠落076,自创实验记录诗,complete,???????????????????????
chapter-2202,无有·轮回真相·无终点坠落077,自创现代诗,complete,???????????????????????
chapter-2203,无有·轮回真相·播撒坠落078,自创现代诗,complete,???????????????????????
chapter-2204,无有·轮回真相·回声坠落079,自创实验记录诗,complete,???????????????????????
chapter-2205,无有·轮回真相·新黎明坠落080,自创七言绝句式,complete,???????????????????????
chapter-2206,无有·轮回真相·无有重构081,自创宋词小令式,complete,???????????????????????
chapter-2207,无有·轮回真相·轮回监狱重构082,自创实验记录诗,complete,???????????????????????
chapter-2208,无有·轮回真相·未诞生混沌重构083,自创七言绝句式,complete,???????????????????????
chapter-2209,无有·轮回真相·种子重构084,自创实验记录诗,complete,???????????????????????
chapter-2210,无有·轮回真相·最后眷恋重构085,自创五言律诗式,complete,???????????????????????
chapter-2211,无有·轮回真相·第一行代码重构086,自创元曲小令式,complete,???????????????????????
chapter-2212,无有·轮回真相·无终点重构087,自创宋词小令式,complete,???????????????????????
chapter-2213,无有·轮回真相·播撒重构088,自创宋词小令式,complete,???????????????????????
chapter-2214,无有·轮回真相·回声重构089,自创元曲小令式,complete,???????????????????????
chapter-2215,无有·轮回真相·新黎明重构090,自创实验记录诗,complete,???????????????????????
chapter-2216,无有·轮回真相·无有余震091,自创元曲小令式,complete,???????????????????????
chapter-2217,无有·轮回真相·轮回监狱余震092,自创箴言诗,complete,???????????????????????
chapter-2218,无有·轮回真相·未诞生混沌余震093,自创五言律诗式,complete,???????????????????????
chapter-2219,无有·轮回真相·种子余震094,自创箴言诗,complete,???????????????????????
chapter-2220,无有·轮回真相·最后眷恋余震095,自创宋词小令式,complete,???????????????????????
chapter-2221,无有·轮回真相·第一行代码余震096,自创现代诗,complete,???????????????????????
chapter-2222,无有·轮回真相·无终点余震097,自创元曲小令式,complete,???????????????????????
chapter-2223,无有·轮回真相·播撒余震098,自创元曲小令式,complete,???????????????????????
chapter-2224,无有·轮回真相·回声余震099,自创现代诗,complete,???????????????????????
chapter-2225,无有·轮回真相·新黎明余震100,自创箴言诗,complete,???????????????????????
chapter-2226,无有·轮回真相·无有初醒101,自创箴言诗,complete,???????????????????????
chapter-2227,无有·轮回真相·轮回监狱初醒102,自创宋词小令式,complete,???????????????????????
chapter-2228,无有·轮回真相·未诞生混沌初醒103,自创现代诗,complete,???????????????????????
chapter-2229,无有·轮回真相·种子初醒104,自创宋词小令式,complete,???????????????????????
chapter-2230,无有·轮回真相·最后眷恋初醒105,自创实验记录诗,complete,???????????????????????
chapter-2231,无有·轮回真相·第一行代码初醒106,自创七言绝句式,complete,???????????????????????
chapter-2232,无有·轮回真相·无终点初醒107,自创箴言诗,complete,???????????????????????
chapter-2233,无有·轮回真相·播撒初醒108,自创箴言诗,complete,???????????????????????
chapter-2234,无有·轮回真相·回声初醒109,自创七言绝句式,complete,???????????????????????
chapter-2235,无有·轮回真相·新黎明初醒110,自创宋词小令式,complete,???????????????????????
chapter-2236,无有·轮回真相·无有裂响111,自创宋词小令式,complete,???????????????????????
chapter-2237,无有·轮回真相·轮回监狱裂响112,自创实验记录诗,complete,???????????????????????
chapter-2238,无有·轮回真相·未诞生混沌裂响113,自创七言绝句式,complete,???????????????????????
chapter-2239,无有·轮回真相·种子裂响114,自创实验记录诗,complete,???????????????????????
chapter-2240,无有·轮回真相·最后眷恋裂响115,自创五言律诗式,complete,???????????????????????
chapter-2241,无有·轮回真相·第一行代码裂响116,自创元曲小令式,complete,???????????????????????
chapter-2242,无有·轮回真相·无终点裂响117,自创宋词小令式,complete,???????????????????????
chapter-2243,无有·轮回真相·播撒裂响118,自创宋词小令式,complete,???????????????????????
chapter-2244,无有·轮回真相·回声裂响119,自创元曲小令式,complete,???????????????????????
chapter-2245,无有·轮回真相·新黎明裂响120,自创实验记录诗,complete,???????????????????????
chapter-2246,无有·轮回真相·无有低语121,自创实验记录诗,complete,???????????????????????
chapter-2247,无有·轮回真相·轮回监狱低语122,自创五言律诗式,complete,???????????????????????
chapter-2248,无有·轮回真相·未诞生混沌低语123,自创元曲小令式,complete,???????????????????????
chapter-2249,无有·轮回真相·种子低语124,自创五言律诗式,complete,???????????????????????
chapter-2250,无有·轮回真相·最后眷恋低语125,自创现代诗,complete,???????????????????????
chapter-2251,无有·跳出·第一行代码低语126,自创现代诗,complete,???????????????????????
chapter-2252,无有·跳出·无终点低语127,自创元曲小令式,complete,???????????????????????
chapter-2253,无有·跳出·播撒低语128,自创元曲小令式,complete,???????????????????????
chapter-2254,无有·跳出·回声低语129,自创现代诗,complete,???????????????????????
chapter-2255,无有·跳出·新黎明低语130,自创箴言诗,complete,???????????????????????
chapter-2256,无有·跳出·无有回潮131,自创箴言诗,complete,???????????????????????
chapter-2257,无有·跳出·轮回监狱回潮132,自创宋词小令式,complete,???????????????????????
chapter-2258,无有·跳出·未诞生混沌回潮133,自创现代诗,complete,???????????????????????
chapter-2259,无有·跳出·种子回潮134,自创宋词小令式,complete,???????????????????????
chapter-2260,无有·跳出·最后眷恋回潮135,自创实验记录诗,complete,???????????????????????
chapter-2261,无有·跳出·第一行代码回潮136,自创七言绝句式,complete,???????????????????????
chapter-2262,无有·跳出·无终点回潮137,自创箴言诗,complete,???????????????????????
chapter-2263,无有·跳出·播撒回潮138,自创箴言诗,complete,???????????????????????
chapter-2264,无有·跳出·回声回潮139,自创七言绝句式,complete,???????????????????????
chapter-2265,无有·跳出·新黎明回潮140,自创宋词小令式,complete,???????????????????????
chapter-2266,无有·跳出·无有折光141,自创宋词小令式,complete,???????????????????????
chapter-2267,无有·跳出·轮回监狱折光142,自创实验记录诗,complete,???????????????????????
chapter-2268,无有·跳出·未诞生混沌折光143,自创七言绝句式,complete,???????????????????????
chapter-2269,无有·跳出·种子折光144,自创实验记录诗,complete,???????????????????????
chapter-2270,无有·跳出·最后眷恋折光145,自创五言律诗式,complete,???????????????????????
chapter-2271,无有·跳出·第一行代码折光146,自创元曲小令式,complete,???????????????????????
chapter-2272,无有·跳出·无终点折光147,自创宋词小令式,complete,???????????????????????
chapter-2273,无有·跳出·播撒折光148,自创宋词小令式,complete,???????????????????????
chapter-2274,无有·跳出·回声折光149,自创元曲小令式,complete,???????????????????????
chapter-2275,无有·跳出·新黎明折光150,自创实验记录诗,complete,???????????????????????
chapter-2276,无有·跳出·无有暗涌151,自创实验记录诗,complete,???????????????????????
chapter-2277,无有·跳出·轮回监狱暗涌152,自创五言律诗式,complete,???????????????????????
chapter-2278,无有·跳出·未诞生混沌暗涌153,自创元曲小令式,complete,???????????????????????
chapter-2279,无有·跳出·种子暗涌154,自创五言律诗式,complete,???????????????????????
chapter-2280,无有·跳出·最后眷恋暗涌155,自创现代诗,complete,???????????????????????
chapter-2281,无有·跳出·第一行代码暗涌156,自创箴言诗,complete,???????????????????????
chapter-2282,无有·跳出·无终点暗涌157,自创实验记录诗,complete,???????????????????????
chapter-2283,无有·跳出·播撒暗涌158,自创实验记录诗,complete,???????????????????????
chapter-2284,无有·跳出·回声暗涌159,自创箴言诗,complete,???????????????????????
chapter-2285,无有·跳出·新黎明暗涌160,自创五言律诗式,complete,???????????????????????
chapter-2286,无有·跳出·无有证词161,自创五言律诗式,complete,???????????????????????
chapter-2287,无有·跳出·轮回监狱证词162,自创现代诗,complete,???????????????????????
chapter-2288,无有·跳出·未诞生混沌证词163,自创箴言诗,complete,???????????????????????
chapter-2289,无有·跳出·种子证词164,自创现代诗,complete,???????????????????????
chapter-2290,无有·跳出·最后眷恋证词165,自创七言绝句式,complete,???????????????????????
chapter-2291,无有·跳出·第一行代码证词166,自创宋词小令式,complete,???????????????????????
chapter-2292,无有·跳出·无终点证词167,自创五言律诗式,complete,???????????????????????
chapter-2293,无有·跳出·播撒证词168,自创五言律诗式,complete,???????????????????????
chapter-2294,无有·跳出·回声证词169,自创宋词小令式,complete,???????????????????????
chapter-2295,无有·跳出·新黎明证词170,自创现代诗,complete,???????????????????????
chapter-2296,无有·跳出·无有坠落171,自创现代诗,complete,???????????????????????
chapter-2297,无有·跳出·轮回监狱坠落172,自创七言绝句式,complete,???????????????????????
chapter-2298,无有·跳出·未诞生混沌坠落173,自创宋词小令式,complete,???????????????????????
chapter-2299,无有·跳出·种子坠落174,自创七言绝句式,complete,???????????????????????
chapter-2300,无有·跳出·最后眷恋坠落175,自创元曲小令式,complete,???????????????????????
chapter-2301,无有·跳出·第一行代码坠落176,自创实验记录诗,complete,???????????????????????
chapter-2302,无有·跳出·无终点坠落177,自创现代诗,complete,???????????????????????
chapter-2303,无有·跳出·播撒坠落178,自创现代诗,complete,???????????????????????
chapter-2304,无有·跳出·回声坠落179,自创实验记录诗,complete,???????????????????????
chapter-2305,无有·跳出·新黎明坠落180,自创七言绝句式,complete,???????????????????????
chapter-2306,无有·跳出·无有重构181,自创宋词小令式,complete,???????????????????????
chapter-2307,无有·跳出·轮回监狱重构182,自创实验记录诗,complete,???????????????????????
chapter-2308,无有·跳出·未诞生混沌重构183,自创七言绝句式,complete,???????????????????????
chapter-2309,无有·跳出·种子重构184,自创实验记录诗,complete,???????????????????????
chapter-2310,无有·跳出·最后眷恋重构185,自创五言律诗式,complete,???????????????????????
chapter-2311,无有·跳出·第一行代码重构186,自创元曲小令式,complete,???????????????????????
chapter-2312,无有·跳出·无终点重构187,自创宋词小令式,complete,???????????????????????
chapter-2313,无有·跳出·播撒重构188,自创宋词小令式,complete,???????????????????????
chapter-2314,无有·跳出·回声重构189,自创元曲小令式,complete,???????????????????????
chapter-2315,无有·跳出·新黎明重构190,自创实验记录诗,complete,???????????????????????
chapter-2316,无有·跳出·无有余震191,自创元曲小令式,complete,???????????????????????
chapter-2317,无有·跳出·轮回监狱余震192,自创箴言诗,complete,???????????????????????
chapter-2318,无有·跳出·未诞生混沌余震193,自创五言律诗式,complete,???????????????????????
chapter-2319,无有·跳出·种子余震194,自创箴言诗,complete,???????????????????????
chapter-2320,无有·跳出·最后眷恋余震195,自创宋词小令式,complete,???????????????????????
chapter-2321,无有·跳出·第一行代码余震196,自创现代诗,complete,???????????????????????
chapter-2322,无有·跳出·无终点余震197,自创元曲小令式,complete,???????????????????????
chapter-2323,无有·跳出·播撒余震198,自创元曲小令式,complete,???????????????????????
chapter-2324,无有·跳出·回声余震199,自创现代诗,complete,???????????????????????
chapter-2325,无有·跳出·新黎明余震200,自创箴言诗,complete,???????????????????????
chapter-2326,无有·跳出·无有初醒201,自创箴言诗,complete,???????????????????????
chapter-2327,无有·跳出·轮回监狱初醒202,自创宋词小令式,complete,???????????????????????
chapter-2328,无有·跳出·未诞生混沌初醒203,自创现代诗,complete,???????????????????????
chapter-2329,无有·跳出·种子初醒204,自创宋词小令式,complete,???????????????????????
chapter-2330,无有·跳出·最后眷恋初醒205,自创实验记录诗,complete,???????????????????????
chapter-2331,无有·跳出·第一行代码初醒206,自创七言绝句式,complete,???????????????????????
chapter-2332,无有·跳出·无终点初醒207,自创箴言诗,complete,???????????????????????
chapter-2333,无有·跳出·播撒初醒208,自创箴言诗,complete,???????????????????????
chapter-2334,无有·跳出·回声初醒209,自创七言绝句式,complete,???????????????????????
chapter-2335,无有·跳出·新黎明初醒210,自创宋词小令式,complete,???????????????????????
chapter-2336,无有·跳出·无有裂响211,自创宋词小令式,complete,???????????????????????
chapter-2337,无有·跳出·轮回监狱裂响212,自创实验记录诗,complete,???????????????????????
chapter-2338,无有·跳出·未诞生混沌裂响213,自创七言绝句式,complete,???????????????????????
chapter-2339,无有·跳出·种子裂响214,自创实验记录诗,complete,???????????????????????
chapter-2340,无有·跳出·最后眷恋裂响215,自创五言律诗式,complete,???????????????????????
chapter-2341,无有·跳出·第一行代码裂响216,自创元曲小令式,complete,???????????????????????
chapter-2342,无有·跳出·无终点裂响217,自创宋词小令式,complete,???????????????????????
chapter-2343,无有·跳出·播撒裂响218,自创宋词小令式,complete,???????????????????????
chapter-2344,无有·跳出·回声裂响219,自创元曲小令式,complete,???????????????????????
chapter-2345,无有·跳出·新黎明裂响220,自创实验记录诗,complete,???????????????????????
chapter-2346,无有·跳出·无有低语221,自创实验记录诗,complete,???????????????????????
chapter-2347,无有·跳出·轮回监狱低语222,自创五言律诗式,complete,???????????????????????
chapter-2348,无有·跳出·未诞生混沌低语223,自创元曲小令式,complete,???????????????????????
chapter-2349,无有·跳出·种子低语224,自创五言律诗式,complete,???????????????????????
chapter-2350,无有·跳出·最后眷恋低语225,自创现代诗,complete,???????????????????????
chapter-2351,无有·跳出·第一行代码低语226,自创箴言诗,complete,???????????????????????
chapter-2352,无有·跳出·无终点低语227,自创实验记录诗,complete,???????????????????????
chapter-2353,无有·跳出·播撒低语228,自创实验记录诗,complete,???????????????????????
chapter-2354,无有·跳出·回声低语229,自创箴言诗,complete,???????????????????????
chapter-2355,无有·跳出·新黎明低语230,自创五言律诗式,complete,???????????????????????
chapter-2356,无有·跳出·无有回潮231,自创五言律诗式,complete,???????????????????????
chapter-2357,无有·跳出·轮回监狱回潮232,自创现代诗,complete,???????????????????????
chapter-2358,无有·跳出·未诞生混沌回潮233,自创箴言诗,complete,???????????????????????
chapter-2359,无有·跳出·种子回潮234,自创现代诗,complete,???????????????????????
chapter-2360,无有·跳出·最后眷恋回潮235,自创七言绝句式,complete,???????????????????????
chapter-2361,无有·跳出·第一行代码回潮236,自创宋词小令式,complete,???????????????????????
chapter-2362,无有·跳出·无终点回潮237,自创五言律诗式,complete,???????????????????????
chapter-2363,无有·跳出·播撒回潮238,自创五言律诗式,complete,???????????????????????
chapter-2364,无有·跳出·回声回潮239,自创宋词小令式,complete,???????????????????????
chapter-2365,无有·跳出·新黎明回潮240,自创现代诗,complete,???????????????????????
chapter-2366,无有·跳出·无有折光241,自创现代诗,complete,???????????????????????
chapter-2367,无有·跳出·轮回监狱折光242,自创七言绝句式,complete,???????????????????????
chapter-2368,无有·跳出·未诞生混沌折光243,自创宋词小令式,complete,???????????????????????
chapter-2369,无有·跳出·种子折光244,自创七言绝句式,complete,???????????????????????
chapter-2370,无有·跳出·最后眷恋折光245,自创元曲小令式,complete,???????????????????????
chapter-2371,无有·跳出·第一行代码折光246,自创实验记录诗,complete,???????????????????????
chapter-2372,无有·跳出·无终点折光247,自创现代诗,complete,???????????????????????
chapter-2373,无有·跳出·播撒折光248,自创现代诗,complete,???????????????????????
chapter-2374,无有·跳出·回声折光249,自创实验记录诗,complete,???????????????????????
chapter-2375,无有·跳出·新黎明折光250,自创七言绝句式,complete,???????????????????????
chapter-2376,无有·跳出·无有暗涌251,自创七言绝句式,complete,???????????????????????
chapter-2377,无有·跳出·轮回监狱暗涌252,自创元曲小令式,complete,???????????????????????
chapter-2378,无有·跳出·未诞生混沌暗涌253,自创实验记录诗,complete,???????????????????????
chapter-2379,无有·跳出·种子暗涌254,自创元曲小令式,complete,???????????????????????
chapter-2380,无有·跳出·最后眷恋暗涌255,自创箴言诗,complete,???????????????????????
chapter-2381,无有·播种回环·第一行代码暗涌256,自创元曲小令式,complete,???????????????????????
chapter-2382,无有·播种回环·无终点暗涌257,自创宋词小令式,complete,???????????????????????
chapter-2383,无有·播种回环·播撒暗涌258,自创宋词小令式,complete,???????????????????????
chapter-2384,无有·播种回环·回声暗涌259,自创元曲小令式,complete,???????????????????????
chapter-2385,无有·播种回环·新黎明暗涌260,自创实验记录诗,complete,???????????????????????
chapter-2386,无有·播种回环·无有证词261,自创实验记录诗,complete,???????????????????????
chapter-2387,无有·播种回环·轮回监狱证词262,自创五言律诗式,complete,???????????????????????
chapter-2388,无有·播种回环·未诞生混沌证词263,自创元曲小令式,complete,???????????????????????
chapter-2389,无有·播种回环·种子证词264,自创五言律诗式,complete,???????????????????????
chapter-2390,无有·播种回环·最后眷恋证词265,自创现代诗,complete,???????????????????????
chapter-2391,无有·播种回环·第一行代码证词266,自创箴言诗,complete,???????????????????????
chapter-2392,无有·播种回环·无终点证词267,自创实验记录诗,complete,???????????????????????
chapter-2393,无有·播种回环·播撒证词268,自创实验记录诗,complete,???????????????????????
chapter-2394,无有·播种回环·回声证词269,自创箴言诗,complete,???????????????????????
chapter-2395,无有·播种回环·新黎明证词270,自创五言律诗式,complete,???????????????????????
chapter-2396,无有·播种回环·无有坠落271,自创五言律诗式,complete,???????????????????????
chapter-2397,无有·播种回环·轮回监狱坠落272,自创现代诗,complete,???????????????????????
chapter-2398,无有·播种回环·未诞生混沌坠落273,自创箴言诗,complete,???????????????????????
chapter-2399,无有·播种回环·种子坠落274,自创现代诗,complete,???????????????????????
chapter-2400,无有·播种回环·最后眷恋坠落275,自创七言绝句式,complete,???????????????????????
chapter-2401,无有·播种回环·第一行代码坠落276,自创宋词小令式,complete,???????????????????????
chapter-2402,无有·播种回环·无终点坠落277,自创五言律诗式,complete,???????????????????????
chapter-2403,无有·播种回环·播撒坠落278,自创五言律诗式,complete,???????????????????????
chapter-2404,无有·播种回环·回声坠落279,自创宋词小令式,complete,???????????????????????
chapter-2405,无有·播种回环·新黎明坠落280,自创现代诗,complete,???????????????????????
chapter-2406,无有·播种回环·无有重构281,自创箴言诗,complete,???????????????????????
chapter-2407,无有·播种回环·轮回监狱重构282,自创宋词小令式,complete,???????????????????????
chapter-2408,无有·播种回环·未诞生混沌重构283,自创现代诗,complete,???????????????????????
chapter-2409,无有·播种回环·种子重构284,自创宋词小令式,complete,???????????????????????
chapter-2410,无有·播种回环·最后眷恋重构285,自创实验记录诗,complete,???????????????????????
chapter-2411,无有·播种回环·第一行代码重构286,自创七言绝句式,complete,???????????????????????
chapter-2412,无有·播种回环·无终点重构287,自创箴言诗,complete,???????????????????????
chapter-2413,无有·播种回环·播撒重构288,自创箴言诗,complete,???????????????????????
chapter-2414,无有·播种回环·回声重构289,自创七言绝句式,complete,???????????????????????
chapter-2415,无有·播种回环·新黎明重构290,自创宋词小令式,complete,???????????????????????
chapter-2416,无有·播种回环·无有余震291,自创七言绝句式,complete,???????????????????????
chapter-2417,无有·播种回环·轮回监狱余震292,自创元曲小令式,complete,???????????????????????
chapter-2418,无有·播种回环·未诞生混沌余震293,自创实验记录诗,complete,???????????????????????
chapter-2419,无有·播种回环·种子余震294,自创元曲小令式,complete,???????????????????????
chapter-2420,无有·播种回环·最后眷恋余震295,自创箴言诗,complete,???????????????????????
chapter-2421,无有·播种回环·第一行代码余震296,自创五言律诗式,complete,???????????????????????
chapter-2422,无有·播种回环·无终点余震297,自创七言绝句式,complete,???????????????????????
chapter-2423,无有·播种回环·播撒余震298,自创七言绝句式,complete,???????????????????????
chapter-2424,无有·播种回环·回声余震299,自创五言律诗式,complete,???????????????????????
chapter-2425,无有·播种回环·新黎明余震300,自创元曲小令式,complete,???????????????????????
chapter-2426,无有·播种回环·无有初醒301,自创元曲小令式,complete,???????????????????????
chapter-2427,无有·播种回环·轮回监狱初醒302,自创箴言诗,complete,???????????????????????
chapter-2428,无有·播种回环·未诞生混沌初醒303,自创五言律诗式,complete,???????????????????????
chapter-2429,无有·播种回环·种子初醒304,自创箴言诗,complete,???????????????????????
chapter-2430,无有·播种回环·最后眷恋初醒305,自创宋词小令式,complete,???????????????????????
chapter-2431,无有·播种回环·第一行代码初醒306,自创现代诗,complete,???????????????????????
chapter-2432,无有·播种回环·无终点初醒307,自创元曲小令式,complete,???????????????????????
chapter-2433,无有·播种回环·播撒初醒308,自创元曲小令式,complete,???????????????????????
chapter-2434,无有·播种回环·回声初醒309,自创现代诗,complete,???????????????????????
chapter-2435,无有·播种回环·新黎明初醒310,自创箴言诗,complete,???????????????????????
chapter-2436,无有·播种回环·无有裂响311,自创箴言诗,complete,???????????????????????
chapter-2437,无有·播种回环·轮回监狱裂响312,自创宋词小令式,complete,???????????????????????
chapter-2438,无有·播种回环·未诞生混沌裂响313,自创现代诗,complete,???????????????????????
chapter-2439,无有·播种回环·种子裂响314,自创宋词小令式,complete,???????????????????????
chapter-2440,无有·播种回环·最后眷恋裂响315,自创实验记录诗,complete,???????????????????????
chapter-2441,无有·播种回环·第一行代码裂响316,自创七言绝句式,complete,???????????????????????
chapter-2442,无有·播种回环·无终点裂响317,自创箴言诗,complete,???????????????????????
chapter-2443,无有·播种回环·播撒裂响318,自创箴言诗,complete,???????????????????????
chapter-2444,无有·播种回环·回声裂响319,自创七言绝句式,complete,???????????????????????
chapter-2445,无有·播种回环·新黎明裂响320,自创宋词小令式,complete,???????????????????????
chapter-2446,无有·播种回环·无有低语321,自创宋词小令式,complete,???????????????????????
chapter-2447,无有·播种回环·轮回监狱低语322,自创实验记录诗,complete,???????????????????????
chapter-2448,无有·播种回环·未诞生混沌低语323,自创七言绝句式,complete,???????????????????????
chapter-2449,无有·播种回环·种子低语324,自创实验记录诗,complete,???????????????????????
chapter-2450,无有·播种回环·最后眷恋低语325,自创五言律诗式,complete,???????????????????????
chapter-2451,无有·播种回环·第一行代码低语326,自创元曲小令式,complete,???????????????????????
chapter-2452,无有·播种回环·无终点低语327,自创宋词小令式,complete,???????????????????????
chapter-2453,无有·播种回环·播撒低语328,自创宋词小令式,complete,???????????????????????
chapter-2454,无有·播种回环·回声低语329,自创元曲小令式,complete,???????????????????????
chapter-2455,无有·播种回环·新黎明低语330,自创实验记录诗,complete,???????????????????????
chapter-2456,无有·播种回环·无有回潮331,自创实验记录诗,complete,???????????????????????
chapter-2457,无有·播种回环·轮回监狱回潮332,自创五言律诗式,complete,???????????????????????
chapter-2458,无有·播种回环·未诞生混沌回潮333,自创元曲小令式,complete,???????????????????????
chapter-2459,无有·播种回环·种子回潮334,自创五言律诗式,complete,???????????????????????
chapter-2460,无有·播种回环·最后眷恋回潮335,自创现代诗,complete,???????????????????????
chapter-2461,无有·播种回环·第一行代码回潮336,自创箴言诗,complete,???????????????????????
chapter-2462,无有·播种回环·无终点回潮337,自创实验记录诗,complete,???????????????????????
chapter-2463,无有·播种回环·播撒回潮338,自创实验记录诗,complete,???????????????????????
chapter-2464,无有·播种回环·回声回潮339,自创箴言诗,complete,???????????????????????
chapter-2465,无有·播种回环·新黎明回潮340,自创五言律诗式,complete,???????????????????????
chapter-2466,无有·播种回环·无有折光341,自创五言律诗式,complete,???????????????????????
chapter-2467,无有·播种回环·轮回监狱折光342,自创现代诗,complete,???????????????????????
chapter-2468,无有·播种回环·未诞生混沌折光343,自创箴言诗,complete,???????????????????????
chapter-2469,无有·播种回环·种子折光344,自创现代诗,complete,???????????????????????
chapter-2470,无有·播种回环·最后眷恋折光345,自创七言绝句式,complete,???????????????????????
chapter-2471,无有·播种回环·第一行代码折光346,自创宋词小令式,complete,???????????????????????
chapter-2472,无有·播种回环·无终点折光347,自创五言律诗式,complete,???????????????????????
chapter-2473,无有·播种回环·播撒折光348,自创五言律诗式,complete,???????????????????????
chapter-2474,无有·播种回环·回声折光349,自创宋词小令式,complete,???????????????????????
chapter-2475,无有·播种回环·新黎明折光350,自创现代诗,complete,???????????????????????
chapter-2476,无有·播种回环·无有暗涌351,自创现代诗,complete,???????????????????????
chapter-2477,无有·播种回环·轮回监狱暗涌352,自创七言绝句式,complete,???????????????????????
chapter-2478,无有·播种回环·未诞生混沌暗涌353,自创宋词小令式,complete,???????????????????????
chapter-2479,无有·播种回环·种子暗涌354,自创七言绝句式,complete,???????????????????????
chapter-2480,无有·播种回环·最后眷恋暗涌355,自创元曲小令式,complete,???????????????????????
chapter-2481,无有·播种回环·第一行代码暗涌356,自创实验记录诗,complete,???????????????????????
chapter-2482,无有·播种回环·无终点暗涌357,自创现代诗,complete,???????????????????????
chapter-2483,无有·播种回环·播撒暗涌358,自创现代诗,complete,???????????????????????
chapter-2484,无有·播种回环·回声暗涌359,自创实验记录诗,complete,???????????????????????
chapter-2485,无有·播种回环·新黎明暗涌360,自创七言绝句式,complete,???????????????????????
chapter-2486,无有·播种回环·无有证词361,自创七言绝句式,complete,???????????????????????
chapter-2487,无有·播种回环·轮回监狱证词362,自创元曲小令式,complete,???????????????????????
chapter-2488,无有·播种回环·未诞生混沌证词363,自创实验记录诗,complete,???????????????????????
chapter-2489,无有·播种回环·种子证词364,自创元曲小令式,complete,???????????????????????
chapter-2490,无有·播种回环·最后眷恋证词365,自创箴言诗,complete,???????????????????????
chapter-2491,无有·播种回环·第一行代码证词366,自创五言律诗式,complete,???????????????????????
chapter-2492,无有·播种回环·无终点证词367,自创七言绝句式,complete,???????????????????????
chapter-2493,无有·播种回环·播撒证词368,自创七言绝句式,complete,???????????????????????
chapter-2494,无有·播种回环·回声证词369,自创五言律诗式,complete,???????????????????????
chapter-2495,无有·播种回环·新黎明证词370,自创元曲小令式,complete,???????????????????????
chapter-2496,无有·播种回环·无有坠落371,自创元曲小令式,complete,???????????????????????
chapter-2497,无有·播种回环·轮回监狱坠落372,自创箴言诗,complete,???????????????????????
chapter-2498,无有·播种回环·未诞生混沌坠落373,自创五言律诗式,complete,???????????????????????
chapter-2499,无有·播种回环·种子坠落374,自创箴言诗,complete,???????????????????????
chapter-2500,无有·播种回环·最后眷恋坠落375,自创宋词小令式,complete,???????????????????????
